#pragma once

#include <stddef.h>
#include <stdint.h>

#include "app_config.h"

#if defined(ARDUINO)
#include <pgmspace.h>
#endif

#ifndef PROGMEM
#define PROGMEM
#endif

constexpr uint32_t kWledLogoWidth = 320;
constexpr uint32_t kWledLogoHeight = 100;
constexpr size_t kWledLogoPixelCount = 32000;
constexpr uint32_t kWledLogoHeaderWidth = 96;
constexpr uint32_t kWledLogoHeaderHeight = 30;
constexpr size_t kWledLogoHeaderPixelCount = 2880;
constexpr uint32_t kHelpQrWidth = 180;
constexpr uint32_t kHelpQrHeight = 180;
constexpr size_t kHelpQrPixelCount = 32400;
constexpr uint32_t kRemoteJsonQrWidth = 179;
constexpr uint32_t kRemoteJsonQrHeight = 179;
constexpr size_t kRemoteJsonQrPixelCount = 32041;
#if WLED_BOARD == WLED_BOARD_CYD
constexpr uint32_t kCydColorWheelSize = 138;
constexpr size_t kCydColorWheelPixelCount = 19044;
#endif

extern const uint16_t kWledLogoPixels[] PROGMEM;
extern const uint16_t kWledLogoHeaderPixels[] PROGMEM;
extern const uint16_t kHelpQrPixels[] PROGMEM;
extern const uint16_t kRemoteJsonQrPixels[] PROGMEM;
#if WLED_BOARD == WLED_BOARD_CYD
extern const uint16_t kCydColorWheelPixels[] PROGMEM;
#endif

#ifdef WLED_LOGO_ASSET_IMPLEMENTATION
const uint16_t kWledLogoPixels[] PROGMEM = {
  0x0000, 0x0000, 0x0000, 0x0000, 0x0000, 0x0000, 0x0000, 0x0000, 0x0000, 0x0000,
  0x0000, 0x0000, 0x0000, 0x0000, 0x0000, 0x0000, 0x0000, 0x0000, 0x0000, 0x0000,
  0x0000, 0x0000, 0x0000, 0x0000, 0x0000, 0x0000, 0x0000, 0x0000, 0x0000, 0x0000,
  0x0000, 0x0000, 0x0000, 0x0000, 0x0000, 0x0000, 0x0000, 0x0000, 0x0000, 0x0000,
  0x0000, 0x0000, 0x0000, 0x0000, 0x0000, 0x0000, 0x0000, 0x0000, 0x0000, 0x0000,
  0x0000, 0x0000, 0x0000, 0x0000, 0x0000, 0x0000, 0x0000, 0x0000, 0x0000, 0x0000,
  0x0000, 0x0000, 0x0000, 0x0000, 0x0000, 0x0000, 0x0000, 0x0000, 0x0000, 0x0000,
  0x0000, 0x0000, 0x0000, 0x0000, 0x0000, 0x0000, 0x0000, 0x0000, 0x0000, 0x0000,
  0x0000, 0x0000, 0x0000, 0x0000, 0x0000, 0x0000, 0x0000, 0x0000, 0x0000, 0x0000,
  0x0000, 0x0000, 0x0000, 0x0000, 0x0000, 0x0000, 0x0000, 0x0000, 0x0000, 0x0000,
  0x0000, 0x0000, 0x0000, 0x0000, 0x0000, 0x0000, 0x0000, 0x0000, 0x0000, 0x0000,
  0x0000, 0x0000, 0x0000, 0x0000, 0x0000, 0x0000, 0x0000, 0x0000, 0x0000, 0x0000,
  0x0000, 0x0000, 0x0000, 0x0000, 0x0000, 0x0000, 0x0000, 0x0000, 0x0000, 0x0000,
  0x0000, 0x0000, 0x0000, 0x0000, 0x0000, 0x0000, 0x0000, 0x0000, 0x0000, 0x0000,
  0x0000, 0x0000, 0x0000, 0x0000, 0x0000, 0x0000, 0x0000, 0x0000, 0x0000, 0x0000,
  0x0000, 0x0000, 0x0000, 0x0000, 0x0000, 0x0000, 0x0000, 0x0000, 0x0000, 0x0000,
  0x0000, 0x0000, 0x0000, 0x0000, 0x0000, 0x0000, 0x0000, 0x0000, 0x0000, 0x0000,
  0x0000, 0x0000, 0x0000, 0x0000, 0x0000, 0x0000, 0x0000, 0x0000, 0x0000, 0x0000,
  0x0000, 0x0000, 0x0000, 0x0000, 0x0000, 0x0000, 0x0000, 0x0000, 0x0000, 0x0000,
  0x0000, 0x0000, 0x0000, 0x0000, 0x0000, 0x0000, 0x0000, 0x0000, 0x0000, 0x0000,
  0x0000, 0x0000, 0x0000, 0x0000, 0x0000, 0x0000, 0x0000, 0x0000, 0x0000, 0x0000,
  0x0000, 0x0000, 0x0000, 0x0000, 0x0000, 0x0000, 0x0000, 0x0000, 0x0000, 0x0000,
  0x0000, 0x0000, 0x0000, 0x0000, 0x0000, 0x0000, 0x0000, 0x0000, 0x0000, 0x0000,
  0x0000, 0x0000, 0x0000, 0x0000, 0x0000, 0x0000, 0x0000, 0x0000, 0x0000, 0x0000,
  0x0000, 0x0000, 0x0000, 0x0000, 0x0000, 0x0000, 0x0000, 0x0000, 0x0000, 0x0000,
  0x0000, 0x0000, 0x0000, 0x0000, 0x0000, 0x0000, 0x0000, 0x0000, 0x0000, 0x0000,
  0x0000, 0x0000, 0x0000, 0x0000, 0x0000, 0x0000, 0x0000, 0x0000, 0x0000, 0x0000,
  0x0000, 0x0000, 0x0000, 0x0000, 0x0000, 0x0000, 0x0000, 0x0000, 0x0000, 0x0000,
  0x0000, 0x0000, 0x0000, 0x0000, 0x0000, 0x0000, 0x0000, 0x0000, 0x0000, 0x0000,
  0x0000, 0x0000, 0x0000, 0x0000, 0x0000, 0x0000, 0x0000, 0x0000, 0x0000, 0x0000,
  0x0000, 0x0000, 0x0000, 0x0000, 0x0000, 0x0000, 0x0000, 0x0000, 0x0000, 0x0000,
  0x0000, 0x0000, 0x0000, 0x0000, 0x0000, 0x0000, 0x0000, 0x0000, 0x0000, 0x0000,
  0x0000, 0x0000, 0x0000, 0x0000, 0x0000, 0x0000, 0x0000, 0x0000, 0x0000, 0x0000,
  0x0000, 0x0000, 0x0000, 0x0000, 0x0000, 0x0000, 0x0000, 0x0000, 0x0000, 0x0000,
  0x0000, 0x0000, 0x0000, 0x0000, 0x0000, 0x0000, 0x0000, 0x0000, 0x0000, 0x0000,
  0x0000, 0x0000, 0x0000, 0x0000, 0x0000, 0x0000, 0x0000, 0x0000, 0x0000, 0x0000,
  0x0000, 0x0000, 0x0000, 0x0000, 0x0000, 0x0000, 0x0000, 0x0000, 0x0000, 0x0000,
  0x0000, 0x0000, 0x0000, 0x0000, 0x0000, 0x0000, 0x0000, 0x0000, 0x0000, 0x0000,
  0x0000, 0x0000, 0x0000, 0x0000, 0x0000, 0x0000, 0x0000, 0x0000, 0x0000, 0x0000,
  0x0000, 0x0000, 0x0000, 0x0000, 0x0000, 0x0000, 0x0000, 0x0000, 0x0000, 0x0000,
  0x0000, 0x0000, 0x0000, 0x0000, 0x0000, 0x0000, 0x0000, 0x0000, 0x0000, 0x0000,
  0x0000, 0x0000, 0x0000, 0x0000, 0x0000, 0x0000, 0x0000, 0x0000, 0x0000, 0x0000,
  0x0000, 0x0000, 0x0000, 0x0000, 0x0000, 0x0000, 0x0000, 0x0000, 0x0000, 0x0000,
  0x0000, 0x0000, 0x0000, 0x0000, 0x0000, 0x0000, 0x0000, 0x0000, 0x0000, 0x0000,
  0x0000, 0x0000, 0x0000, 0x0000, 0x0000, 0x0000, 0x0000, 0x0000, 0x0000, 0x0000,
  0x0000, 0x0000, 0x0000, 0x0000, 0x0000, 0x0000, 0x0000, 0x0000, 0x0000, 0x0000,
  0x0000, 0x0000, 0x0000, 0x0000, 0x0000, 0x0000, 0x0000, 0x0000, 0x0000, 0x0000,
  0x0000, 0x0000, 0x0000, 0x0000, 0x0000, 0x0000, 0x0000, 0x0000, 0x0000, 0x0000,
  0x0000, 0x0000, 0x0000, 0x0000, 0x0000, 0x0000, 0x0000, 0x0000, 0x0000, 0x0000,
  0x0000, 0x0000, 0x0000, 0x0000, 0x0000, 0x0000, 0x0000, 0x0000, 0x0000, 0x0000,
  0x0000, 0x0000, 0x0000, 0x0000, 0x0000, 0x0000, 0x0000, 0x0000, 0x0000, 0x0000,
  0x0000, 0x0000, 0x0000, 0x0000, 0x0000, 0x0000, 0x0000, 0x0000, 0x0000, 0x0000,
  0x0000, 0x0000, 0x0000, 0x0000, 0x0000, 0x0000, 0x0000, 0x0000, 0x0000, 0x0000,
  0x0000, 0x0000, 0x0000, 0x0000, 0x0000, 0x0000, 0x0000, 0x0000, 0x0000, 0x0000,
  0x0000, 0x0000, 0x0000, 0x0000, 0x0000, 0x0000, 0x0000, 0x0000, 0x0000, 0x0000,
  0x0000, 0x0000, 0x0000, 0x0000, 0x0000, 0x0000, 0x0000, 0x0000, 0x0000, 0x0000,
  0x0000, 0x0000, 0x0000, 0x0000, 0x0000, 0x0000, 0x0000, 0x0000, 0x0000, 0x0000,
  0x0000, 0x0000, 0x0000, 0x0000, 0x0000, 0x0000, 0x0000, 0x0000, 0x0000, 0x0000,
  0x0000, 0x0000, 0x0000, 0x0000, 0x0000, 0x0000, 0x0000, 0x0000, 0x0000, 0x0000,
  0x0000, 0x0000, 0x0000, 0x0000, 0x0000, 0x0000, 0x0000, 0x0000, 0x0000, 0x0000,
  0x0000, 0x0000, 0x0000, 0x0000, 0x0000, 0x0000, 0x0000, 0x0000, 0x0000, 0x0000,
  0x0000, 0x0000, 0x0000, 0x0000, 0x0000, 0x0000, 0x0000, 0x0000, 0x0000, 0x0000,
  0x0000, 0x0000, 0x0000, 0x0000, 0x0000, 0x0000, 0x0000, 0x0000, 0x0000, 0x0000,
  0x0000, 0x0000, 0x0000, 0x0000, 0x0000, 0x0000, 0x0000, 0x0000, 0x0000, 0x0000,
  0x0000, 0x0000, 0x0000, 0x0000, 0x0000, 0x0000, 0x0000, 0x0000, 0x0000, 0x0000,
  0x0000, 0x0000, 0x0000, 0x0000, 0x0000, 0x0000, 0x0000, 0x0000, 0x0000, 0x0000,
  0x0000, 0x0000, 0x0000, 0x0000, 0x0000, 0x0000, 0x0000, 0x0000, 0x0000, 0x0000,
  0x0000, 0x0000, 0x0000, 0x0000, 0x0000, 0x0000, 0x0000, 0x0000, 0x0000, 0x0000,
  0x0000, 0x0000, 0x0000, 0x0000, 0x0000, 0x0000, 0x0000, 0x0000, 0x0000, 0x0000,
  0x0000, 0x0000, 0x0000, 0x0000, 0x0000, 0x0000, 0x0000, 0x0000, 0x0000, 0x0000,
  0x0000, 0x0000, 0x0000, 0x0000, 0x0000, 0x0000, 0x0000, 0x0000, 0x0000, 0x0000,
  0x0000, 0x0000, 0x0000, 0x0000, 0x0000, 0x0000, 0x0000, 0x0000, 0x0000, 0x0000,
  0x0000, 0x0000, 0x0000, 0x0000, 0x0000, 0x0000, 0x0000, 0x0000, 0x0000, 0x0000,
  0x0000, 0x0000, 0x0000, 0x0000, 0x0000, 0x0000, 0x0000, 0x0000, 0x0000, 0x0000,
  0x0000, 0x0000, 0x0000, 0x0000, 0x0000, 0x0000, 0x0000, 0x0000, 0x0000, 0x0000,
  0x0000, 0x0000, 0x0000, 0x0000, 0x0000, 0x0000, 0x0000, 0x0000, 0x0000, 0x0000,
  0x0000, 0x0000, 0x0000, 0x0000, 0x0000, 0x0000, 0x0000, 0x0000, 0x0000, 0x0000,
  0x0000, 0x0000, 0x0000, 0x0000, 0x0000, 0x0000, 0x0000, 0x0000, 0x0000, 0x0000,
  0x0000, 0x0000, 0x0000, 0x0000, 0x0000, 0x0000, 0x0000, 0x0000, 0x0000, 0x0000,
  0x0000, 0x0000, 0x0000, 0x0000, 0x0000, 0x0000, 0x0000, 0x0000, 0x0000, 0x0000,
  0x0000, 0x0000, 0x0000, 0x0000, 0x0000, 0x0000, 0x0000, 0x0000, 0x0000, 0x0000,
  0x0000, 0x0000, 0x0000, 0x0000, 0x0000, 0x0000, 0x0000, 0x0000, 0x0000, 0x0000,
  0x0000, 0x0000, 0x0000, 0x0000, 0x0000, 0x0000, 0x0000, 0x0000, 0x0000, 0x0000,
  0x0000, 0x0000, 0x0000, 0x0000, 0x0000, 0x0000, 0x0000, 0x0000, 0x0000, 0x0000,
  0x0000, 0x0000, 0x0000, 0x0000, 0x0000, 0x0000, 0x0000, 0x0000, 0x0000, 0x0000,
  0x0000, 0x0000, 0x0000, 0x0000, 0x0000, 0x0000, 0x0000, 0x0000, 0x0000, 0x0000,
  0x0000, 0x0000, 0x0000, 0x0000, 0x0000, 0x0000, 0x0000, 0x0000, 0x0000, 0x0000,
  0x0000, 0x0000, 0x0000, 0x0000, 0x0000, 0x0000, 0x0000, 0x0000, 0x0000, 0x0000,
  0x0000, 0x0000, 0x0000, 0x0000, 0x0000, 0x0000, 0x0000, 0x0000, 0x0000, 0x0000,
  0x0000, 0x0000, 0x0000, 0x0000, 0x0000, 0x0000, 0x0000, 0x0000, 0x0000, 0x0000,
  0x0000, 0x0000, 0x0000, 0x0000, 0x0000, 0x0000, 0x0000, 0x0000, 0x0000, 0x0000,
  0x0000, 0x0000, 0x0000, 0x0000, 0x0000, 0x0000, 0x0000, 0x0000, 0x0000, 0x0000,
  0x0000, 0x0000, 0x0000, 0x0000, 0x0000, 0x0000, 0x0000, 0x0000, 0x0000, 0x0000,
  0x0000, 0x0000, 0x0000, 0x0000, 0x0000, 0x0000, 0x0000, 0x0000, 0x0000, 0x0000,
  0x0000, 0x0000, 0x0000, 0x0000, 0x0000, 0x0000, 0x0000, 0x0000, 0x0000, 0x0000,
  0x0000, 0x0000, 0x0000, 0x0000, 0x0000, 0x0000, 0x0000, 0x0000, 0x0000, 0x0000,
  0x0000, 0x0000, 0x0000, 0x0000, 0x0000, 0x0000, 0x0000, 0x0000, 0x0000, 0x0000,
  0x0000, 0x0000, 0x0000, 0x0000, 0x0000, 0x0000, 0x0000, 0x0000, 0x0000, 0x0000,
  0x0000, 0x0000, 0x0000, 0x0000, 0x0000, 0x0000, 0x0000, 0x0000, 0x0000, 0x0000,
  0x0000, 0x0000, 0x0000, 0x0000, 0x0000, 0x0000, 0x0000, 0x0000, 0x0000, 0x0000,
  0x0000, 0x0000, 0x0000, 0x0000, 0x0000, 0x0000, 0x0000, 0x0000, 0x0000, 0x0000,
  0x0000, 0x0000, 0x0000, 0x0000, 0x0000, 0x0000, 0x0000, 0x0000, 0x0000, 0x0000,
  0x0000, 0x0000, 0x0000, 0x0000, 0x0000, 0x0000, 0x0000, 0x0000, 0x0000, 0x0000,
  0x0000, 0x0000, 0x0000, 0x0000, 0x0000, 0x0000, 0x0000, 0x0000, 0x0000, 0x0000,
  0x0000, 0x0000, 0x0000, 0x0000, 0x0000, 0x0000, 0x0000, 0x0000, 0x0000, 0x0000,
  0x0000, 0x0000, 0x0000, 0x0000, 0x0000, 0x0000, 0x0000, 0x0000, 0x0000, 0x0000,
  0x0000, 0x0000, 0x0000, 0x0000, 0x0000, 0x0000, 0x0000, 0x0000, 0x0000, 0x0000,
  0x0000, 0x0000, 0x0000, 0x0000, 0x0000, 0x0000, 0x0000, 0x0000, 0x0000, 0x0000,
  0x0000, 0x0000, 0x0000, 0x0000, 0x0000, 0x0000, 0x0000, 0x0000, 0x0000, 0x0000,
  0x0000, 0x0000, 0x0000, 0x0000, 0x0000, 0x0000, 0x0000, 0x0000, 0x0000, 0x0000,
  0x0000, 0x0000, 0x0000, 0x0000, 0x0000, 0x0000, 0x0000, 0x0000, 0x0000, 0x0000,
  0x0000, 0x0000, 0x0000, 0x0000, 0x0000, 0x0000, 0x0000, 0x0000, 0x0000, 0x0000,
  0x0000, 0x0000, 0x0000, 0x0000, 0x0000, 0x0000, 0x0000, 0x0000, 0x0000, 0x0000,
  0x0000, 0x0000, 0x0000, 0x0000, 0x0000, 0x0000, 0x0000, 0x0000, 0x0000, 0x0000,
  0x0000, 0x0000, 0x0000, 0x0000, 0x0000, 0x0000, 0x0000, 0x0000, 0x0000, 0x0000,
  0x0000, 0x0000, 0x0000, 0x0000, 0x0000, 0x0000, 0x0000, 0x0000, 0x0000, 0x0000,
  0x0000, 0x0000, 0x0000, 0x0000, 0x0000, 0x0000, 0x0000, 0x0000, 0x0000, 0x0000,
  0x0000, 0x0000, 0x0000, 0x0000, 0x0000, 0x0000, 0x0000, 0x0000, 0x0000, 0x0000,
  0x0000, 0x0000, 0x0000, 0x0000, 0x0000, 0x0000, 0x0000, 0x0000, 0x0000, 0x0000,
  0x0000, 0x0000, 0x0000, 0x0000, 0x0000, 0x0000, 0x0000, 0x0000, 0x0000, 0x0000,
  0x0000, 0x0000, 0x0000, 0x0000, 0x0000, 0x0000, 0x0000, 0x0000, 0x0000, 0x0000,
  0x0000, 0x0000, 0x0000, 0x0000, 0x0000, 0x0000, 0x0000, 0x0000, 0x0000, 0x0000,
  0x0000, 0x0000, 0x0000, 0x0000, 0x0000, 0x0000, 0x0000, 0x0000, 0x0000, 0x0000,
  0x0000, 0x0000, 0x0000, 0x0000, 0x0000, 0x0000, 0x0000, 0x0000, 0x0000, 0x0000,
  0x0000, 0x0000, 0x0000, 0x0000, 0x0000, 0x0000, 0x0000, 0x0000, 0x0000, 0x0000,
  0x0000, 0x0000, 0x0000, 0x0000, 0x0000, 0x0000, 0x0000, 0x0000, 0x0000, 0x0000,
  0x0000, 0x0000, 0x0000, 0x0000, 0x0000, 0x0000, 0x0000, 0x0000, 0x0000, 0x0000,
  0x0000, 0x0000, 0x0000, 0x0000, 0x0000, 0x0000, 0x0000, 0x0000, 0x0000, 0x0000,
  0x0000, 0x0000, 0x0000, 0x0000, 0x0000, 0x0000, 0x0000, 0x0000, 0x0000, 0x0000,
  0x0000, 0x0000, 0x0000, 0x0000, 0x0000, 0x0000, 0x0000, 0x0000, 0x0000, 0x0000,
  0x0000, 0x0000, 0x0000, 0x0000, 0x0000, 0x0000, 0x0000, 0x0000, 0x0000, 0x0000,
  0x0000, 0x0000, 0x0000, 0x0000, 0x0000, 0x0000, 0x0000, 0x0000, 0x0000, 0x0000,
  0x0000, 0x0000, 0x0000, 0x0000, 0x0000, 0x0000, 0x0000, 0x0000, 0x0000, 0x0000,
  0x0000, 0x0000, 0x0000, 0x0000, 0x0000, 0x0000, 0x0000, 0x0000, 0x0000, 0x0000,
  0x0000, 0x0000, 0x0000, 0x0000, 0x0000, 0x0000, 0x0000, 0x0000, 0x0000, 0x0000,
  0x0000, 0x0000, 0x0000, 0x0000, 0x0000, 0x0000, 0x0000, 0x0000, 0x0000, 0x0000,
  0x0000, 0x0000, 0x0000, 0x0000, 0x0000, 0x0000, 0x0000, 0x0000, 0x0000, 0x0000,
  0x0000, 0x0000, 0x0000, 0x0000, 0x0000, 0x0000, 0x0000, 0x0000, 0x0000, 0x0000,
  0x0000, 0x0000, 0x0000, 0x0000, 0x0000, 0x0000, 0x0000, 0x0000, 0x0000, 0x0000,
  0x0000, 0x0000, 0x0000, 0x0000, 0x0000, 0x0000, 0x0000, 0x0000, 0x0000, 0x0000,
  0x0000, 0x0000, 0x0000, 0x0000, 0x0000, 0x0000, 0x0000, 0x0000, 0x0000, 0x0000,
  0x0000, 0x0000, 0x0000, 0x0000, 0x0000, 0x0000, 0x0000, 0x0000, 0x0000, 0x0000,
  0x0000, 0x0000, 0x0000, 0x0000, 0x0000, 0x0000, 0x0000, 0x0000, 0x0000, 0x0000,
  0x0000, 0x0000, 0x0000, 0x0000, 0x0000, 0x0000, 0x0000, 0x0000, 0x0000, 0x0000,
  0x0000, 0x0000, 0x0000, 0x0000, 0x0000, 0x0000, 0x0000, 0x0000, 0x0000, 0x0000,
  0x0000, 0x0000, 0x0000, 0x0000, 0x0000, 0x0000, 0x0000, 0x0000, 0x0000, 0x0000,
  0x0000, 0x0000, 0x0000, 0x0000, 0x0000, 0x0000, 0x0000, 0x0000, 0x0000, 0x0000,
  0x0000, 0x0000, 0x0000, 0x0000, 0x0000, 0x0000, 0x0000, 0x0000, 0x0000, 0x0000,
  0x0000, 0x0000, 0x0000, 0x0000, 0x0000, 0x0000, 0x0000, 0x0000, 0x0000, 0x0000,
  0x0000, 0x0000, 0x0000, 0x0000, 0x0000, 0x0000, 0x0000, 0x0000, 0x0000, 0x0000,
  0x0000, 0x0000, 0x0000, 0x0000, 0x0000, 0x0000, 0x0000, 0x0000, 0x0000, 0x0000,
  0x0000, 0x0000, 0x0000, 0x0000, 0x0000, 0x0000, 0x0000, 0x0000, 0x0000, 0x0000,
  0x0000, 0x0000, 0x0000, 0x0000, 0x0000, 0x0000, 0x0000, 0x0000, 0x0000, 0x0000,
  0x0000, 0x0000, 0x0000, 0x0000, 0x0000, 0x0000, 0x0000, 0x0000, 0x0000, 0x0000,
  0x0000, 0x0000, 0x0000, 0x0000, 0x0000, 0x0000, 0x0000, 0x0000, 0x0000, 0x0000,
  0x0000, 0x0000, 0x0000, 0x0000, 0x0000, 0x0000, 0x0000, 0x0000, 0x0000, 0x0000,
  0x0000, 0x0000, 0x0000, 0x0000, 0x0000, 0x0000, 0x0000, 0x0000, 0x0000, 0x0000,
  0x0000, 0x0000, 0x0000, 0x0000, 0x0000, 0x0000, 0x0000, 0x0000, 0x0000, 0x0000,
  0x0000, 0x0000, 0x0000, 0x0000, 0x0000, 0x0000, 0x0000, 0x0000, 0x0000, 0x0000,
  0x0000, 0x0000, 0x0000, 0x0000, 0x0000, 0x0000, 0x0000, 0x0000, 0x0000, 0x0000,
  0x0000, 0x0000, 0x0000, 0x0000, 0x0000, 0x0000, 0x0000, 0x0000, 0x0000, 0x0000,
  0x0000, 0x0000, 0x0000, 0x0000, 0x0000, 0x0000, 0x0000, 0x0000, 0x0000, 0x0000,
  0x0000, 0x0000, 0x0000, 0x0000, 0x0000, 0x0000, 0x0000, 0x0000, 0x0000, 0x0000,
  0x0000, 0x0000, 0x0000, 0x0000, 0x0000, 0x0000, 0x0000, 0x0042, 0x0042, 0x0042,
  0x0042, 0x0042, 0x0042, 0x0042, 0x0042, 0x0042, 0x0042, 0x0042, 0x0042, 0x0042,
  0x0042, 0x0042, 0x0042, 0x0042, 0x0042, 0x0042, 0x0042, 0x0042, 0x0042, 0x0042,
  0x0042, 0x0042, 0x0042, 0x0042, 0x0042, 0x0042, 0x0042, 0x0042, 0x0042, 0x0042,
  0x0042, 0x0042, 0x0042, 0x0042, 0x0042, 0x0042, 0x0000, 0x0000, 0x0000, 0x0000,
  0x0000, 0x0000, 0x0000, 0x0000, 0x0000, 0x0000, 0x0000, 0x0000, 0x0000, 0x0000,
  0x0000, 0x0000, 0x0000, 0x0000, 0x0000, 0x0000, 0x0000, 0x0000, 0x0000, 0x0000,
  0x0000, 0x0000, 0x0000, 0x0000, 0x0000, 0x0000, 0x0000, 0x0000, 0x0000, 0x0000,
  0x0000, 0x0000, 0x0000, 0x0000, 0x0000, 0x0000, 0x0000, 0x0000, 0x0000, 0x0000,
  0x0000, 0x0000, 0x0000, 0x0000, 0x0000, 0x0000, 0x0000, 0x0000, 0x0000, 0x0000,
  0x0000, 0x0000, 0x0000, 0x0000, 0x0000, 0x0000, 0x0000, 0x0000, 0x0000, 0x0000,
  0x0000, 0x0000, 0x0000, 0x0000, 0x0000, 0x0000, 0x0000, 0x0000, 0x0000, 0x0000,
  0x0000, 0x0000, 0x0000, 0x0000, 0x0000, 0x0000, 0x0000, 0x0000, 0x0000, 0x0000,
  0x0000, 0x0000, 0x0000, 0x0000, 0x0000, 0x0000, 0x0000, 0x0000, 0x0000, 0x0000,
  0x0000, 0x0000, 0x0000, 0x0000, 0x0000, 0x0000, 0x0000, 0x0000, 0x0000, 0x0000,
  0x0000, 0x0000, 0x0000, 0x0000, 0x0000, 0x0000, 0x0000, 0x0000, 0x0000, 0x0000,
  0x0000, 0x0000, 0x0000, 0x0000, 0x0000, 0x0000, 0x0000, 0x0000, 0x0000, 0x0000,
  0x0000, 0x0000, 0x0000, 0x0000, 0x0000, 0x0000, 0x0000, 0x0000, 0x0000, 0x0000,
  0x0000, 0x0000, 0x0000, 0x0000, 0x0000, 0x0000, 0x0000, 0x0000, 0x0000, 0x0000,
  0x0000, 0x0000, 0x0000, 0x0000, 0x0000, 0x0000, 0x0000, 0x0000, 0x0000, 0x0000,
  0x0000, 0x0000, 0x0000, 0x0000, 0x0000, 0x0000, 0x0000, 0x0000, 0x0000, 0x0000,
  0x0000, 0x0000, 0x0000, 0x0000, 0x0000, 0x0000, 0x0000, 0x0000, 0x0000, 0x0000,
  0x0000, 0x0000, 0x0000, 0x0000, 0x0000, 0x0000, 0x0000, 0x0000, 0x0000, 0x0000,
  0x0000, 0x0000, 0x0000, 0x0000, 0x0000, 0x0000, 0x0000, 0x0000, 0x0000, 0x0000,
  0x0000, 0x0000, 0x0000, 0x0000, 0x0000, 0x0000, 0x0000, 0x0000, 0x0000, 0x0000,
  0x0000, 0x0000, 0x0000, 0x0000, 0x0000, 0x0000, 0x0000, 0x0000, 0x0000, 0x0000,
  0x0000, 0x0000, 0x0000, 0x0000, 0x0000, 0x0000, 0x0000, 0x0000, 0x0000, 0x0000,
  0x0000, 0x0000, 0x0000, 0x0000, 0x0000, 0x0000, 0x0000, 0x0000, 0x0000, 0x0000,
  0x0000, 0x0000, 0x0000, 0x0000, 0x0000, 0x0000, 0x0000, 0x0000, 0x0000, 0x0000,
  0x0000, 0x0000, 0x0000, 0x0000, 0x0000, 0x0000, 0x0000, 0x0000, 0x0000, 0x0000,
  0x0000, 0x0000, 0x0000, 0x0000, 0x0000, 0x0000, 0x0000, 0x0000, 0x0000, 0x0000,
  0x0000, 0x0000, 0x0000, 0x0000, 0x0000, 0x0000, 0x0000, 0x0000, 0x0000, 0x0000,
  0x0000, 0x0000, 0x0000, 0x0000, 0x0000, 0x0000, 0x0948, 0x03DA, 0x0377, 0x23FA,
  0x1C7D, 0x1C7D, 0x1C7D, 0x1C7D, 0x1C7D, 0x1C7D, 0x1C7D, 0x1C7D, 0x1C7D, 0x1C7D,
  0x1C7D, 0x1C7D, 0x1C7D, 0x1C7D, 0x1C7D, 0x1C7D, 0x1C7D, 0x1C7D, 0x1C7D, 0x1C7D,
  0x1C7D, 0x1C7D, 0x1C7D, 0x1C7D, 0x1C7D, 0x1C7D, 0x1C7D, 0x1C7D, 0x1C7D, 0x1C7D,
  0x1C7D, 0x1C7D, 0x1C7D, 0x3CDF, 0x3CDF, 0x357F, 0x2A8E, 0x0000, 0x0000, 0x0000,
  0x0000, 0x0000, 0x0000, 0x0000, 0x0000, 0x0000, 0x0000, 0x0000, 0x0000, 0x0000,
  0x0000, 0x0000, 0x0000, 0x0000, 0x0000, 0x0000, 0x0000, 0x0000, 0x0000, 0x0000,
  0x0000, 0x0000, 0x0000, 0x0000, 0x0000, 0x0000, 0x0000, 0x0000, 0x0000, 0x0000,
  0x0000, 0x0000, 0x0000, 0x0000, 0x0000, 0x0000, 0x0000, 0x0000, 0x0000, 0x0000,
  0x0000, 0x0000, 0x0000, 0x0000, 0x0000, 0x0000, 0x0000, 0x0000, 0x0000, 0x0000,
  0x0000, 0x0000, 0x0000, 0x0000, 0x0000, 0x0000, 0x0000, 0x0000, 0x0000, 0x0000,
  0x0000, 0x0000, 0x0000, 0x0000, 0x0000, 0x0000, 0x0000, 0x0000, 0x0000, 0x0000,
  0x0000, 0x0000, 0x0000, 0x0000, 0x0000, 0x0000, 0x0000, 0x0000, 0x0000, 0x0000,
  0x0000, 0x0000, 0x0000, 0x0000, 0x0000, 0x0000, 0x0000, 0x0000, 0x0000, 0x0000,
  0x0000, 0x0000, 0x0000, 0x0000, 0x0000, 0x0000, 0x0000, 0x0000, 0x0000, 0x0000,
  0x0000, 0x0000, 0x0000, 0x0000, 0x0000, 0x0000, 0x0000, 0x0000, 0x0000, 0x0000,
  0x0000, 0x0000, 0x0000, 0x0000, 0x0000, 0x0000, 0x0000, 0x0000, 0x0000, 0x0000,
  0x0000, 0x0000, 0x0000, 0x0000, 0x0000, 0x0000, 0x0000, 0x0000, 0x0000, 0x0000,
  0x0000, 0x0000, 0x0000, 0x0000, 0x0000, 0x0000, 0x0000, 0x0000, 0x0000, 0x0000,
  0x0000, 0x0000, 0x0000, 0x0000, 0x0000, 0x0000, 0x0000, 0x0000, 0x0000, 0x0000,
  0x0000, 0x0000, 0x0000, 0x0000, 0x0000, 0x0000, 0x0000, 0x0000, 0x0000, 0x0000,
  0x0000, 0x0000, 0x0000, 0x0000, 0x0000, 0x0000, 0x0000, 0x0000, 0x0000, 0x0000,
  0x0000, 0x0000, 0x0000, 0x0000, 0x0000, 0x0000, 0x0000, 0x0000, 0x0000, 0x0000,
  0x0000, 0x0000, 0x0000, 0x0000, 0x0000, 0x0000, 0x0000, 0x0000, 0x0000, 0x0000,
  0x0000, 0x0000, 0x0000, 0x0000, 0x0000, 0x0000, 0x0000, 0x0000, 0x0000, 0x0000,
  0x0000, 0x0000, 0x0000, 0x0000, 0x0000, 0x0000, 0x0000, 0x0000, 0x0000, 0x0000,
  0x0000, 0x0000, 0x0000, 0x0000, 0x0000, 0x0000, 0x0000, 0x0000, 0x0000, 0x0000,
  0x0000, 0x0000, 0x0000, 0x0000, 0x0000, 0x0000, 0x0000, 0x0000, 0x0000, 0x0000,
  0x0000, 0x0000, 0x0000, 0x0000, 0x0000, 0x0000, 0x0000, 0x0000, 0x0000, 0x0000,
  0x0000, 0x0000, 0x0000, 0x0000, 0x0000, 0x0000, 0x0000, 0x0000, 0x0000, 0x0000,
  0x0000, 0x0000, 0x0000, 0x0000, 0x0000, 0x0000, 0x0000, 0x0000, 0x0000, 0x0000,
  0x0000, 0x0000, 0x0000, 0x0000, 0x0000, 0x0000, 0x0000, 0x0000, 0x0000, 0x0000,
  0x0000, 0x0000, 0x0000, 0x0000, 0x0000, 0x0000, 0x0948, 0x03FB, 0x03DA, 0x03FB,
  0x04BF, 0x049F, 0x049F, 0x049F, 0x049F, 0x049F, 0x049F, 0x049F, 0x049F, 0x049F,
  0x049F, 0x049F, 0x049F, 0x04BF, 0x04BF, 0x04BF, 0x04BF, 0x049F, 0x049F, 0x049F,
  0x049F, 0x049F, 0x049F, 0x049F, 0x049F, 0x04BF, 0x04BF, 0x04BF, 0x049F, 0x049F,
  0x049F, 0x049F, 0x049F, 0x04FF, 0x04FF, 0x04FF, 0x018A, 0x0000, 0x0000, 0x0000,
  0x0000, 0x0000, 0x0000, 0x0000, 0x0000, 0x0000, 0x0000, 0x0000, 0x0000, 0x0000,
  0x0000, 0x0000, 0x0000, 0x0000, 0x0000, 0x0000, 0x0000, 0x0000, 0x0000, 0x0000,
  0x0000, 0x0000, 0x0000, 0x0000, 0x0000, 0x0000, 0x0000, 0x0000, 0x0000, 0x0000,
  0x0000, 0x0000, 0x0000, 0x0000, 0x0000, 0x0000, 0x0000, 0x0000, 0x0000, 0x0000,
  0x0000, 0x0000, 0x0000, 0x0000, 0x0000, 0x0000, 0x0000, 0x0000, 0x0000, 0x0000,
  0x0000, 0x0000, 0x0000, 0x0000, 0x0000, 0x0000, 0x0000, 0x0000, 0x0000, 0x0000,
  0x0000, 0x0000, 0x0000, 0x0000, 0x0000, 0x0000, 0x0000, 0x0000, 0x0000, 0x0000,
  0x0000, 0x0000, 0x0000, 0x0000, 0x0000, 0x0000, 0x0000, 0x0000, 0x0000, 0x0000,
  0x0000, 0x0000, 0x0000, 0x0000, 0x0000, 0x0000, 0x0000, 0x0000, 0x0000, 0x0000,
  0x0000, 0x0000, 0x0000, 0x0000, 0x0000, 0x0000, 0x0000, 0x0000, 0x0000, 0x0000,
  0x0000, 0x0000, 0x0000, 0x0000, 0x0000, 0x0000, 0x0000, 0x0000, 0x0000, 0x0000,
  0x0000, 0x0000, 0x0000, 0x0000, 0x0000, 0x0000, 0x0000, 0x0000, 0x0000, 0x0000,
  0x0000, 0x0000, 0x0000, 0x0000, 0x0000, 0x0000, 0x0000, 0x0000, 0x0000, 0x0000,
  0x0000, 0x0000, 0x0000, 0x0000, 0x0000, 0x0000, 0x0000, 0x0000, 0x0000, 0x0000,
  0x0000, 0x0000, 0x0000, 0x0000, 0x0000, 0x0000, 0x0000, 0x0000, 0x0000, 0x0000,
  0x0000, 0x0000, 0x0000, 0x0000, 0x0000, 0x0000, 0x0000, 0x0000, 0x0000, 0x0000,
  0x0000, 0x0000, 0x0000, 0x0000, 0x0000, 0x0000, 0x0000, 0x0000, 0x0000, 0x0000,
  0x0000, 0x0000, 0x0000, 0x0000, 0x0000, 0x0000, 0x0000, 0x0000, 0x0000, 0x0000,
  0x0000, 0x0000, 0x0000, 0x0000, 0x0000, 0x0000, 0x0000, 0x0000, 0x0000, 0x0000,
  0x0000, 0x0000, 0x0000, 0x0000, 0x0000, 0x0000, 0x0000, 0x0000, 0x0000, 0x0000,
  0x0000, 0x0000, 0x0000, 0x0000, 0x0000, 0x0000, 0x0000, 0x0000, 0x0000, 0x0000,
  0x0000, 0x0000, 0x0000, 0x0000, 0x0000, 0x0000, 0x0000, 0x0000, 0x0000, 0x0000,
  0x0000, 0x0000, 0x0000, 0x0000, 0x0000, 0x0000, 0x0000, 0x0000, 0x0000, 0x0000,
  0x0000, 0x0000, 0x0000, 0x0000, 0x0000, 0x0000, 0x0000, 0x0000, 0x0000, 0x0000,
  0x0000, 0x0000, 0x0000, 0x0000, 0x0000, 0x0000, 0x0000, 0x0000, 0x0000, 0x0000,
  0x0000, 0x0000, 0x0000, 0x0000, 0x0000, 0x0000, 0x0000, 0x0000, 0x0000, 0x0000,
  0x0000, 0x0000, 0x0000, 0x0000, 0x0000, 0x0000, 0x0000, 0x0000, 0x0000, 0x0000,
  0x0000, 0x0000, 0x0000, 0x0000, 0x00A4, 0x00A4, 0x018A, 0x03FB, 0x03FB, 0x449D,
  0x7D5D, 0x7D5D, 0x7D5D, 0x7D5D, 0x7D5D, 0x7D5D, 0x7D5D, 0x7D5D, 0x7D5D, 0x7D5D,
  0x7D5D, 0x7D5D, 0x7D5D, 0x5CFE, 0x04BF, 0x04BF, 0x5CFE, 0x7D5D, 0x7D5D, 0x7D5D,
  0x7D5D, 0x7D5D, 0x7D5D, 0x7D5D, 0x7D5D, 0x24BF, 0x04BF, 0x24BF, 0x7D5D, 0x7D5D,
  0x7D5D, 0x7D5D, 0x7D5D, 0x7D5D, 0x7D5D, 0x95DF, 0x2A8E, 0x00A4, 0x00A4, 0x0042,
  0x0000, 0x0000, 0x0000, 0x0000, 0x0000, 0x0000, 0x0000, 0x0000, 0x0000, 0x0000,
  0x0000, 0x0000, 0x0000, 0x0000, 0x0000, 0x0000, 0x0000, 0x0000, 0x0000, 0x0000,
  0x0000, 0x0000, 0x0000, 0x0000, 0x0000, 0x0000, 0x0000, 0x0000, 0x0000, 0x0000,
  0x0000, 0x0000, 0x0000, 0x0000, 0x0000, 0x0000, 0x0000, 0x0000, 0x0000, 0x0000,
  0x0000, 0x0000, 0x0000, 0x0000, 0x0000, 0x0000, 0x0000, 0x0000, 0x0000, 0x0000,
  0x0000, 0x0000, 0x0000, 0x0000, 0x0000, 0x0000, 0x0000, 0x0000, 0x0000, 0x0000,
  0x0000, 0x0000, 0x0000, 0x0000, 0x0000, 0x0000, 0x0000, 0x0000, 0x0000, 0x0000,
  0x0000, 0x0000, 0x0000, 0x0000, 0x0000, 0x0000, 0x0000, 0x0000, 0x0000, 0x0000,
  0x0000, 0x0000, 0x0000, 0x0000, 0x0000, 0x0000, 0x0000, 0x0000, 0x0000, 0x0000,
  0x0000, 0x0000, 0x0000, 0x0000, 0x0000, 0x0000, 0x0000, 0x0000, 0x0000, 0x0000,
  0x0000, 0x0000, 0x0000, 0x0000, 0x0000, 0x0000, 0x0000, 0x0000, 0x0000, 0x0000,
  0x0000, 0x0000, 0x0000, 0x0000, 0x0000, 0x0000, 0x0000, 0x0000, 0x0000, 0x0000,
  0x0000, 0x0000, 0x0000, 0x0000, 0x0000, 0x0000, 0x0000, 0x0000, 0x0000, 0x0000,
  0x0000, 0x0000, 0x0000, 0x0000, 0x0000, 0x0000, 0x0000, 0x0000, 0x0000, 0x0000,
  0x0000, 0x0000, 0x0000, 0x0000, 0x0000, 0x0000, 0x0000, 0x0000, 0x0000, 0x0000,
  0x0000, 0x0000, 0x0000, 0x0000, 0x0000, 0x0000, 0x0000, 0x0000, 0x0000, 0x0000,
  0x0000, 0x0000, 0x0000, 0x0000, 0x0000, 0x0000, 0x0000, 0x0000, 0x0000, 0x0000,
  0x0000, 0x0000, 0x0000, 0x0000, 0x0000, 0x0000, 0x0000, 0x0000, 0x0000, 0x0000,
  0x0000, 0x0000, 0x0000, 0x0000, 0x0000, 0x0000, 0x0000, 0x0000, 0x0000, 0x0000,
  0x0000, 0x0000, 0x0000, 0x0000, 0x0000, 0x0000, 0x0000, 0x0000, 0x0000, 0x0000,
  0x0000, 0x0000, 0x0000, 0x0000, 0x0000, 0x0000, 0x0000, 0x0000, 0x0000, 0x0000,
  0x0000, 0x0000, 0x0000, 0x0000, 0x0000, 0x0000, 0x0000, 0x0000, 0x0000, 0x0000,
  0x0000, 0x0000, 0x0000, 0x0000, 0x0000, 0x0000, 0x0000, 0x0000, 0x0000, 0x0000,
  0x0000, 0x0000, 0x0000, 0x0000, 0x0000, 0x0000, 0x0000, 0x0000, 0x0000, 0x0000,
  0x0000, 0x0000, 0x0000, 0x0000, 0x0000, 0x0000, 0x0000, 0x0000, 0x0000, 0x0000,
  0x0000, 0x0000, 0x0000, 0x0000, 0x0000, 0x0000, 0x0000, 0x0000, 0x0000, 0x0000,
  0x0000, 0x0000, 0x0000, 0x0000, 0x0000, 0x0000, 0x0000, 0x0000, 0x0000, 0x0000,
  0x0000, 0x0000, 0x0000, 0x00A4, 0x03DA, 0x03DA, 0x03FB, 0x24BF, 0x045F, 0xADFB,
  0xFF54, 0xFF54, 0xFF54, 0xFF54, 0xFF54, 0xFF54, 0xFF54, 0xFF54, 0xFF54, 0xFF54,
  0xFF54, 0xFF54, 0xFF54, 0xDE76, 0x049F, 0x045F, 0xADFB, 0xFF54, 0xFF54, 0xFF54,
  0xFF54, 0xFF54, 0xFF54, 0xFF54, 0xFF54, 0x5CFE, 0x045F, 0x5CFE, 0xFF54, 0xFF54,
  0xFF54, 0xFF54, 0xFF54, 0xFF54, 0xFF54, 0xFF54, 0xADFB, 0x04FF, 0x357F, 0x018A,
  0x0000, 0x0000, 0x0000, 0x0000, 0x0000, 0x0000, 0x0000, 0x0000, 0x0000, 0x0000,
  0x0000, 0x0000, 0x0000, 0x0000, 0x0000, 0x0000, 0x0000, 0x0000, 0x0000, 0x0000,
  0x0000, 0x0000, 0x0000, 0x0000, 0x0000, 0x0000, 0x0000, 0x0000, 0x0000, 0x0000,
  0x0000, 0x0000, 0x0000, 0x0000, 0x0000, 0x0000, 0x0000, 0x0000, 0x0000, 0x0000,
  0x0000, 0x0000, 0x0000, 0x0000, 0x0000, 0x0000, 0x0000, 0x0000, 0x0000, 0x0000,
  0x0000, 0x0000, 0x0000, 0x0000, 0x0000, 0x0000, 0x0000, 0x0000, 0x0000, 0x0000,
  0x0000, 0x0000, 0x0000, 0x0000, 0x0000, 0x0000, 0x0000, 0x0000, 0x0000, 0x0000,
  0x0000, 0x0000, 0x0000, 0x0000, 0x0000, 0x0000, 0x0000, 0x0000, 0x0000, 0x0000,
  0x0000, 0x0000, 0x0000, 0x0000, 0x0000, 0x0000, 0x0000, 0x0000, 0x0000, 0x0000,
  0x0000, 0x0000, 0x0000, 0x0000, 0x0000, 0x0000, 0x0000, 0x0000, 0x0000, 0x0000,
  0x0000, 0x0000, 0x0000, 0x0000, 0x0000, 0x0000, 0x0000, 0x0000, 0x0000, 0x0000,
  0x0000, 0x0000, 0x0000, 0x0000, 0x0000, 0x0000, 0x0000, 0x0000, 0x0000, 0x0000,
  0x0000, 0x0000, 0x0000, 0x0000, 0x0000, 0x0000, 0x0000, 0x0000, 0x0000, 0x0000,
  0x0000, 0x0000, 0x0000, 0x0000, 0x0000, 0x0000, 0x0000, 0x0000, 0x0000, 0x0000,
  0x0000, 0x0000, 0x0000, 0x0000, 0x0000, 0x0000, 0x0000, 0x0000, 0x0000, 0x0000,
  0x0000, 0x0000, 0x0000, 0x0000, 0x0000, 0x0000, 0x0000, 0x0000, 0x0000, 0x0000,
  0x0000, 0x0000, 0x0000, 0x0000, 0x0000, 0x0000, 0x0000, 0x0000, 0x0000, 0x0000,
  0x0000, 0x0000, 0x0000, 0x0000, 0x0000, 0x0000, 0x0000, 0x0000, 0x0000, 0x0000,
  0x0000, 0x0000, 0x0000, 0x0000, 0x0000, 0x0000, 0x0000, 0x0000, 0x0000, 0x0000,
  0x0000, 0x0000, 0x0000, 0x0000, 0x0000, 0x0000, 0x0000, 0x0000, 0x0000, 0x0000,
  0x0000, 0x0000, 0x0000, 0x0000, 0x0000, 0x0000, 0x0000, 0x0000, 0x0000, 0x0000,
  0x0000, 0x0000, 0x0000, 0x0000, 0x0000, 0x0000, 0x0000, 0x0000, 0x0000, 0x0000,
  0x0000, 0x0000, 0x0000, 0x0000, 0x0000, 0x0000, 0x0000, 0x0000, 0x0000, 0x0000,
  0x0000, 0x0000, 0x0000, 0x0000, 0x0000, 0x0000, 0x0000, 0x0000, 0x0000, 0x0000,
  0x0000, 0x0000, 0x0000, 0x0000, 0x0000, 0x0000, 0x0000, 0x0000, 0x0000, 0x0000,
  0x0000, 0x0000, 0x0000, 0x0000, 0x0000, 0x0000, 0x0000, 0x0000, 0x0000, 0x0000,
  0x0000, 0x0000, 0x0000, 0x0000, 0x0000, 0x0000, 0x0000, 0x0000, 0x0000, 0x0000,
  0x0000, 0x0000, 0x0000, 0x0042, 0x03DA, 0x03DA, 0x03FB, 0x24BF, 0x045F, 0xADFB,
  0xFF54, 0xFF54, 0xFF54, 0xFF54, 0xFF54, 0xFF54, 0xFF54, 0xFF54, 0xFF54, 0xFF54,
  0xFF54, 0xFF54, 0xFF54, 0xDE76, 0x049F, 0x049F, 0xADFB, 0xFF54, 0xFF54, 0xFF54,
  0xFF54, 0xFF54, 0xFF54, 0xFF54, 0xFF54, 0x5CFE, 0x049F, 0x5CFE, 0xFF54, 0xFF54,
  0xFF54, 0xFF54, 0xFF54, 0xFF54, 0xFF54, 0xFF54, 0xADFB, 0x04FF, 0x357F, 0x00A4,
  0x0000, 0x0000, 0x0000, 0x0000, 0x0000, 0x0000, 0x0000, 0x0000, 0x0000, 0x0000,
  0x0000, 0x0000, 0x0000, 0x0000, 0x0000, 0x0000, 0x0000, 0x0000, 0x0000, 0x0000,
  0x0000, 0x0000, 0x0000, 0x0000, 0x0000, 0x0000, 0x0000, 0x0000, 0x0000, 0x0000,
  0x0000, 0x0000, 0x0000, 0x0000, 0x0000, 0x0000, 0x0000, 0x0000, 0x0000, 0x0000,
  0x0000, 0x0000, 0x0000, 0x0000, 0x0000, 0x0000, 0x0000, 0x0000, 0x0000, 0x0000,
  0x0000, 0x0000, 0x0000, 0x0000, 0x0000, 0x0000, 0x0000, 0x0000, 0x0000, 0x0000,
  0x0000, 0x0000, 0x0000, 0x0000, 0x0000, 0x0000, 0x0000, 0x0000, 0x0000, 0x0000,
  0x0000, 0x0000, 0x0000, 0x0000, 0x0000, 0x0000, 0x0000, 0x0000, 0x0000, 0x0000,
  0x0000, 0x0000, 0x0000, 0x0000, 0x0000, 0x0000, 0x0000, 0x0000, 0x0000, 0x0000,
  0x0000, 0x0000, 0x0000, 0x0000, 0x0000, 0x0000, 0x0000, 0x0000, 0x0000, 0x0000,
  0x0000, 0x0000, 0x0000, 0x0000, 0x0000, 0x0000, 0x0000, 0x0000, 0x0000, 0x0000,
  0x0000, 0x0000, 0x0000, 0x0000, 0x0000, 0x0000, 0x0000, 0x0000, 0x0000, 0x0000,
  0x0000, 0x0000, 0x0000, 0x0000, 0x0000, 0x0000, 0x0000, 0x0000, 0x0000, 0x0000,
  0x0000, 0x0000, 0x0000, 0x0000, 0x0000, 0x0000, 0x0000, 0x0000, 0x0000, 0x0000,
  0x0000, 0x0000, 0x0000, 0x0000, 0x0000, 0x0000, 0x0000, 0x0000, 0x0000, 0x0000,
  0x0000, 0x0000, 0x0000, 0x0000, 0x0000, 0x0000, 0x0000, 0x0000, 0x0000, 0x0000,
  0x0000, 0x0000, 0x0000, 0x0000, 0x0000, 0x0000, 0x0000, 0x0000, 0x0000, 0x0000,
  0x0000, 0x0000, 0x0000, 0x0000, 0x0000, 0x0000, 0x0000, 0x0000, 0x0000, 0x0000,
  0x0000, 0x0000, 0x0000, 0x0000, 0x0000, 0x0000, 0x0000, 0x0000, 0x0000, 0x0000,
  0x0000, 0x0000, 0x0000, 0x0000, 0x0000, 0x0000, 0x0000, 0x0000, 0x0000, 0x0000,
  0x0000, 0x0000, 0x0000, 0x0000, 0x0000, 0x0000, 0x0000, 0x0000, 0x0000, 0x0000,
  0x0000, 0x0000, 0x0000, 0x0000, 0x0000, 0x0000, 0x0000, 0x0000, 0x0000, 0x0000,
  0x0000, 0x0000, 0x0000, 0x0000, 0x0000, 0x0000, 0x0000, 0x0000, 0x0000, 0x0000,
  0x0000, 0x0000, 0x0000, 0x0000, 0x0000, 0x0000, 0x0000, 0x0000, 0x0000, 0x0000,
  0x0000, 0x0000, 0x0000, 0x0000, 0x0000, 0x0000, 0x0000, 0x0000, 0x0000, 0x0000,
  0x0000, 0x0000, 0x0000, 0x0000, 0x0000, 0x0000, 0x0000, 0x0000, 0x0000, 0x0000,
  0x0000, 0x0000, 0x0000, 0x0000, 0x0000, 0x0000, 0x0000, 0x0000, 0x0000, 0x0000,
  0x0000, 0x0948, 0x0948, 0x018A, 0x03FB, 0x03FB, 0x03FB, 0x1C7D, 0x047E, 0xADFB,
  0xFF54, 0xFF54, 0xEEB5, 0xDE76, 0xDE76, 0xEEB5, 0xFF54, 0xFF54, 0xDE76, 0xDE76,
  0xDE76, 0xFF54, 0xFF54, 0xDE76, 0x047E, 0x047E, 0xADFB, 0xFF54, 0xFF54, 0xEEB5,
  0xDE76, 0xDE76, 0xEEB5, 0xFF54, 0xFF54, 0x5CFE, 0x047E, 0x5CFE, 0xFF54, 0xFF54,
  0xEEB5, 0xDE76, 0xDE76, 0xEEB5, 0xFF54, 0xFF54, 0xADFB, 0x04FF, 0x357F, 0x2A8E,
  0x018A, 0x018A, 0x0000, 0x0000, 0x0000, 0x0000, 0x0000, 0x0000, 0x0000, 0x0000,
  0x0000, 0x0000, 0x0000, 0x0000, 0x0000, 0x0000, 0x0000, 0x0000, 0x0000, 0x0000,
  0x0000, 0x0000, 0x0000, 0x0000, 0x0000, 0x0000, 0x0000, 0x0000, 0x0000, 0x0000,
  0x0000, 0x0000, 0x0000, 0x0000, 0x0000, 0x0000, 0x0000, 0x0000, 0x0000, 0x0000,
  0x0000, 0x0000, 0x0000, 0x0000, 0x0000, 0x0000, 0x0000, 0x0000, 0x0000, 0x0000,
  0x0000, 0x0000, 0x0000, 0x0000, 0x0000, 0x0000, 0x0000, 0x0000, 0x0000, 0x0000,
  0x0000, 0x0000, 0x0000, 0x0000, 0x0000, 0x0000, 0x0000, 0x0000, 0x0000, 0x0000,
  0x0000, 0x0000, 0x0000, 0x0000, 0x0000, 0x0000, 0x0000, 0x0000, 0x0000, 0x0000,
  0x0000, 0x0000, 0x0000, 0x0000, 0x0000, 0x0000, 0x0000, 0x0000, 0x0000, 0x0000,
  0x0000, 0x0000, 0x0000, 0x0000, 0x0000, 0x0000, 0x0000, 0x0000, 0x0000, 0x0000,
  0x0000, 0x0000, 0x0000, 0x0000, 0x0000, 0x0000, 0x0000, 0x0000, 0x0000, 0x0000,
  0x0000, 0x0000, 0x0000, 0x0000, 0x0000, 0x0000, 0x0000, 0x0000, 0x0000, 0x0000,
  0x0000, 0x0000, 0x0000, 0x0000, 0x0000, 0x0000, 0x0000, 0x0000, 0x0000, 0x0000,
  0x0000, 0x0000, 0x0000, 0x0000, 0x0000, 0x0000, 0x0000, 0x0000, 0x0000, 0x0000,
  0x0000, 0x0000, 0x0000, 0x0000, 0x0000, 0x0000, 0x0000, 0x0000, 0x0000, 0x0000,
  0x0000, 0x0000, 0x0000, 0x0000, 0x0000, 0x0000, 0x0000, 0x0000, 0x0000, 0x0000,
  0x0000, 0x0000, 0x0000, 0x0000, 0x0000, 0x0000, 0x0000, 0x0000, 0x0000, 0x0000,
  0x0000, 0x0000, 0x0000, 0x0000, 0x0000, 0x0000, 0x0000, 0x0000, 0x0000, 0x0000,
  0x0000, 0x0000, 0x0000, 0x0000, 0x0000, 0x0000, 0x0000, 0x0000, 0x0000, 0x0000,
  0x0000, 0x0000, 0x0000, 0x0000, 0x0000, 0x0000, 0x0000, 0x0000, 0x0000, 0x0000,
  0x0000, 0x0000, 0x0000, 0x0000, 0x0000, 0x0000, 0x0000, 0x0000, 0x0000, 0x0000,
  0x0000, 0x0000, 0x0000, 0x0000, 0x0000, 0x0000, 0x0000, 0x0000, 0x0000, 0x0000,
  0x0000, 0x0000, 0x0000, 0x0000, 0x0000, 0x0000, 0x0000, 0x0000, 0x0000, 0x0000,
  0x0000, 0x0000, 0x0000, 0x0000, 0x0000, 0x0000, 0x0000, 0x0000, 0x0000, 0x0000,
  0x0000, 0x0000, 0x0000, 0x0000, 0x0000, 0x0000, 0x0000, 0x0000, 0x0000, 0x0000,
  0x0000, 0x0000, 0x0000, 0x0000, 0x0000, 0x0000, 0x0000, 0x0000, 0x0000, 0x0000,
  0x0000, 0x0000, 0x0000, 0x0000, 0x0000, 0x0000, 0x0000, 0x0000, 0x0000, 0x0000,
  0x0000, 0x0377, 0x03FB, 0x03FB, 0x04BF, 0x04BF, 0x047E, 0x23FA, 0x039B, 0xAD98,
  0xFF54, 0xFF54, 0xAD98, 0x031B, 0x039B, 0xDE76, 0xFF54, 0xFF54, 0x545A, 0x031B,
  0x545A, 0xFF54, 0xFF54, 0xDE76, 0x03DA, 0x039B, 0xAD98, 0xFF54, 0xFF54, 0xAD98,
  0x031B, 0x039B, 0xDE76, 0xFF54, 0xFF54, 0x6479, 0x039B, 0x6479, 0xFF54, 0xFF54,
  0xDE76, 0x039B, 0x031B, 0xAD98, 0xFF54, 0xFF54, 0xADFB, 0x045F, 0x24BF, 0x2D3F,
  0x357F, 0x357F, 0x00A4, 0x0000, 0x0000, 0x0000, 0x0000, 0x0000, 0x0000, 0x0000,
  0x0000, 0x0000, 0x0000, 0x0000, 0x0000, 0x0000, 0x0000, 0x0000, 0x0000, 0x0000,
  0x0000, 0x0000, 0x0000, 0x0000, 0x0000, 0x0000, 0x0000, 0x0000, 0x0000, 0x0000,
  0x0000, 0x0000, 0x0000, 0x0000, 0x0000, 0x0000, 0x0000, 0x0000, 0x0000, 0x0000,
  0x0000, 0x0000, 0x0000, 0x0000, 0x0000, 0x0000, 0x0000, 0x0000, 0x0000, 0x0000,
  0x0000, 0x0000, 0x0000, 0x0000, 0x0000, 0x0000, 0x0000, 0x0000, 0x0000, 0x0000,
  0x0000, 0x0000, 0x0000, 0x0000, 0x0000, 0x0000, 0x0000, 0x0000, 0x0000, 0x0000,
  0x0000, 0x0000, 0x0000, 0x0000, 0x0000, 0x0000, 0x0000, 0x0000, 0x0000, 0x0000,
  0x0000, 0x0000, 0x0000, 0x0000, 0x0000, 0x0000, 0x0000, 0x0000, 0x0000, 0x0000,
  0x0000, 0x0000, 0x0000, 0x0000, 0x0000, 0x0000, 0x0000, 0x0000, 0x0000, 0x0000,
  0x0000, 0x0000, 0x0000, 0x0000, 0x0000, 0x0000, 0x0000, 0x0000, 0x0000, 0x0000,
  0x0000, 0x0000, 0x0000, 0x0000, 0x0000, 0x0000, 0x0000, 0x0000, 0x0000, 0x0000,
  0x0000, 0x0000, 0x0000, 0x0000, 0x0000, 0x0000, 0x0000, 0x0000, 0x0000, 0x0000,
  0x0000, 0x0000, 0x0000, 0x0000, 0x0000, 0x0000, 0x0000, 0x0000, 0x0000, 0x0000,
  0x0000, 0x0000, 0x0000, 0x0000, 0x0000, 0x0000, 0x0000, 0x0000, 0x0000, 0x0000,
  0x0000, 0x0000, 0x0000, 0x0000, 0x0000, 0x0000, 0x0000, 0x0000, 0x0000, 0x0000,
  0x0000, 0x0000, 0x0000, 0x0000, 0x0000, 0x0000, 0x0000, 0x0000, 0x0000, 0x0000,
  0x0000, 0x0000, 0x0000, 0x0000, 0x0000, 0x0000, 0x0000, 0x0000, 0x0000, 0x0000,
  0x0000, 0x0000, 0x0000, 0x0000, 0x0000, 0x0000, 0x0000, 0x0000, 0x0000, 0x0000,
  0x0000, 0x0000, 0x0000, 0x0000, 0x0000, 0x0000, 0x0000, 0x0000, 0x0000, 0x0000,
  0x0000, 0x0000, 0x0000, 0x0000, 0x0000, 0x0000, 0x0000, 0x0000, 0x0000, 0x0000,
  0x0000, 0x0000, 0x0000, 0x0000, 0x0000, 0x0000, 0x0000, 0x0000, 0x0000, 0x0000,
  0x0000, 0x0000, 0x0000, 0x0000, 0x0000, 0x0000, 0x0000, 0x0000, 0x0000, 0x0000,
  0x0000, 0x0000, 0x0000, 0x0000, 0x0000, 0x0000, 0x0000, 0x0000, 0x0000, 0x0000,
  0x0000, 0x0000, 0x0000, 0x0000, 0x0000, 0x0000, 0x0000, 0x0000, 0x0000, 0x0000,
  0x0000, 0x0000, 0x0000, 0x0000, 0x0000, 0x0000, 0x0000, 0x0000, 0x0000, 0x0000,
  0x0000, 0x0000, 0x0000, 0x0000, 0x0000, 0x0000, 0x0000, 0x0000, 0x0000, 0x0000,
  0x0000, 0x0357, 0x03DA, 0x03FB, 0x04BF, 0x04BF, 0x047E, 0x23FA, 0x039B, 0xAD98,
  0xFF54, 0xFF54, 0xAD98, 0x039B, 0x03DA, 0xDE76, 0xFF54, 0xFF54, 0x6479, 0x039B,
  0x6479, 0xFF54, 0xFF54, 0xDE76, 0x031B, 0x031B, 0xAD98, 0xFF54, 0xFF54, 0xAD98,
  0x039B, 0x03DA, 0xDE76, 0xFF54, 0xFF54, 0x545A, 0x031B, 0x545A, 0xFF54, 0xFF54,
  0xDE76, 0x03DA, 0x039B, 0xAD98, 0xFF54, 0xFF54, 0xADFB, 0x045F, 0x24BF, 0x2D3F,
  0x357F, 0x2D3F, 0x00A4, 0x0000, 0x0000, 0x0000, 0x0000, 0x0000, 0x0000, 0x0000,
  0x0000, 0x0000, 0x0000, 0x0000, 0x0000, 0x0000, 0x0000, 0x0000, 0x0000, 0x0000,
  0x0000, 0x0000, 0x0000, 0x0000, 0x0000, 0x0000, 0x0000, 0x0000, 0x0000, 0x0000,
  0x0000, 0x0000, 0x0000, 0x0000, 0x0000, 0x0000, 0x0000, 0x0000, 0x0000, 0x0000,
  0x0000, 0x0000, 0x0000, 0x0000, 0x0000, 0x0000, 0x0000, 0x0000, 0x0000, 0x0000,
  0x0000, 0x0000, 0x0000, 0x0000, 0x0000, 0x0000, 0x0000, 0x0000, 0x0000, 0x0000,
  0x0000, 0x0000, 0x0000, 0x0000, 0x0000, 0x0000, 0x0000, 0x0000, 0x0000, 0x0000,
  0x0000, 0x0000, 0x0000, 0x0000, 0x0000, 0x0000, 0x0000, 0x0000, 0x0000, 0x0000,
  0x0000, 0x0000, 0x0000, 0x0000, 0x0000, 0x0000, 0x0000, 0x0000, 0x0000, 0x0000,
  0x0000, 0x0000, 0x0000, 0x0000, 0x0000, 0x0000, 0x0000, 0x0000, 0x0000, 0x0000,
  0x0000, 0x0000, 0x0000, 0x0000, 0x0000, 0x0000, 0x0000, 0x0000, 0x0000, 0x0000,
  0x0000, 0x0000, 0x0000, 0x0000, 0x0000, 0x0000, 0x0000, 0x0000, 0x0000, 0x0000,
  0x0000, 0x0000, 0x0000, 0x0000, 0x0000, 0x0000, 0x0000, 0x0000, 0x0000, 0x0000,
  0x0000, 0x0000, 0x0000, 0x0000, 0x0000, 0x0000, 0x0000, 0x0000, 0x0000, 0x0000,
  0x0000, 0x0000, 0x0000, 0x0000, 0x0000, 0x0000, 0x0000, 0x0000, 0x0000, 0x0000,
  0x0000, 0x0000, 0x0000, 0x0000, 0x0000, 0x0000, 0x0000, 0x0000, 0x0000, 0x0000,
  0x0000, 0x0000, 0x0000, 0x0000, 0x0000, 0x0000, 0x0000, 0x0000, 0x0000, 0x0000,
  0x0000, 0x0000, 0x0000, 0x0000, 0x0000, 0x0000, 0x0000, 0x0000, 0x0000, 0x0000,
  0x0000, 0x0000, 0x0000, 0x0000, 0x0000, 0x0000, 0x0000, 0x0000, 0x0000, 0x0000,
  0x0000, 0x0000, 0x0000, 0x0000, 0x0000, 0x0000, 0x0000, 0x0000, 0x0000, 0x0000,
  0x0000, 0x0000, 0x0000, 0x0000, 0x0000, 0x0000, 0x0000, 0x0000, 0x0000, 0x0000,
  0x0000, 0x0000, 0x0000, 0x0000, 0x0000, 0x0000, 0x0000, 0x0000, 0x0000, 0x0000,
  0x0000, 0x0000, 0x0000, 0x0000, 0x0000, 0x0000, 0x0000, 0x0000, 0x0000, 0x0000,
  0x0000, 0x0000, 0x0000, 0x0000, 0x0000, 0x0000, 0x0000, 0x0000, 0x0000, 0x0000,
  0x0000, 0x0000, 0x0000, 0x0000, 0x0000, 0x0000, 0x0000, 0x0000, 0x0000, 0x0000,
  0x0000, 0x0000, 0x0000, 0x0000, 0x0000, 0x0000, 0x0000, 0x0000, 0x0000, 0x0000,
  0x0000, 0x0000, 0x0000, 0x0000, 0x0000, 0x0000, 0x0000, 0x0000, 0x0000, 0x0000,
  0x0000, 0x0377, 0x03FB, 0x03FB, 0x04BF, 0x04BF, 0x047E, 0x23FA, 0x039B, 0xAD98,
  0xFF54, 0xFF54, 0xAD98, 0x039B, 0x03DA, 0xDE76, 0xFF54, 0xFF54, 0x6479, 0x039B,
  0x6479, 0xFF54, 0xFF54, 0xEEB5, 0xC617, 0xC617, 0xDE76, 0xFF54, 0xFF54, 0xAD98,
  0x039B, 0x03DA, 0xDE76, 0xFF54, 0xFF54, 0xC617, 0xAD98, 0xC617, 0xFF54, 0xFF54,
  0xDE76, 0x03DA, 0x039B, 0xAD98, 0xFF54, 0xFF54, 0xADFB, 0x045F, 0x24BF, 0x2D3F,
  0x357F, 0x2D3F, 0x00A4, 0x0000, 0x0000, 0x0000, 0x0000, 0x0000, 0x0000, 0x0000,
  0x0000, 0x0000, 0x0000, 0x0000, 0x0000, 0x0000, 0x0000, 0x0000, 0x0000, 0x0000,
  0x0000, 0x0000, 0x0000, 0x0000, 0x0000, 0x0000, 0x0000, 0x3041, 0x6863, 0x6084,
  0x6084, 0x6084, 0x6084, 0x6084, 0x6084, 0x6084, 0x6084, 0x6084, 0x6084, 0x0000,
  0x0000, 0x0000, 0x0000, 0x0000, 0x0000, 0x0000, 0x0000, 0x0000, 0x0000, 0x0000,
  0x0000, 0x0000, 0x0000, 0x0000, 0x0000, 0x0000, 0x0000, 0x0000, 0x0000, 0x0000,
  0x0000, 0x0000, 0x0000, 0x0000, 0x0000, 0x0000, 0x0000, 0x0000, 0x0000, 0x0000,
  0x0000, 0x0000, 0x0000, 0x0000, 0x0000, 0x0000, 0x0000, 0x0000, 0x3041, 0x79A0,
  0x5920, 0x79E2, 0x79E2, 0x79E2, 0x79E2, 0x79E2, 0x79E2, 0x79E2, 0x79E2, 0x79E2,
  0x0000, 0x0000, 0x0000, 0x0000, 0x0000, 0x0000, 0x0000, 0x0000, 0x0000, 0x0000,
  0x0000, 0x0000, 0x0000, 0x0000, 0x0000, 0x0000, 0x0000, 0x0000, 0x0000, 0x0000,
  0x0000, 0x0000, 0x0000, 0x0000, 0x0000, 0x0000, 0x0000, 0x0000, 0x0000, 0x0000,
  0x0000, 0x0000, 0x0000, 0x0000, 0x0000, 0x0000, 0x0000, 0x0000, 0x0000, 0x2901,
  0x6AA1, 0x5A61, 0x6AA1, 0x7324, 0x7324, 0x7324, 0x7324, 0x7324, 0x7324, 0x7324,
  0x62A3, 0x0000, 0x0000, 0x0000, 0x0000, 0x0000, 0x0000, 0x0000, 0x0000, 0x0000,
  0x0000, 0x0000, 0x0000, 0x0000, 0x0000, 0x0000, 0x0000, 0x0000, 0x0000, 0x0000,
  0x0000, 0x0000, 0x0000, 0x0000, 0x0000, 0x0000, 0x0000, 0x0000, 0x0000, 0x0000,
  0x0000, 0x0000, 0x0000, 0x0000, 0x0000, 0x0000, 0x0000, 0x0000, 0x0000, 0x0000,
  0x1121, 0x22C3, 0x22C3, 0x22C3, 0x22C3, 0x22C3, 0x3B46, 0x3B46, 0x3B46, 0x3B46,
  0x3B46, 0x2203, 0x0000, 0x0000, 0x0000, 0x0000, 0x0000, 0x0000, 0x0000, 0x0000,
  0x0000, 0x0000, 0x0000, 0x0000, 0x0000, 0x0000, 0x0000, 0x0000, 0x0000, 0x0000,
  0x0000, 0x0000, 0x0000, 0x0000, 0x0000, 0x0000, 0x0000, 0x0000, 0x0000, 0x0000,
  0x0000, 0x0000, 0x0000, 0x0000, 0x0000, 0x0000, 0x0000, 0x0000, 0x0000, 0x0000,
  0x0000, 0x0000, 0x0000, 0x0000, 0x0000, 0x0000, 0x0000, 0x0000, 0x0000, 0x0000,
  0x0000, 0x0000, 0x0000, 0x0000, 0x0000, 0x0000, 0x0000, 0x0000, 0x0000, 0x0000,
  0x0000, 0x0000, 0x0000, 0x0000, 0x0000, 0x0000, 0x0000, 0x0000, 0x0000, 0x0000,
  0x0000, 0x0000, 0x0000, 0x0000, 0x0000, 0x0000, 0x0000, 0x0000, 0x0000, 0x0000,
  0x0000, 0x0377, 0x03FB, 0x03FB, 0x04BF, 0x04BF, 0x047E, 0x23FA, 0x039B, 0xAD98,
  0xFF54, 0xFF54, 0xAD98, 0x039B, 0x03DA, 0xDE76, 0xFF54, 0xFF54, 0x6479, 0x039B,
  0x6479, 0xFF54, 0xFF54, 0xFF54, 0xFF54, 0xFF54, 0xFF54, 0xFF54, 0xFF54, 0xAD98,
  0x039B, 0x03DA, 0xDE76, 0xFF54, 0xFF54, 0xFF54, 0xFF54, 0xFF54, 0xFF54, 0xFF54,
  0xDE76, 0x03DA, 0x039B, 0xAD98, 0xFF54, 0xFF54, 0xADFB, 0x045F, 0x24BF, 0x2D3F,
  0x357F, 0x2D3F, 0x00A4, 0x0000, 0x0000, 0x0000, 0x0000, 0x0000, 0x0000, 0x0000,
  0x0000, 0x0000, 0x0000, 0x0000, 0x0000, 0x0000, 0x0000, 0x0000, 0x0000, 0x0000,
  0x0000, 0x0000, 0x0000, 0x0000, 0x0000, 0x0000, 0x0000, 0x6084, 0xD0E7, 0xC0A6,
  0xE0C7, 0xE8E7, 0xE8E7, 0xF26D, 0xF26D, 0xF26D, 0xF26D, 0xF26D, 0xE22C, 0x0000,
  0x0000, 0x0000, 0x0000, 0x0000, 0x0000, 0x0000, 0x0000, 0x0000, 0x0000, 0x0000,
  0x0000, 0x0000, 0x0000, 0x0000, 0x0000, 0x0000, 0x0000, 0x0000, 0x0000, 0x0000,
  0x0000, 0x0000, 0x0000, 0x0000, 0x0000, 0x0000, 0x0000, 0x0000, 0x0000, 0x0000,
  0x0000, 0x0000, 0x0000, 0x0000, 0x0000, 0x0000, 0x0000, 0x0000, 0x5920, 0xFB20,
  0xE300, 0xFB40, 0xFB60, 0xFB60, 0xFC46, 0xFC46, 0xFC46, 0xFC46, 0xFC46, 0xD385,
  0x0000, 0x0000, 0x0000, 0x0000, 0x0000, 0x0000, 0x0000, 0x0000, 0x0000, 0x0000,
  0x0000, 0x0000, 0x0000, 0x0000, 0x0000, 0x0000, 0x0000, 0x0000, 0x0000, 0x0000,
  0x0000, 0x0000, 0x0000, 0x0000, 0x0000, 0x0000, 0x0000, 0x0000, 0x0000, 0x0000,
  0x0000, 0x0000, 0x0000, 0x0000, 0x0000, 0x0000, 0x0000, 0x0000, 0x0000, 0x6AA1,
  0xDDC3, 0xCD63, 0xE604, 0xF664, 0xF664, 0xF6C9, 0xF6C9, 0xF6C9, 0xF6C9, 0xFF2A,
  0xCD88, 0x0000, 0x0000, 0x0000, 0x0000, 0x0000, 0x0000, 0x0000, 0x0000, 0x0000,
  0x0000, 0x0000, 0x0000, 0x0000, 0x0000, 0x0000, 0x0000, 0x0000, 0x0000, 0x0000,
  0x0000, 0x0000, 0x0000, 0x0000, 0x0000, 0x0000, 0x0000, 0x0000, 0x0000, 0x0000,
  0x0000, 0x0000, 0x0000, 0x0000, 0x0000, 0x0000, 0x0000, 0x0000, 0x0000, 0x0000,
  0x22C3, 0x4E27, 0x45A7, 0x4E47, 0x56A8, 0x56A8, 0x7F2D, 0x7F2D, 0x7F2D, 0x7F2D,
  0x7F2D, 0x65CA, 0x0000, 0x0000, 0x0000, 0x0000, 0x0000, 0x0000, 0x0000, 0x0000,
  0x0000, 0x0000, 0x0000, 0x0000, 0x0000, 0x0000, 0x0000, 0x0000, 0x0000, 0x0000,
  0x0000, 0x0000, 0x0000, 0x0000, 0x0000, 0x0000, 0x0000, 0x0000, 0x0000, 0x0000,
  0x0000, 0x0000, 0x0000, 0x0000, 0x0000, 0x0000, 0x0000, 0x0000, 0x0000, 0x0000,
  0x0000, 0x0000, 0x0000, 0x0000, 0x0000, 0x0000, 0x0000, 0x0000, 0x0000, 0x0000,
  0x0000, 0x0000, 0x0000, 0x0000, 0x0000, 0x0000, 0x0000, 0x0000, 0x0000, 0x0000,
  0x0000, 0x0000, 0x0000, 0x0000, 0x0000, 0x0000, 0x0000, 0x0000, 0x0000, 0x0000,
  0x0000, 0x0000, 0x0000, 0x0000, 0x0000, 0x0000, 0x0000, 0x0000, 0x0000, 0x0000,
  0x0000, 0x0377, 0x03FB, 0x03FB, 0x04BF, 0x04BF, 0x047E, 0x23FA, 0x039B, 0xAD98,
  0xFF54, 0xFF54, 0xAD98, 0x039B, 0x03DA, 0xDE76, 0xFF54, 0xFF54, 0x6479, 0x039B,
  0x6479, 0xFF54, 0xFF54, 0xFF54, 0xFF54, 0xFF54, 0xFF54, 0xFF54, 0xFF54, 0xAD98,
  0x039B, 0x03DA, 0xEEB5, 0xFF54, 0xFF54, 0xFF54, 0xFF54, 0xFF54, 0xFF54, 0xFF54,
  0xEEB5, 0x03DA, 0x039B, 0xAD98, 0xFF54, 0xFF54, 0xADFB, 0x045F, 0x24BF, 0x2D3F,
  0x357F, 0x2D3F, 0x00A4, 0x0000, 0x0000, 0x0000, 0x0000, 0x0000, 0x0000, 0x0000,
  0x0000, 0x0000, 0x0000, 0x0000, 0x0000, 0x0000, 0x0000, 0x0000, 0x0000, 0x0000,
  0x0000, 0x0000, 0x0000, 0x0000, 0x0000, 0x0000, 0x0000, 0x4862, 0xC0A6, 0xB0A5,
  0xD0E7, 0xD907, 0xD8C7, 0xE20B, 0xE22C, 0xE22C, 0xE22C, 0xEA4C, 0xC1EA, 0x0000,
  0x0000, 0x0000, 0x0000, 0x0000, 0x0000, 0x0000, 0x0000, 0x0000, 0x0000, 0x0000,
  0x0000, 0x0000, 0x0000, 0x0000, 0x0000, 0x0000, 0x0000, 0x0000, 0x0000, 0x0000,
  0x0000, 0x0000, 0x0000, 0x0000, 0x0000, 0x0000, 0x0000, 0x0000, 0x0000, 0x0000,
  0x0000, 0x0000, 0x0000, 0x0000, 0x0000, 0x0000, 0x0000, 0x0000, 0x5920, 0xE300,
  0xD2C0, 0xFB20, 0xFB60, 0xFB40, 0xFC26, 0xFC46, 0xFC46, 0xEBE5, 0xFC46, 0xD385,
  0x0000, 0x0000, 0x0000, 0x0000, 0x0000, 0x0000, 0x0000, 0x0000, 0x0000, 0x0000,
  0x0000, 0x0000, 0x0000, 0x0000, 0x0000, 0x0000, 0x0000, 0x0000, 0x0000, 0x0000,
  0x0000, 0x0000, 0x0000, 0x0000, 0x0000, 0x0000, 0x0000, 0x0000, 0x0000, 0x0000,
  0x0000, 0x0000, 0x0000, 0x0000, 0x0000, 0x0000, 0x0000, 0x0000, 0x0000, 0x5A61,
  0xCD63, 0xBCE3, 0xDDC3, 0xE604, 0xDDC3, 0xEE48, 0xEE69, 0xEE69, 0xDDE8, 0xEE69,
  0xBD07, 0x0000, 0x0000, 0x0000, 0x0000, 0x0000, 0x0000, 0x0000, 0x0000, 0x0000,
  0x0000, 0x0000, 0x0000, 0x0000, 0x0000, 0x0000, 0x0000, 0x0000, 0x0000, 0x0000,
  0x0000, 0x0000, 0x0000, 0x0000, 0x0000, 0x0000, 0x0000, 0x0000, 0x0000, 0x0000,
  0x0000, 0x0000, 0x0000, 0x0000, 0x0000, 0x0000, 0x0000, 0x0000, 0x0000, 0x0000,
  0x22C3, 0x45A7, 0x4526, 0x4E27, 0x4E47, 0x4E47, 0x6E8B, 0x76AC, 0x76AC, 0x6E2B,
  0x76AC, 0x5D49, 0x0000, 0x0000, 0x0000, 0x0000, 0x0000, 0x0000, 0x0000, 0x0000,
  0x0000, 0x0000, 0x0000, 0x0000, 0x0000, 0x0000, 0x0000, 0x0000, 0x0000, 0x0000,
  0x0000, 0x0000, 0x0000, 0x0000, 0x0000, 0x0000, 0x0000, 0x0000, 0x0000, 0x0000,
  0x0000, 0x0000, 0x0000, 0x0000, 0x0000, 0x0000, 0x0000, 0x0000, 0x0000, 0x0000,
  0x0000, 0x0000, 0x0000, 0x0000, 0x0000, 0x0000, 0x0000, 0x0000, 0x0000, 0x0000,
  0x0000, 0x0000, 0x0000, 0x0000, 0x0000, 0x0000, 0x0000, 0x0000, 0x0000, 0x0000,
  0x0000, 0x0000, 0x0000, 0x0000, 0x0000, 0x0000, 0x0000, 0x0000, 0x0000, 0x0000,
  0x0000, 0x0000, 0x0000, 0x0000, 0x0000, 0x0000, 0x0000, 0x0000, 0x0000, 0x0000,
  0x0000, 0x0377, 0x03FB, 0x03FB, 0x04BF, 0x04BF, 0x047E, 0x23FA, 0x039B, 0xAD98,
  0xFF54, 0xFF54, 0xAD98, 0x039B, 0x03DA, 0xDE76, 0xFF54, 0xFF54, 0x6479, 0x039B,
  0x3C19, 0xAD98, 0xAD98, 0xAD98, 0xAD98, 0xAD98, 0xAD98, 0xAD98, 0xAD98, 0x6479,
  0x03DA, 0x03DA, 0x7CD9, 0xAD98, 0xAD98, 0xAD98, 0xAD98, 0xAD98, 0xAD98, 0xAD98,
  0x7CD9, 0x23FA, 0x039B, 0xAD98, 0xFF54, 0xFF54, 0xADFB, 0x045F, 0x24BF, 0x2D3F,
  0x357F, 0x2D3F, 0x00A4, 0x0000, 0x0000, 0x0000, 0x0000, 0x0000, 0x0000, 0x0000,
  0x0000, 0x0000, 0x0000, 0x0000, 0x0000, 0x0000, 0x0000, 0x0000, 0x0000, 0x0000,
  0x0000, 0x0800, 0x8064, 0x8064, 0x8064, 0x8064, 0x6863, 0x9885, 0xD0E7, 0xD0E7,
  0xD0E7, 0xD8C7, 0xD8C7, 0xE168, 0xE168, 0xE168, 0xE168, 0xE168, 0xD9C9, 0x9167,
  0x9167, 0x9167, 0x9167, 0x9167, 0x4862, 0x0000, 0x0000, 0x0000, 0x0000, 0x0000,
  0x0000, 0x0000, 0x0000, 0x0000, 0x0000, 0x0000, 0x0000, 0x0000, 0x0000, 0x0000,
  0x0000, 0x0000, 0x0000, 0x0000, 0x0000, 0x0000, 0x0000, 0x0000, 0x0000, 0x0000,
  0x0000, 0x0000, 0x0800, 0x91E0, 0x91E0, 0x91E0, 0x91E0, 0x79A0, 0xBA60, 0xFB20,
  0xFB20, 0xFB20, 0xFB40, 0xFB40, 0xFB83, 0xFB83, 0xFB83, 0xFB83, 0xFB83, 0xEB84,
  0xAAE4, 0xAAE4, 0xAAE4, 0xAAE4, 0xAAE4, 0x4961, 0x0000, 0x0000, 0x0000, 0x0000,
  0x0000, 0x0000, 0x0000, 0x0000, 0x0000, 0x0000, 0x0000, 0x0000, 0x0000, 0x0000,
  0x0000, 0x0000, 0x0000, 0x0000, 0x0000, 0x0000, 0x0000, 0x0000, 0x0000, 0x0000,
  0x0000, 0x0000, 0x0000, 0x1841, 0x8342, 0x8342, 0x8342, 0x8342, 0x8342, 0xACA4,
  0xDDC3, 0xDDC3, 0xDDC3, 0xE603, 0xE603, 0xE606, 0xE606, 0xE606, 0xE606, 0xE606,
  0xE606, 0x9C46, 0x9C46, 0x9C46, 0x9C46, 0x9C46, 0x4A03, 0x0000, 0x0000, 0x0000,
  0x0000, 0x0000, 0x0000, 0x0000, 0x0000, 0x0000, 0x0000, 0x0000, 0x0000, 0x0000,
  0x0000, 0x0000, 0x0000, 0x0000, 0x0000, 0x0000, 0x0000, 0x0000, 0x0000, 0x0000,
  0x0000, 0x0000, 0x0000, 0x0000, 0x1082, 0x2B84, 0x2B84, 0x2B84, 0x2B84, 0x2B84,
  0x44E6, 0x4E27, 0x4E27, 0x4E27, 0x4E47, 0x4E47, 0x5648, 0x5648, 0x5648, 0x5648,
  0x5648, 0x666B, 0x4C68, 0x4C68, 0x4C68, 0x4C68, 0x54A8, 0x2203, 0x0000, 0x0000,
  0x0000, 0x0000, 0x0000, 0x0000, 0x0000, 0x0000, 0x0000, 0x0000, 0x0000, 0x0000,
  0x0000, 0x0000, 0x0000, 0x0000, 0x0000, 0x0000, 0x0000, 0x0000, 0x0000, 0x0000,
  0x0000, 0x0000, 0x0000, 0x0000, 0x0000, 0x0000, 0x0000, 0x0000, 0x0000, 0x0000,
  0x0000, 0x0000, 0x0000, 0x0000, 0x0000, 0x0000, 0x0000, 0x0000, 0x0000, 0x0000,
  0x0000, 0x0000, 0x0000, 0x0000, 0x0000, 0x0000, 0x0000, 0x0000, 0x0000, 0x0000,
  0x0000, 0x0000, 0x0000, 0x0000, 0x0000, 0x0000, 0x0000, 0x0000, 0x0000, 0x0000,
  0x0000, 0x0000, 0x0000, 0x0000, 0x0000, 0x0000, 0x0000, 0x0000, 0x0000, 0x0000,
  0x0000, 0x0377, 0x03FB, 0x03FB, 0x04BF, 0x04BF, 0x047E, 0x23FA, 0x039B, 0xAD98,
  0xFF54, 0xFF54, 0xAD98, 0x039B, 0x03DA, 0xDE76, 0xFF54, 0xFF54, 0x6479, 0x03DA,
  0x03DA, 0x039B, 0x039B, 0x039B, 0x039B, 0x039B, 0x039B, 0x039B, 0x039B, 0x03DA,
  0x03DA, 0x03DA, 0x039B, 0x039B, 0x039B, 0x039B, 0x039B, 0x039B, 0x039B, 0x039B,
  0x039B, 0x23FA, 0x039B, 0xAD98, 0xFF54, 0xFF54, 0xADFB, 0x045F, 0x24BF, 0x2D3F,
  0x357F, 0x2D3F, 0x00A4, 0x0000, 0x0000, 0x0000, 0x0000, 0x0000, 0x0000, 0x0000,
  0x0000, 0x0000, 0x0000, 0x0000, 0x0000, 0x0000, 0x0000, 0x0000, 0x0000, 0x0000,
  0x0000, 0x1841, 0xC0A6, 0xC0A6, 0xC0A6, 0xC0A6, 0xC0A6, 0xD0E7, 0xE0C7, 0xE0C7,
  0xD8C7, 0xD8C7, 0xD8C7, 0xD8C7, 0xD886, 0xD886, 0xD886, 0xD886, 0xD907, 0xF26D,
  0xF26D, 0xF26D, 0xF26D, 0xF26D, 0x9167, 0x0000, 0x0000, 0x0000, 0x0000, 0x0000,
  0x0000, 0x0000, 0x0000, 0x0000, 0x0000, 0x0000, 0x0000, 0x0000, 0x0000, 0x0000,
  0x0000, 0x0000, 0x0000, 0x0000, 0x0000, 0x0000, 0x0000, 0x0000, 0x0000, 0x0000,
  0x0000, 0x0000, 0x1841, 0xE300, 0xE300, 0xE300, 0xE300, 0xE300, 0xFB20, 0xFB40,
  0xFB40, 0xFB40, 0xFB40, 0xFB40, 0xFB40, 0xFB40, 0xFB40, 0xFB40, 0xFB40, 0xFB62,
  0xFC46, 0xFC46, 0xFC46, 0xFC46, 0xFC46, 0x79E2, 0x0000, 0x0000, 0x0000, 0x0000,
  0x0000, 0x0000, 0x0000, 0x0000, 0x0000, 0x0000, 0x0000, 0x0000, 0x0000, 0x0000,
  0x0000, 0x0000, 0x0000, 0x0000, 0x0000, 0x0000, 0x0000, 0x0000, 0x0000, 0x0000,
  0x0000, 0x0000, 0x0000, 0x2901, 0xCD63, 0xCD63, 0xCD63, 0xCD63, 0xCD63, 0xDDC3,
  0xE604, 0xE603, 0xE603, 0xE603, 0xE603, 0xE603, 0xE603, 0xE603, 0xE603, 0xE603,
  0xE604, 0xF6C9, 0xF6C9, 0xF6C9, 0xF6C9, 0xFF2A, 0x7324, 0x0000, 0x0000, 0x0000,
  0x0000, 0x0000, 0x0000, 0x0000, 0x0000, 0x0000, 0x0000, 0x0000, 0x0000, 0x0000,
  0x0000, 0x0000, 0x0000, 0x0000, 0x0000, 0x0000, 0x0000, 0x0000, 0x0000, 0x0000,
  0x0000, 0x0000, 0x0000, 0x0000, 0x1121, 0x45A7, 0x45A7, 0x45A7, 0x45A7, 0x45A7,
  0x4E27, 0x4E47, 0x4E47, 0x4E47, 0x4E47, 0x4E47, 0x4E27, 0x4E27, 0x4E47, 0x4E27,
  0x4E27, 0x5648, 0x7F2D, 0x7F2D, 0x7F2D, 0x76AC, 0x7F2D, 0x3B46, 0x0000, 0x0000,
  0x0000, 0x0000, 0x0000, 0x0000, 0x0000, 0x0000, 0x0000, 0x0000, 0x0000, 0x0000,
  0x0000, 0x0000, 0x0000, 0x0000, 0x0000, 0x0000, 0x0000, 0x0000, 0x0000, 0x0000,
  0x0000, 0x0000, 0x0000, 0x0000, 0x0000, 0x0000, 0x0000, 0x0000, 0x0000, 0x0000,
  0x0000, 0x0000, 0x0000, 0x0000, 0x0000, 0x0000, 0x0000, 0x0000, 0x0000, 0x0000,
  0x0000, 0x0000, 0x0000, 0x0000, 0x0000, 0x0000, 0x0000, 0x0000, 0x0000, 0x0000,
  0x0000, 0x0000, 0x0000, 0x0000, 0x0000, 0x0000, 0x0000, 0x0000, 0x0000, 0x0000,
  0x0000, 0x0000, 0x0000, 0x0000, 0x0000, 0x0000, 0x0000, 0x0000, 0x0000, 0x0000,
  0x0000, 0x0377, 0x03FB, 0x03FB, 0x04BF, 0x04BF, 0x047E, 0x23FA, 0x039B, 0xAD98,
  0xFF54, 0xFF54, 0xAD98, 0x039B, 0x03DA, 0xDE76, 0xFF54, 0xFF54, 0x6479, 0x03DA,
  0x23FA, 0x23FA, 0x23FA, 0x23FA, 0x23FA, 0x23FA, 0x23FA, 0x23FA, 0x23FA, 0x23FA,
  0x03DA, 0x03DA, 0x23FA, 0x23FA, 0x23FA, 0x23FA, 0x23FA, 0x23FA, 0x23FA, 0x23FA,
  0x23FA, 0x23FA, 0x039B, 0xAD98, 0xFF54, 0xFF54, 0xADFB, 0x045F, 0x24BF, 0x2D3F,
  0x357F, 0x2D3F, 0x00A4, 0x0000, 0x0000, 0x0000, 0x0000, 0x0000, 0x0000, 0x0000,
  0x0000, 0x0000, 0x0000, 0x0000, 0x0000, 0x0000, 0x0000, 0x0000, 0x0000, 0x0000,
  0x0000, 0x1841, 0xB0A5, 0xB0A5, 0xB0A5, 0xB0A5, 0xB0A5, 0xC0A6, 0xE0C7, 0xD8C7,
  0xD8C7, 0xD8C7, 0xD8C7, 0xD8C7, 0xD8C7, 0xD8C7, 0xD8C7, 0xD8C7, 0xE148, 0xE22C,
  0xE22C, 0xE22C, 0xE22C, 0xF26D, 0x9167, 0x0000, 0x0000, 0x0000, 0x0000, 0x0000,
  0x0000, 0x0000, 0x0000, 0x0000, 0x0000, 0x0000, 0x0000, 0x0000, 0x0000, 0x0000,
  0x0000, 0x0000, 0x0000, 0x0000, 0x0000, 0x0000, 0x0000, 0x0000, 0x0000, 0x0000,
  0x0000, 0x0000, 0x1841, 0xD2C0, 0xD2C0, 0xD2C0, 0xD2C0, 0xD2C0, 0xE300, 0xFB40,
  0xFB40, 0xFB40, 0xFB40, 0xFB40, 0xFB40, 0xFB40, 0xFB40, 0xFB40, 0xFB40, 0xFB62,
  0xFC46, 0xFC46, 0xFC46, 0xEBE5, 0xFC46, 0x79E2, 0x0000, 0x0000, 0x0000, 0x0000,
  0x0000, 0x0000, 0x0000, 0x0000, 0x0000, 0x0000, 0x0000, 0x0000, 0x0000, 0x0000,
  0x0000, 0x0000, 0x0000, 0x0000, 0x0000, 0x0000, 0x0000, 0x0000, 0x0000, 0x0000,
  0x0000, 0x0000, 0x0000, 0x2901, 0xBCE3, 0xBCE3, 0xBCE3, 0xBCE3, 0xBCE3, 0xCD63,
  0xE603, 0xE603, 0xE603, 0xE603, 0xE603, 0xE603, 0xE603, 0xE603, 0xE603, 0xE603,
  0xE606, 0xEE69, 0xEE69, 0xEE69, 0xDDE8, 0xF6C9, 0x7324, 0x0000, 0x0000, 0x0000,
  0x0000, 0x0000, 0x0000, 0x0000, 0x0000, 0x0000, 0x0000, 0x0000, 0x0000, 0x0000,
  0x0000, 0x0000, 0x0000, 0x0000, 0x0000, 0x0000, 0x0000, 0x0000, 0x0000, 0x0000,
  0x0000, 0x0000, 0x0000, 0x0000, 0x1121, 0x4526, 0x4526, 0x4526, 0x4526, 0x4526,
  0x45A7, 0x4E47, 0x4E47, 0x4E47, 0x4E47, 0x4E47, 0x4E47, 0x4E47, 0x4E47, 0x4E47,
  0x4E47, 0x5648, 0x76AC, 0x76AC, 0x76AC, 0x6E2B, 0x7F2D, 0x3B46, 0x0000, 0x0000,
  0x0000, 0x0000, 0x0000, 0x0000, 0x0000, 0x0000, 0x0000, 0x0000, 0x0000, 0x0000,
  0x0000, 0x0000, 0x0000, 0x0000, 0x0000, 0x0000, 0x0000, 0x0000, 0x0000, 0x0000,
  0x0000, 0x0000, 0x0000, 0x0000, 0x0000, 0x0000, 0x0000, 0x0000, 0x0000, 0x0000,
  0x0000, 0x0000, 0x0000, 0x0000, 0x0000, 0x0000, 0x0000, 0x0000, 0x0000, 0x0000,
  0x0000, 0x0000, 0x0000, 0x0000, 0x0000, 0x0000, 0x0000, 0x0000, 0x0000, 0x0000,
  0x0000, 0x0000, 0x0000, 0x0000, 0x0000, 0x0000, 0x0000, 0x0000, 0x0000, 0x0000,
  0x0000, 0x0000, 0x0000, 0x0000, 0x0000, 0x0000, 0x0000, 0x0000, 0x0000, 0x0000,
  0x0000, 0x0377, 0x03FB, 0x03FB, 0x04BF, 0x04BF, 0x047E, 0x03DA, 0x03DA, 0x545A,
  0x7CD9, 0x7CD9, 0x545A, 0x03DA, 0x03DA, 0x6479, 0x7CD9, 0x7CD9, 0x1C7D, 0x047E,
  0x047E, 0x047E, 0x047E, 0x047E, 0x047E, 0x047E, 0x047E, 0x047E, 0x047E, 0x047E,
  0x047E, 0x047E, 0x047E, 0x047E, 0x047E, 0x047E, 0x047E, 0x047E, 0x047E, 0x047E,
  0x047E, 0x03DA, 0x03DA, 0x545A, 0x7CD9, 0x7CD9, 0x449D, 0x04BF, 0x04BF, 0x2D3F,
  0x357F, 0x2D3F, 0x00A4, 0x0000, 0x0000, 0x0000, 0x0000, 0x0000, 0x0000, 0x0000,
  0x0000, 0x0000, 0x0000, 0x0000, 0x0000, 0x0000, 0x0000, 0x0000, 0x0000, 0x8064,
  0x9885, 0x9885, 0xD0E7, 0xD0E7, 0xD0E7, 0xD0E7, 0xD0E7, 0xD8C7, 0xD8C7, 0xD8C7,
  0xD8C7, 0xD8C7, 0xD8C7, 0xD8C7, 0xD8C7, 0xD8C7, 0xD8C7, 0xD8C7, 0xD8C7, 0xE148,
  0xE148, 0xE148, 0xE148, 0xE148, 0xD9C9, 0xC1EA, 0xC1EA, 0x4862, 0x0000, 0x0000,
  0x0000, 0x0000, 0x0000, 0x0000, 0x0000, 0x0000, 0x0000, 0x0000, 0x0000, 0x0000,
  0x0000, 0x0000, 0x0000, 0x0000, 0x0000, 0x0000, 0x0000, 0x0000, 0x0000, 0x0000,
  0x91E0, 0xBA60, 0xBA60, 0xFB20, 0xFB20, 0xFB20, 0xFB20, 0xFB20, 0xFB20, 0xFB40,
  0xFB40, 0xFB40, 0xFB40, 0xFB40, 0xFB40, 0xFB40, 0xFB40, 0xFB40, 0xFB40, 0xFB40,
  0xFB62, 0xFB62, 0xFB62, 0xFB62, 0xFB62, 0xEBE5, 0xD385, 0xD385, 0x4961, 0x0000,
  0x0000, 0x0000, 0x0000, 0x0000, 0x0000, 0x0000, 0x0000, 0x0000, 0x0000, 0x0000,
  0x0000, 0x0000, 0x0000, 0x0000, 0x0000, 0x0000, 0x0000, 0x0000, 0x0000, 0x0000,
  0x1040, 0x9C02, 0x9C02, 0x9C02, 0xDDC3, 0xDDC3, 0xDDC3, 0xDDC3, 0xDDC3, 0xDDC3,
  0xE603, 0xE603, 0xE603, 0xE603, 0xE603, 0xE603, 0xE603, 0xE603, 0xE603, 0xE603,
  0xE603, 0xE606, 0xE606, 0xE606, 0xE606, 0xE604, 0xDDE8, 0xBD07, 0xCD88, 0x4A03,
  0x0000, 0x0000, 0x0000, 0x0000, 0x0000, 0x0000, 0x0000, 0x0000, 0x0000, 0x0000,
  0x0000, 0x0000, 0x0000, 0x0000, 0x0000, 0x0000, 0x0000, 0x0000, 0x0000, 0x0000,
  0x0000, 0x0060, 0x3445, 0x3445, 0x44E6, 0x4E27, 0x4E27, 0x4E27, 0x4E27, 0x4E27,
  0x4E27, 0x4E47, 0x4E47, 0x4E47, 0x4E47, 0x4E47, 0x4E47, 0x4E47, 0x4E47, 0x4E47,
  0x4E47, 0x4E47, 0x5648, 0x5648, 0x5648, 0x5648, 0x5648, 0x65CA, 0x5D49, 0x65CA,
  0x2203, 0x0000, 0x0000, 0x0000, 0x0000, 0x0000, 0x0000, 0x0000, 0x0000, 0x0000,
  0x0000, 0x0000, 0x0000, 0x0000, 0x0000, 0x0000, 0x0000, 0x0000, 0x0000, 0x0000,
  0x0000, 0x0000, 0x0000, 0x0000, 0x0000, 0x0000, 0x0000, 0x0000, 0x0000, 0x0000,
  0x0000, 0x0000, 0x0000, 0x0000, 0x0000, 0x0000, 0x0000, 0x0000, 0x0000, 0x0000,
  0x0000, 0x0000, 0x0000, 0x0000, 0x0000, 0x0000, 0x0000, 0x0000, 0x0000, 0x0000,
  0x0000, 0x0000, 0x0000, 0x0000, 0x0000, 0x0000, 0x0000, 0x0000, 0x0000, 0x0000,
  0x0000, 0x0000, 0x0000, 0x0000, 0x0000, 0x0000, 0x0000, 0x0000, 0x0000, 0x0000,
  0x0000, 0x0377, 0x03FB, 0x03FB, 0x04BF, 0x04BF, 0x047E, 0x03DA, 0x03DA, 0x03DA,
  0x039B, 0x039B, 0x03DA, 0x03DA, 0x03DA, 0x03DA, 0x039B, 0x039B, 0x049F, 0x04BF,
  0x04BF, 0x04BF, 0x04BF, 0x04BF, 0x04BF, 0x04BF, 0x04BF, 0x04BF, 0x04BF, 0x04BF,
  0x04BF, 0x04BF, 0x04BF, 0x04BF, 0x04BF, 0x04BF, 0x04BF, 0x04BF, 0x04BF, 0x04BF,
  0x047E, 0x03DA, 0x03DA, 0x03DA, 0x039B, 0x039B, 0x047E, 0x14BF, 0x049F, 0x2D3F,
  0x357F, 0x2D3F, 0x00A4, 0x0000, 0x0000, 0x0000, 0x0000, 0x0000, 0x0000, 0x0000,
  0x0000, 0x0000, 0x0000, 0x0000, 0x0000, 0x0000, 0x0000, 0x0000, 0x0000, 0xA885,
  0xC0A6, 0xC0A6, 0xD8C7, 0xD8C7, 0xD8C7, 0xD8C7, 0xD8C7, 0xD8C7, 0xD8C7, 0xD8C7,
  0xD8C7, 0xD8C7, 0xD8C7, 0xD8C7, 0xD8C7, 0xD8C7, 0xD8C7, 0xD8C7, 0xD8C7, 0xD8C7,
  0xD8C7, 0xD8C7, 0xD8C7, 0xD886, 0xD9C9, 0xEA4C, 0xF26D, 0x4862, 0x0000, 0x0000,
  0x0000, 0x0000, 0x0000, 0x0000, 0x0000, 0x0000, 0x0000, 0x0000, 0x0000, 0x0000,
  0x0000, 0x0000, 0x0000, 0x0000, 0x0000, 0x0000, 0x0000, 0x0000, 0x0000, 0x0000,
  0xBA60, 0xE300, 0xE300, 0xFB40, 0xFB40, 0xFB40, 0xFB40, 0xFB40, 0xFB40, 0xFB40,
  0xFB40, 0xFB40, 0xFB40, 0xFB40, 0xFB40, 0xFB40, 0xFB40, 0xFB40, 0xFB40, 0xFB40,
  0xFB40, 0xFB40, 0xFB40, 0xFB40, 0xFB40, 0xFC05, 0xFC46, 0xFC46, 0x4961, 0x0000,
  0x0000, 0x0000, 0x0000, 0x0000, 0x0000, 0x0000, 0x0000, 0x0000, 0x0000, 0x0000,
  0x0000, 0x0000, 0x0000, 0x0000, 0x0000, 0x0000, 0x0000, 0x0000, 0x0000, 0x0000,
  0x1040, 0xBCE3, 0xCD63, 0xCD63, 0xE603, 0xE603, 0xE603, 0xE603, 0xE603, 0xE603,
  0xE603, 0xE603, 0xE603, 0xE603, 0xE603, 0xE603, 0xE603, 0xE603, 0xE603, 0xE603,
  0xE603, 0xE603, 0xE603, 0xE603, 0xE603, 0xE5E0, 0xEE48, 0xF6C9, 0xFF2A, 0x4A03,
  0x0000, 0x0000, 0x0000, 0x0000, 0x0000, 0x0000, 0x0000, 0x0000, 0x0000, 0x0000,
  0x0000, 0x0000, 0x0000, 0x0000, 0x0000, 0x0000, 0x0000, 0x0000, 0x0000, 0x0000,
  0x0000, 0x0060, 0x4526, 0x45A7, 0x45A7, 0x4E47, 0x4E47, 0x4E47, 0x4E47, 0x4E47,
  0x4E47, 0x4E47, 0x4E47, 0x4E47, 0x4E47, 0x4E47, 0x4E47, 0x4E47, 0x4E47, 0x4E47,
  0x4E47, 0x4E47, 0x4E27, 0x4E27, 0x4E27, 0x4E47, 0x4E27, 0x666B, 0x76AC, 0x7F2D,
  0x2203, 0x0000, 0x0000, 0x0000, 0x0000, 0x0000, 0x0000, 0x0000, 0x0000, 0x0000,
  0x0000, 0x0000, 0x0000, 0x0000, 0x0000, 0x0000, 0x0000, 0x0000, 0x0000, 0x0000,
  0x0000, 0x0000, 0x0000, 0x0000, 0x0000, 0x0000, 0x0000, 0x0000, 0x0000, 0x0000,
  0x0000, 0x0000, 0x0000, 0x0000, 0x0000, 0x0000, 0x0000, 0x0000, 0x0000, 0x0000,
  0x0000, 0x0000, 0x0000, 0x0000, 0x0000, 0x0000, 0x0000, 0x0000, 0x0000, 0x0000,
  0x0000, 0x0000, 0x0000, 0x0000, 0x0000, 0x0000, 0x0000, 0x0000, 0x0000, 0x0000,
  0x0000, 0x0000, 0x0000, 0x0000, 0x0000, 0x0000, 0x0000, 0x0000, 0x0000, 0x0000,
  0x0000, 0x0377, 0x03FB, 0x03FB, 0x04BF, 0x04BF, 0x047E, 0x03DA, 0x03FB, 0x03FB,
  0x23FA, 0x23FA, 0x03FB, 0x03FB, 0x03FB, 0x23FA, 0x23FA, 0x23FA, 0x047E, 0x04BF,
  0x04BF, 0x04BF, 0x04BF, 0x04BF, 0x04BF, 0x04BF, 0x04BF, 0x04BF, 0x04BF, 0x04BF,
  0x04BF, 0x04BF, 0x04BF, 0x04BF, 0x04BF, 0x04BF, 0x04BF, 0x04BF, 0x04BF, 0x04BF,
  0x047E, 0x03DA, 0x03DA, 0x03FB, 0x23FA, 0x23FA, 0x047E, 0x04BF, 0x049F, 0x2D3F,
  0x357F, 0x2D3F, 0x00A4, 0x0000, 0x0000, 0x0000, 0x0000, 0x0000, 0x0000, 0x0000,
  0x0000, 0x0000, 0x0000, 0x0000, 0x0000, 0x0000, 0x0800, 0x0800, 0x0800, 0xA885,
  0xC0A6, 0xC0A6, 0xD8C7, 0xD8C7, 0xD8C7, 0xD8C7, 0xD8C7, 0xD8C7, 0xD8C7, 0xD8C7,
  0xD8C7, 0xD8C7, 0xD8C7, 0xD8C7, 0xD8C7, 0xD8C7, 0xD8C7, 0xD8C7, 0xD8C7, 0xD8C7,
  0xD8C7, 0xD8C7, 0xD907, 0xD886, 0xD9C9, 0xE22C, 0xEA4C, 0x6084, 0x0000, 0x0800,
  0x0000, 0x0000, 0x0000, 0x0000, 0x0000, 0x0000, 0x0000, 0x0000, 0x0000, 0x0000,
  0x0000, 0x0000, 0x0000, 0x0000, 0x0000, 0x0000, 0x0000, 0x0800, 0x0800, 0x0800,
  0xBA60, 0xD2C0, 0xE300, 0xFB40, 0xFB40, 0xFB40, 0xFB40, 0xFB40, 0xFB40, 0xFB40,
  0xFB40, 0xFB40, 0xFB40, 0xFB40, 0xFB40, 0xFB40, 0xFB40, 0xFB40, 0xFB40, 0xFB40,
  0xFB40, 0xFB40, 0xFB40, 0xFB40, 0xFB40, 0xFB83, 0xFC46, 0xFC46, 0x4961, 0x0000,
  0x1040, 0x0000, 0x0000, 0x0000, 0x0000, 0x0000, 0x0000, 0x0000, 0x0000, 0x0000,
  0x0000, 0x0000, 0x0000, 0x0000, 0x0000, 0x0000, 0x0000, 0x0000, 0x1040, 0x1040,
  0x1841, 0xBCE3, 0xBCE3, 0xCD63, 0xE603, 0xE603, 0xE603, 0xE603, 0xE603, 0xE603,
  0xE603, 0xE603, 0xE603, 0xE603, 0xE603, 0xE603, 0xE603, 0xE603, 0xE603, 0xE603,
  0xE603, 0xE603, 0xE603, 0xE603, 0xE603, 0xE603, 0xE606, 0xEE69, 0xF6C9, 0x62A3,
  0x0000, 0x1040, 0x0000, 0x0000, 0x0000, 0x0000, 0x0000, 0x0000, 0x0000, 0x0000,
  0x0000, 0x0000, 0x0000, 0x0000, 0x0000, 0x0000, 0x0000, 0x0000, 0x0000, 0x0060,
  0x0060, 0x1082, 0x4526, 0x4526, 0x45A7, 0x4E47, 0x4E47, 0x4E47, 0x4E47, 0x4E47,
  0x4E47, 0x4E47, 0x4E47, 0x4E47, 0x4E47, 0x4E47, 0x4E47, 0x4E47, 0x4E47, 0x4E47,
  0x4E47, 0x4E47, 0x4E47, 0x4E47, 0x4E47, 0x4E47, 0x4E27, 0x666B, 0x76AC, 0x76AC,
  0x2203, 0x0000, 0x0060, 0x0000, 0x0000, 0x0000, 0x0000, 0x0000, 0x0000, 0x0000,
  0x0000, 0x0000, 0x0000, 0x0000, 0x0000, 0x0000, 0x0000, 0x0000, 0x0000, 0x0000,
  0x0000, 0x0000, 0x0000, 0x0000, 0x0000, 0x0000, 0x0000, 0x0000, 0x0000, 0x0000,
  0x0000, 0x0000, 0x0000, 0x0000, 0x0000, 0x0000, 0x0000, 0x0000, 0x0000, 0x0000,
  0x0000, 0x0000, 0x0000, 0x0000, 0x0000, 0x0000, 0x0000, 0x0000, 0x0000, 0x0000,
  0x0000, 0x0000, 0x0000, 0x0000, 0x0000, 0x0000, 0x0000, 0x0000, 0x0000, 0x0000,
  0x0000, 0x0000, 0x0000, 0x0000, 0x0000, 0x0000, 0x0000, 0x0000, 0x0000, 0x0000,
  0x0000, 0x0377, 0x03FB, 0x03FB, 0x04BF, 0x04BF, 0x04BF, 0x049F, 0x049F, 0x049F,
  0x049F, 0x049F, 0x049F, 0x049F, 0x049F, 0x049F, 0x049F, 0x049F, 0x04BF, 0x04BF,
  0x04BF, 0x04BF, 0x04BF, 0x04BF, 0x04BF, 0x04BF, 0x04BF, 0x04BF, 0x04BF, 0x04BF,
  0x04BF, 0x04BF, 0x14BF, 0x14BF, 0x14BF, 0x24BF, 0x24BF, 0x24BF, 0x24BF, 0x24BF,
  0x24BF, 0x24BF, 0x24BF, 0x14BF, 0x049F, 0x049F, 0x04BF, 0x04BF, 0x04BF, 0x2D3F,
  0x357F, 0x2D3F, 0x00A4, 0x0000, 0x0000, 0x0000, 0x0000, 0x0000, 0x0000, 0x0000,
  0x0000, 0x0000, 0x0000, 0x0000, 0x0000, 0x0000, 0x8064, 0xB0A5, 0xA885, 0xD0E7,
  0xD8C7, 0xD8C7, 0xD8C7, 0xD8C7, 0xD907, 0xE148, 0xE148, 0xE148, 0xE148, 0xE148,
  0xD907, 0xD8C7, 0xD8C7, 0xD8C7, 0xD8C7, 0xD8C7, 0xE148, 0xE148, 0xE148, 0xE148,
  0xE148, 0xE148, 0xD8C7, 0xD8C7, 0xD907, 0xD907, 0xE0C7, 0xD9C9, 0xC1EA, 0xE22C,
  0x3041, 0x0000, 0x0000, 0x0000, 0x0000, 0x0000, 0x0000, 0x0000, 0x0000, 0x0000,
  0x0000, 0x0000, 0x0000, 0x0000, 0x0000, 0x0000, 0x0000, 0x91E0, 0xD2C0, 0xBA60,
  0xFB20, 0xFB40, 0xFB40, 0xFB40, 0xFB40, 0xFB40, 0xFB40, 0xFB40, 0xFB62, 0xFB83,
  0xFB83, 0xFB83, 0xFB83, 0xFB83, 0xFB60, 0xFB40, 0xFB40, 0xFB40, 0xFB40, 0xFB40,
  0xFB40, 0xFB40, 0xFB40, 0xFB40, 0xFB40, 0xFB40, 0xFB60, 0xFB40, 0xEBE5, 0xEBE5,
  0xEBE5, 0x2901, 0x0000, 0x0000, 0x0000, 0x0000, 0x0000, 0x0000, 0x0000, 0x0000,
  0x0000, 0x0000, 0x0000, 0x0000, 0x0000, 0x0000, 0x0000, 0x0000, 0x9C02, 0xBCE3,
  0xBCE3, 0xDDC3, 0xE603, 0xE603, 0xE603, 0xE603, 0xE603, 0xE603, 0xE603, 0xE604,
  0xE606, 0xE606, 0xE606, 0xE606, 0xE606, 0xE606, 0xE606, 0xE606, 0xE606, 0xE606,
  0xE606, 0xE606, 0xE606, 0xE606, 0xE606, 0xE606, 0xE604, 0xE604, 0xE604, 0xDDE8,
  0xDDE8, 0xDDE8, 0x2901, 0x0000, 0x0000, 0x0000, 0x0000, 0x0000, 0x0000, 0x0000,
  0x0000, 0x0000, 0x0000, 0x0000, 0x0000, 0x0000, 0x0000, 0x0000, 0x0000, 0x3445,
  0x4526, 0x4526, 0x4E27, 0x4E27, 0x4E27, 0x4E47, 0x4E47, 0x4E47, 0x5648, 0x5648,
  0x5648, 0x5648, 0x5648, 0x5648, 0x5648, 0x5648, 0x5648, 0x5648, 0x5648, 0x5648,
  0x5648, 0x5648, 0x5648, 0x5648, 0x5648, 0x4E47, 0x4E47, 0x4E47, 0x5648, 0x4E47,
  0x666B, 0x6E2B, 0x6E2B, 0x1121, 0x0000, 0x0000, 0x0000, 0x0000, 0x0000, 0x0000,
  0x0000, 0x0000, 0x0000, 0x0000, 0x0000, 0x0000, 0x0000, 0x0000, 0x0000, 0x0000,
  0x0000, 0x0000, 0x0000, 0x0000, 0x0000, 0x0000, 0x0000, 0x0000, 0x0000, 0x0000,
  0x0000, 0x0000, 0x0000, 0x0000, 0x0000, 0x0000, 0x0000, 0x0000, 0x0000, 0x0000,
  0x0000, 0x0000, 0x0000, 0x0000, 0x0000, 0x0000, 0x0000, 0x0000, 0x0000, 0x0000,
  0x0000, 0x0000, 0x0000, 0x0000, 0x0000, 0x0000, 0x0000, 0x0000, 0x0000, 0x0000,
  0x0000, 0x0000, 0x0000, 0x0000, 0x0000, 0x0000, 0x0000, 0x0000, 0x0000, 0x0000,
  0x0000, 0x0377, 0x03FB, 0x03FB, 0x04BF, 0x04BF, 0x04BF, 0x04BF, 0x04BF, 0x04BF,
  0x04BF, 0x04BF, 0x04BF, 0x04BF, 0x04BF, 0x04BF, 0x04BF, 0x04BF, 0x04BF, 0x04BF,
  0x04BF, 0x04BF, 0x04BF, 0x04BF, 0x04BF, 0x04BF, 0x04BF, 0x04BF, 0x04BF, 0x04BF,
  0x04BF, 0x04BF, 0x049F, 0x049F, 0x049F, 0x045F, 0x045F, 0x045F, 0x045F, 0x045F,
  0x045F, 0x045F, 0x045F, 0x049F, 0x14BF, 0x04BF, 0x04BF, 0x04BF, 0x04BF, 0x2D3F,
  0x357F, 0x2D3F, 0x00A4, 0x0000, 0x0000, 0x0000, 0x0000, 0x0000, 0x0000, 0x0000,
  0x0000, 0x0000, 0x0000, 0x0000, 0x0000, 0x0000, 0x9885, 0xC0A6, 0xB0A5, 0xD8C7,
  0xE0C7, 0xD8C7, 0xD8C7, 0xD907, 0xE026, 0xD803, 0xD803, 0xD803, 0xD800, 0xD800,
  0xE026, 0xD907, 0xD8C7, 0xD8C7, 0xD8C7, 0xD8C7, 0xD803, 0xD803, 0xD803, 0xD800,
  0xD800, 0xD803, 0xD907, 0xD8C7, 0xD8C7, 0xD8C7, 0xD886, 0xE20B, 0xEA4C, 0xF26D,
  0x3041, 0x0000, 0x0000, 0x0000, 0x0000, 0x0000, 0x0000, 0x0000, 0x0000, 0x0000,
  0x0000, 0x0000, 0x0000, 0x0000, 0x0000, 0x0000, 0x0000, 0x91E0, 0xE300, 0xD2C0,
  0xFB40, 0xFB40, 0xFB40, 0xFB40, 0xFB40, 0xFB40, 0xFB40, 0xFB60, 0xFB40, 0xFAA0,
  0xFB20, 0xFAA0, 0xFAA0, 0xFAA0, 0xFB40, 0xFB60, 0xFB40, 0xFB40, 0xFB40, 0xFB40,
  0xFB40, 0xFB40, 0xFB40, 0xFB40, 0xFB40, 0xFB40, 0xFB40, 0xFB40, 0xFC05, 0xFC46,
  0xFC46, 0x2901, 0x0000, 0x0000, 0x0000, 0x0000, 0x0000, 0x0000, 0x0000, 0x0000,
  0x0000, 0x0000, 0x0000, 0x0000, 0x0000, 0x0000, 0x0000, 0x0000, 0x9C02, 0xCD63,
  0xBCE3, 0xE603, 0xE603, 0xE603, 0xE603, 0xE603, 0xE603, 0xE603, 0xE604, 0xE5E0,
  0xE5E0, 0xE5E0, 0xE5E0, 0xE5E0, 0xE5E0, 0xE5E0, 0xE5E0, 0xE5E0, 0xE5E0, 0xE5E0,
  0xE5E0, 0xE5E0, 0xE5E0, 0xE5E0, 0xE5E0, 0xE5E0, 0xE5E0, 0xE604, 0xE603, 0xEE48,
  0xEE69, 0xF6C9, 0x2901, 0x0000, 0x0000, 0x0000, 0x0000, 0x0000, 0x0000, 0x0000,
  0x0000, 0x0000, 0x0000, 0x0000, 0x0000, 0x0000, 0x0000, 0x0000, 0x0000, 0x3445,
  0x45A7, 0x4526, 0x4E47, 0x4E47, 0x4E47, 0x4E47, 0x4E47, 0x4E27, 0x3642, 0x3642,
  0x3642, 0x3642, 0x3642, 0x3642, 0x3642, 0x3642, 0x3642, 0x3642, 0x3642, 0x3642,
  0x3642, 0x3642, 0x3642, 0x2E20, 0x4645, 0x4E47, 0x4E47, 0x4E47, 0x4E47, 0x4E27,
  0x666B, 0x76AC, 0x76AC, 0x1121, 0x0000, 0x0000, 0x0000, 0x0000, 0x0000, 0x0000,
  0x0000, 0x0000, 0x0000, 0x0000, 0x0000, 0x0000, 0x0000, 0x0000, 0x0000, 0x0000,
  0x0000, 0x0000, 0x0000, 0x0000, 0x0000, 0x0000, 0x0000, 0x0000, 0x0000, 0x0000,
  0x0000, 0x0000, 0x0000, 0x0000, 0x0000, 0x0000, 0x0000, 0x0000, 0x0000, 0x0000,
  0x0000, 0x0000, 0x0000, 0x0000, 0x0000, 0x0000, 0x0000, 0x0000, 0x0000, 0x0000,
  0x0000, 0x0000, 0x0000, 0x0000, 0x0000, 0x0000, 0x0000, 0x0000, 0x0000, 0x0000,
  0x0000, 0x0000, 0x0000, 0x0000, 0x0000, 0x0000, 0x0000, 0x0000, 0x0000, 0x0000,
  0x0000, 0x0377, 0x03FB, 0x03FB, 0x04BF, 0x04BF, 0x04BF, 0x04BF, 0x04BF, 0x04BF,
  0x04BF, 0x04BF, 0x04BF, 0x04BF, 0x04BF, 0x04BF, 0x04BF, 0x04BF, 0x04BF, 0x04BF,
  0x04BF, 0x04BF, 0x04BF, 0x04BF, 0x04BF, 0x04BF, 0x04BF, 0x04BF, 0x04BF, 0x04BF,
  0x04BF, 0x04BF, 0x5CFE, 0x755F, 0x755F, 0x755F, 0x755F, 0x755F, 0x755F, 0x755F,
  0x755F, 0x755F, 0x755F, 0x5CFE, 0x049F, 0x14BF, 0x04BF, 0x04BF, 0x04BF, 0x2D3F,
  0x357F, 0x2D3F, 0x00A4, 0x0000, 0x0000, 0x0000, 0x0000, 0x0000, 0x0000, 0x0000,
  0x0000, 0x0000, 0x0000, 0x0000, 0x0000, 0x0000, 0x8064, 0xC0A6, 0xB0A5, 0xD0E7,
  0xD8C7, 0xD8C7, 0xD907, 0xE026, 0xD9C9, 0xE36E, 0xE36E, 0xE36E, 0xE410, 0xE410,
  0xE22C, 0xE026, 0xD907, 0xD8C7, 0xD8C7, 0xD907, 0xE36E, 0xE36E, 0xE36E, 0xE410,
  0xE410, 0xE36E, 0xE026, 0xD907, 0xD8C7, 0xD8C7, 0xD886, 0xD9C9, 0xE22C, 0xEA4C,
  0x3041, 0x0000, 0x0000, 0x0000, 0x0000, 0x0000, 0x0000, 0x0000, 0x0000, 0x0000,
  0x0000, 0x0000, 0x0000, 0x0000, 0x0000, 0x0000, 0x0000, 0x91E0, 0xE300, 0xD2C0,
  0xFB20, 0xFB40, 0xFB40, 0xFB40, 0xFB40, 0xFB40, 0xFB60, 0xFB40, 0xFBC8, 0xFC8E,
  0xFC8E, 0xFC8E, 0xFC8E, 0xFC8E, 0xFB84, 0xFB40, 0xFB60, 0xFB40, 0xFB40, 0xFB40,
  0xFB40, 0xFB40, 0xFB40, 0xFB40, 0xFB40, 0xFB40, 0xFB40, 0xFB40, 0xFC05, 0xFC46,
  0xFC26, 0x2901, 0x0000, 0x0000, 0x0000, 0x0000, 0x0000, 0x0000, 0x0000, 0x0000,
  0x0000, 0x0000, 0x0000, 0x0000, 0x0000, 0x0000, 0x0000, 0x0000, 0x9C02, 0xCD63,
  0xBCE3, 0xE603, 0xE603, 0xE603, 0xE603, 0xE603, 0xE603, 0xE604, 0xE5E0, 0xEE69,
  0xE64E, 0xE64E, 0xE64E, 0xE64E, 0xE64E, 0xE64E, 0xE64E, 0xE64E, 0xE64E, 0xE64E,
  0xE64E, 0xE64E, 0xE64E, 0xE64E, 0xE64E, 0xEE91, 0xEE69, 0xE5E0, 0xE603, 0xEE48,
  0xEE69, 0xEE69, 0x2901, 0x0000, 0x0000, 0x0000, 0x0000, 0x0000, 0x0000, 0x0000,
  0x0000, 0x0000, 0x0000, 0x0000, 0x0000, 0x0000, 0x0000, 0x0000, 0x0000, 0x3445,
  0x45A7, 0x4526, 0x4E27, 0x4E47, 0x4E47, 0x4E47, 0x4E27, 0x666B, 0x868F, 0x868F,
  0x868F, 0x868F, 0x868F, 0x868F, 0x868F, 0x868F, 0x868F, 0x868F, 0x868F, 0x868F,
  0x868F, 0x868F, 0x868F, 0x868F, 0x76AC, 0x4E27, 0x4E47, 0x4E47, 0x4E47, 0x4E27,
  0x666B, 0x76AC, 0x76AC, 0x1121, 0x0000, 0x0000, 0x0000, 0x0000, 0x0000, 0x0000,
  0x0000, 0x0000, 0x0000, 0x0000, 0x0000, 0x0000, 0x0000, 0x0000, 0x0000, 0x0000,
  0x0000, 0x0000, 0x0000, 0x0000, 0x0000, 0x0000, 0x0000, 0x0000, 0x0000, 0x0000,
  0x0000, 0x0000, 0x0000, 0x0000, 0x0000, 0x0000, 0x0000, 0x0000, 0x0000, 0x0000,
  0x0000, 0x0000, 0x0000, 0x0000, 0x0000, 0x0000, 0x0000, 0x0000, 0x0000, 0x0000,
  0x0000, 0x0000, 0x0000, 0x0000, 0x0000, 0x0000, 0x0000, 0x0000, 0x0000, 0x0000,
  0x0000, 0x0000, 0x0000, 0x0000, 0x0000, 0x0000, 0x0000, 0x0000, 0x0000, 0x0000,
  0x0000, 0x0377, 0x03FB, 0x03FB, 0x04BF, 0x04BF, 0x04BF, 0x04BF, 0x04BF, 0x04BF,
  0x04BF, 0x04BF, 0x04BF, 0x04BF, 0x04BF, 0x04BF, 0x04BF, 0x04BF, 0x04BF, 0x04BF,
  0x04BF, 0x04BF, 0x04BF, 0x04BF, 0x04BF, 0x04BF, 0x04BF, 0x04BF, 0x04BF, 0x04BF,
  0x14BF, 0x049F, 0xDF3C, 0xF77D, 0xEF5D, 0xFFFF, 0xFFFF, 0xFFFF, 0xFFFF, 0xFFFF,
  0xFFFF, 0xFFFF, 0xFFFF, 0xC6BF, 0x045F, 0x24BF, 0x04BF, 0x04BF, 0x04BF, 0x2D3F,
  0x357F, 0x2D3F, 0x00A4, 0x0000, 0x0000, 0x0000, 0x0000, 0x0000, 0x0000, 0x0000,
  0x0000, 0x0000, 0x0000, 0x0000, 0x0000, 0x0000, 0x8064, 0xC0A6, 0xB0A5, 0xD8C7,
  0xD8C7, 0xD8C7, 0xE148, 0xD800, 0xE410, 0xEF9E, 0xEF5D, 0xF79E, 0xFFFF, 0xFFFF,
  0xED76, 0xD800, 0xE168, 0xD8C7, 0xD886, 0xE168, 0xEEFB, 0xEF7D, 0xEF7D, 0xFFFF,
  0xFFFF, 0xF71C, 0xD800, 0xE148, 0xD8C7, 0xD8C7, 0xD886, 0xD9C9, 0xE22C, 0xEA4C,
  0x3041, 0x0000, 0x0000, 0x0000, 0x0000, 0x0000, 0x0000, 0x0000, 0x0000, 0x0000,
  0x0000, 0x0000, 0x0000, 0x0000, 0x0000, 0x0000, 0x0000, 0x91E0, 0xE300, 0xD2C0,
  0xFB20, 0xFB40, 0xFB40, 0xFB40, 0xFB40, 0xFB40, 0xFB64, 0xFAA0, 0xF594, 0xEF9E,
  0xEF5D, 0xF7DF, 0xFFFF, 0xFFFF, 0xFC8E, 0xFAA0, 0xFB83, 0xFB40, 0xFB40, 0xFB40,
  0xFB40, 0xFB40, 0xFB40, 0xFB40, 0xFB40, 0xFB40, 0xFB40, 0xFB40, 0xFC05, 0xFC46,
  0xFC26, 0x2901, 0x0000, 0x0000, 0x0000, 0x0000, 0x0000, 0x0000, 0x0000, 0x0000,
  0x0000, 0x0000, 0x0000, 0x0000, 0x0000, 0x0000, 0x0000, 0x0000, 0x9C02, 0xCD63,
  0xBCE3, 0xE603, 0xE603, 0xE603, 0xE603, 0xE603, 0xE603, 0xE606, 0xE5E0, 0xEEB5,
  0xEF9E, 0xEF5D, 0xF7DF, 0xFFFF, 0xFFFF, 0xFFFF, 0xFFFF, 0xFFFF, 0xFFFF, 0xFFFF,
  0xFFFF, 0xFFFF, 0xFFFF, 0xFFFF, 0xFFFF, 0xFFFF, 0xF717, 0xE5E0, 0xE606, 0xEE48,
  0xEE69, 0xEE69, 0x2901, 0x0000, 0x0000, 0x0000, 0x0000, 0x0000, 0x0000, 0x0000,
  0x0000, 0x0000, 0x0000, 0x0000, 0x0000, 0x0000, 0x0000, 0x0000, 0x0000, 0x3445,
  0x45A7, 0x4526, 0x4E27, 0x4E47, 0x4E47, 0x5648, 0x2E20, 0x9EB2, 0xF77D, 0xEF5D,
  0xF7DF, 0xFFFF, 0xFFFF, 0xFFFF, 0xFFFF, 0xFFFF, 0xFFFF, 0xFFFF, 0xFFFF, 0xFFFF,
  0xFFFF, 0xFFFF, 0xFFFF, 0xFFFF, 0xDF3C, 0x2E20, 0x5648, 0x4E47, 0x4E47, 0x4E27,
  0x666B, 0x76AC, 0x76AC, 0x1121, 0x0000, 0x0000, 0x0000, 0x0000, 0x0000, 0x0000,
  0x0000, 0x0000, 0x0000, 0x0000, 0x0000, 0x0000, 0x0000, 0x0000, 0x0000, 0x0000,
  0x0000, 0x0000, 0x0000, 0x0000, 0x0000, 0x0000, 0x0000, 0x0000, 0x0000, 0x0000,
  0x0000, 0x0000, 0x0000, 0x0000, 0x0000, 0x0000, 0x0000, 0x0000, 0x0000, 0x0000,
  0x0000, 0x0000, 0x0000, 0x0000, 0x0000, 0x0000, 0x0000, 0x0000, 0x0000, 0x0000,
  0x0000, 0x0000, 0x0000, 0x0000, 0x0000, 0x0000, 0x0000, 0x0000, 0x0000, 0x0000,
  0x0000, 0x0000, 0x0000, 0x0000, 0x0000, 0x0000, 0x0000, 0x0000, 0x0000, 0x0000,
  0x0000, 0x0377, 0x03FB, 0x03FB, 0x04BF, 0x04BF, 0x04BF, 0x04BF, 0x04BF, 0x04BF,
  0x04BF, 0x04BF, 0x04BF, 0x04BF, 0x04BF, 0x04BF, 0x04BF, 0x04BF, 0x04BF, 0x04BF,
  0x04BF, 0x04BF, 0x04BF, 0x04BF, 0x04BF, 0x04BF, 0x04BF, 0x04BF, 0x04BF, 0x04BF,
  0x14BF, 0x049F, 0xC6BF, 0xF77D, 0xEF5D, 0xFFFF, 0xFFFF, 0xFFFF, 0xFFFF, 0xFFFF,
  0xFFFF, 0xFFFF, 0xFFFF, 0xC6BF, 0x045F, 0x24BF, 0x04BF, 0x04BF, 0x04BF, 0x2D3F,
  0x357F, 0x2D3F, 0x00A4, 0x0000, 0x0000, 0x0000, 0x0000, 0x0000, 0x0000, 0x0000,
  0x0000, 0x0000, 0x0000, 0x0000, 0x0000, 0x0000, 0x8064, 0xC0A6, 0xB0A5, 0xD8C7,
  0xD8C7, 0xD8C7, 0xE148, 0xD800, 0xE410, 0xEF7D, 0xEF5D, 0xF79E, 0xFFFF, 0xFFFF,
  0xED76, 0xD800, 0xE168, 0xD8C7, 0xD886, 0xE168, 0xEEFB, 0xEF7D, 0xEF7D, 0xFFFF,
  0xFFFF, 0xF71C, 0xD800, 0xE148, 0xD8C7, 0xD8C7, 0xD886, 0xE20B, 0xEA4C, 0xF26D,
  0x3041, 0x0000, 0x0000, 0x0000, 0x0000, 0x0000, 0x0000, 0x0000, 0x0000, 0x0000,
  0x0000, 0x0000, 0x0000, 0x0000, 0x0000, 0x0000, 0x0000, 0x91E0, 0xE300, 0xD2C0,
  0xFB20, 0xFB40, 0xFB40, 0xFB40, 0xFB40, 0xFB40, 0xFB64, 0xFAA0, 0xF594, 0xEF9E,
  0xEF5D, 0xF7DF, 0xFFFF, 0xFFFF, 0xFC8E, 0xFAA0, 0xFB83, 0xFB40, 0xFB40, 0xFB40,
  0xFB40, 0xFB40, 0xFB40, 0xFB40, 0xFB40, 0xFB40, 0xFB40, 0xFB40, 0xFC05, 0xFC46,
  0xFC46, 0x1841, 0x0000, 0x0000, 0x0000, 0x0000, 0x0000, 0x0000, 0x0000, 0x0000,
  0x0000, 0x0000, 0x0000, 0x0000, 0x0000, 0x0000, 0x0000, 0x0000, 0x9C02, 0xBCE3,
  0xBCE3, 0xE603, 0xE603, 0xE603, 0xE603, 0xE603, 0xE603, 0xE606, 0xE5E0, 0xEEB5,
  0xEF7D, 0xEF5D, 0xF7DF, 0xFFFF, 0xFFFF, 0xFFFF, 0xFFFF, 0xFFFF, 0xFFFF, 0xFFFF,
  0xFFFF, 0xFFFF, 0xFFFF, 0xFFFF, 0xFFFF, 0xFFFF, 0xF717, 0xE5E0, 0xE606, 0xEE48,
  0xEE69, 0xEE69, 0x2901, 0x0000, 0x0000, 0x0000, 0x0000, 0x0000, 0x0000, 0x0000,
  0x0000, 0x0000, 0x0000, 0x0000, 0x0000, 0x0000, 0x0000, 0x0000, 0x0000, 0x3445,
  0x45A7, 0x4526, 0x4E27, 0x4E47, 0x4E47, 0x5648, 0x2E20, 0x9EB2, 0xF77D, 0xEF5D,
  0xF7DF, 0xFFFF, 0xFFFF, 0xFFFF, 0xFFFF, 0xFFFF, 0xFFFF, 0xFFFF, 0xFFFF, 0xFFFF,
  0xFFFF, 0xFFFF, 0xFFFF, 0xFFFF, 0xDF3C, 0x2E20, 0x5648, 0x4E47, 0x4E47, 0x4E27,
  0x666B, 0x76AC, 0x76AC, 0x1082, 0x0000, 0x0000, 0x0000, 0x0000, 0x0000, 0x0000,
  0x0000, 0x0000, 0x0000, 0x0000, 0x0000, 0x0000, 0x0000, 0x0000, 0x0000, 0x0000,
  0x0000, 0x0000, 0x0000, 0x0000, 0x0000, 0x0000, 0x0000, 0x0000, 0x0000, 0x0000,
  0x0000, 0x0000, 0x0000, 0x0000, 0x0000, 0x0000, 0x0000, 0x0000, 0x0000, 0x0000,
  0x0000, 0x0000, 0x0000, 0x0000, 0x0000, 0x0000, 0x0000, 0x0000, 0x0000, 0x0000,
  0x0000, 0x0000, 0x0000, 0x0000, 0x0000, 0x0000, 0x0000, 0x0000, 0x0000, 0x0000,
  0x0000, 0x0000, 0x0000, 0x0000, 0x0000, 0x0000, 0x0000, 0x0000, 0x0000, 0x0000,
  0x0000, 0x0377, 0x03FB, 0x03FB, 0x04BF, 0x04BF, 0x04BF, 0x04BF, 0x04BF, 0x04BF,
  0x04BF, 0x04BF, 0x04BF, 0x04BF, 0x04BF, 0x04BF, 0x04BF, 0x04BF, 0x04BF, 0x04BF,
  0x04BF, 0x04BF, 0x04BF, 0x04BF, 0x04BF, 0x04BF, 0x04BF, 0x04BF, 0x04BF, 0x04BF,
  0x14BF, 0x049F, 0xC6BF, 0xF77D, 0xEF5D, 0xF7DF, 0xF7DF, 0xF7DF, 0xF7DF, 0xF7DF,
  0xF7DF, 0xF7DF, 0xFFFF, 0xC6BF, 0x045F, 0x24BF, 0x04BF, 0x04BF, 0x04BF, 0x2D3F,
  0x357F, 0x2D3F, 0x00A4, 0x0000, 0x0000, 0x0000, 0x0000, 0x0000, 0x0000, 0x0000,
  0x0000, 0x0000, 0x0000, 0x3041, 0x4862, 0x4862, 0x9885, 0xD0E7, 0xC0A6, 0xD8C7,
  0xD8C7, 0xD8C7, 0xE148, 0xD800, 0xE410, 0xEF7D, 0xEF5D, 0xF79E, 0xF7DF, 0xFFFF,
  0xED76, 0xD800, 0xE168, 0xD8C7, 0xD886, 0xE168, 0xEEFB, 0xEF7D, 0xEF7D, 0xF7DF,
  0xFFFF, 0xEEFB, 0xD800, 0xE148, 0xD8C7, 0xD8C7, 0xD886, 0xD9C9, 0xE20B, 0xE20B,
  0x6084, 0x3041, 0x4862, 0x0000, 0x0000, 0x0000, 0x0000, 0x0000, 0x0000, 0x0000,
  0x0000, 0x0000, 0x0000, 0x0000, 0x3041, 0x5920, 0x4961, 0xBA60, 0xE300, 0xE300,
  0xFB40, 0xFB40, 0xFB40, 0xFB40, 0xFB40, 0xFB40, 0xFB64, 0xFAA0, 0xF594, 0xEF9E,
  0xEF5D, 0xF7DF, 0xFFFF, 0xFFFF, 0xFC8E, 0xFAA0, 0xFB83, 0xFB40, 0xFB40, 0xFB40,
  0xFB40, 0xFB40, 0xFB40, 0xFB40, 0xFB40, 0xFB40, 0xFB40, 0xFB40, 0xFB83, 0xFC05,
  0xFC05, 0x79E2, 0x4961, 0x4961, 0x0000, 0x0000, 0x0000, 0x0000, 0x0000, 0x0000,
  0x0000, 0x0000, 0x0000, 0x0000, 0x0000, 0x2901, 0x4961, 0x4961, 0xACA4, 0xCD63,
  0xCD63, 0xE603, 0xE603, 0xE603, 0xE603, 0xE603, 0xE603, 0xE606, 0xE5E0, 0xEEB5,
  0xEF9E, 0xEF5D, 0xF79E, 0xF7DF, 0xF7DF, 0xF7DF, 0xF7DF, 0xF7DF, 0xF7DF, 0xF7DF,
  0xF7DF, 0xF7DF, 0xF7DF, 0xF7DF, 0xF7DF, 0xFFFF, 0xF717, 0xE5E0, 0xE606, 0xE606,
  0xEE48, 0xEE48, 0x62A3, 0x4A03, 0x4A03, 0x0000, 0x0000, 0x0000, 0x0000, 0x0000,
  0x0000, 0x0000, 0x0000, 0x0000, 0x0000, 0x0000, 0x1121, 0x2203, 0x2203, 0x44E6,
  0x45A7, 0x45A7, 0x4E27, 0x4E47, 0x4E47, 0x5648, 0x2E20, 0x9EB2, 0xF77D, 0xEF5D,
  0xF79E, 0xF7DF, 0xF7DF, 0xF7DF, 0xF7DF, 0xF7DF, 0xFFFF, 0xFFFF, 0xFFFF, 0xF7DF,
  0xF7DF, 0xF7DF, 0xF7DF, 0xFFFF, 0xC718, 0x2E20, 0x5648, 0x4E47, 0x4E47, 0x4E27,
  0x666B, 0x666B, 0x666B, 0x3B46, 0x2203, 0x2203, 0x0000, 0x0000, 0x0000, 0x0000,
  0x0000, 0x0000, 0x0000, 0x0000, 0x0000, 0x0000, 0x0000, 0x0000, 0x0000, 0x0000,
  0x0000, 0x0000, 0x0000, 0x0000, 0x0000, 0x0000, 0x0000, 0x0000, 0x0000, 0x0000,
  0x0000, 0x0000, 0x0000, 0x0000, 0x0000, 0x0000, 0x0000, 0x0000, 0x0000, 0x0000,
  0x0000, 0x0000, 0x0000, 0x0000, 0x0000, 0x0000, 0x0000, 0x0000, 0x0000, 0x0000,
  0x0000, 0x0000, 0x0000, 0x0000, 0x0000, 0x0000, 0x0000, 0x0000, 0x0000, 0x0000,
  0x0000, 0x0000, 0x0000, 0x0000, 0x0000, 0x0000, 0x0000, 0x0000, 0x0000, 0x0000,
  0x0000, 0x0377, 0x03FB, 0x03FB, 0x04BF, 0x04BF, 0x04BF, 0x04BF, 0x04BF, 0x04BF,
  0x04BF, 0x04BF, 0x04BF, 0x04BF, 0x04BF, 0x04BF, 0x04BF, 0x04BF, 0x04BF, 0x04BF,
  0x04BF, 0x04BF, 0x04BF, 0x04BF, 0x04BF, 0x04BF, 0x14BF, 0x24BF, 0x24BF, 0x24BF,
  0x24BF, 0x049F, 0xC6BF, 0xEF7D, 0xEF5D, 0xEF5D, 0xEF5D, 0xEF5D, 0xEF5D, 0xEF5D,
  0xEF5D, 0xEF5D, 0xEF7D, 0xAE3E, 0x045F, 0x24BF, 0x04BF, 0x04BF, 0x04BF, 0x2D3F,
  0x357F, 0x2D3F, 0x00A4, 0x0000, 0x0000, 0x0000, 0x0000, 0x0000, 0x0000, 0x0000,
  0x0000, 0x0000, 0x0000, 0x6863, 0xD0E7, 0xC0A6, 0xD8C7, 0xE0C7, 0xE0C7, 0xE168,
  0xE168, 0xE168, 0xD9C9, 0xD803, 0xE410, 0xEF7D, 0xEF5D, 0xEF5D, 0xEF5D, 0xEF7D,
  0xE514, 0xD800, 0xE168, 0xD8C7, 0xD886, 0xE168, 0xEEFB, 0xEF7D, 0xEF5D, 0xEF5D,
  0xEF7D, 0xEE9A, 0xE026, 0xE168, 0xE168, 0xE168, 0xE168, 0xD907, 0xD886, 0xD886,
  0xE20B, 0xF26D, 0xEA4C, 0x1841, 0x0000, 0x0000, 0x0000, 0x0000, 0x0000, 0x0000,
  0x0000, 0x0000, 0x0000, 0x0000, 0x79A0, 0xFB20, 0xE300, 0xFB20, 0xFB40, 0xFB40,
  0xFB40, 0xFB40, 0xFB40, 0xFB40, 0xFB40, 0xFB40, 0xFB64, 0xFAA0, 0xF594, 0xEF9E,
  0xEF5D, 0xF7DF, 0xFFFF, 0xFFFF, 0xFC8E, 0xFAA0, 0xFB83, 0xFB40, 0xFB40, 0xFB40,
  0xFB40, 0xFB40, 0xFB40, 0xFB40, 0xFB40, 0xFB40, 0xFB40, 0xFB40, 0xFB40, 0xFB40,
  0xFB40, 0xFC26, 0xFC46, 0xFC26, 0x1040, 0x0000, 0x0000, 0x0000, 0x0000, 0x0000,
  0x0000, 0x0000, 0x0000, 0x0000, 0x0000, 0x8342, 0xDDC3, 0xCD63, 0xE603, 0xE604,
  0xE603, 0xE603, 0xE603, 0xE604, 0xE606, 0xE606, 0xE606, 0xEE48, 0xE5E0, 0xEEB5,
  0xEF7D, 0xEF5D, 0xEF5D, 0xEF5D, 0xEF5D, 0xEF5D, 0xEF5D, 0xEF5D, 0xEF5D, 0xEF5D,
  0xEF5D, 0xEF5D, 0xEF5D, 0xEF5D, 0xEF5D, 0xEF7D, 0xEEB5, 0xE5E0, 0xE606, 0xE603,
  0xE603, 0xE603, 0xEE69, 0xFF2A, 0xEE48, 0x1040, 0x0000, 0x0000, 0x0000, 0x0000,
  0x0000, 0x0000, 0x0000, 0x0000, 0x0000, 0x0000, 0x2B84, 0x4E27, 0x45A7, 0x4E27,
  0x4E47, 0x4E47, 0x5648, 0x5648, 0x5648, 0x5648, 0x4645, 0x9EB2, 0xF77D, 0xEF5D,
  0xEF5D, 0xEF5D, 0xEF5D, 0xEF5D, 0xEF5D, 0xEF5D, 0xFFFF, 0xFFFF, 0xFFFF, 0xEF5D,
  0xEF5D, 0xEF5D, 0xEF5D, 0xEF7D, 0xC718, 0x4645, 0x5648, 0x5648, 0x5648, 0x5648,
  0x4E47, 0x4E27, 0x4E27, 0x76AC, 0x7F2D, 0x76AC, 0x0060, 0x0000, 0x0000, 0x0000,
  0x0000, 0x0000, 0x0000, 0x0000, 0x0000, 0x0000, 0x0000, 0x0000, 0x0000, 0x0000,
  0x0000, 0x0000, 0x0000, 0x0000, 0x0000, 0x0000, 0x0000, 0x0000, 0x0000, 0x0000,
  0x0000, 0x0000, 0x0000, 0x0000, 0x0000, 0x0000, 0x0000, 0x0000, 0x0000, 0x0000,
  0x0000, 0x0000, 0x0000, 0x0000, 0x0000, 0x0000, 0x0000, 0x0000, 0x0000, 0x0000,
  0x0000, 0x0000, 0x0000, 0x0000, 0x0000, 0x0000, 0x0000, 0x0000, 0x0000, 0x0000,
  0x0000, 0x0000, 0x0000, 0x0000, 0x0000, 0x0000, 0x0000, 0x0000, 0x0000, 0x0000,
  0x0000, 0x0377, 0x03FB, 0x03FB, 0x04BF, 0x04BF, 0x04BF, 0x04BF, 0x04BF, 0x04BF,
  0x04BF, 0x04BF, 0x04BF, 0x04BF, 0x04BF, 0x04BF, 0x04BF, 0x04BF, 0x04BF, 0x04BF,
  0x04BF, 0x04BF, 0x04BF, 0x04BF, 0x04BF, 0x14BF, 0x049F, 0x045F, 0x045F, 0x045F,
  0x045F, 0x045F, 0xDF3C, 0xFF9D, 0xF77D, 0xF77D, 0xF77D, 0xF77D, 0xF77D, 0xF77D,
  0xF77D, 0xF77D, 0xFF9D, 0xC6BF, 0x045F, 0x24BF, 0x04BF, 0x04BF, 0x04BF, 0x2D3F,
  0x357F, 0x2D3F, 0x00A4, 0x0000, 0x0000, 0x0000, 0x0000, 0x0000, 0x0000, 0x0000,
  0x0000, 0x0000, 0x0000, 0x6863, 0xC0A6, 0xB0A5, 0xD0E7, 0xE0C7, 0xD8C7, 0xD800,
  0xD800, 0xD800, 0xD800, 0xD800, 0xE36E, 0xEF9E, 0xEF9E, 0xEF9E, 0xEF9E, 0xEF9E,
  0xE514, 0xD800, 0xE168, 0xD8C7, 0xD886, 0xE168, 0xEF5D, 0xEF9E, 0xEF9E, 0xEF9E,
  0xEF9E, 0xEE9A, 0xD800, 0xD800, 0xD800, 0xD800, 0xD800, 0xD803, 0xD907, 0xD886,
  0xE20B, 0xE22C, 0xE22C, 0x1841, 0x0000, 0x0000, 0x0000, 0x0000, 0x0000, 0x0000,
  0x0000, 0x0000, 0x0000, 0x0000, 0x79A0, 0xE300, 0xD2C0, 0xFB20, 0xFB40, 0xFB40,
  0xFB40, 0xFB40, 0xFB40, 0xFB40, 0xFB40, 0xFB40, 0xFB64, 0xFAA0, 0xF594, 0xEF9E,
  0xEF5D, 0xF7DF, 0xFFFF, 0xFFFF, 0xFC8E, 0xFAA0, 0xFB83, 0xFB40, 0xFB40, 0xFB40,
  0xFB40, 0xFB40, 0xFB40, 0xFB40, 0xFB40, 0xFB40, 0xFB40, 0xFB40, 0xFB40, 0xFB40,
  0xFB40, 0xFC05, 0xFC46, 0xEBE5, 0x1040, 0x0000, 0x0000, 0x0000, 0x0000, 0x0000,
  0x0000, 0x0000, 0x0000, 0x0000, 0x0000, 0x8342, 0xCD63, 0xBCE3, 0xDDC3, 0xE603,
  0xE603, 0xE603, 0xE604, 0xE5E0, 0xE5E0, 0xE5E0, 0xE5E0, 0xE5E0, 0xE5E0, 0xEEB5,
  0xEF9E, 0xEF7D, 0xEF9E, 0xEF9E, 0xEF9E, 0xEF9E, 0xEF9E, 0xEF9E, 0xEF9E, 0xEF9E,
  0xEF9E, 0xEF9E, 0xEF9E, 0xEF9E, 0xEF7D, 0xEF9E, 0xEEB5, 0xE5E0, 0xE606, 0xE603,
  0xE603, 0xE603, 0xEE48, 0xEE69, 0xDDE8, 0x1040, 0x0000, 0x0000, 0x0000, 0x0000,
  0x0000, 0x0000, 0x0000, 0x0000, 0x0000, 0x0000, 0x2B84, 0x45A7, 0x4526, 0x4E27,
  0x4E47, 0x4E27, 0x2E20, 0x2E20, 0x2E20, 0x2E20, 0x0620, 0x9EB2, 0xF79E, 0xF77D,
  0xF77D, 0xF77D, 0xF77D, 0xEF7D, 0xEF5D, 0xEF5D, 0xFFFF, 0xFFFF, 0xFFFF, 0xF79E,
  0xF77D, 0xF77D, 0xF77D, 0xF7DF, 0xC718, 0x0620, 0x2E20, 0x2E20, 0x0620, 0x0620,
  0x4645, 0x4E47, 0x4E47, 0x6E8B, 0x76AC, 0x6E2B, 0x0060, 0x0000, 0x0000, 0x0000,
  0x0000, 0x0000, 0x0000, 0x0000, 0x0000, 0x0000, 0x0000, 0x0000, 0x0000, 0x0000,
  0x0000, 0x0000, 0x0000, 0x0000, 0x0000, 0x0000, 0x0000, 0x0000, 0x0000, 0x0000,
  0x0000, 0x0000, 0x0000, 0x0000, 0x0000, 0x0000, 0x0000, 0x0000, 0x0000, 0x0000,
  0x0000, 0x0000, 0x0000, 0x0000, 0x0000, 0x0000, 0x0000, 0x0000, 0x0000, 0x0000,
  0x0000, 0x0000, 0x0000, 0x0000, 0x0000, 0x0000, 0x0000, 0x0000, 0x0000, 0x0000,
  0x0000, 0x0000, 0x0000, 0x0000, 0x0000, 0x0000, 0x0000, 0x0000, 0x0000, 0x0000,
  0x0000, 0x0377, 0x03FB, 0x03FB, 0x04BF, 0x04BF, 0x04BF, 0x04BF, 0x04BF, 0x04BF,
  0x04BF, 0x04BF, 0x04BF, 0x04BF, 0x04BF, 0x04BF, 0x04BF, 0x04BF, 0x04BF, 0x04BF,
  0x04BF, 0x04BF, 0x04BF, 0x04BF, 0x14BF, 0x049F, 0x755F, 0xAE3E, 0xAE3E, 0xAE3E,
  0xC6BF, 0xC6BF, 0xAE3E, 0xAE3E, 0xAE3E, 0xAE3E, 0xAE3E, 0xAE3E, 0xAE3E, 0xAE3E,
  0xAE3E, 0xAE3E, 0xAE3E, 0x95DF, 0x049F, 0x14BF, 0x04BF, 0x04BF, 0x04BF, 0x2D3F,
  0x357F, 0x2D3F, 0x00A4, 0x0000, 0x0000, 0x0000, 0x0000, 0x0000, 0x0000, 0x0000,
  0x0000, 0x0000, 0x0000, 0x6863, 0xC0A6, 0xB0A5, 0xD0E7, 0xD886, 0xE148, 0xE514,
  0xED76, 0xED76, 0xEDD7, 0xEDD7, 0xEDD7, 0xED76, 0xED76, 0xED76, 0xED76, 0xED76,
  0xE36E, 0xD803, 0xE148, 0xD8C7, 0xD8C7, 0xE148, 0xE514, 0xED76, 0xED76, 0xED76,
  0xED76, 0xED76, 0xED76, 0xED76, 0xED76, 0xEDD7, 0xEDD7, 0xE410, 0xD803, 0xD907,
  0xE20B, 0xEA4C, 0xE22C, 0x1841, 0x0000, 0x0000, 0x0000, 0x0000, 0x0000, 0x0000,
  0x0000, 0x0000, 0x0000, 0x0000, 0x79A0, 0xE300, 0xD2C0, 0xFB20, 0xFB40, 0xFB40,
  0xFB40, 0xFB40, 0xFB40, 0xFB40, 0xFB40, 0xFB40, 0xFB64, 0xFAA0, 0xF594, 0xEF9E,
  0xEF5D, 0xF7DF, 0xFFFF, 0xFFFF, 0xFC8E, 0xFAA0, 0xFB83, 0xFB40, 0xFB40, 0xFB40,
  0xFB40, 0xFB40, 0xFB40, 0xFB40, 0xFB40, 0xFB40, 0xFB40, 0xFB40, 0xFB40, 0xFB40,
  0xFB40, 0xFC05, 0xFC46, 0xEBE5, 0x1040, 0x0000, 0x0000, 0x0000, 0x0000, 0x0000,
  0x0000, 0x0000, 0x0000, 0x0000, 0x0000, 0x8342, 0xCD63, 0xBCE3, 0xDDC3, 0xE603,
  0xE603, 0xE604, 0xE5E0, 0xEE69, 0xEEB5, 0xEEB5, 0xEEB5, 0xF717, 0xF717, 0xEEB5,
  0xEEB5, 0xEEB5, 0xEEB5, 0xEEB5, 0xEEB5, 0xEEB5, 0xEEB5, 0xEEB5, 0xEEB5, 0xEEB5,
  0xEEB5, 0xEEB5, 0xEEB5, 0xEEB5, 0xEEB5, 0xEEB5, 0xE64E, 0xE5E0, 0xE604, 0xE603,
  0xE603, 0xE603, 0xEE48, 0xEE69, 0xDDE8, 0x1040, 0x0000, 0x0000, 0x0000, 0x0000,
  0x0000, 0x0000, 0x0000, 0x0000, 0x0000, 0x0000, 0x2B84, 0x45A7, 0x4526, 0x4E27,
  0x4E27, 0x5648, 0xB6F6, 0xB6F6, 0xB6F6, 0xC718, 0xC718, 0xC718, 0xB6F6, 0xB6F6,
  0xB6F6, 0xB6F6, 0xB6F6, 0xDF3C, 0xEF7D, 0xEF5D, 0xFFFF, 0xFFFF, 0xFFFF, 0xB6F6,
  0xB6F6, 0xB6F6, 0xB6F6, 0xB6F6, 0xB6F6, 0xB6F6, 0xB6F6, 0xB6F6, 0xC718, 0xC718,
  0x868F, 0x3642, 0x5648, 0x6E8B, 0x76AC, 0x6E2B, 0x0060, 0x0000, 0x0000, 0x0000,
  0x0000, 0x0000, 0x0000, 0x0000, 0x0000, 0x0000, 0x0000, 0x0000, 0x0000, 0x0000,
  0x0000, 0x0000, 0x0000, 0x0000, 0x0000, 0x0000, 0x0000, 0x0000, 0x0000, 0x0000,
  0x0000, 0x0000, 0x0000, 0x0000, 0x0000, 0x0000, 0x0000, 0x0000, 0x0000, 0x0000,
  0x0000, 0x0000, 0x0000, 0x0000, 0x0000, 0x0000, 0x0000, 0x0000, 0x0000, 0x0000,
  0x0000, 0x0000, 0x0000, 0x0000, 0x0000, 0x0000, 0x0000, 0x0000, 0x0000, 0x0000,
  0x0000, 0x0000, 0x0000, 0x0000, 0x0000, 0x0000, 0x0000, 0x0000, 0x0000, 0x0000,
  0x0000, 0x0377, 0x03FB, 0x03FB, 0x04BF, 0x04BF, 0x04BF, 0x04BF, 0x04BF, 0x04BF,
  0x04BF, 0x04BF, 0x04BF, 0x04BF, 0x04BF, 0x04BF, 0x04BF, 0x04BF, 0x04BF, 0x04BF,
  0x04BF, 0x04BF, 0x04BF, 0x04BF, 0x24BF, 0x045F, 0xAE3E, 0xFF9D, 0xEF7D, 0xFFFF,
  0xFFFF, 0xFFFF, 0x95DF, 0x045F, 0x049F, 0x045F, 0x045F, 0x045F, 0x045F, 0x045F,
  0x045F, 0x045F, 0x045F, 0x049F, 0x14BF, 0x04BF, 0x04BF, 0x04BF, 0x04BF, 0x2D3F,
  0x357F, 0x2D3F, 0x00A4, 0x0000, 0x0000, 0x0000, 0x0000, 0x0000, 0x0000, 0x0000,
  0x0000, 0x0000, 0x0000, 0x6863, 0xC0A6, 0xB0A5, 0xD0E7, 0xE026, 0xE168, 0xEF5D,
  0xEF9E, 0xEF9E, 0xFFFF, 0xFFFF, 0xF71C, 0xD800, 0xD800, 0xD800, 0xD800, 0xD800,
  0xD803, 0xD907, 0xD8C7, 0xD8C7, 0xD8C7, 0xD8C7, 0xD800, 0xD800, 0xD800, 0xD800,
  0xD800, 0xE410, 0xEF9E, 0xEF7D, 0xF7DF, 0xFFFF, 0xFFFF, 0xED76, 0xD800, 0xE168,
  0xE20B, 0xEA4C, 0xE22C, 0x1841, 0x0000, 0x0000, 0x0000, 0x0000, 0x0000, 0x0000,
  0x0000, 0x0000, 0x0000, 0x0000, 0x79A0, 0xE300, 0xD2C0, 0xFB20, 0xFB40, 0xFB40,
  0xFB40, 0xFB40, 0xFB40, 0xFB40, 0xFB40, 0xFB40, 0xFB64, 0xFAA0, 0xF594, 0xEF9E,
  0xEF5D, 0xF7DF, 0xFFFF, 0xFFFF, 0xFC8E, 0xFAA0, 0xFB83, 0xFB40, 0xFB40, 0xFB40,
  0xFB40, 0xFB40, 0xFB40, 0xFB40, 0xFB40, 0xFB40, 0xFB40, 0xFB40, 0xFB40, 0xFB40,
  0xFB40, 0xFC05, 0xFC46, 0xEBE5, 0x1040, 0x0000, 0x0000, 0x0000, 0x0000, 0x0000,
  0x0000, 0x0000, 0x0000, 0x0000, 0x0000, 0x8342, 0xCD63, 0xBCE3, 0xDDC3, 0xE603,
  0xE603, 0xE606, 0xE5E0, 0xE64E, 0xEF9E, 0xEF7D, 0xF7DF, 0xFFFF, 0xFFFF, 0xF717,
  0xE5E0, 0xE5E0, 0xE5E0, 0xE5E0, 0xE5E0, 0xE5E0, 0xE5E0, 0xE5E0, 0xE5E0, 0xE5E0,
  0xE5E0, 0xE5E0, 0xE5E0, 0xE5E0, 0xE5E0, 0xE5E0, 0xE5E0, 0xE604, 0xE603, 0xE603,
  0xE603, 0xE603, 0xEE48, 0xEE69, 0xDDE8, 0x1040, 0x0000, 0x0000, 0x0000, 0x0000,
  0x0000, 0x0000, 0x0000, 0x0000, 0x0000, 0x0000, 0x2B84, 0x45A7, 0x4526, 0x4E27,
  0x4645, 0x666B, 0xEF5D, 0xF77D, 0xF79E, 0xFFFF, 0xFFFF, 0xDF3C, 0x0620, 0x3642,
  0x2E20, 0x2E20, 0x0620, 0xC718, 0xF77D, 0xEF5D, 0xFFFF, 0xFFFF, 0xF7DF, 0x5648,
  0x0620, 0x2E20, 0x3642, 0x0620, 0x9EB2, 0xF79E, 0xF77D, 0xFFFF, 0xFFFF, 0xFFFF,
  0xA6F4, 0x0620, 0x5648, 0x6E8B, 0x76AC, 0x6E2B, 0x0060, 0x0000, 0x0000, 0x0000,
  0x0000, 0x0000, 0x0000, 0x0000, 0x0000, 0x0000, 0x0000, 0x0000, 0x0000, 0x0000,
  0x0000, 0x0000, 0x0000, 0x0000, 0x0000, 0x0000, 0x0000, 0x0000, 0x0000, 0x0000,
  0x0000, 0x0000, 0x0000, 0x0000, 0x0000, 0x0000, 0x0000, 0x0000, 0x0000, 0x0000,
  0x0000, 0x0000, 0x0000, 0x0000, 0x0000, 0x0000, 0x0000, 0x0000, 0x0000, 0x0000,
  0x0000, 0x0000, 0x0000, 0x0000, 0x0000, 0x0000, 0x0000, 0x0000, 0x0000, 0x0000,
  0x0000, 0x0000, 0x0000, 0x0000, 0x0000, 0x0000, 0x0000, 0x0000, 0x0000, 0x0000,
  0x0000, 0x0377, 0x03FB, 0x03FB, 0x04BF, 0x04BF, 0x04BF, 0x04BF, 0x04BF, 0x04BF,
  0x04BF, 0x04BF, 0x04BF, 0x04BF, 0x04BF, 0x04BF, 0x04BF, 0x04BF, 0x04BF, 0x04BF,
  0x04BF, 0x04BF, 0x04BF, 0x04BF, 0x24BF, 0x045F, 0x95DF, 0xF77D, 0xEF5D, 0xF7DF,
  0xFFFF, 0xFFFF, 0x95DF, 0x045F, 0x24BF, 0x24BF, 0x24BF, 0x24BF, 0x24BF, 0x24BF,
  0x24BF, 0x24BF, 0x24BF, 0x14BF, 0x04BF, 0x04BF, 0x04BF, 0x04BF, 0x04BF, 0x2D3F,
  0x357F, 0x2D3F, 0x00A4, 0x0000, 0x0000, 0x0000, 0x0000, 0x0000, 0x0000, 0x0000,
  0x0000, 0x0000, 0x0000, 0x6863, 0xC0A6, 0xB0A5, 0xD0E7, 0xE026, 0xE168, 0xEEFB,
  0xEF7D, 0xEF7D, 0xFFFF, 0xFFFF, 0xF71C, 0xD803, 0xE168, 0xE168, 0xE168, 0xE168,
  0xD907, 0xD8C7, 0xD8C7, 0xD8C7, 0xD8C7, 0xD8C7, 0xE148, 0xE168, 0xE168, 0xD9C9,
  0xD803, 0xE410, 0xEF7D, 0xEF5D, 0xF79E, 0xFFFF, 0xFFFF, 0xED76, 0xD800, 0xE168,
  0xE20B, 0xEA4C, 0xE22C, 0x1841, 0x0000, 0x0000, 0x0000, 0x0000, 0x0000, 0x0000,
  0x0000, 0x0000, 0x0000, 0x0000, 0x79A0, 0xE300, 0xD2C0, 0xFB20, 0xFB40, 0xFB40,
  0xFB40, 0xFB40, 0xFB40, 0xFB40, 0xFB40, 0xFB40, 0xFB64, 0xFAA0, 0xF594, 0xEF9E,
  0xEF5D, 0xF7DF, 0xFFFF, 0xFFFF, 0xFC8E, 0xFAA0, 0xFB83, 0xFB40, 0xFB40, 0xFB40,
  0xFB40, 0xFB40, 0xFB40, 0xFB40, 0xFB40, 0xFB40, 0xFB40, 0xFB40, 0xFB40, 0xFB40,
  0xFB40, 0xFC05, 0xFC46, 0xEBE5, 0x1040, 0x0000, 0x0000, 0x0000, 0x0000, 0x0000,
  0x0000, 0x0000, 0x0000, 0x0000, 0x0000, 0x8342, 0xCD63, 0xBCE3, 0xDDC3, 0xE603,
  0xE603, 0xE606, 0xE5E0, 0xE64E, 0xEF5D, 0xEF5D, 0xF77D, 0xFFFF, 0xFFFF, 0xF717,
  0xE5E0, 0xE606, 0xE606, 0xE606, 0xE606, 0xE606, 0xE606, 0xE606, 0xE606, 0xE606,
  0xE606, 0xE606, 0xE606, 0xE606, 0xE606, 0xE606, 0xE604, 0xE603, 0xE603, 0xE603,
  0xE603, 0xE603, 0xEE48, 0xEE69, 0xDDE8, 0x1040, 0x0000, 0x0000, 0x0000, 0x0000,
  0x0000, 0x0000, 0x0000, 0x0000, 0x0000, 0x0000, 0x2B84, 0x45A7, 0x4526, 0x4E27,
  0x4E27, 0x666B, 0xEF5D, 0xEF5D, 0xEF7D, 0xFFFF, 0xFFFF, 0xDF3C, 0x3642, 0x5648,
  0x5648, 0x5648, 0x3642, 0xC718, 0xF77D, 0xEF5D, 0xFFFF, 0xFFFF, 0xF7DF, 0x6E8B,
  0x4E27, 0x5648, 0x5648, 0x3642, 0x9EB2, 0xF77D, 0xEF5D, 0xF79E, 0xFFFF, 0xFFFF,
  0xA6F4, 0x2E20, 0x5648, 0x6E8B, 0x76AC, 0x6E2B, 0x0060, 0x0000, 0x0000, 0x0000,
  0x0000, 0x0000, 0x0000, 0x0000, 0x0000, 0x0000, 0x0000, 0x0000, 0x0000, 0x0000,
  0x0000, 0x0000, 0x0000, 0x0000, 0x0000, 0x0000, 0x0000, 0x0000, 0x0000, 0x0000,
  0x0000, 0x0000, 0x0000, 0x0000, 0x0000, 0x0000, 0x0000, 0x0000, 0x0000, 0x0000,
  0x0000, 0x0000, 0x0000, 0x0000, 0x0000, 0x0000, 0x0000, 0x0000, 0x0000, 0x0000,
  0x0000, 0x0000, 0x0000, 0x0000, 0x0000, 0x0000, 0x0000, 0x0000, 0x0000, 0x0000,
  0x0000, 0x0000, 0x0000, 0x0000, 0x0000, 0x0000, 0x0000, 0x0000, 0x0000, 0x0000,
  0x0000, 0x0377, 0x03FB, 0x03FB, 0x04BF, 0x04BF, 0x04BF, 0x04BF, 0x04BF, 0x04BF,
  0x04BF, 0x04BF, 0x04BF, 0x04BF, 0x04BF, 0x04BF, 0x04BF, 0x04BF, 0x04BF, 0x04BF,
  0x04BF, 0x14BF, 0x14BF, 0x14BF, 0x24BF, 0x045F, 0x95DF, 0xF77D, 0xEF5D, 0xF7DF,
  0xFFFF, 0xFFFF, 0x95DF, 0x045F, 0x24BF, 0x04BF, 0x04BF, 0x04BF, 0x04BF, 0x04BF,
  0x04BF, 0x04BF, 0x04BF, 0x04BF, 0x04BF, 0x04BF, 0x04BF, 0x04BF, 0x04BF, 0x2D3F,
  0x357F, 0x2D3F, 0x00A4, 0x0000, 0x0000, 0x0000, 0x0000, 0x0000, 0x0000, 0x0000,
  0x0000, 0x0000, 0x0000, 0x6863, 0xC0A6, 0xB0A5, 0xD0E7, 0xE026, 0xE168, 0xEEFB,
  0xEF7D, 0xEF7D, 0xFFFF, 0xFFFF, 0xF71C, 0xD800, 0xD907, 0xD8C7, 0xD8C7, 0xD8C7,
  0xD907, 0xD907, 0xD907, 0xD907, 0xD907, 0xD907, 0xD8C7, 0xD8C7, 0xD8C7, 0xE148,
  0xD800, 0xE410, 0xEF7D, 0xEF5D, 0xF79E, 0xFFFF, 0xFFFF, 0xED76, 0xD800, 0xE168,
  0xE20B, 0xEA4C, 0xE22C, 0x1841, 0x0000, 0x0000, 0x0000, 0x0000, 0x0000, 0x0000,
  0x0000, 0x0000, 0x0000, 0x0000, 0x79A0, 0xE300, 0xD2C0, 0xFB20, 0xFB40, 0xFB40,
  0xFB40, 0xFB40, 0xFB40, 0xFB62, 0xFB62, 0xFB60, 0xFB84, 0xFAA0, 0xF594, 0xEF9E,
  0xEF5D, 0xF77D, 0xF79E, 0xF79E, 0xFC8E, 0xFAA0, 0xFB83, 0xFB40, 0xFB40, 0xFB40,
  0xFB40, 0xFB40, 0xFB40, 0xFB40, 0xFB40, 0xFB40, 0xFB40, 0xFB40, 0xFB40, 0xFB40,
  0xFB40, 0xFC05, 0xFC46, 0xEBE5, 0x1040, 0x0000, 0x0000, 0x0000, 0x0000, 0x0000,
  0x0000, 0x0000, 0x0000, 0x0000, 0x0000, 0x8342, 0xCD63, 0xBCE3, 0xDDC3, 0xE603,
  0xE603, 0xE606, 0xE5E0, 0xE64E, 0xEF7D, 0xEF5D, 0xF79E, 0xFFFF, 0xFFFF, 0xF717,
  0xE5E0, 0xE606, 0xE604, 0xE604, 0xE604, 0xE604, 0xE604, 0xE604, 0xE604, 0xE604,
  0xE604, 0xE603, 0xE603, 0xE603, 0xE603, 0xE603, 0xE603, 0xE603, 0xE603, 0xE603,
  0xE603, 0xE603, 0xEE48, 0xEE69, 0xDDE8, 0x1040, 0x0000, 0x0000, 0x0000, 0x0000,
  0x0000, 0x0000, 0x0000, 0x0000, 0x0000, 0x0000, 0x2B84, 0x45A7, 0x4526, 0x4E27,
  0x4E27, 0x666B, 0xEF5D, 0xEF7D, 0xEF7D, 0xF77D, 0xF7DF, 0xC718, 0x2E20, 0x5648,
  0x4E47, 0x5648, 0x2E20, 0xC718, 0xF77D, 0xEF5D, 0xFFFF, 0xFFFF, 0xF7DF, 0x666B,
  0x4645, 0x4E47, 0x5648, 0x2E20, 0x9EB2, 0xF77D, 0xEF5D, 0xF7DF, 0xFFFF, 0xFFFF,
  0xA6F4, 0x2E20, 0x5648, 0x6E8B, 0x76AC, 0x6E2B, 0x0060, 0x0000, 0x0000, 0x0000,
  0x0000, 0x0000, 0x0000, 0x0000, 0x0000, 0x0000, 0x0000, 0x0000, 0x0000, 0x0000,
  0x0000, 0x0000, 0x0000, 0x0000, 0x0000, 0x0000, 0x0000, 0x0000, 0x0000, 0x0000,
  0x0000, 0x0000, 0x0000, 0x0000, 0x0000, 0x0000, 0x0000, 0x0000, 0x0000, 0x0000,
  0x0000, 0x0000, 0x0000, 0x0000, 0x0000, 0x0000, 0x0000, 0x0000, 0x0000, 0x0000,
  0x0000, 0x0000, 0x0000, 0x0000, 0x0000, 0x0000, 0x0000, 0x0000, 0x0000, 0x0000,
  0x0000, 0x0000, 0x0000, 0x0000, 0x0000, 0x0000, 0x0000, 0x0000, 0x0000, 0x0000,
  0x0000, 0x0377, 0x03FB, 0x03FB, 0x04BF, 0x04BF, 0x04BF, 0x04BF, 0x04BF, 0x04BF,
  0x04BF, 0x04BF, 0x04BF, 0x04BF, 0x04BF, 0x04BF, 0x04BF, 0x04BF, 0x04BF, 0x04BF,
  0x04BF, 0x04BF, 0x04BF, 0x04BF, 0x24BF, 0x045F, 0x95DF, 0xF77D, 0xEF5D, 0xF7DF,
  0xFFFF, 0xFFFF, 0x95DF, 0x045F, 0x24BF, 0x04BF, 0x04BF, 0x04BF, 0x04BF, 0x04BF,
  0x04BF, 0x04BF, 0x04BF, 0x04BF, 0x04BF, 0x04BF, 0x04BF, 0x04BF, 0x04BF, 0x2D3F,
  0x357F, 0x2D3F, 0x00A4, 0x0000, 0x0000, 0x0000, 0x0000, 0x0000, 0x0000, 0x0000,
  0x0000, 0x0000, 0x0000, 0x6863, 0xC0A6, 0xB0A5, 0xD0E7, 0xE026, 0xE168, 0xEEFB,
  0xEF7D, 0xEF7D, 0xFFFF, 0xFFFF, 0xF71C, 0xD800, 0xD907, 0xD907, 0xD8C7, 0xD8C7,
  0xD8C7, 0xD8C7, 0xD8C7, 0xD8C7, 0xD8C7, 0xD8C7, 0xD8C7, 0xD8C7, 0xD8C7, 0xE148,
  0xD800, 0xE410, 0xEF7D, 0xEF5D, 0xF79E, 0xFFFF, 0xFFFF, 0xED76, 0xD800, 0xE168,
  0xE20B, 0xEA4C, 0xE22C, 0x1841, 0x0000, 0x0000, 0x0000, 0x0000, 0x0000, 0x0000,
  0x0000, 0x0000, 0x0000, 0x0000, 0x79A0, 0xE300, 0xD2C0, 0xFB20, 0xFB40, 0xFB40,
  0xFB40, 0xFB40, 0xFB40, 0xFB40, 0xFB40, 0xFB40, 0xFB83, 0xFAA0, 0xF594, 0xEF9E,
  0xEF5D, 0xEF5D, 0xEF5D, 0xEF5D, 0xFC8E, 0xFB20, 0xFB83, 0xFB40, 0xFB40, 0xFB40,
  0xFB40, 0xFB40, 0xFB40, 0xFB40, 0xFB40, 0xFB40, 0xFB40, 0xFB40, 0xFB40, 0xFB40,
  0xFB40, 0xFC05, 0xFC46, 0xEBE5, 0x1040, 0x0000, 0x0000, 0x0000, 0x0000, 0x0000,
  0x0000, 0x0000, 0x0000, 0x0000, 0x0000, 0x8342, 0xCD63, 0xBCE3, 0xDDC3, 0xE603,
  0xE603, 0xE606, 0xE5E0, 0xE64E, 0xEF7D, 0xEF5D, 0xF79E, 0xFFFF, 0xFFFF, 0xF717,
  0xE5E0, 0xE606, 0xE603, 0xE603, 0xE603, 0xE603, 0xE603, 0xE603, 0xE603, 0xE603,
  0xE603, 0xE603, 0xE603, 0xE603, 0xE603, 0xE603, 0xE603, 0xE603, 0xE603, 0xE603,
  0xE603, 0xE603, 0xEE48, 0xEE69, 0xDDE8, 0x1040, 0x0000, 0x0000, 0x0000, 0x0000,
  0x0000, 0x0000, 0x0000, 0x0000, 0x0000, 0x0000, 0x2B84, 0x45A7, 0x4526, 0x4E27,
  0x4E27, 0x666B, 0xEF5D, 0xEF7D, 0xEF5D, 0xEF5D, 0xF77D, 0xC718, 0x2E20, 0x5648,
  0x4E47, 0x5648, 0x2E20, 0xC718, 0xF77D, 0xEF5D, 0xFFFF, 0xFFFF, 0xF7DF, 0x666B,
  0x4645, 0x5648, 0x5648, 0x2E20, 0x9EB2, 0xF77D, 0xEF5D, 0xF7DF, 0xFFFF, 0xFFFF,
  0xA6F4, 0x2E20, 0x5648, 0x6E8B, 0x76AC, 0x6E2B, 0x0060, 0x0000, 0x0000, 0x0000,
  0x0000, 0x0000, 0x0000, 0x0000, 0x0000, 0x0000, 0x0000, 0x0000, 0x0000, 0x0000,
  0x0000, 0x0000, 0x0000, 0x0000, 0x0000, 0x0000, 0x0000, 0x0000, 0x0000, 0x0000,
  0x0000, 0x0000, 0x0000, 0x0000, 0x0000, 0x0000, 0x0000, 0x0000, 0x0000, 0x0000,
  0x0000, 0x0000, 0x0000, 0x0000, 0x0000, 0x0000, 0x0000, 0x0000, 0x0000, 0x0000,
  0x0000, 0x0000, 0x0000, 0x0000, 0x0000, 0x0000, 0x0000, 0x0000, 0x0000, 0x0000,
  0x0000, 0x0000, 0x0000, 0x0000, 0x0000, 0x0000, 0x0000, 0x0000, 0x0000, 0x0000,
  0x0000, 0x0377, 0x03FB, 0x03FB, 0x04BF, 0x04BF, 0x04BF, 0x04BF, 0x04BF, 0x04BF,
  0x04BF, 0x04BF, 0x04BF, 0x04BF, 0x04BF, 0x04BF, 0x04BF, 0x04BF, 0x04BF, 0x04BF,
  0x04BF, 0x049F, 0x049F, 0x049F, 0x04BF, 0x045F, 0x95DF, 0xF77D, 0xEF5D, 0xF7DF,
  0xFFFF, 0xFFFF, 0x95DF, 0x045F, 0x24BF, 0x04BF, 0x04BF, 0x04BF, 0x04BF, 0x04BF,
  0x04BF, 0x04BF, 0x04BF, 0x04BF, 0x04BF, 0x04BF, 0x04BF, 0x04BF, 0x04BF, 0x2D3F,
  0x357F, 0x2D3F, 0x00A4, 0x0000, 0x0000, 0x0000, 0x0000, 0x0000, 0x0000, 0x0000,
  0x0000, 0x0000, 0x0000, 0x6863, 0xC0A6, 0xB0A5, 0xD0E7, 0xE026, 0xE168, 0xEEFB,
  0xEF7D, 0xEF7D, 0xFFFF, 0xFFFF, 0xF71C, 0xD800, 0xD907, 0xD907, 0xD8C7, 0xD8C7,
  0xD886, 0xE026, 0xE026, 0xE026, 0xE026, 0xE026, 0xD8C7, 0xD8C7, 0xD8C7, 0xE148,
  0xD800, 0xE410, 0xEF7D, 0xEF5D, 0xF79E, 0xFFFF, 0xFFFF, 0xED76, 0xD800, 0xE168,
  0xE20B, 0xEA4C, 0xE22C, 0x1841, 0x0000, 0x0000, 0x0000, 0x0000, 0x0000, 0x0000,
  0x0000, 0x0000, 0x0000, 0x0000, 0x79A0, 0xE300, 0xD2C0, 0xFB20, 0xFB40, 0xFB40,
  0xFB40, 0xFB40, 0xFB40, 0xFB40, 0xFB40, 0xFB40, 0xFB40, 0xFAA0, 0xF594, 0xEF9E,
  0xEF5D, 0xEF7D, 0xEF7D, 0xEF7D, 0xFC8E, 0xFAA0, 0xFB83, 0xFB40, 0xFB40, 0xFB40,
  0xFB40, 0xFB40, 0xFB40, 0xFB40, 0xFB40, 0xFB40, 0xFB40, 0xFB40, 0xFB40, 0xFB40,
  0xFB40, 0xFC05, 0xFC46, 0xEBE5, 0x1040, 0x0000, 0x0000, 0x0000, 0x0000, 0x0000,
  0x0000, 0x0000, 0x0000, 0x0000, 0x0000, 0x8342, 0xCD63, 0xBCE3, 0xDDC3, 0xE603,
  0xE603, 0xE606, 0xE5E0, 0xE64E, 0xEF7D, 0xEF5D, 0xF79E, 0xFFFF, 0xFFFF, 0xF717,
  0xE5E0, 0xE604, 0xE5E0, 0xE5E0, 0xE5E0, 0xE5E0, 0xE5E0, 0xE5E0, 0xE5E0, 0xE5E0,
  0xE5E0, 0xE603, 0xE603, 0xE603, 0xE603, 0xE603, 0xE603, 0xE603, 0xE603, 0xE603,
  0xE603, 0xE603, 0xEE48, 0xEE69, 0xDDE8, 0x1040, 0x0000, 0x0000, 0x0000, 0x0000,
  0x0000, 0x0000, 0x0000, 0x0000, 0x0000, 0x0000, 0x2B84, 0x45A7, 0x4526, 0x4E27,
  0x4E27, 0x666B, 0xEF5D, 0xEF7D, 0xEF7D, 0xEF5D, 0xF77D, 0xC718, 0x2E20, 0x5648,
  0x4E47, 0x5648, 0x2E20, 0xC718, 0xF77D, 0xEF5D, 0xFFFF, 0xFFFF, 0xF7DF, 0x666B,
  0x4645, 0x5648, 0x5648, 0x2E20, 0x9EB2, 0xF77D, 0xEF5D, 0xF7DF, 0xFFFF, 0xFFFF,
  0xA6F4, 0x2E20, 0x5648, 0x6E8B, 0x76AC, 0x6E2B, 0x0060, 0x0000, 0x0000, 0x0000,
  0x0000, 0x0000, 0x0000, 0x0000, 0x0000, 0x0000, 0x0000, 0x0000, 0x0000, 0x0000,
  0x0000, 0x0000, 0x0000, 0x0000, 0x0000, 0x0000, 0x0000, 0x0000, 0x0000, 0x0000,
  0x0000, 0x0000, 0x0000, 0x0000, 0x0000, 0x0000, 0x0000, 0x0000, 0x0000, 0x0000,
  0x0000, 0x0000, 0x0000, 0x0000, 0x0000, 0x0000, 0x0000, 0x0000, 0x0000, 0x0000,
  0x0000, 0x0000, 0x0000, 0x0000, 0x0000, 0x0000, 0x0000, 0x0000, 0x0000, 0x0000,
  0x0000, 0x0000, 0x0000, 0x0000, 0x0000, 0x0000, 0x0000, 0x0000, 0x0000, 0x0000,
  0x0000, 0x0377, 0x03FB, 0x03FB, 0x04BF, 0x04BF, 0x04BF, 0x04BF, 0x04BF, 0x04BF,
  0x04BF, 0x04BF, 0x04BF, 0x04BF, 0x04BF, 0x04BF, 0x04BF, 0x04BF, 0x14BF, 0x049F,
  0x5CFE, 0xDF3C, 0xDF3C, 0xDF3C, 0xEF9E, 0xEF9E, 0xF7DF, 0xFFFF, 0xFFFF, 0xFFFF,
  0xFFFF, 0xFFFF, 0x95DF, 0x045F, 0x24BF, 0x04BF, 0x04BF, 0x04BF, 0x04BF, 0x04BF,
  0x04BF, 0x04BF, 0x04BF, 0x04BF, 0x04BF, 0x04BF, 0x04BF, 0x04BF, 0x04BF, 0x2D3F,
  0x357F, 0x2D3F, 0x00A4, 0x0000, 0x0000, 0x0000, 0x0000, 0x0000, 0x0000, 0x0000,
  0x0000, 0x0000, 0x0000, 0x6863, 0xC0A6, 0xB0A5, 0xD0E7, 0xE026, 0xE168, 0xEEFB,
  0xEF7D, 0xEF7D, 0xFFFF, 0xFFFF, 0xF71C, 0xD800, 0xD907, 0xD907, 0xE148, 0xD800,
  0xE514, 0xEEFB, 0xEE9A, 0xF71C, 0xFF9D, 0xF71C, 0xEA4C, 0xD803, 0xD907, 0xE148,
  0xD800, 0xE410, 0xEF7D, 0xEF5D, 0xF79E, 0xFFFF, 0xFFFF, 0xED76, 0xD800, 0xE168,
  0xE20B, 0xEA4C, 0xE22C, 0x1841, 0x0000, 0x0000, 0x0000, 0x0000, 0x0000, 0x0000,
  0x0000, 0x0000, 0x0000, 0x0000, 0x79A0, 0xE300, 0xD2C0, 0xFB20, 0xFB40, 0xFB40,
  0xFB62, 0xFB20, 0xFC2B, 0xEE9A, 0xEEFB, 0xF71C, 0xFF9D, 0xFF9D, 0xFE58, 0xFC2B,
  0xFC8E, 0xFC8E, 0xFC8E, 0xFC8E, 0xFB84, 0xFB40, 0xFB60, 0xFB40, 0xFB40, 0xFB40,
  0xFB40, 0xFB40, 0xFB40, 0xFB40, 0xFB40, 0xFB40, 0xFB40, 0xFB40, 0xFB40, 0xFB40,
  0xFB40, 0xFC05, 0xFC46, 0xEBE5, 0x1040, 0x0000, 0x0000, 0x0000, 0x0000, 0x0000,
  0x0000, 0x0000, 0x0000, 0x0000, 0x0000, 0x8342, 0xCD63, 0xBCE3, 0xDDC3, 0xE603,
  0xE603, 0xE606, 0xE5E0, 0xE64E, 0xEF7D, 0xEF5D, 0xF79E, 0xFFFF, 0xFFFF, 0xF7DF,
  0xFF9D, 0xFF9D, 0xFF9D, 0xFF9D, 0xFF9D, 0xFF9D, 0xFF9D, 0xFF9D, 0xFF9D, 0xFF9D,
  0xF71C, 0xE5E0, 0xE603, 0xE604, 0xE603, 0xE603, 0xE603, 0xE603, 0xE603, 0xE603,
  0xE603, 0xE603, 0xEE48, 0xEE69, 0xDDE8, 0x1040, 0x0000, 0x0000, 0x0000, 0x0000,
  0x0000, 0x0000, 0x0000, 0x0000, 0x0000, 0x0000, 0x2B84, 0x45A7, 0x4526, 0x4E27,
  0x4E47, 0x5648, 0x868F, 0x868F, 0x868F, 0x868F, 0x868F, 0x76AC, 0x4E27, 0x4E47,
  0x4E47, 0x5648, 0x2E20, 0xC718, 0xF77D, 0xEF5D, 0xFFFF, 0xFFFF, 0xF7DF, 0x666B,
  0x4645, 0x5648, 0x5648, 0x2E20, 0x9EB2, 0xF77D, 0xEF5D, 0xF7DF, 0xFFFF, 0xFFFF,
  0xA6F4, 0x2E20, 0x5648, 0x6E8B, 0x76AC, 0x6E2B, 0x0060, 0x0000, 0x0000, 0x0000,
  0x0000, 0x0000, 0x0000, 0x0000, 0x0000, 0x0000, 0x0000, 0x0000, 0x0000, 0x0000,
  0x0000, 0x0000, 0x0000, 0x0000, 0x0000, 0x0000, 0x0000, 0x0000, 0x0000, 0x0000,
  0x0000, 0x0000, 0x0000, 0x0000, 0x0000, 0x0000, 0x0000, 0x0000, 0x0000, 0x0000,
  0x0000, 0x0000, 0x0000, 0x0000, 0x0000, 0x0000, 0x0000, 0x0000, 0x0000, 0x0000,
  0x0000, 0x0000, 0x0000, 0x0000, 0x0000, 0x0000, 0x0000, 0x0000, 0x0000, 0x0000,
  0x0000, 0x0000, 0x0000, 0x0000, 0x0000, 0x0000, 0x0000, 0x0000, 0x0000, 0x0000,
  0x0000, 0x0377, 0x03FB, 0x03FB, 0x04BF, 0x04BF, 0x04BF, 0x04BF, 0x04BF, 0x04BF,
  0x04BF, 0x04BF, 0x04BF, 0x04BF, 0x04BF, 0x04BF, 0x04BF, 0x04BF, 0x14BF, 0x049F,
  0x5CFE, 0xEF7D, 0xEF7D, 0xF79E, 0xFFFF, 0xFFFF, 0xFFFF, 0xFFFF, 0xFFFF, 0xFFFF,
  0xFFFF, 0xFFFF, 0x95DF, 0x045F, 0x24BF, 0x04BF, 0x04BF, 0x04BF, 0x04BF, 0x04BF,
  0x04BF, 0x04BF, 0x04BF, 0x04BF, 0x04BF, 0x04BF, 0x04BF, 0x04BF, 0x04BF, 0x2D3F,
  0x357F, 0x2D3F, 0x00A4, 0x0000, 0x0000, 0x0000, 0x0000, 0x0000, 0x0000, 0x0000,
  0x0000, 0x0000, 0x0000, 0x6863, 0xC0A6, 0xB0A5, 0xD0E7, 0xE026, 0xE168, 0xEEFB,
  0xEF7D, 0xEF7D, 0xFFFF, 0xFFFF, 0xF71C, 0xD800, 0xD907, 0xD8C7, 0xE168, 0xD800,
  0xEDD7, 0xEF9E, 0xEF7D, 0xFFFF, 0xFFFF, 0xFFFF, 0xE36E, 0xD803, 0xE148, 0xE148,
  0xD800, 0xE410, 0xEF7D, 0xEF5D, 0xF79E, 0xFFFF, 0xFFFF, 0xED76, 0xD800, 0xE168,
  0xE20B, 0xEA4C, 0xE22C, 0x1841, 0x0000, 0x0000, 0x0000, 0x0000, 0x0000, 0x0000,
  0x0000, 0x0000, 0x0000, 0x0000, 0x79A0, 0xE300, 0xD2C0, 0xFB20, 0xFB40, 0xFB40,
  0xFB62, 0xFB20, 0xFC2B, 0xEF7D, 0xEF7D, 0xF79E, 0xFFFF, 0xFFFF, 0xFE58, 0xF9C0,
  0xFB40, 0xFB20, 0xFB20, 0xFAA0, 0xFB40, 0xFB40, 0xFB40, 0xFB40, 0xFB40, 0xFB40,
  0xFB40, 0xFB40, 0xFB40, 0xFB40, 0xFB40, 0xFB40, 0xFB40, 0xFB40, 0xFB40, 0xFB40,
  0xFB40, 0xFC05, 0xFC46, 0xEBE5, 0x1040, 0x0000, 0x0000, 0x0000, 0x0000, 0x0000,
  0x0000, 0x0000, 0x0000, 0x0000, 0x0000, 0x8342, 0xCD63, 0xBCE3, 0xDDC3, 0xE603,
  0xE603, 0xE606, 0xE5E0, 0xE64E, 0xEF7D, 0xEF5D, 0xF79E, 0xFFFF, 0xFFFF, 0xFFFF,
  0xFFFF, 0xFFFF, 0xFFFF, 0xFFFF, 0xFFFF, 0xFFFF, 0xFFFF, 0xFFFF, 0xFFFF, 0xFFFF,
  0xFF9D, 0xE5E0, 0xE603, 0xE604, 0xE603, 0xE603, 0xE603, 0xE603, 0xE603, 0xE603,
  0xE603, 0xE603, 0xEE48, 0xEE69, 0xDDE8, 0x1040, 0x0000, 0x0000, 0x0000, 0x0000,
  0x0000, 0x0000, 0x0000, 0x0000, 0x0000, 0x0000, 0x2B84, 0x45A7, 0x4526, 0x4E27,
  0x4E47, 0x4E47, 0x3642, 0x3642, 0x3642, 0x3642, 0x3642, 0x4645, 0x4E47, 0x4E47,
  0x4E47, 0x5648, 0x2E20, 0xC718, 0xF77D, 0xEF5D, 0xFFFF, 0xFFFF, 0xF7DF, 0x666B,
  0x4645, 0x5648, 0x5648, 0x2E20, 0x9EB2, 0xF77D, 0xEF5D, 0xF7DF, 0xFFFF, 0xFFFF,
  0xA6F4, 0x2E20, 0x5648, 0x6E8B, 0x76AC, 0x6E2B, 0x0060, 0x0000, 0x0000, 0x0000,
  0x0000, 0x0000, 0x0000, 0x0000, 0x0000, 0x0000, 0x0000, 0x0000, 0x0000, 0x0000,
  0x0000, 0x0000, 0x0000, 0x0000, 0x0000, 0x0000, 0x0000, 0x0000, 0x0000, 0x0000,
  0x0000, 0x0000, 0x0000, 0x0000, 0x0000, 0x0000, 0x0000, 0x0000, 0x0000, 0x0000,
  0x0000, 0x0000, 0x0000, 0x0000, 0x0000, 0x0000, 0x0000, 0x0000, 0x0000, 0x0800,
  0x0800, 0x0000, 0x0000, 0x0000, 0x0800, 0x0800, 0x0800, 0x0000, 0x0000, 0x0000,
  0x0000, 0x0000, 0x0000, 0x0000, 0x0000, 0x0000, 0x0000, 0x0000, 0x0000, 0x0000,
  0x0000, 0x0377, 0x03FB, 0x03FB, 0x04BF, 0x04BF, 0x04BF, 0x04BF, 0x04BF, 0x04BF,
  0x04BF, 0x04BF, 0x04BF, 0x04BF, 0x04BF, 0x04BF, 0x04BF, 0x04BF, 0x14BF, 0x049F,
  0x5CFE, 0xEF5D, 0xEF5D, 0xF77D, 0xFFFF, 0xFFFF, 0xFFFF, 0xFFFF, 0xFFFF, 0xFFFF,
  0xFFFF, 0xFFFF, 0x95DF, 0x045F, 0x24BF, 0x04BF, 0x04BF, 0x04BF, 0x04BF, 0x04BF,
  0x04BF, 0x04BF, 0x04BF, 0x04BF, 0x04BF, 0x04BF, 0x04BF, 0x04BF, 0x04BF, 0x2D3F,
  0x357F, 0x2D3F, 0x00A4, 0x0000, 0x0000, 0x0000, 0x0000, 0x0000, 0x0000, 0x0000,
  0x0000, 0x0000, 0x0000, 0x6863, 0xC0A6, 0xB0A5, 0xD0E7, 0xE026, 0xE168, 0xEEFB,
  0xEF7D, 0xEF7D, 0xFFFF, 0xFFFF, 0xF71C, 0xD800, 0xD907, 0xD8C7, 0xE168, 0xD800,
  0xEDD7, 0xEF9E, 0xEF5D, 0xF7DF, 0xFFFF, 0xFFFF, 0xE36E, 0xD803, 0xE148, 0xE148,
  0xD800, 0xE410, 0xEF7D, 0xEF5D, 0xF79E, 0xFFFF, 0xFFFF, 0xED76, 0xD800, 0xE168,
  0xE20B, 0xEA4C, 0xE22C, 0x1841, 0x0000, 0x0000, 0x0000, 0x0000, 0x0000, 0x0000,
  0x0000, 0x0000, 0x0000, 0x0000, 0x79A0, 0xE300, 0xD2C0, 0xFB20, 0xFB40, 0xFB40,
  0xFB62, 0xFB20, 0xFC2B, 0xEF5D, 0xEF5D, 0xF77D, 0xFFFF, 0xFFFF, 0xFE58, 0xFAA0,
  0xFB84, 0xFB83, 0xFB83, 0xFB83, 0xFB40, 0xFB40, 0xFB40, 0xFB40, 0xFB40, 0xFB40,
  0xFB40, 0xFB40, 0xFB40, 0xFB40, 0xFB40, 0xFB40, 0xFB40, 0xFB40, 0xFB40, 0xFB40,
  0xFB40, 0xFC05, 0xFC46, 0xEBE5, 0x1040, 0x0000, 0x0000, 0x0000, 0x0000, 0x0000,
  0x0000, 0x0000, 0x0000, 0x0000, 0x0000, 0x8342, 0xCD63, 0xBCE3, 0xDDC3, 0xE603,
  0xE603, 0xE606, 0xE5E0, 0xE64E, 0xEF7D, 0xEF5D, 0xF79E, 0xFFFF, 0xFFFF, 0xFFFF,
  0xFFFF, 0xFFFF, 0xFFFF, 0xFFFF, 0xFFFF, 0xFFFF, 0xFFFF, 0xFFFF, 0xFFFF, 0xFFFF,
  0xFF9D, 0xE5E0, 0xE603, 0xE604, 0xE603, 0xE603, 0xE603, 0xE603, 0xE603, 0xE603,
  0xE603, 0xE603, 0xEE48, 0xEE69, 0xDDE8, 0x1040, 0x0000, 0x0000, 0x0000, 0x0000,
  0x0000, 0x0000, 0x0000, 0x0000, 0x0000, 0x0000, 0x2B84, 0x45A7, 0x4526, 0x4E27,
  0x4E47, 0x4E47, 0x5648, 0x5648, 0x5648, 0x5648, 0x5648, 0x4E47, 0x4E47, 0x4E47,
  0x4E47, 0x5648, 0x2E20, 0xC718, 0xF77D, 0xEF5D, 0xFFFF, 0xFFFF, 0xF7DF, 0x666B,
  0x4645, 0x5648, 0x5648, 0x2E20, 0x9EB2, 0xF77D, 0xEF5D, 0xF7DF, 0xFFFF, 0xFFFF,
  0xA6F4, 0x2E20, 0x5648, 0x6E8B, 0x76AC, 0x6E2B, 0x0060, 0x0000, 0x0000, 0x0000,
  0x0000, 0x0000, 0x0000, 0x0000, 0x0000, 0x0000, 0x0000, 0x0000, 0x0000, 0x0000,
  0x0000, 0x0000, 0x0000, 0x0800, 0x0800, 0x0800, 0x0000, 0x0000, 0x0000, 0x0800,
  0x0800, 0x0000, 0x0000, 0x0000, 0x0000, 0x0000, 0x0000, 0x0000, 0x0000, 0x0000,
  0x0000, 0x0000, 0x0000, 0x0000, 0x0000, 0x0000, 0x0000, 0x0000, 0x7884, 0xD8C7,
  0xD907, 0x3041, 0x0000, 0x0000, 0xA8E6, 0xD8C7, 0xA8E6, 0x0000, 0x0000, 0x0000,
  0x0000, 0x0000, 0x0000, 0x0000, 0x0000, 0x0000, 0x0000, 0x0000, 0x0000, 0x0000,
  0x0000, 0x0377, 0x03FB, 0x03FB, 0x04BF, 0x04BF, 0x04BF, 0x04BF, 0x04BF, 0x04BF,
  0x04BF, 0x04BF, 0x04BF, 0x04BF, 0x04BF, 0x04BF, 0x04BF, 0x04BF, 0x14BF, 0x049F,
  0x5CFE, 0xEF5D, 0xEF5D, 0xF77D, 0xFFFF, 0xFFFF, 0xF7DF, 0xEF5D, 0xEF7D, 0xEF7D,
  0xEF7D, 0xF77D, 0x755F, 0x045F, 0x24BF, 0x04BF, 0x04BF, 0x04BF, 0x04BF, 0x04BF,
  0x04BF, 0x04BF, 0x04BF, 0x04BF, 0x04BF, 0x04BF, 0x04BF, 0x04BF, 0x04BF, 0x2D3F,
  0x357F, 0x2D3F, 0x00A4, 0x0000, 0x0000, 0x0000, 0x0000, 0x0000, 0x0000, 0x0000,
  0x0000, 0x0000, 0x0000, 0x6863, 0xC0A6, 0xB0A5, 0xD0E7, 0xE026, 0xE168, 0xEEFB,
  0xEF7D, 0xEF7D, 0xFFFF, 0xFFFF, 0xF71C, 0xD800, 0xD907, 0xD8C7, 0xE168, 0xD800,
  0xEDD7, 0xEF9E, 0xEF5D, 0xFFFF, 0xFFFF, 0xFFFF, 0xE36E, 0xD803, 0xE148, 0xE148,
  0xD800, 0xE410, 0xEF7D, 0xEF5D, 0xF79E, 0xFFFF, 0xFFFF, 0xED76, 0xD800, 0xE168,
  0xE20B, 0xEA4C, 0xE22C, 0x1841, 0x0000, 0x0000, 0x0000, 0x0000, 0x0000, 0x0000,
  0x0000, 0x0000, 0x0000, 0x0000, 0x79A0, 0xE300, 0xD2C0, 0xFB20, 0xFB40, 0xFB40,
  0xFB62, 0xFB20, 0xFC2B, 0xEF5D, 0xEF5D, 0xF77D, 0xFFFF, 0xFFFF, 0xFE58, 0xFAA0,
  0xFB64, 0xFB40, 0xFB40, 0xFB40, 0xFB40, 0xFB40, 0xFB40, 0xFB40, 0xFB40, 0xFB40,
  0xFB40, 0xFB40, 0xFB40, 0xFB40, 0xFB40, 0xFB40, 0xFB40, 0xFB40, 0xFB40, 0xFB40,
  0xFB40, 0xFC05, 0xFC46, 0xEBE5, 0x1040, 0x0000, 0x0000, 0x0000, 0x0000, 0x0000,
  0x0000, 0x0000, 0x0000, 0x0000, 0x0000, 0x8342, 0xCD63, 0xBCE3, 0xDDC3, 0xE603,
  0xE603, 0xE606, 0xE5E0, 0xE64E, 0xEF7D, 0xEF5D, 0xF79E, 0xFFFF, 0xFFFF, 0xF7DF,
  0xEF5D, 0xEF7D, 0xEF7D, 0xEF7D, 0xEF7D, 0xEF7D, 0xEF7D, 0xEF7D, 0xEF5D, 0xEF7D,
  0xEEFB, 0xE5E0, 0xE603, 0xE604, 0xE603, 0xE603, 0xE603, 0xE603, 0xE603, 0xE603,
  0xE603, 0xE603, 0xEE48, 0xEE69, 0xDDE8, 0x1040, 0x0000, 0x0000, 0x0000, 0x0000,
  0x0000, 0x0000, 0x0000, 0x0000, 0x0000, 0x0000, 0x2B84, 0x45A7, 0x4526, 0x4E27,
  0x4E47, 0x4E47, 0x4E47, 0x4E47, 0x4E47, 0x4E47, 0x4E47, 0x4E47, 0x4E47, 0x4E47,
  0x4E47, 0x5648, 0x2E20, 0xC718, 0xF77D, 0xEF5D, 0xFFFF, 0xFFFF, 0xF7DF, 0x666B,
  0x4645, 0x5648, 0x5648, 0x2E20, 0x9EB2, 0xF77D, 0xEF5D, 0xF7DF, 0xFFFF, 0xFFFF,
  0xA6F4, 0x2E20, 0x5648, 0x6E8B, 0x76AC, 0x6E2B, 0x0060, 0x0000, 0x0000, 0x0000,
  0x0000, 0x0000, 0x0000, 0x0000, 0x0000, 0x0000, 0x0000, 0x0000, 0x0000, 0x0000,
  0x0000, 0x0000, 0x0800, 0xC0C6, 0xD8C7, 0xA8E6, 0x0000, 0x0000, 0x4862, 0xD907,
  0xD8C7, 0x6084, 0x0000, 0x0000, 0x0000, 0x0000, 0x0000, 0x0000, 0x0000, 0x0000,
  0x0000, 0x0000, 0x0000, 0x0000, 0x0000, 0x0000, 0x0000, 0x0000, 0x7884, 0xE8E7,
  0xE0C7, 0x3041, 0x0000, 0x0000, 0xC0C6, 0xE8E7, 0xC0C6, 0x0000, 0x0000, 0x0000,
  0x0000, 0x0000, 0x0000, 0x0000, 0x0000, 0x0000, 0x0000, 0x0000, 0x0000, 0x0000,
  0x0000, 0x0377, 0x03FB, 0x03FB, 0x04BF, 0x04BF, 0x04BF, 0x04BF, 0x04BF, 0x04BF,
  0x04BF, 0x04BF, 0x04BF, 0x04BF, 0x04BF, 0x04BF, 0x04BF, 0x04BF, 0x14BF, 0x049F,
  0x5CFE, 0xEF5D, 0xEF5D, 0xF77D, 0xFFFF, 0xFFFF, 0xF7DF, 0xEF5D, 0xEF7D, 0xEF7D,
  0xEF7D, 0xF77D, 0x7D5D, 0x045F, 0x24BF, 0x04BF, 0x04BF, 0x04BF, 0x04BF, 0x04BF,
  0x04BF, 0x04BF, 0x04BF, 0x04BF, 0x04BF, 0x04BF, 0x04BF, 0x04BF, 0x04BF, 0x2D3F,
  0x357F, 0x2D3F, 0x00A4, 0x0000, 0x0000, 0x0000, 0x0000, 0x0000, 0x0000, 0x0000,
  0x0000, 0x0000, 0x0000, 0x6863, 0xC0A6, 0xB0A5, 0xD0E7, 0xE026, 0xE168, 0xEEFB,
  0xEF7D, 0xEF7D, 0xFFFF, 0xFFFF, 0xF71C, 0xD800, 0xD907, 0xD8C7, 0xE168, 0xD800,
  0xEDD7, 0xEF9E, 0xEF5D, 0xFFFF, 0xFFFF, 0xFFFF, 0xE36E, 0xD803, 0xE148, 0xE148,
  0xD800, 0xE410, 0xEF7D, 0xEF5D, 0xF79E, 0xFFFF, 0xFFFF, 0xED76, 0xD800, 0xE168,
  0xE20B, 0xEA4C, 0xE22C, 0x1841, 0x0000, 0x0000, 0x0000, 0x0000, 0x0000, 0x0000,
  0x0000, 0x0000, 0x0000, 0x0000, 0x79A0, 0xE300, 0xD2C0, 0xFB20, 0xFB40, 0xFB40,
  0xFB62, 0xFB20, 0xFC2B, 0xEF5D, 0xEF5D, 0xF77D, 0xFFFF, 0xFFFF, 0xFE58, 0xFAA0,
  0xFB64, 0xFB40, 0xFB40, 0xFB40, 0xFB40, 0xFB40, 0xFB40, 0xFB40, 0xFB40, 0xFB40,
  0xFB40, 0xFB40, 0xFB40, 0xFB40, 0xFB40, 0xFB40, 0xFB40, 0xFB40, 0xFB40, 0xFB40,
  0xFB40, 0xFC05, 0xFC46, 0xEBE5, 0x1040, 0x0000, 0x0000, 0x0000, 0x0000, 0x0000,
  0x0000, 0x0000, 0x0000, 0x0000, 0x0000, 0x8342, 0xCD63, 0xBCE3, 0xDDC3, 0xE603,
  0xE603, 0xE606, 0xE5E0, 0xE64E, 0xEF7D, 0xEF5D, 0xF79E, 0xFFFF, 0xFFFF, 0xF7DF,
  0xEF7D, 0xEF7D, 0xEF7D, 0xEF7D, 0xEF7D, 0xEF7D, 0xEF7D, 0xEF7D, 0xEF7D, 0xEF9E,
  0xEEFB, 0xE5E0, 0xE603, 0xE604, 0xE603, 0xE603, 0xE603, 0xE603, 0xE603, 0xE603,
  0xE603, 0xE603, 0xEE48, 0xEE69, 0xDDE8, 0x1040, 0x0000, 0x0000, 0x0000, 0x0000,
  0x0000, 0x0000, 0x0000, 0x0000, 0x0000, 0x0000, 0x2B84, 0x45A7, 0x4526, 0x4E27,
  0x4E47, 0x4E47, 0x4E47, 0x4E47, 0x4E47, 0x4E47, 0x4E47, 0x4E47, 0x4E47, 0x4E47,
  0x4E47, 0x5648, 0x2E20, 0xC718, 0xF77D, 0xEF5D, 0xFFFF, 0xFFFF, 0xF7DF, 0x666B,
  0x4645, 0x5648, 0x5648, 0x2E20, 0x9EB2, 0xF77D, 0xEF5D, 0xF7DF, 0xFFFF, 0xFFFF,
  0xA6F4, 0x2E20, 0x5648, 0x6E8B, 0x76AC, 0x6E2B, 0x0060, 0x0000, 0x0000, 0x0000,
  0x0000, 0x0000, 0x0000, 0x0000, 0x0000, 0x0000, 0x0000, 0x0000, 0x0000, 0x0000,
  0x0000, 0x0000, 0x0000, 0xC0C6, 0xE8E7, 0xA8E6, 0x0000, 0x0000, 0x4862, 0xE8E7,
  0xE8E7, 0x6084, 0x0000, 0x0000, 0x0000, 0x0000, 0x0000, 0x0000, 0x0000, 0x0000,
  0x0000, 0x0000, 0x0000, 0x0000, 0x0000, 0x0800, 0x3041, 0x1841, 0x9084, 0xE8E7,
  0xE0C7, 0x4862, 0x1841, 0x3041, 0xC0C6, 0xE168, 0xC0C6, 0x3041, 0x3041, 0x1841,
  0x0000, 0x0000, 0x0000, 0x0000, 0x0000, 0x0000, 0x0000, 0x0000, 0x0000, 0x0000,
  0x0000, 0x0377, 0x03FB, 0x03FB, 0x04BF, 0x04BF, 0x04BF, 0x04BF, 0x04BF, 0x04BF,
  0x04BF, 0x04BF, 0x04BF, 0x04BF, 0x04BF, 0x04BF, 0x04BF, 0x04BF, 0x14BF, 0x049F,
  0x5CFE, 0xEF5D, 0xEF5D, 0xF77D, 0xFFFF, 0xFFFF, 0xEF9E, 0xDF3C, 0xDF3C, 0xDF3C,
  0xDF3C, 0xDF3C, 0x755F, 0x049F, 0x14BF, 0x04BF, 0x04BF, 0x04BF, 0x04BF, 0x04BF,
  0x04BF, 0x04BF, 0x04BF, 0x04BF, 0x04BF, 0x04BF, 0x04BF, 0x04BF, 0x04BF, 0x2D3F,
  0x357F, 0x2D3F, 0x00A4, 0x0000, 0x0000, 0x0000, 0x0000, 0x0000, 0x0000, 0x0000,
  0x0000, 0x0000, 0x0000, 0x6863, 0xC0A6, 0xB0A5, 0xD0E7, 0xE026, 0xE168, 0xEEFB,
  0xEF7D, 0xEF7D, 0xFFFF, 0xFFFF, 0xF71C, 0xD800, 0xD907, 0xD8C7, 0xE168, 0xD800,
  0xEDD7, 0xEF9E, 0xEF5D, 0xFFFF, 0xFFFF, 0xFFFF, 0xE36E, 0xD803, 0xE148, 0xE148,
  0xD800, 0xE410, 0xEF7D, 0xEF5D, 0xF79E, 0xFFFF, 0xFFFF, 0xED76, 0xD800, 0xE168,
  0xE20B, 0xEA4C, 0xE22C, 0x1841, 0x0000, 0x0000, 0x0000, 0x0000, 0x0000, 0x0000,
  0x0000, 0x0000, 0x0000, 0x0000, 0x79A0, 0xE300, 0xD2C0, 0xFB20, 0xFB40, 0xFB40,
  0xFB62, 0xFB20, 0xFC2B, 0xEF5D, 0xEF5D, 0xF77D, 0xFFFF, 0xFFFF, 0xFE58, 0xFAA0,
  0xFB64, 0xFB40, 0xFB40, 0xFB40, 0xFB40, 0xFB40, 0xFB40, 0xFB40, 0xFB40, 0xFB40,
  0xFB40, 0xFB40, 0xFB40, 0xFB40, 0xFB40, 0xFB40, 0xFB40, 0xFB40, 0xFB40, 0xFB40,
  0xFB40, 0xFC05, 0xFC46, 0xEBE5, 0x1040, 0x0000, 0x0000, 0x0000, 0x0000, 0x0000,
  0x0000, 0x0000, 0x0000, 0x0000, 0x0000, 0x8342, 0xCD63, 0xBCE3, 0xDDC3, 0xE603,
  0xE603, 0xE606, 0xE5E0, 0xE64E, 0xEF7D, 0xEF5D, 0xF79E, 0xFFFF, 0xFFFF, 0xF77D,
  0xEEFB, 0xEEFB, 0xEEFB, 0xEEFB, 0xEEFB, 0xEEFB, 0xEEFB, 0xEEFB, 0xEEFB, 0xEEFB,
  0xF717, 0xEE22, 0xE603, 0xE604, 0xE603, 0xE603, 0xE603, 0xE603, 0xE603, 0xE603,
  0xE603, 0xE603, 0xEE48, 0xEE69, 0xDDE8, 0x1040, 0x0000, 0x0000, 0x0000, 0x0000,
  0x0000, 0x0000, 0x0000, 0x0000, 0x0000, 0x0000, 0x2B84, 0x45A7, 0x4526, 0x4E27,
  0x4E47, 0x4E47, 0x4E47, 0x4E47, 0x4E47, 0x4E47, 0x4E47, 0x4E47, 0x4E47, 0x4E47,
  0x4E47, 0x5648, 0x2E20, 0xC718, 0xF77D, 0xEF5D, 0xFFFF, 0xFFFF, 0xF7DF, 0x666B,
  0x4645, 0x5648, 0x5648, 0x2E20, 0x9EB2, 0xF77D, 0xEF5D, 0xF7DF, 0xFFFF, 0xFFFF,
  0xA6F4, 0x2E20, 0x5648, 0x6E8B, 0x76AC, 0x6E2B, 0x0060, 0x0000, 0x0000, 0x0000,
  0x0000, 0x0000, 0x0000, 0x0000, 0x0000, 0x0000, 0x0000, 0x0000, 0x0000, 0x0000,
  0x1841, 0x3041, 0x3041, 0xC0C6, 0xE8E7, 0xC0C6, 0x3041, 0x1841, 0x6084, 0xE148,
  0xE168, 0x7884, 0x1841, 0x3041, 0x0800, 0x0000, 0x0000, 0x0000, 0x0000, 0x0000,
  0x0000, 0x0000, 0x0000, 0x0000, 0x0000, 0x4862, 0xC0A6, 0xB0A5, 0xD0E7, 0xE0C7,
  0xD8C7, 0xE0C7, 0xE0C7, 0xE0C7, 0xE20B, 0xE22C, 0xE20B, 0xD907, 0xE8E7, 0xA8E6,
  0x0000, 0x0000, 0x0000, 0x0000, 0x0000, 0x0000, 0x0000, 0x0000, 0x0000, 0x0000,
  0x0000, 0x0377, 0x03FB, 0x03FB, 0x04BF, 0x04BF, 0x04BF, 0x04BF, 0x04BF, 0x04BF,
  0x04BF, 0x04BF, 0x04BF, 0x04BF, 0x04BF, 0x04BF, 0x04BF, 0x04BF, 0x14BF, 0x049F,
  0x5CFE, 0xEF5D, 0xEF5D, 0xF77D, 0xFFFF, 0xFFFF, 0xC6BF, 0x045F, 0x14BF, 0x049F,
  0x049F, 0x049F, 0x04BF, 0x04BF, 0x04BF, 0x04BF, 0x04BF, 0x04BF, 0x04BF, 0x04BF,
  0x04BF, 0x04BF, 0x04BF, 0x04BF, 0x04BF, 0x04BF, 0x04BF, 0x04BF, 0x04BF, 0x2D3F,
  0x357F, 0x2D3F, 0x00A4, 0x0000, 0x0000, 0x0000, 0x0000, 0x0000, 0x0000, 0x0000,
  0x0000, 0x0000, 0x0000, 0x6863, 0xC0A6, 0xB0A5, 0xD0E7, 0xE026, 0xE168, 0xEEFB,
  0xEF7D, 0xEF7D, 0xFFFF, 0xFFFF, 0xF71C, 0xD800, 0xD907, 0xD8C7, 0xE168, 0xD800,
  0xEDD7, 0xEF9E, 0xEF5D, 0xF7DF, 0xFFFF, 0xFFFF, 0xE36E, 0xD803, 0xE148, 0xE148,
  0xD800, 0xE410, 0xEF7D, 0xEF5D, 0xF79E, 0xFFFF, 0xFFFF, 0xED76, 0xD800, 0xE168,
  0xE20B, 0xEA4C, 0xE22C, 0x1841, 0x0000, 0x0000, 0x0000, 0x0000, 0x0000, 0x0000,
  0x0000, 0x0000, 0x0000, 0x0000, 0x79A0, 0xE300, 0xD2C0, 0xFB20, 0xFB40, 0xFB40,
  0xFB62, 0xFB20, 0xFC2B, 0xEF5D, 0xEF5D, 0xF77D, 0xFFFF, 0xFFFF, 0xFE58, 0xFAA0,
  0xFB64, 0xFB40, 0xFB40, 0xFB40, 0xFB40, 0xFB40, 0xFB40, 0xFB40, 0xFB40, 0xFB40,
  0xFB40, 0xFB40, 0xFB40, 0xFB40, 0xFB40, 0xFB40, 0xFB40, 0xFB40, 0xFB40, 0xFB40,
  0xFB40, 0xFC05, 0xFC46, 0xEBE5, 0x1040, 0x0000, 0x0000, 0x0000, 0x0000, 0x0000,
  0x0000, 0x0000, 0x0000, 0x0000, 0x0000, 0x8342, 0xCD63, 0xBCE3, 0xDDC3, 0xE603,
  0xE603, 0xE606, 0xE5E0, 0xE64E, 0xEF7D, 0xEF5D, 0xF79E, 0xFFFF, 0xFFFF, 0xF717,
  0xE5E0, 0xE604, 0xE5E0, 0xE5E0, 0xE5E0, 0xE5E0, 0xE5E0, 0xE5E0, 0xE5E0, 0xE5E0,
  0xEE22, 0xE603, 0xE603, 0xE603, 0xE603, 0xE603, 0xE603, 0xE603, 0xE603, 0xE603,
  0xE603, 0xE603, 0xEE48, 0xEE69, 0xDDE8, 0x1040, 0x0000, 0x0000, 0x0000, 0x0000,
  0x0000, 0x0000, 0x0000, 0x0000, 0x0000, 0x0000, 0x2B84, 0x45A7, 0x4526, 0x4E27,
  0x4E47, 0x4E47, 0x4E47, 0x4E47, 0x4E47, 0x4E47, 0x4E47, 0x4E47, 0x4E47, 0x4E47,
  0x4E47, 0x5648, 0x2E20, 0xC718, 0xF77D, 0xEF5D, 0xFFFF, 0xFFFF, 0xF7DF, 0x666B,
  0x4645, 0x5648, 0x5648, 0x2E20, 0x9EB2, 0xF77D, 0xEF5D, 0xF79E, 0xFFFF, 0xFFFF,
  0xA6F4, 0x2E20, 0x5648, 0x6E8B, 0x76AC, 0x6E2B, 0x0060, 0x0000, 0x0000, 0x0000,
  0x0000, 0x0000, 0x0000, 0x0000, 0x0000, 0x0000, 0x0000, 0x0000, 0x0000, 0x0000,
  0x9885, 0xC0A6, 0xB0A5, 0xD8C7, 0xD8C7, 0xD8C7, 0xE0C7, 0xD886, 0xE168, 0xE22C,
  0xE22C, 0xD9C9, 0xD8C7, 0xE8E7, 0x4862, 0x0000, 0x0000, 0x0000, 0x0000, 0x0000,
  0x0000, 0x0000, 0x0000, 0x0000, 0x0000, 0x6084, 0xD0E7, 0xC0A6, 0xD0E7, 0xE0C7,
  0xE0C7, 0xD8C7, 0xD8C7, 0xD8C7, 0xE22C, 0xEA4C, 0xE22C, 0xE8E7, 0xE8E7, 0xA8E6,
  0x0000, 0x0000, 0x0000, 0x0000, 0x0000, 0x0000, 0x0000, 0x0000, 0x0000, 0x0000,
  0x0000, 0x0377, 0x03FB, 0x03FB, 0x04BF, 0x04BF, 0x04BF, 0x04BF, 0x04BF, 0x04BF,
  0x04BF, 0x04BF, 0x04BF, 0x04BF, 0x04BF, 0x04BF, 0x04BF, 0x04BF, 0x14BF, 0x049F,
  0x5CFE, 0xEF5D, 0xEF5D, 0xF77D, 0xFFFF, 0xFFFF, 0xC6BF, 0x045F, 0x24BF, 0x04BF,
  0x04BF, 0x04BF, 0x04BF, 0x04BF, 0x04BF, 0x04BF, 0x04BF, 0x04BF, 0x04BF, 0x04BF,
  0x04BF, 0x04BF, 0x04BF, 0x04BF, 0x04BF, 0x04BF, 0x04BF, 0x04BF, 0x04BF, 0x2D3F,
  0x357F, 0x2D3F, 0x00A4, 0x0000, 0x0000, 0x0000, 0x0000, 0x0000, 0x0000, 0x0000,
  0x0000, 0x0000, 0x0000, 0x6863, 0xC0A6, 0xB0A5, 0xD0E7, 0xE026, 0xE168, 0xEEFB,
  0xEF7D, 0xEF7D, 0xFFFF, 0xFFFF, 0xF71C, 0xD800, 0xD907, 0xD907, 0xE168, 0xD800,
  0xEDD7, 0xEF9E, 0xEF5D, 0xFFFF, 0xFFFF, 0xFFFF, 0xE36E, 0xD803, 0xE148, 0xE148,
  0xD800, 0xE410, 0xEF7D, 0xEF5D, 0xF79E, 0xFFFF, 0xFFFF, 0xED76, 0xD800, 0xE168,
  0xE20B, 0xEA4C, 0xE22C, 0x1841, 0x0000, 0x0000, 0x0000, 0x0000, 0x0000, 0x0000,
  0x0000, 0x0000, 0x0000, 0x0000, 0x79A0, 0xE300, 0xD2C0, 0xFB20, 0xFB40, 0xFB40,
  0xFB62, 0xFB20, 0xFC2B, 0xEF5D, 0xEF5D, 0xF77D, 0xFFFF, 0xFFFF, 0xFE58, 0xFAA0,
  0xFB64, 0xFB40, 0xFB40, 0xFB40, 0xFB40, 0xFB40, 0xFB40, 0xFB40, 0xFB40, 0xFB40,
  0xFB40, 0xFB40, 0xFB40, 0xFB40, 0xFB40, 0xFB40, 0xFB40, 0xFB40, 0xFB40, 0xFB40,
  0xFB40, 0xFC05, 0xFC46, 0xEBE5, 0x1040, 0x0000, 0x0000, 0x0000, 0x0000, 0x0000,
  0x0000, 0x0000, 0x0000, 0x0000, 0x0000, 0x8342, 0xCD63, 0xBCE3, 0xDDC3, 0xE603,
  0xE603, 0xE606, 0xE5E0, 0xE64E, 0xEF7D, 0xEF5D, 0xF79E, 0xFFFF, 0xFFFF, 0xF717,
  0xE5E0, 0xE606, 0xE603, 0xE603, 0xE603, 0xE603, 0xE603, 0xE603, 0xE603, 0xE603,
  0xE603, 0xE603, 0xE603, 0xE603, 0xE603, 0xE603, 0xE603, 0xE603, 0xE603, 0xE603,
  0xE603, 0xE603, 0xEE48, 0xEE69, 0xDDE8, 0x1040, 0x0000, 0x0000, 0x0000, 0x0000,
  0x0000, 0x0000, 0x0000, 0x0000, 0x0000, 0x0000, 0x2B84, 0x45A7, 0x4526, 0x4E27,
  0x4E47, 0x4E47, 0x4E47, 0x4E47, 0x4E47, 0x4E47, 0x4E47, 0x4E47, 0x4E47, 0x4E47,
  0x4E47, 0x5648, 0x2E20, 0xC718, 0xF77D, 0xEF5D, 0xFFFF, 0xFFFF, 0xF7DF, 0x666B,
  0x4645, 0x5648, 0x5648, 0x2E20, 0x9EB2, 0xF77D, 0xEF5D, 0xF7DF, 0xFFFF, 0xFFFF,
  0xA6F4, 0x2E20, 0x5648, 0x6E8B, 0x76AC, 0x6E2B, 0x0060, 0x0000, 0x0000, 0x0000,
  0x0000, 0x0000, 0x0000, 0x0000, 0x0000, 0x0000, 0x0000, 0x0000, 0x0000, 0x0000,
  0xA885, 0xD0E7, 0xC0A6, 0xD8C7, 0xE0C7, 0xD8C7, 0xD8C7, 0xD886, 0xE168, 0xEA4C,
  0xEA4C, 0xE20B, 0xE8E7, 0xE8E7, 0x4862, 0x0000, 0x0000, 0x0000, 0x0000, 0x0000,
  0x0000, 0x0000, 0x0000, 0x0000, 0x0000, 0x3041, 0x8064, 0x6863, 0xB0A5, 0xD0E7,
  0xD0E7, 0xD8C7, 0xD8C7, 0xD8C7, 0xD9C9, 0xE20B, 0xE20B, 0x9084, 0x9084, 0x6084,
  0x0000, 0x0000, 0x0000, 0x0000, 0x0000, 0x0000, 0x0000, 0x0000, 0x0000, 0x0000,
  0x0000, 0x0377, 0x03FB, 0x03FB, 0x04BF, 0x04BF, 0x04BF, 0x04BF, 0x04BF, 0x04BF,
  0x04BF, 0x04BF, 0x04BF, 0x04BF, 0x04BF, 0x04BF, 0x04BF, 0x04BF, 0x14BF, 0x049F,
  0x5CFE, 0xEF5D, 0xEF5D, 0xEF7D, 0xF7DF, 0xFFFF, 0xC6BF, 0x045F, 0x24BF, 0x14BF,
  0x14BF, 0x14BF, 0x04BF, 0x04BF, 0x04BF, 0x04BF, 0x04BF, 0x04BF, 0x04BF, 0x04BF,
  0x04BF, 0x04BF, 0x04BF, 0x04BF, 0x04BF, 0x04BF, 0x04BF, 0x04BF, 0x04BF, 0x2D3F,
  0x357F, 0x2D3F, 0x00A4, 0x0000, 0x0000, 0x0000, 0x0000, 0x0000, 0x0000, 0x0000,
  0x0000, 0x0000, 0x0000, 0x6863, 0xC0A6, 0xB0A5, 0xD0E7, 0xE026, 0xE168, 0xEEFB,
  0xEF7D, 0xEF7D, 0xF7DF, 0xFFFF, 0xEEFB, 0xD803, 0xD907, 0xD8C7, 0xE148, 0xD800,
  0xEDD7, 0xEF9E, 0xEF5D, 0xF79E, 0xF7DF, 0xF7DF, 0xE36E, 0xD803, 0xD907, 0xE148,
  0xD800, 0xE410, 0xEF7D, 0xEF5D, 0xF79E, 0xF7DF, 0xFFFF, 0xED76, 0xD800, 0xE168,
  0xE20B, 0xEA4C, 0xE22C, 0x1841, 0x0000, 0x0000, 0x0000, 0x0000, 0x0000, 0x0000,
  0x0000, 0x0000, 0x0000, 0x0000, 0x79A0, 0xE300, 0xD2C0, 0xFB20, 0xFB40, 0xFB40,
  0xFB62, 0xFB20, 0xFC2B, 0xEF5D, 0xEF5D, 0xF77D, 0xF7DF, 0xFFFF, 0xFE58, 0xFAA0,
  0xFB64, 0xFB40, 0xFB40, 0xFB40, 0xFB40, 0xFB40, 0xFB40, 0xFB40, 0xFB40, 0xFB40,
  0xFB40, 0xFB40, 0xFB40, 0xFB40, 0xFB40, 0xFB40, 0xFB40, 0xFB40, 0xFB40, 0xFB40,
  0xFB40, 0xFC05, 0xFC46, 0xEBE5, 0x1040, 0x0000, 0x0000, 0x0000, 0x0000, 0x0000,
  0x0000, 0x0000, 0x0000, 0x0000, 0x0000, 0x8342, 0xCD63, 0xBCE3, 0xDDC3, 0xE603,
  0xE603, 0xE606, 0xE5E0, 0xE64E, 0xEF7D, 0xEF5D, 0xF77D, 0xF7DF, 0xFFFF, 0xF717,
  0xE5E0, 0xE606, 0xE603, 0xE604, 0xE604, 0xE604, 0xE604, 0xE604, 0xE604, 0xE604,
  0xE603, 0xE603, 0xE603, 0xE603, 0xE603, 0xE603, 0xE603, 0xE603, 0xE603, 0xE603,
  0xE603, 0xE603, 0xEE48, 0xEE69, 0xDDE8, 0x1040, 0x0000, 0x0000, 0x0000, 0x0000,
  0x0000, 0x0000, 0x0000, 0x0000, 0x0000, 0x0000, 0x2B84, 0x45A7, 0x4526, 0x4E27,
  0x4E47, 0x4E47, 0x4E47, 0x4E47, 0x4E47, 0x4E47, 0x4E47, 0x4E47, 0x4E47, 0x4E47,
  0x4E47, 0x5648, 0x2E20, 0xC718, 0xF77D, 0xEF5D, 0xFFFF, 0xFFFF, 0xF7DF, 0x666B,
  0x4645, 0x4E47, 0x5648, 0x2E20, 0x9EB2, 0xF77D, 0xEF5D, 0xF79E, 0xF7DF, 0xFFFF,
  0xA6F4, 0x2E20, 0x5648, 0x6E8B, 0x76AC, 0x6E2B, 0x0060, 0x0000, 0x0000, 0x0000,
  0x0000, 0x0000, 0x0000, 0x0000, 0x0000, 0x0000, 0x0000, 0x0000, 0x0000, 0x0000,
  0x6863, 0x8064, 0x8064, 0xD0E7, 0xD0E7, 0xD0E7, 0xD8C7, 0xD8C7, 0xE168, 0xE20B,
  0xE20B, 0xA8E6, 0x9084, 0x9084, 0x3041, 0x0000, 0x0000, 0x0000, 0x0000, 0x0000,
  0x0000, 0x0000, 0x0000, 0x0000, 0x0000, 0x0000, 0x0000, 0x0000, 0x6863, 0xC0A6,
  0xB0A5, 0xD0E7, 0xD8C7, 0xD8C7, 0xD8C7, 0xD886, 0xC0C6, 0x0000, 0x0000, 0x0000,
  0x0000, 0x0000, 0x0000, 0x0000, 0x0000, 0x0000, 0x0000, 0x0000, 0x0000, 0x0000,
  0x0000, 0x0377, 0x03FB, 0x03FB, 0x04BF, 0x04BF, 0x04BF, 0x04BF, 0x04BF, 0x14BF,
  0x24BF, 0x24BF, 0x24BF, 0x24BF, 0x24BF, 0x24BF, 0x24BF, 0x24BF, 0x24BF, 0x04BF,
  0x5CFE, 0xEF5D, 0xEF5D, 0xEF5D, 0xEF5D, 0xEF7D, 0xAE3E, 0x045F, 0x24BF, 0x04BF,
  0x04BF, 0x04BF, 0x04BF, 0x04BF, 0x04BF, 0x04BF, 0x04BF, 0x04BF, 0x04BF, 0x04BF,
  0x04BF, 0x04BF, 0x04BF, 0x04BF, 0x04BF, 0x04BF, 0x04BF, 0x04BF, 0x04BF, 0x2D3F,
  0x357F, 0x2D3F, 0x00A4, 0x0000, 0x0000, 0x0000, 0x0000, 0x0000, 0x0000, 0x0000,
  0x0000, 0x0000, 0x0000, 0x6863, 0xC0A6, 0xB0A5, 0xD0E7, 0xE026, 0xE168, 0xEEFB,
  0xEF7D, 0xEF5D, 0xEF5D, 0xEF7D, 0xEE9A, 0xE026, 0xE168, 0xE168, 0xD9C9, 0xD803,
  0xEDD7, 0xEF7D, 0xEF5D, 0xEF5D, 0xEF5D, 0xEF5D, 0xE36E, 0xE026, 0xE168, 0xD9C9,
  0xD803, 0xE410, 0xEF7D, 0xEF5D, 0xEF5D, 0xEF5D, 0xEF7D, 0xE514, 0xD800, 0xE148,
  0xE20B, 0xEA4C, 0xE22C, 0x1841, 0x0000, 0x0000, 0x0000, 0x0000, 0x0000, 0x0000,
  0x0000, 0x0000, 0x0000, 0x0000, 0x79A0, 0xE300, 0xD2C0, 0xFB20, 0xFB40, 0xFB40,
  0xFB62, 0xFB20, 0xFC2B, 0xEF5D, 0xEF5D, 0xEF5D, 0xEF5D, 0xEF7D, 0xEDD7, 0xFAA0,
  0xFB84, 0xFB64, 0xFB84, 0xFB84, 0xFB84, 0xFB84, 0xFB84, 0xFB84, 0xFB84, 0xFB84,
  0xFB84, 0xFB84, 0xFB84, 0xFB84, 0xFB84, 0xFB62, 0xFB40, 0xFB40, 0xFB40, 0xFB40,
  0xFB40, 0xFC05, 0xFC46, 0xEBE5, 0x1040, 0x0000, 0x0000, 0x0000, 0x0000, 0x0000,
  0x0000, 0x0000, 0x0000, 0x0000, 0x0000, 0x8342, 0xCD63, 0xBCE3, 0xDDC3, 0xE603,
  0xE603, 0xE606, 0xE5E0, 0xE64E, 0xEF5D, 0xEF5D, 0xEF5D, 0xEF5D, 0xEF7D, 0xEEB5,
  0xE5E0, 0xE606, 0xE606, 0xE606, 0xE606, 0xE606, 0xE606, 0xE606, 0xE606, 0xE606,
  0xE606, 0xE606, 0xE606, 0xE606, 0xE606, 0xE606, 0xE604, 0xE603, 0xE603, 0xE603,
  0xE603, 0xE603, 0xEE48, 0xEE69, 0xDDE8, 0x1040, 0x0000, 0x0000, 0x0000, 0x0000,
  0x0000, 0x0000, 0x0000, 0x0000, 0x0000, 0x0000, 0x2B84, 0x45A7, 0x4526, 0x4E27,
  0x4E47, 0x4E47, 0x4E47, 0x4E47, 0x4E47, 0x4E47, 0x4E47, 0x4E47, 0x5648, 0x5648,
  0x5648, 0x5648, 0x4645, 0xC718, 0xF77D, 0xEF5D, 0xFFFF, 0xFFFF, 0xF7DF, 0x6E8B,
  0x4E47, 0x5648, 0x5648, 0x4645, 0x9EB2, 0xF77D, 0xEF5D, 0xEF5D, 0xEF5D, 0xEF7D,
  0x9EB2, 0x2E20, 0x5648, 0x6E8B, 0x76AC, 0x6E2B, 0x0060, 0x0000, 0x0000, 0x0000,
  0x0000, 0x0000, 0x0000, 0x0000, 0x0000, 0x0000, 0x0000, 0x0000, 0x0000, 0x0000,
  0x0000, 0x0000, 0x0000, 0xA885, 0xB0A5, 0xB0A5, 0xD8C7, 0xD8C7, 0xD8C7, 0xD8C7,
  0xE8E7, 0x6084, 0x0000, 0x0000, 0x0000, 0x0000, 0x0000, 0x0000, 0x0000, 0x0000,
  0x0000, 0x0000, 0x0000, 0x0000, 0x0000, 0x0000, 0x0000, 0x0000, 0x6863, 0xD0E7,
  0xC0A6, 0xD8C7, 0xE0C7, 0xE0C7, 0xE8E7, 0xE8E7, 0xE148, 0x0000, 0x0000, 0x0000,
  0x0000, 0x0000, 0x0000, 0x0000, 0x0000, 0x0000, 0x0000, 0x0000, 0x0000, 0x0000,
  0x0000, 0x0377, 0x03FB, 0x03FB, 0x04BF, 0x04BF, 0x04BF, 0x04BF, 0x14BF, 0x049F,
  0x045F, 0x045F, 0x045F, 0x045F, 0x045F, 0x045F, 0x045F, 0x045F, 0x045F, 0x045F,
  0x3CDF, 0xF77D, 0xF77D, 0xF77D, 0xF77D, 0xFF9D, 0xC6BF, 0x045F, 0x24BF, 0x04BF,
  0x04BF, 0x04BF, 0x04BF, 0x04BF, 0x04BF, 0x04BF, 0x04BF, 0x04BF, 0x04BF, 0x04BF,
  0x04BF, 0x04BF, 0x04BF, 0x04BF, 0x04BF, 0x04BF, 0x04BF, 0x04BF, 0x04BF, 0x2D3F,
  0x357F, 0x2D3F, 0x00A4, 0x0000, 0x0000, 0x0000, 0x0000, 0x0000, 0x0000, 0x0000,
  0x0000, 0x0000, 0x0000, 0x6863, 0xC0A6, 0xB0A5, 0xD0E7, 0xE026, 0xE168, 0xEF5D,
  0xEF9E, 0xEF9E, 0xEF9E, 0xEF9E, 0xEE9A, 0xD800, 0xD800, 0xD800, 0xD800, 0xD800,
  0xEDD7, 0xEF9E, 0xEF7D, 0xEF9E, 0xEF9E, 0xEF7D, 0xE20B, 0xD800, 0xD800, 0xD800,
  0xD800, 0xE36E, 0xEF9E, 0xEF9E, 0xEF9E, 0xEF9E, 0xEF9E, 0xE514, 0xD800, 0xE148,
  0xE20B, 0xEA4C, 0xE22C, 0x1841, 0x0000, 0x0000, 0x0000, 0x0000, 0x0000, 0x0000,
  0x0000, 0x0000, 0x0000, 0x0000, 0x79A0, 0xE300, 0xD2C0, 0xFB20, 0xFB40, 0xFB40,
  0xFB62, 0xFB20, 0xFC2B, 0xEF7D, 0xEF9E, 0xEF9E, 0xEF7D, 0xEF9E, 0xEDD7, 0xF9C0,
  0xFAA0, 0xFAA0, 0xFAA0, 0xFAA0, 0xFAA0, 0xFAA0, 0xFAA0, 0xFAA0, 0xFAA0, 0xFAA0,
  0xFAA0, 0xFAA0, 0xFAA0, 0xFAA0, 0xFAA0, 0xFAA0, 0xFB62, 0xFB40, 0xFB40, 0xFB40,
  0xFB40, 0xFC05, 0xFC46, 0xEBE5, 0x1040, 0x0000, 0x0000, 0x0000, 0x0000, 0x0000,
  0x0000, 0x0000, 0x0000, 0x0000, 0x0000, 0x8342, 0xCD63, 0xBCE3, 0xDDC3, 0xE603,
  0xE603, 0xE606, 0xE5E0, 0xE64E, 0xEF9E, 0xEF7D, 0xEF9E, 0xEF7D, 0xEF9E, 0xEEB5,
  0xE5E0, 0xE5E0, 0xE5E0, 0xE5E0, 0xE5E0, 0xE5E0, 0xE5E0, 0xE5E0, 0xE5E0, 0xE5E0,
  0xE5E0, 0xE5E0, 0xE5E0, 0xE5E0, 0xE5E0, 0xE5E0, 0xE5E0, 0xE604, 0xE603, 0xE603,
  0xE603, 0xE603, 0xEE48, 0xEE69, 0xDDE8, 0x1040, 0x0000, 0x0000, 0x0000, 0x0000,
  0x0000, 0x0000, 0x0000, 0x0000, 0x0000, 0x0000, 0x2B84, 0x45A7, 0x4526, 0x4E27,
  0x4E47, 0x4E47, 0x4E47, 0x4E47, 0x4E47, 0x4E47, 0x4E47, 0x4645, 0x2E20, 0x2E20,
  0x2E20, 0x2E20, 0x0620, 0xC718, 0xF77D, 0xEF5D, 0xFFFF, 0xFFFF, 0xF7DF, 0x4E47,
  0x0620, 0x2E20, 0x2E20, 0x0620, 0x9EB2, 0xF79E, 0xF77D, 0xF77D, 0xF77D, 0xF79E,
  0x9EB2, 0x2E20, 0x5648, 0x6E8B, 0x76AC, 0x6E2B, 0x0060, 0x0000, 0x0000, 0x0000,
  0x0000, 0x0000, 0x0000, 0x0000, 0x0000, 0x0000, 0x0000, 0x0000, 0x0000, 0x0000,
  0x0000, 0x0000, 0x0800, 0xB0A5, 0xC0A6, 0xC0A6, 0xE0C7, 0xE0C7, 0xE0C7, 0xE8E7,
  0xE8E7, 0x7884, 0x0000, 0x0000, 0x0000, 0x0000, 0x0000, 0x0000, 0x0000, 0x0000,
  0x0000, 0x0000, 0x0000, 0x0000, 0x0000, 0x0000, 0x0000, 0x0000, 0x4862, 0x6863,
  0x6084, 0xB0A5, 0xD0E7, 0xC0A6, 0x7884, 0x6084, 0x6084, 0x0000, 0x0000, 0x0000,
  0x0000, 0x0000, 0x0000, 0x0000, 0x0000, 0x0000, 0x0000, 0x0000, 0x0000, 0x0000,
  0x0000, 0x0377, 0x03FB, 0x03FB, 0x04BF, 0x04BF, 0x04BF, 0x14BF, 0x049F, 0x755F,
  0xAE3E, 0xAE3E, 0xAE3E, 0xC6BF, 0xC6BF, 0xC6BF, 0xC6BF, 0xC6BF, 0xC6BF, 0xC6BF,
  0xC6BF, 0xAE3E, 0xAE3E, 0xAE3E, 0xAE3E, 0xAE3E, 0x95DF, 0x049F, 0x14BF, 0x04BF,
  0x04BF, 0x04BF, 0x04BF, 0x04BF, 0x04BF, 0x04BF, 0x04BF, 0x04BF, 0x04BF, 0x04BF,
  0x04BF, 0x04BF, 0x04BF, 0x04BF, 0x04BF, 0x04BF, 0x04BF, 0x04BF, 0x04BF, 0x2D3F,
  0x357F, 0x2D3F, 0x00A4, 0x0000, 0x0000, 0x0000, 0x0000, 0x0000, 0x0000, 0x0000,
  0x0000, 0x0000, 0x0000, 0x6863, 0xC0A6, 0xB0A5, 0xD0E7, 0xD886, 0xE148, 0xE514,
  0xED76, 0xED76, 0xED76, 0xED76, 0xED76, 0xED76, 0xED76, 0xED76, 0xEDD7, 0xEDD7,
  0xED76, 0xED76, 0xED76, 0xED76, 0xED76, 0xED76, 0xED76, 0xED76, 0xED76, 0xEDD7,
  0xEDD7, 0xEDD7, 0xED76, 0xED76, 0xED76, 0xED76, 0xED76, 0xE36E, 0xD803, 0xD907,
  0xE20B, 0xEA4C, 0xE22C, 0x1841, 0x0000, 0x0000, 0x0000, 0x0000, 0x0000, 0x0000,
  0x0000, 0x0000, 0x0000, 0x0000, 0x79A0, 0xE300, 0xD2C0, 0xFB20, 0xFB40, 0xFB40,
  0xFB62, 0xFB40, 0xFBC8, 0xF594, 0xF594, 0xF594, 0xF594, 0xF594, 0xF594, 0xF594,
  0xF594, 0xFE58, 0xFE58, 0xFE58, 0xFE58, 0xFE58, 0xFE58, 0xFE58, 0xFE58, 0xFE58,
  0xFE58, 0xFE58, 0xFE58, 0xFE58, 0xFE58, 0xFC8E, 0xFAA0, 0xFB62, 0xFB40, 0xFB40,
  0xFB40, 0xFC05, 0xFC46, 0xEBE5, 0x1040, 0x0000, 0x0000, 0x0000, 0x0000, 0x0000,
  0x0000, 0x0000, 0x0000, 0x0000, 0x0000, 0x8342, 0xCD63, 0xBCE3, 0xDDC3, 0xE603,
  0xE603, 0xE604, 0xE5E0, 0xEE69, 0xEEB5, 0xEEB5, 0xEEB5, 0xEEB5, 0xEEB5, 0xEEB5,
  0xEEB5, 0xEEB5, 0xF717, 0xF717, 0xF717, 0xF717, 0xF717, 0xF717, 0xF717, 0xF717,
  0xF717, 0xF717, 0xF717, 0xF717, 0xF717, 0xF717, 0xEE91, 0xE5E0, 0xE606, 0xE603,
  0xE603, 0xE603, 0xEE48, 0xEE69, 0xDDE8, 0x1040, 0x0000, 0x0000, 0x0000, 0x0000,
  0x0000, 0x0000, 0x0000, 0x0000, 0x0000, 0x0000, 0x2B84, 0x45A7, 0x4526, 0x4E27,
  0x4E47, 0x4E47, 0x4E47, 0x4E47, 0x4E47, 0x5648, 0x4645, 0x868F, 0xB6F6, 0xB6F6,
  0xB6F6, 0xC718, 0xC718, 0xEF5D, 0xF7DF, 0xF79E, 0xFFFF, 0xFFFF, 0xFFFF, 0xC718,
  0xC718, 0xC718, 0xC718, 0xC718, 0xC718, 0xB6F6, 0xB6F6, 0xB6F6, 0xB6F6, 0xB6F6,
  0x868F, 0x4645, 0x4E47, 0x6E8B, 0x76AC, 0x6E2B, 0x0060, 0x0000, 0x0000, 0x0000,
  0x0000, 0x0000, 0x0000, 0x0000, 0x0000, 0x0000, 0x0000, 0x0000, 0x0000, 0x0000,
  0x0000, 0x0000, 0x0000, 0x6084, 0x6084, 0x6863, 0xD0E7, 0xD0E7, 0xB0A5, 0x6084,
  0x7884, 0x3041, 0x0000, 0x0000, 0x0000, 0x0000, 0x0000, 0x0000, 0x0000, 0x0000,
  0x0000, 0x0000, 0x0000, 0x0000, 0x0000, 0x0000, 0x0000, 0x0000, 0x0000, 0x0000,
  0x0000, 0x8064, 0xC0A6, 0xB0A5, 0x0020, 0x0000, 0x0000, 0x0000, 0x0000, 0x0000,
  0x0000, 0x0000, 0x0000, 0x0000, 0x0000, 0x0000, 0x0000, 0x0000, 0x0000, 0x0000,
  0x0000, 0x0377, 0x03FB, 0x03FB, 0x04BF, 0x04BF, 0x04BF, 0x24BF, 0x045F, 0xAE3E,
  0xFF9D, 0xEF7D, 0xFFFF, 0xFFFF, 0xFFFF, 0xFFFF, 0xFFFF, 0xFFFF, 0xFFFF, 0xFFFF,
  0xFFFF, 0x049F, 0x045F, 0x045F, 0x045F, 0x045F, 0x049F, 0x14BF, 0x04BF, 0x04BF,
  0x04BF, 0x04BF, 0x04BF, 0x04BF, 0x04BF, 0x04BF, 0x04BF, 0x04BF, 0x04BF, 0x04BF,
  0x04BF, 0x04BF, 0x04BF, 0x04BF, 0x04BF, 0x04BF, 0x04BF, 0x04BF, 0x04BF, 0x2D3F,
  0x357F, 0x2D3F, 0x00A4, 0x0000, 0x0000, 0x0000, 0x0000, 0x0000, 0x0000, 0x0000,
  0x0000, 0x0000, 0x0000, 0x6863, 0xC0A6, 0xB0A5, 0xD0E7, 0xE0C7, 0xD8C7, 0xD800,
  0xD800, 0xD800, 0xD800, 0xD800, 0xE410, 0xEF9E, 0xEF7D, 0xF7DF, 0xFFFF, 0xFFFF,
  0xED76, 0xD800, 0xD803, 0xD800, 0xD800, 0xD800, 0xEF5D, 0xEF9E, 0xEF9E, 0xFFFF,
  0xFFFF, 0xF71C, 0xD800, 0xD800, 0xD800, 0xD800, 0xD800, 0xD803, 0xD907, 0xD886,
  0xE20B, 0xEA4C, 0xE22C, 0x1841, 0x0000, 0x0000, 0x0000, 0x0000, 0x0000, 0x0000,
  0x0000, 0x0000, 0x0000, 0x0000, 0x79A0, 0xE300, 0xD2C0, 0xFB20, 0xFB40, 0xFB40,
  0xFB40, 0xFB60, 0xFB40, 0xFAA0, 0xFAA0, 0xFAA0, 0xFAA0, 0xF9C0, 0xF594, 0xEF9E,
  0xEF7D, 0xFFFF, 0xFFFF, 0xFFFF, 0xFFFF, 0xFFFF, 0xFFFF, 0xFFFF, 0xFFFF, 0xFFFF,
  0xFFFF, 0xFFFF, 0xFFFF, 0xFFFF, 0xFFFF, 0xFE58, 0xFAA0, 0xFB84, 0xFB40, 0xFB40,
  0xFB40, 0xFC05, 0xFC46, 0xEBE5, 0x1040, 0x0000, 0x0000, 0x0000, 0x0000, 0x0000,
  0x0000, 0x0000, 0x0000, 0x0000, 0x0000, 0x8342, 0xCD63, 0xBCE3, 0xDDC3, 0xE603,
  0xE603, 0xE603, 0xE604, 0xE5E0, 0xE5E0, 0xE5E0, 0xE5E0, 0xE5E0, 0xE5E0, 0xEEB5,
  0xEF9E, 0xEF7D, 0xFFFF, 0xFFFF, 0xFFFF, 0xFFFF, 0xFFFF, 0xFFFF, 0xFFFF, 0xFFFF,
  0xFFFF, 0xFFFF, 0xFFFF, 0xFFFF, 0xFFFF, 0xFFFF, 0xF717, 0xE5E0, 0xE606, 0xE603,
  0xE603, 0xE603, 0xEE48, 0xEE69, 0xDDE8, 0x1040, 0x0000, 0x0000, 0x0000, 0x0000,
  0x0000, 0x0000, 0x0000, 0x0000, 0x0000, 0x0000, 0x2B84, 0x45A7, 0x4526, 0x4E27,
  0x4E47, 0x4E47, 0x4E47, 0x4E47, 0x4E47, 0x5648, 0x2E20, 0x9EB2, 0xF79E, 0xF77D,
  0xFFFF, 0xFFFF, 0xFFFF, 0xFFFF, 0xFFFF, 0xFFFF, 0xFFFF, 0xFFFF, 0xFFFF, 0xFFFF,
  0xFFFF, 0xFFFF, 0xFFFF, 0xFFFF, 0xDF3C, 0x0620, 0x2E20, 0x2E20, 0x2E20, 0x2E20,
  0x4645, 0x4E47, 0x4E47, 0x6E8B, 0x76AC, 0x6E2B, 0x0060, 0x0000, 0x0000, 0x0000,
  0x0000, 0x0000, 0x0000, 0x0000, 0x0000, 0x0000, 0x0000, 0x0000, 0x0000, 0x0000,
  0x0000, 0x0000, 0x0000, 0x0000, 0x0000, 0x1841, 0xB0A5, 0xC0A6, 0x6863, 0x0000,
  0x0000, 0x0000, 0x0000, 0x0000, 0x0000, 0x0000, 0x0000, 0x0000, 0x0000, 0x0000,
  0x0000, 0x0000, 0x0000, 0x0000, 0x0000, 0x0000, 0x0000, 0x0000, 0x0000, 0x0000,
  0x0000, 0x9885, 0xD0E7, 0xC0A6, 0x1841, 0x0000, 0x0000, 0x0000, 0x0000, 0x0000,
  0x0000, 0x0000, 0x0000, 0x0000, 0x0000, 0x0000, 0x0000, 0x0000, 0x0000, 0x0000,
  0x0000, 0x0377, 0x03FB, 0x03FB, 0x04BF, 0x04BF, 0x04BF, 0x24BF, 0x045F, 0x95DF,
  0xF77D, 0xEF5D, 0xF7DF, 0xFFFF, 0xFFFF, 0xFFFF, 0xFFFF, 0xFFFF, 0xFFFF, 0xFFFF,
  0xF7DF, 0x3CDF, 0x14BF, 0x24BF, 0x24BF, 0x24BF, 0x14BF, 0x04BF, 0x04BF, 0x04BF,
  0x04BF, 0x04BF, 0x04BF, 0x04BF, 0x04BF, 0x04BF, 0x04BF, 0x04BF, 0x04BF, 0x04BF,
  0x04BF, 0x04BF, 0x04BF, 0x04BF, 0x04BF, 0x04BF, 0x04BF, 0x04BF, 0x04BF, 0x2D3F,
  0x357F, 0x2D3F, 0x00A4, 0x0000, 0x0000, 0x0000, 0x0000, 0x0000, 0x0000, 0x0000,
  0x0000, 0x0000, 0x0000, 0x6863, 0xC0A6, 0xB0A5, 0xD0E7, 0xE0C7, 0xD8C7, 0xE168,
  0xE168, 0xE168, 0xD9C9, 0xD803, 0xE410, 0xEF7D, 0xEF5D, 0xF79E, 0xFFFF, 0xFFFF,
  0xED76, 0xD800, 0xD9C9, 0xE168, 0xE148, 0xD9C9, 0xEEFB, 0xEF5D, 0xEF7D, 0xFFFF,
  0xFFFF, 0xF71C, 0xD803, 0xD9C9, 0xE168, 0xE168, 0xE168, 0xD907, 0xD8C7, 0xD8C7,
  0xE20B, 0xEA4C, 0xE22C, 0x1841, 0x0000, 0x0000, 0x0000, 0x0000, 0x0000, 0x0000,
  0x0000, 0x0000, 0x0000, 0x0000, 0x79A0, 0xE300, 0xD2C0, 0xFB20, 0xFB40, 0xFB40,
  0xFB40, 0xFB40, 0xFB60, 0xFB64, 0xFB64, 0xFB64, 0xFB84, 0xFAA0, 0xF594, 0xEF7D,
  0xEF5D, 0xF7DF, 0xFFFF, 0xFFFF, 0xFFFF, 0xFFFF, 0xFFFF, 0xFFFF, 0xFFFF, 0xFFFF,
  0xFFFF, 0xFFFF, 0xFFFF, 0xFFFF, 0xFFFF, 0xFE58, 0xFAA0, 0xFB84, 0xFB40, 0xFB40,
  0xFB40, 0xFC05, 0xFC46, 0xEBE5, 0x1040, 0x0000, 0x0000, 0x0000, 0x0000, 0x0000,
  0x0000, 0x0000, 0x0000, 0x0000, 0x0000, 0x8342, 0xCD63, 0xBCE3, 0xDDC3, 0xE603,
  0xE603, 0xE603, 0xE603, 0xE604, 0xE606, 0xE606, 0xE606, 0xE606, 0xE5E0, 0xEEB5,
  0xEF7D, 0xEF5D, 0xF7DF, 0xFFFF, 0xFFFF, 0xFFFF, 0xFFFF, 0xFFFF, 0xFFFF, 0xFFFF,
  0xFFFF, 0xFFFF, 0xFFFF, 0xFFFF, 0xFFFF, 0xFFFF, 0xF717, 0xE5E0, 0xE606, 0xE603,
  0xE603, 0xE603, 0xEE48, 0xEE69, 0xDDE8, 0x1040, 0x0000, 0x0000, 0x0000, 0x0000,
  0x0000, 0x0000, 0x0000, 0x0000, 0x0000, 0x0000, 0x2B84, 0x45A7, 0x4526, 0x4E27,
  0x4E47, 0x4E47, 0x4E47, 0x4E47, 0x4E47, 0x5648, 0x2E20, 0x9EB2, 0xF77D, 0xEF5D,
  0xF79E, 0xFFFF, 0xFFFF, 0xFFFF, 0xFFFF, 0xFFFF, 0xFFFF, 0xFFFF, 0xFFFF, 0xFFFF,
  0xFFFF, 0xFFFF, 0xFFFF, 0xFFFF, 0xDF3C, 0x3642, 0x5648, 0x5648, 0x5648, 0x5648,
  0x4E47, 0x4E47, 0x4E47, 0x6E8B, 0x76AC, 0x6E2B, 0x0060, 0x0000, 0x0000, 0x0000,
  0x0000, 0x0000, 0x0000, 0x0000, 0x0000, 0x0000, 0x0000, 0x0000, 0x0000, 0x0000,
  0x0000, 0x0000, 0x0000, 0x0000, 0x0000, 0x3041, 0xC0A6, 0xD0E7, 0x8064, 0x0000,
  0x0000, 0x0000, 0x0000, 0x0000, 0x0000, 0x0000, 0x0000, 0x0000, 0x0000, 0x0000,
  0x0000, 0x0000, 0x0000, 0x0000, 0x0000, 0x2104, 0x5ACB, 0x5ACB, 0x2104, 0x0000,
  0x0000, 0x3041, 0x4862, 0x4862, 0x0000, 0x0000, 0x0000, 0x0000, 0x0000, 0x0000,
  0x0000, 0x0000, 0x0000, 0x0000, 0x0000, 0x0000, 0x0000, 0x0000, 0x0000, 0x0000,
  0x0000, 0x0377, 0x03FB, 0x03FB, 0x04BF, 0x04BF, 0x04BF, 0x24BF, 0x045F, 0x95DF,
  0xF77D, 0xEF5D, 0xF77D, 0xF79E, 0xF79E, 0xF79E, 0xF79E, 0xF79E, 0xF79E, 0xF79E,
  0xEF7D, 0x24BF, 0x049F, 0x14BF, 0x04BF, 0x04BF, 0x04BF, 0x04BF, 0x04BF, 0x04BF,
  0x04BF, 0x04BF, 0x04BF, 0x04BF, 0x04BF, 0x04BF, 0x04BF, 0x04BF, 0x04BF, 0x04BF,
  0x04BF, 0x04BF, 0x04BF, 0x04BF, 0x04BF, 0x04BF, 0x04BF, 0x04BF, 0x04BF, 0x2D3F,
  0x357F, 0x2D3F, 0x00A4, 0x0000, 0x0000, 0x0000, 0x0000, 0x0000, 0x0000, 0x0000,
  0x0000, 0x0000, 0x0000, 0x6863, 0xC0A6, 0xB0A5, 0xD0E7, 0xE0C7, 0xD8C7, 0xD8C7,
  0xD8C7, 0xD8C7, 0xE148, 0xD800, 0xE410, 0xEF7D, 0xEF5D, 0xEF7D, 0xF79E, 0xF7DF,
  0xE514, 0xD800, 0xE168, 0xD8C7, 0xD886, 0xE168, 0xEEFB, 0xEF7D, 0xEF7D, 0xF77D,
  0xF7DF, 0xEE9A, 0xD803, 0xE148, 0xD8C7, 0xD8C7, 0xD8C7, 0xD8C7, 0xD8C7, 0xD8C7,
  0xE20B, 0xEA4C, 0xE22C, 0x1841, 0x0000, 0x0000, 0x0000, 0x0000, 0x0000, 0x0000,
  0x0000, 0x0000, 0x0000, 0x0000, 0x79A0, 0xE300, 0xD2C0, 0xFB20, 0xFB40, 0xFB40,
  0xFB40, 0xFB40, 0xFB40, 0xFB40, 0xFB40, 0xFB40, 0xFB64, 0xFAA0, 0xF594, 0xEF9E,
  0xEF5D, 0xF77D, 0xF79E, 0xF79E, 0xF79E, 0xF79E, 0xF79E, 0xF79E, 0xF79E, 0xF79E,
  0xF79E, 0xF79E, 0xF79E, 0xF77D, 0xF7DF, 0xF594, 0xFAA0, 0xFB64, 0xFB40, 0xFB40,
  0xFB40, 0xFC05, 0xFC46, 0xEBE5, 0x1040, 0x0000, 0x0000, 0x0000, 0x0000, 0x0000,
  0x0000, 0x0000, 0x0000, 0x0000, 0x0000, 0x8342, 0xCD63, 0xBCE3, 0xDDC3, 0xE603,
  0xE603, 0xE603, 0xE603, 0xE603, 0xE603, 0xE603, 0xE603, 0xE606, 0xE5E0, 0xEEB5,
  0xEF9E, 0xEF5D, 0xF77D, 0xF79E, 0xF79E, 0xF79E, 0xF79E, 0xF79E, 0xF79E, 0xF79E,
  0xF79E, 0xF79E, 0xF79E, 0xF79E, 0xF77D, 0xF7DF, 0xEEB5, 0xE5E0, 0xE606, 0xE603,
  0xE603, 0xE603, 0xEE48, 0xEE69, 0xDDE8, 0x1040, 0x0000, 0x0000, 0x0000, 0x0000,
  0x0000, 0x0000, 0x0000, 0x0000, 0x0000, 0x0000, 0x2B84, 0x45A7, 0x4526, 0x4E27,
  0x4E47, 0x4E47, 0x4E47, 0x4E47, 0x4E47, 0x5648, 0x2E20, 0x9EB2, 0xF77D, 0xEF5D,
  0xF77D, 0xF79E, 0xF79E, 0xF79E, 0xF79E, 0xF79E, 0xF79E, 0xF79E, 0xF79E, 0xF79E,
  0xF79E, 0xF79E, 0xF79E, 0xF7DF, 0xC718, 0x2E20, 0x5648, 0x4E47, 0x4E47, 0x4E47,
  0x4E47, 0x4E47, 0x4E47, 0x6E8B, 0x76AC, 0x6E2B, 0x0060, 0x0000, 0x0000, 0x0000,
  0x0000, 0x0000, 0x0000, 0x0000, 0x0000, 0x0000, 0x0000, 0x0000, 0x0000, 0x0000,
  0x0000, 0x0000, 0x0000, 0x0000, 0x0000, 0x0800, 0x4862, 0x4862, 0x3041, 0x0000,
  0x0000, 0x2945, 0x5ACB, 0x5ACB, 0x18C3, 0x0000, 0x0000, 0x0000, 0x0000, 0x0000,
  0x0000, 0x0000, 0x0000, 0x0000, 0x0000, 0x31A6, 0x9492, 0x9492, 0x31A6, 0x0000,
  0x0000, 0x0000, 0x0000, 0x0000, 0x0000, 0x0000, 0x0000, 0x0000, 0x0000, 0x0000,
  0x0000, 0x0000, 0x0000, 0x0000, 0x0000, 0x0000, 0x0000, 0x0000, 0x0000, 0x0000,
  0x0000, 0x0377, 0x03FB, 0x03FB, 0x04BF, 0x04BF, 0x04BF, 0x24BF, 0x045F, 0x95DF,
  0xF77D, 0xEF5D, 0xEF5D, 0xEF5D, 0xEF5D, 0xEF5D, 0xEF5D, 0xEF5D, 0xEF5D, 0xEF5D,
  0xDF3C, 0x24BF, 0x04BF, 0x14BF, 0x04BF, 0x04BF, 0x04BF, 0x04BF, 0x04BF, 0x04BF,
  0x04BF, 0x04BF, 0x04BF, 0x04BF, 0x04BF, 0x04BF, 0x04BF, 0x04BF, 0x04BF, 0x04BF,
  0x04BF, 0x04BF, 0x04BF, 0x04BF, 0x04BF, 0x04BF, 0x04BF, 0x04BF, 0x04BF, 0x2D3F,
  0x357F, 0x2D3F, 0x00A4, 0x0000, 0x0000, 0x0000, 0x0000, 0x0000, 0x0000, 0x0000,
  0x0000, 0x0000, 0x0000, 0x6863, 0xC0A6, 0xB0A5, 0xD0E7, 0xE0C7, 0xD8C7, 0xD8C7,
  0xD8C7, 0xD8C7, 0xE148, 0xD800, 0xE410, 0xEF7D, 0xEF5D, 0xEF5D, 0xEF5D, 0xEF7D,
  0xE514, 0xD800, 0xE168, 0xD8C7, 0xD886, 0xE168, 0xEEFB, 0xEF7D, 0xEF5D, 0xEF5D,
  0xEF7D, 0xEE9A, 0xD803, 0xE148, 0xD8C7, 0xD8C7, 0xD8C7, 0xD8C7, 0xD8C7, 0xD8C7,
  0xE20B, 0xEA4C, 0xE22C, 0x1841, 0x0000, 0x0000, 0x0000, 0x0000, 0x0000, 0x0000,
  0x0000, 0x0000, 0x0000, 0x0000, 0x79A0, 0xE300, 0xD2C0, 0xFB20, 0xFB40, 0xFB40,
  0xFB40, 0xFB40, 0xFB40, 0xFB40, 0xFB40, 0xFB40, 0xFB64, 0xFAA0, 0xF594, 0xEF9E,
  0xEF5D, 0xEF5D, 0xEF5D, 0xEF5D, 0xEF5D, 0xEF5D, 0xEF5D, 0xEF5D, 0xEF5D, 0xEF5D,
  0xEF5D, 0xEF5D, 0xEF5D, 0xEF5D, 0xEF7D, 0xF594, 0xFAA0, 0xFB64, 0xFB40, 0xFB40,
  0xFB40, 0xFC05, 0xFC46, 0xEBE5, 0x1040, 0x0000, 0x0000, 0x0000, 0x0000, 0x0000,
  0x0000, 0x0000, 0x0000, 0x0000, 0x0000, 0x8342, 0xCD63, 0xBCE3, 0xDDC3, 0xE603,
  0xE603, 0xE603, 0xE603, 0xE603, 0xE603, 0xE603, 0xE603, 0xE606, 0xE5E0, 0xEEB5,
  0xEF7D, 0xEF5D, 0xEF5D, 0xEF5D, 0xEF5D, 0xEF5D, 0xEF5D, 0xEF5D, 0xEF5D, 0xEF5D,
  0xEF5D, 0xEF5D, 0xEF5D, 0xEF5D, 0xEF5D, 0xEF7D, 0xEEB5, 0xE5E0, 0xE606, 0xE603,
  0xE603, 0xE603, 0xEE48, 0xEE69, 0xDDE8, 0x1040, 0x0000, 0x0000, 0x0000, 0x0000,
  0x0000, 0x0000, 0x0000, 0x0000, 0x0000, 0x0000, 0x2B84, 0x45A7, 0x4526, 0x4E27,
  0x4E47, 0x4E47, 0x4E47, 0x4E47, 0x4E47, 0x5648, 0x2E20, 0x9EB2, 0xF77D, 0xEF5D,
  0xEF5D, 0xEF5D, 0xEF5D, 0xEF5D, 0xEF5D, 0xEF5D, 0xEF5D, 0xEF5D, 0xEF5D, 0xEF5D,
  0xEF5D, 0xEF5D, 0xEF5D, 0xF77D, 0xC718, 0x2E20, 0x5648, 0x4E47, 0x4E47, 0x4E47,
  0x4E47, 0x4E47, 0x4E47, 0x6E8B, 0x76AC, 0x6E2B, 0x0060, 0x0000, 0x0000, 0x0000,
  0x0000, 0x0000, 0x0000, 0x0000, 0x0000, 0x0000, 0x0000, 0x0000, 0x0000, 0x0000,
  0x0000, 0x0000, 0x0000, 0x0000, 0x0000, 0x0000, 0x0000, 0x0000, 0x0000, 0x0000,
  0x0000, 0x4208, 0x9492, 0x9492, 0x2945, 0x0000, 0x0000, 0x0000, 0x0000, 0x0000,
  0x0000, 0x0000, 0x0000, 0x0000, 0x0000, 0x31A6, 0x8430, 0x8430, 0x31A6, 0x0000,
  0x0000, 0x0000, 0x0000, 0x0000, 0x0000, 0x0000, 0x0000, 0x0000, 0x0000, 0x0000,
  0x0000, 0x0000, 0x0000, 0x0000, 0x0000, 0x0000, 0x0000, 0x0000, 0x0000, 0x0000,
  0x0000, 0x0377, 0x03FB, 0x03FB, 0x04BF, 0x04BF, 0x04BF, 0x24BF, 0x045F, 0x95DF,
  0xF77D, 0xEF5D, 0xEF7D, 0xEF7D, 0xEF7D, 0xEF7D, 0xEF7D, 0xEF7D, 0xEF7D, 0xF77D,
  0xDF3C, 0x24BF, 0x049F, 0x14BF, 0x04BF, 0x04BF, 0x04BF, 0x04BF, 0x04BF, 0x04BF,
  0x04BF, 0x04BF, 0x04BF, 0x04BF, 0x04BF, 0x04BF, 0x04BF, 0x04BF, 0x04BF, 0x04BF,
  0x04BF, 0x04BF, 0x04BF, 0x04BF, 0x04BF, 0x04BF, 0x04BF, 0x04BF, 0x04BF, 0x2D3F,
  0x357F, 0x2D3F, 0x00A4, 0x0000, 0x0000, 0x0000, 0x0000, 0x0000, 0x0000, 0x0000,
  0x0000, 0x0000, 0x0000, 0x6863, 0xC0A6, 0xB0A5, 0xD0E7, 0xE0C7, 0xD8C7, 0xD8C7,
  0xD8C7, 0xD8C7, 0xE148, 0xD800, 0xE410, 0xEF9E, 0xEF7D, 0xEF7D, 0xEF5D, 0xEF9E,
  0xE514, 0xD800, 0xE168, 0xD8C7, 0xD886, 0xE168, 0xEEFB, 0xEF7D, 0xEF7D, 0xEF5D,
  0xEF9E, 0xEE9A, 0xD803, 0xE148, 0xD8C7, 0xD8C7, 0xD8C7, 0xD8C7, 0xD8C7, 0xD8C7,
  0xE20B, 0xEA4C, 0xE22C, 0x1841, 0x0000, 0x0000, 0x0000, 0x0000, 0x0000, 0x0000,
  0x0000, 0x0000, 0x0000, 0x0000, 0x79A0, 0xE300, 0xD2C0, 0xFB20, 0xFB40, 0xFB40,
  0xFB40, 0xFB40, 0xFB40, 0xFB40, 0xFB40, 0xFB40, 0xFB64, 0xFAA0, 0xF594, 0xEF9E,
  0xEF5D, 0xEF7D, 0xEF7D, 0xEF7D, 0xEF7D, 0xEF7D, 0xEF7D, 0xEF7D, 0xEF7D, 0xEF7D,
  0xEF7D, 0xEF7D, 0xEF7D, 0xEF5D, 0xEF9E, 0xF594, 0xFAA0, 0xFB64, 0xFB40, 0xFB40,
  0xFB40, 0xFC05, 0xFC46, 0xEBE5, 0x1040, 0x0000, 0x0000, 0x0000, 0x0000, 0x0000,
  0x0000, 0x0000, 0x0000, 0x0000, 0x0000, 0x8342, 0xCD63, 0xBCE3, 0xDDC3, 0xE603,
  0xE603, 0xE603, 0xE603, 0xE603, 0xE603, 0xE603, 0xE603, 0xE606, 0xE5E0, 0xEEB5,
  0xEF9E, 0xEF5D, 0xEF7D, 0xEF7D, 0xEF7D, 0xEF7D, 0xEF7D, 0xEF7D, 0xEF7D, 0xEF7D,
  0xEF7D, 0xEF7D, 0xEF7D, 0xEF7D, 0xEF5D, 0xEF9E, 0xEEB5, 0xE5E0, 0xE606, 0xE603,
  0xE603, 0xE603, 0xEE48, 0xEE69, 0xDDE8, 0x1040, 0x0000, 0x0000, 0x0000, 0x0000,
  0x0000, 0x0000, 0x0000, 0x0000, 0x0000, 0x0000, 0x2B84, 0x45A7, 0x4526, 0x4E27,
  0x4E47, 0x4E47, 0x4E47, 0x4E47, 0x4E47, 0x5648, 0x2E20, 0x9EB2, 0xF77D, 0xEF5D,
  0xEF7D, 0xEF7D, 0xEF7D, 0xEF7D, 0xEF7D, 0xEF7D, 0xEF7D, 0xEF7D, 0xEF7D, 0xEF7D,
  0xEF7D, 0xEF7D, 0xEF5D, 0xF77D, 0xC718, 0x2E20, 0x5648, 0x4E47, 0x4E47, 0x4E47,
  0x4E47, 0x4E47, 0x4E47, 0x6E8B, 0x76AC, 0x6E2B, 0x0060, 0x0000, 0x0000, 0x0000,
  0x0000, 0x0000, 0x0000, 0x0000, 0x0000, 0x0000, 0x0000, 0x0000, 0x0000, 0x0000,
  0x0000, 0x0000, 0x0000, 0x0000, 0x0000, 0x0000, 0x0000, 0x0000, 0x0000, 0x0000,
  0x0000, 0x4208, 0x8C51, 0x8430, 0x2945, 0x0000, 0x0000, 0x0000, 0x0000, 0x0000,
  0x0000, 0x0000, 0x0000, 0x0000, 0x0000, 0x0020, 0x18C3, 0x1082, 0x39C7, 0x5ACB,
  0x528A, 0x632C, 0x632C, 0x632C, 0x632C, 0x632C, 0x632C, 0x632C, 0x6B6D, 0x4A69,
  0x0000, 0x0000, 0x0000, 0x0000, 0x0000, 0x0000, 0x0000, 0x0000, 0x0000, 0x0000,
  0x0000, 0x0377, 0x03FB, 0x03FB, 0x04BF, 0x04BF, 0x04BF, 0x04BF, 0x049F, 0x3CDF,
  0x755F, 0x755F, 0x755F, 0x755F, 0x755F, 0x755F, 0x755F, 0x755F, 0x755F, 0x755F,
  0x755F, 0x14BF, 0x04BF, 0x04BF, 0x04BF, 0x04BF, 0x04BF, 0x04BF, 0x04BF, 0x04BF,
  0x04BF, 0x04BF, 0x04BF, 0x04BF, 0x04BF, 0x04BF, 0x04BF, 0x04BF, 0x04BF, 0x04BF,
  0x04BF, 0x04BF, 0x04BF, 0x04BF, 0x04BF, 0x04BF, 0x04BF, 0x04BF, 0x04BF, 0x2D3F,
  0x357F, 0x2D3F, 0x00A4, 0x0000, 0x0000, 0x0000, 0x0000, 0x0000, 0x0000, 0x0000,
  0x0000, 0x0000, 0x0000, 0x6863, 0xC0A6, 0xB0A5, 0xD0E7, 0xE0C7, 0xD8C7, 0xD8C7,
  0xD8C7, 0xD8C7, 0xD907, 0xE026, 0xD9C9, 0xE36E, 0xE36E, 0xE36E, 0xE36E, 0xE36E,
  0xE22C, 0xE026, 0xD907, 0xD8C7, 0xD8C7, 0xD907, 0xE36E, 0xE36E, 0xE36E, 0xE36E,
  0xE36E, 0xE36E, 0xD886, 0xD907, 0xD8C7, 0xD8C7, 0xD8C7, 0xD8C7, 0xD8C7, 0xD8C7,
  0xE20B, 0xEA4C, 0xE22C, 0x1841, 0x0000, 0x0000, 0x0000, 0x0000, 0x0000, 0x0000,
  0x0000, 0x0000, 0x0000, 0x0000, 0x79A0, 0xE300, 0xD2C0, 0xFB20, 0xFB40, 0xFB40,
  0xFB40, 0xFB40, 0xFB40, 0xFB40, 0xFB40, 0xFB40, 0xFB60, 0xFB40, 0xFBC8, 0xFC8E,
  0xFC8E, 0xFC8E, 0xFC8E, 0xFC8E, 0xFC8E, 0xFC8E, 0xFC8E, 0xFC8E, 0xFC8E, 0xFC8E,
  0xFC8E, 0xFC8E, 0xFC8E, 0xFC8E, 0xFC8E, 0xFBC8, 0xFB40, 0xFB60, 0xFB40, 0xFB40,
  0xFB40, 0xFC05, 0xFC46, 0xEBE5, 0x1040, 0x0000, 0x0000, 0x0000, 0x0000, 0x0000,
  0x0000, 0x0000, 0x0000, 0x0000, 0x0000, 0x8342, 0xCD63, 0xBCE3, 0xDDC3, 0xE603,
  0xE603, 0xE603, 0xE603, 0xE603, 0xE603, 0xE603, 0xE603, 0xE604, 0xE5E0, 0xEE69,
  0xE64E, 0xE64E, 0xE64E, 0xE64E, 0xE64E, 0xE64E, 0xE64E, 0xE64E, 0xE64E, 0xE64E,
  0xE64E, 0xE64E, 0xE64E, 0xE64E, 0xE64E, 0xE64E, 0xEE69, 0xE5E0, 0xE604, 0xE603,
  0xE603, 0xE603, 0xEE48, 0xEE69, 0xDDE8, 0x1040, 0x0000, 0x0000, 0x0000, 0x0000,
  0x0000, 0x0000, 0x0000, 0x0000, 0x0000, 0x0000, 0x2B84, 0x45A7, 0x4526, 0x4E27,
  0x4E47, 0x4E47, 0x4E47, 0x4E47, 0x4E47, 0x4E47, 0x4E27, 0x666B, 0x868F, 0x868F,
  0x868F, 0x868F, 0x868F, 0x868F, 0x868F, 0x868F, 0x868F, 0x868F, 0x868F, 0x868F,
  0x868F, 0x868F, 0x868F, 0x868F, 0x76AC, 0x4E27, 0x4E47, 0x4E47, 0x4E47, 0x4E47,
  0x4E47, 0x4E47, 0x4E47, 0x6E8B, 0x76AC, 0x6E2B, 0x0060, 0x0000, 0x0000, 0x0000,
  0x0000, 0x0000, 0x0000, 0x0000, 0x0000, 0x0000, 0x0000, 0x0000, 0x0000, 0x0000,
  0x52AA, 0x6B6D, 0x632C, 0x632C, 0x632C, 0x632C, 0x632C, 0x632C, 0x632C, 0x632C,
  0x6B6D, 0x4208, 0x1082, 0x18C3, 0x0020, 0x0000, 0x0000, 0x0000, 0x0000, 0x0000,
  0x0000, 0x0000, 0x0000, 0x0000, 0x0000, 0x0000, 0x0000, 0x0000, 0x39C7, 0x73AE,
  0x6B4D, 0x8410, 0x8C51, 0x8C51, 0x8430, 0x8430, 0x8430, 0x8410, 0x9492, 0x5AEB,
  0x0000, 0x0000, 0x0000, 0x0000, 0x0000, 0x0000, 0x0000, 0x0000, 0x0000, 0x0000,
  0x0000, 0x0377, 0x03FB, 0x03FB, 0x04BF, 0x04BF, 0x04BF, 0x04BF, 0x04BF, 0x049F,
  0x049F, 0x049F, 0x049F, 0x049F, 0x049F, 0x049F, 0x049F, 0x049F, 0x049F, 0x049F,
  0x049F, 0x04BF, 0x04BF, 0x04BF, 0x04BF, 0x04BF, 0x04BF, 0x04BF, 0x04BF, 0x04BF,
  0x04BF, 0x04BF, 0x04BF, 0x04BF, 0x04BF, 0x04BF, 0x04BF, 0x04BF, 0x04BF, 0x04BF,
  0x04BF, 0x04BF, 0x04BF, 0x04BF, 0x04BF, 0x04BF, 0x04BF, 0x04BF, 0x04BF, 0x2D3F,
  0x357F, 0x2D3F, 0x00A4, 0x0000, 0x0000, 0x0000, 0x0000, 0x0000, 0x0000, 0x0000,
  0x0000, 0x0000, 0x0000, 0x6863, 0xC0A6, 0xB0A5, 0xD0E7, 0xD8C7, 0xD8C7, 0xD8C7,
  0xD8C7, 0xD8C7, 0xD8C7, 0xD8C7, 0xE026, 0xD803, 0xD803, 0xD803, 0xD803, 0xD800,
  0xE026, 0xD8C7, 0xD8C7, 0xD8C7, 0xD8C7, 0xD8C7, 0xD803, 0xD803, 0xD803, 0xD803,
  0xD800, 0xD803, 0xD8C7, 0xD8C7, 0xD8C7, 0xD8C7, 0xD8C7, 0xD8C7, 0xD8C7, 0xD886,
  0xE20B, 0xEA4C, 0xE22C, 0x1841, 0x0000, 0x0000, 0x0000, 0x0000, 0x0000, 0x0000,
  0x0000, 0x0000, 0x0000, 0x0000, 0x79A0, 0xE300, 0xD2C0, 0xFB20, 0xFB40, 0xFB40,
  0xFB40, 0xFB40, 0xFB40, 0xFB40, 0xFB40, 0xFB40, 0xFB40, 0xFB40, 0xFB40, 0xFAA0,
  0xFAA0, 0xFAA0, 0xFAA0, 0xFAA0, 0xFAA0, 0xFAA0, 0xFAA0, 0xFAA0, 0xFAA0, 0xFAA0,
  0xFAA0, 0xFAA0, 0xFAA0, 0xFAA0, 0xFAA0, 0xFB40, 0xFB40, 0xFB40, 0xFB40, 0xFB40,
  0xFB40, 0xFC05, 0xFC46, 0xEBE5, 0x1040, 0x0000, 0x0000, 0x0000, 0x0000, 0x0000,
  0x0000, 0x0000, 0x0000, 0x0000, 0x0000, 0x8342, 0xCD63, 0xBCE3, 0xDDC3, 0xE603,
  0xE603, 0xE603, 0xE603, 0xE603, 0xE603, 0xE603, 0xE603, 0xE603, 0xE603, 0xE5E0,
  0xE5E0, 0xE5E0, 0xE5E0, 0xE5E0, 0xE5E0, 0xE5E0, 0xE5E0, 0xE5E0, 0xE5E0, 0xE5E0,
  0xE5E0, 0xE5E0, 0xE5E0, 0xE5E0, 0xE5E0, 0xE5E0, 0xE5E0, 0xE603, 0xE603, 0xE603,
  0xE603, 0xE603, 0xEE48, 0xEE69, 0xDDE8, 0x1040, 0x0000, 0x0000, 0x0000, 0x0000,
  0x0000, 0x0000, 0x0000, 0x0000, 0x0000, 0x0000, 0x2B84, 0x45A7, 0x4526, 0x4E27,
  0x4E47, 0x4E47, 0x4E47, 0x4E47, 0x4E47, 0x4E47, 0x4E47, 0x4E27, 0x3642, 0x3642,
  0x3642, 0x3642, 0x3642, 0x3642, 0x3642, 0x3642, 0x3642, 0x3642, 0x3642, 0x3642,
  0x3642, 0x3642, 0x3642, 0x3642, 0x4645, 0x4E47, 0x4E47, 0x4E47, 0x4E47, 0x4E47,
  0x4E47, 0x4E47, 0x4E27, 0x6E8B, 0x76AC, 0x6E2B, 0x0060, 0x0000, 0x0000, 0x0000,
  0x0000, 0x0000, 0x0000, 0x0000, 0x0000, 0x0000, 0x0000, 0x0000, 0x0000, 0x0000,
  0x6B6D, 0x8C51, 0x8430, 0x8430, 0x8430, 0x8430, 0x8C51, 0x8C51, 0x8C51, 0x8430,
  0x9492, 0x4208, 0x0000, 0x0000, 0x0000, 0x0000, 0x0000, 0x0000, 0x0000, 0x0000,
  0x0000, 0x0000, 0x0000, 0x0000, 0x0000, 0x0000, 0x0000, 0x0000, 0x39C7, 0x632C,
  0x630C, 0x73AE, 0x73AE, 0x73AE, 0x7BEF, 0x7BEF, 0x7BEF, 0x7BEF, 0x8430, 0x5AEB,
  0x0000, 0x0020, 0x0000, 0x0000, 0x0000, 0x0000, 0x0000, 0x0000, 0x0000, 0x0000,
  0x0000, 0x0377, 0x03FB, 0x03FB, 0x04BF, 0x04BF, 0x04BF, 0x04BF, 0x04BF, 0x14BF,
  0x14BF, 0x14BF, 0x14BF, 0x14BF, 0x14BF, 0x14BF, 0x14BF, 0x14BF, 0x14BF, 0x14BF,
  0x14BF, 0x04BF, 0x04BF, 0x04BF, 0x04BF, 0x04BF, 0x04BF, 0x04BF, 0x04BF, 0x04BF,
  0x04BF, 0x04BF, 0x04BF, 0x04BF, 0x04BF, 0x04BF, 0x04BF, 0x04BF, 0x04BF, 0x04BF,
  0x04BF, 0x04BF, 0x04BF, 0x04BF, 0x04BF, 0x04BF, 0x04BF, 0x04BF, 0x04BF, 0x2D3F,
  0x357F, 0x2D3F, 0x00A4, 0x0000, 0x0000, 0x0000, 0x0000, 0x0000, 0x0000, 0x0000,
  0x0000, 0x0800, 0x0000, 0x6863, 0xC0A6, 0xB0A5, 0xD0E7, 0xD907, 0xD907, 0xD907,
  0xD907, 0xD907, 0xD907, 0xD907, 0xD907, 0xE168, 0xE168, 0xE168, 0xE168, 0xE168,
  0xE148, 0xD907, 0xD907, 0xD907, 0xD907, 0xD907, 0xE148, 0xE168, 0xE168, 0xE168,
  0xE168, 0xE148, 0xD907, 0xD907, 0xD907, 0xD907, 0xD907, 0xD907, 0xD907, 0xD8C7,
  0xE20B, 0xEA4C, 0xE22C, 0x3041, 0x0000, 0x0800, 0x0000, 0x0000, 0x0000, 0x0000,
  0x0000, 0x0000, 0x0800, 0x0000, 0x79A0, 0xE300, 0xD2C0, 0xFB20, 0xFB60, 0xFB60,
  0xFB60, 0xFB60, 0xFB60, 0xFB60, 0xFB60, 0xFB60, 0xFB60, 0xFB60, 0xFB62, 0xFB83,
  0xFB83, 0xFB83, 0xFB83, 0xFB83, 0xFB83, 0xFB83, 0xFB83, 0xFB83, 0xFB83, 0xFB83,
  0xFB83, 0xFB83, 0xFB83, 0xFB83, 0xFB83, 0xFB62, 0xFB60, 0xFB60, 0xFB60, 0xFB60,
  0xFB60, 0xFC05, 0xFC46, 0xEBE5, 0x1841, 0x1040, 0x1040, 0x0000, 0x0000, 0x0000,
  0x0000, 0x0000, 0x0000, 0x1040, 0x0000, 0x8342, 0xCD63, 0xBCE3, 0xDDC3, 0xE604,
  0xE604, 0xE604, 0xE604, 0xE604, 0xE604, 0xE604, 0xE604, 0xE604, 0xE604, 0xE604,
  0xE606, 0xE606, 0xE606, 0xE606, 0xE606, 0xE606, 0xE606, 0xE606, 0xE606, 0xE606,
  0xE606, 0xE606, 0xE606, 0xE606, 0xE606, 0xE606, 0xE604, 0xE604, 0xE604, 0xE604,
  0xE604, 0xE604, 0xEE48, 0xEE69, 0xDDE8, 0x2901, 0x1040, 0x1040, 0x0000, 0x0000,
  0x0000, 0x0000, 0x0000, 0x0000, 0x0060, 0x0000, 0x2B84, 0x45A7, 0x4526, 0x4E27,
  0x5648, 0x4E47, 0x4E47, 0x4E47, 0x4E47, 0x4E47, 0x4E47, 0x5648, 0x5648, 0x5648,
  0x5648, 0x5648, 0x5648, 0x5648, 0x5648, 0x5648, 0x5648, 0x5648, 0x5648, 0x5648,
  0x5648, 0x5648, 0x5648, 0x5648, 0x5648, 0x4E47, 0x4E47, 0x4E47, 0x4E47, 0x4E47,
  0x4E47, 0x4E47, 0x4E47, 0x6E8B, 0x76AC, 0x6E2B, 0x1082, 0x0060, 0x0060, 0x0000,
  0x0000, 0x0000, 0x0000, 0x0000, 0x0000, 0x0000, 0x0000, 0x0020, 0x0020, 0x0020,
  0x632C, 0x8430, 0x7BEF, 0x7BEF, 0x7BEF, 0x7BEF, 0x73AE, 0x73AE, 0x73AE, 0x73AE,
  0x7BEF, 0x4208, 0x0000, 0x0000, 0x0000, 0x0000, 0x0000, 0x0000, 0x0000, 0x0000,
  0x0000, 0x0000, 0x0000, 0x0000, 0x0000, 0x0000, 0x0000, 0x0000, 0x0000, 0x0020,
  0x0020, 0x0020, 0x0020, 0x0020, 0x5ACB, 0x6B4D, 0x6B4D, 0x7BEF, 0x7BEF, 0x7BEF,
  0x73AE, 0x8410, 0x4A49, 0x0000, 0x0000, 0x0000, 0x0000, 0x0000, 0x0000, 0x0000,
  0x0000, 0x0377, 0x03FB, 0x03FB, 0x04BF, 0x04BF, 0x04BF, 0x04BF, 0x04BF, 0x14BF,
  0x14BF, 0x14BF, 0x04BF, 0x04BF, 0x04BF, 0x04BF, 0x04BF, 0x04BF, 0x04BF, 0x04BF,
  0x04BF, 0x14BF, 0x14BF, 0x14BF, 0x14BF, 0x14BF, 0x14BF, 0x14BF, 0x14BF, 0x14BF,
  0x14BF, 0x14BF, 0x04BF, 0x04BF, 0x04BF, 0x04BF, 0x04BF, 0x04BF, 0x04BF, 0x04BF,
  0x04BF, 0x04BF, 0x04BF, 0x14BF, 0x14BF, 0x14BF, 0x04BF, 0x04BF, 0x04BF, 0x2D3F,
  0x357F, 0x2D3F, 0x00A4, 0x0000, 0x0000, 0x0000, 0x0000, 0x0000, 0x0000, 0x0000,
  0x4862, 0xB0A5, 0xA885, 0xD9C9, 0xE22C, 0xE22C, 0xE22C, 0xE22C, 0xE22C, 0xE22C,
  0xE22C, 0xE22C, 0xE22C, 0xE22C, 0xE22C, 0xE22C, 0xE22C, 0xE22C, 0xE22C, 0xE22C,
  0xE22C, 0xE22C, 0xE22C, 0xE22C, 0xE22C, 0xE22C, 0xE22C, 0xE22C, 0xE22C, 0xE22C,
  0xE22C, 0xE22C, 0xE22C, 0xE22C, 0xE22C, 0xE22C, 0xE22C, 0xE22C, 0xE22C, 0xE22C,
  0xE22C, 0xE22C, 0xE22C, 0xE22C, 0xE22C, 0xC1EA, 0x0000, 0x0000, 0x0000, 0x0000,
  0x0000, 0x5920, 0xD2C0, 0xBA60, 0xEB84, 0xFC26, 0xFC26, 0xFC26, 0xFC26, 0xFC26,
  0xFC26, 0xFC26, 0xFC26, 0xFC26, 0xFC26, 0xFC26, 0xFC26, 0xFC26, 0xFC26, 0xFC26,
  0xFC26, 0xFC26, 0xFC26, 0xFC26, 0xFC26, 0xFC26, 0xFC26, 0xFC26, 0xFC26, 0xFC26,
  0xFC26, 0xFC26, 0xFC26, 0xFC26, 0xFC26, 0xFC26, 0xFC26, 0xFC26, 0xFC26, 0xFC26,
  0xFC26, 0xFC26, 0xFC26, 0xFC26, 0xEBE5, 0xEBE5, 0xAAE4, 0x0000, 0x0000, 0x0000,
  0x0000, 0x0000, 0x5A61, 0xBCE3, 0xBCE3, 0xE606, 0xEE69, 0xEE48, 0xEE48, 0xEE48,
  0xEE48, 0xEE48, 0xEE48, 0xEE48, 0xEE48, 0xEE48, 0xEE48, 0xEE48, 0xEE48, 0xEE48,
  0xEE48, 0xEE48, 0xEE48, 0xEE48, 0xEE48, 0xEE48, 0xEE48, 0xEE48, 0xEE48, 0xEE48,
  0xEE48, 0xEE48, 0xEE48, 0xEE48, 0xEE48, 0xEE48, 0xEE48, 0xEE48, 0xEE48, 0xEE48,
  0xEE48, 0xEE48, 0xEE48, 0xEE69, 0xEE48, 0xDDE8, 0xDDE8, 0xBD07, 0x0000, 0x0000,
  0x0000, 0x0000, 0x0000, 0x22C3, 0x4526, 0x4526, 0x666B, 0x76AC, 0x6E8B, 0x6E8B,
  0x6E8B, 0x6E8B, 0x6E8B, 0x6E8B, 0x6E8B, 0x6E8B, 0x6E8B, 0x6E8B, 0x6E8B, 0x6E8B,
  0x6E8B, 0x6E8B, 0x6E8B, 0x6E8B, 0x6E8B, 0x6E8B, 0x6E8B, 0x6E8B, 0x6E8B, 0x6E8B,
  0x6E8B, 0x6E8B, 0x6E8B, 0x6E8B, 0x6E8B, 0x6E8B, 0x6E8B, 0x6E8B, 0x6E8B, 0x76AC,
  0x6E8B, 0x6E8B, 0x6E8B, 0x76AC, 0x76AC, 0x76AC, 0x6E2B, 0x6E2B, 0x5D49, 0x0000,
  0x0000, 0x0000, 0x0000, 0x0000, 0x0000, 0x0000, 0x0000, 0x4A69, 0x7BEF, 0x73AE,
  0x7BEF, 0x8410, 0x7BCF, 0x6B4D, 0x6B6D, 0x528A, 0x0020, 0x0020, 0x0020, 0x0020,
  0x0020, 0x0000, 0x0000, 0x0000, 0x0000, 0x0000, 0x0000, 0x0000, 0x0000, 0x0000,
  0x0000, 0x0000, 0x0000, 0x0000, 0x0000, 0x0000, 0x0000, 0x0000, 0x0000, 0x0000,
  0x0000, 0x0000, 0x0000, 0x0000, 0x630C, 0x6B6D, 0x6B6D, 0x7BEF, 0x8410, 0x8410,
  0x8410, 0x8C51, 0x4A49, 0x0000, 0x0000, 0x0000, 0x0000, 0x0000, 0x0000, 0x0000,
  0x0000, 0x0377, 0x03FB, 0x03FB, 0x04BF, 0x04BF, 0x04BF, 0x04BF, 0x04BF, 0x04BF,
  0x049F, 0x049F, 0x04BF, 0x04BF, 0x04BF, 0x04BF, 0x04BF, 0x04BF, 0x04BF, 0x04BF,
  0x04BF, 0x04BF, 0x04BF, 0x04BF, 0x04BF, 0x04BF, 0x04BF, 0x04BF, 0x04BF, 0x049F,
  0x049F, 0x049F, 0x04BF, 0x04BF, 0x04BF, 0x04BF, 0x04BF, 0x04BF, 0x04BF, 0x04BF,
  0x04BF, 0x04BF, 0x04BF, 0x04BF, 0x049F, 0x049F, 0x04BF, 0x04BF, 0x04BF, 0x2D3F,
  0x357F, 0x2D3F, 0x00A4, 0x0000, 0x0000, 0x0000, 0x0000, 0x0000, 0x0000, 0x0000,
  0x4862, 0xC0A6, 0xB0A5, 0xD9C9, 0xEA4C, 0xE22C, 0xEA4C, 0xE22C, 0xE22C, 0xE22C,
  0xE22C, 0xE22C, 0xE22C, 0xE22C, 0xE22C, 0xEA4C, 0xE22C, 0xE22C, 0xE22C, 0xEA4C,
  0xE22C, 0xE22C, 0xE22C, 0xEA4C, 0xE22C, 0xE22C, 0xE22C, 0xEA4C, 0xE22C, 0xE22C,
  0xE22C, 0xE22C, 0xE22C, 0xE22C, 0xE22C, 0xEA4C, 0xE22C, 0xE22C, 0xE22C, 0xEA4C,
  0xE22C, 0xE22C, 0xE22C, 0xEA4C, 0xF26D, 0xC1EA, 0x0000, 0x0000, 0x0000, 0x0000,
  0x0000, 0x5920, 0xE300, 0xD2C0, 0xEB84, 0xFC46, 0xFC46, 0xFC46, 0xFC46, 0xFC46,
  0xFC46, 0xFC46, 0xFC46, 0xFC46, 0xFC46, 0xFC46, 0xFC46, 0xFC46, 0xFC46, 0xFC46,
  0xFC46, 0xFC46, 0xFC46, 0xFC46, 0xFC46, 0xFC46, 0xFC46, 0xFC46, 0xFC46, 0xFC46,
  0xFC46, 0xFC46, 0xFC46, 0xFC46, 0xFC46, 0xFC46, 0xFC46, 0xFC46, 0xFC46, 0xFC46,
  0xFC46, 0xFC46, 0xFC46, 0xFC46, 0xFC26, 0xFC46, 0xD385, 0x0000, 0x0000, 0x0000,
  0x0000, 0x0000, 0x6AA1, 0xCD63, 0xBCE3, 0xEE48, 0xEE69, 0xEE69, 0xEE69, 0xEE69,
  0xEE69, 0xEE69, 0xEE69, 0xEE69, 0xEE69, 0xEE69, 0xEE69, 0xEE69, 0xEE69, 0xEE69,
  0xEE69, 0xEE69, 0xEE69, 0xEE69, 0xEE69, 0xEE69, 0xEE69, 0xEE69, 0xEE69, 0xEE69,
  0xEE69, 0xEE69, 0xEE69, 0xEE69, 0xEE69, 0xEE69, 0xEE69, 0xEE69, 0xEE69, 0xEE69,
  0xEE69, 0xEE69, 0xEE69, 0xEE69, 0xEE69, 0xEE69, 0xF6C9, 0xCD88, 0x0000, 0x0000,
  0x0000, 0x0000, 0x0000, 0x22C3, 0x45A7, 0x4526, 0x666B, 0x76AC, 0x76AC, 0x76AC,
  0x76AC, 0x76AC, 0x76AC, 0x76AC, 0x76AC, 0x76AC, 0x76AC, 0x76AC, 0x76AC, 0x76AC,
  0x76AC, 0x76AC, 0x76AC, 0x76AC, 0x76AC, 0x76AC, 0x76AC, 0x76AC, 0x76AC, 0x76AC,
  0x76AC, 0x76AC, 0x76AC, 0x76AC, 0x76AC, 0x76AC, 0x76AC, 0x76AC, 0x76AC, 0x76AC,
  0x76AC, 0x76AC, 0x76AC, 0x76AC, 0x76AC, 0x76AC, 0x76AC, 0x7F2D, 0x5D49, 0x0000,
  0x0000, 0x0000, 0x0000, 0x0000, 0x0000, 0x0000, 0x0000, 0x52AA, 0x8C51, 0x8410,
  0x8410, 0x8410, 0x7BEF, 0x6B6D, 0x738E, 0x5ACB, 0x0000, 0x0000, 0x0000, 0x0000,
  0x0000, 0x0000, 0x0000, 0x0000, 0x0000, 0x0000, 0x0000, 0x0000, 0x0000, 0x0000,
  0x0000, 0x0000, 0x0000, 0x0000, 0x0000, 0x0000, 0x0000, 0x0000, 0x0000, 0x0000,
  0x0000, 0x0000, 0x0000, 0x0000, 0x4228, 0x528A, 0x62EB, 0x7BCF, 0x7BCF, 0x7BCF,
  0x7BEF, 0x8C51, 0x4A49, 0x0000, 0x0000, 0x0000, 0x0000, 0x0000, 0x0000, 0x0000,
  0x0000, 0x0377, 0x03FB, 0x03FB, 0x04BF, 0x04BF, 0x14BF, 0x449D, 0x449D, 0x449D,
  0x5CFE, 0x5CFE, 0x3CDF, 0x04BF, 0x04BF, 0x04BF, 0x04BF, 0x04BF, 0x04BF, 0x04BF,
  0x14BF, 0x449D, 0x449D, 0x449D, 0x449D, 0x449D, 0x449D, 0x449D, 0x449D, 0x5CFE,
  0x5CFE, 0x5CFE, 0x24BF, 0x04BF, 0x04BF, 0x04BF, 0x04BF, 0x04BF, 0x04BF, 0x04BF,
  0x14BF, 0x449D, 0x449D, 0x449D, 0x5CFE, 0x5CFE, 0x3CDF, 0x04BF, 0x04BF, 0x2D3F,
  0x357F, 0x2D3F, 0x00A4, 0x0000, 0x0000, 0x0000, 0x0000, 0x0000, 0x0000, 0x0000,
  0x4862, 0xC0A6, 0xB0A5, 0xD9C9, 0xE20B, 0xE20B, 0xE20B, 0xE20B, 0xE20B, 0xE20B,
  0xE20B, 0xE20B, 0xE20B, 0xE20B, 0xE20B, 0xE20B, 0xE20B, 0xE20B, 0xE20B, 0xE20B,
  0xE20B, 0xE20B, 0xE20B, 0xE20B, 0xE20B, 0xE20B, 0xE20B, 0xE20B, 0xE20B, 0xE20B,
  0xE20B, 0xE20B, 0xE20B, 0xE20B, 0xE20B, 0xE20B, 0xE20B, 0xE20B, 0xE20B, 0xE20B,
  0xE20B, 0xE20B, 0xE20B, 0xE22C, 0xEA4C, 0xC1EA, 0x0000, 0x0000, 0x0000, 0x0000,
  0x0000, 0x5920, 0xE300, 0xD2C0, 0xEB84, 0xFC26, 0xFC05, 0xFC05, 0xFC05, 0xFC05,
  0xFC05, 0xFC05, 0xFC05, 0xFC05, 0xFC05, 0xFC05, 0xFC05, 0xFC05, 0xFC05, 0xFC05,
  0xFC05, 0xFC05, 0xFC05, 0xFC05, 0xFC05, 0xFC05, 0xFC05, 0xFC05, 0xFC05, 0xFC05,
  0xFC05, 0xFC05, 0xFC05, 0xFC05, 0xFC05, 0xFC05, 0xFC05, 0xFC05, 0xFC05, 0xFC05,
  0xFC05, 0xFC05, 0xFC05, 0xFC05, 0xFC26, 0xFC46, 0xD385, 0x0000, 0x0000, 0x0000,
  0x0000, 0x0000, 0x5A61, 0xCD63, 0xBCE3, 0xE606, 0xEE48, 0xEE48, 0xEE48, 0xEE48,
  0xEE48, 0xEE48, 0xEE48, 0xEE48, 0xEE48, 0xEE48, 0xEE48, 0xEE48, 0xEE48, 0xEE48,
  0xEE48, 0xEE48, 0xEE48, 0xEE48, 0xEE48, 0xEE48, 0xEE48, 0xEE48, 0xEE48, 0xEE48,
  0xEE48, 0xEE48, 0xEE48, 0xEE48, 0xEE48, 0xEE48, 0xEE48, 0xEE48, 0xEE48, 0xEE48,
  0xEE48, 0xEE48, 0xEE48, 0xEE48, 0xEE48, 0xEE69, 0xEE69, 0xBD07, 0x0000, 0x0000,
  0x0000, 0x0000, 0x0000, 0x22C3, 0x45A7, 0x4526, 0x666B, 0x6E8B, 0x6E8B, 0x6E8B,
  0x6E8B, 0x6E8B, 0x6E8B, 0x6E8B, 0x6E8B, 0x6E8B, 0x6E8B, 0x6E8B, 0x6E8B, 0x6E8B,
  0x6E8B, 0x6E8B, 0x6E8B, 0x6E8B, 0x6E8B, 0x6E8B, 0x6E8B, 0x6E8B, 0x6E8B, 0x6E8B,
  0x6E8B, 0x6E8B, 0x6E8B, 0x6E8B, 0x6E8B, 0x6E8B, 0x6E8B, 0x6E8B, 0x6E8B, 0x6E8B,
  0x6E8B, 0x6E8B, 0x6E8B, 0x6E8B, 0x6E8B, 0x6E8B, 0x76AC, 0x76AC, 0x5D49, 0x0000,
  0x0000, 0x0000, 0x0000, 0x0000, 0x0000, 0x0000, 0x0000, 0x52AA, 0x8430, 0x7BEF,
  0x7BCF, 0x7BCF, 0x7BCF, 0x528A, 0x5ACB, 0x4228, 0x0000, 0x0000, 0x0000, 0x0000,
  0x0000, 0x0000, 0x0000, 0x0000, 0x0000, 0x0000, 0x0000, 0x0000, 0x0000, 0x0000,
  0x0000, 0x0000, 0x0000, 0x0000, 0x0000, 0x0000, 0x0000, 0x0000, 0x0000, 0x0000,
  0x0000, 0x0000, 0x0000, 0x0000, 0x0000, 0x0000, 0x1082, 0x632C, 0x632C, 0x6B4D,
  0x8410, 0x8C51, 0x4A49, 0x0000, 0x0000, 0x0000, 0x0000, 0x0000, 0x0000, 0x0000,
  0x0000, 0x0377, 0x03FB, 0x03FB, 0x04BF, 0x04BF, 0x449D, 0x83ED, 0x7BCF, 0xA4F3,
  0xC617, 0xC617, 0x7D5D, 0x049F, 0x14BF, 0x04BF, 0x04BF, 0x04BF, 0x14BF, 0x04BF,
  0x3CDF, 0xA4F3, 0xA4F3, 0xA4F3, 0xA4F3, 0xA4F3, 0xA4F3, 0xA4F3, 0xA4F3, 0xB596,
  0xC617, 0xC617, 0x5CFE, 0x049F, 0x14BF, 0x04BF, 0x04BF, 0x04BF, 0x04BF, 0x04BF,
  0x449D, 0x83ED, 0x7BCF, 0xA4F3, 0xC617, 0xC617, 0x7D5D, 0x049F, 0x14BF, 0x2D3F,
  0x357F, 0x2D3F, 0x00A4, 0x0000, 0x0000, 0x0000, 0x0000, 0x0000, 0x0000, 0x0000,
  0x4862, 0xC0A6, 0xB0A5, 0xD0E7, 0xD8C7, 0xD8C7, 0xD907, 0xD8C7, 0xD907, 0xD8C7,
  0xD907, 0xD8C7, 0xD907, 0xD8C7, 0xD907, 0xD8C7, 0xD907, 0xD8C7, 0xD907, 0xD8C7,
  0xD907, 0xD8C7, 0xD907, 0xD8C7, 0xD907, 0xD8C7, 0xD907, 0xD8C7, 0xD907, 0xD8C7,
  0xD907, 0xD8C7, 0xD907, 0xD8C7, 0xD907, 0xD8C7, 0xD907, 0xD8C7, 0xD907, 0xD8C7,
  0xD907, 0xD8C7, 0xD907, 0xE22C, 0xEA4C, 0xC1EA, 0x0000, 0x0000, 0x0000, 0x0000,
  0x0000, 0x5920, 0xE300, 0xD2C0, 0xE300, 0xFB60, 0xFB40, 0xFB40, 0xFB40, 0xFB40,
  0xFB40, 0xFB40, 0xFB40, 0xFB40, 0xFB40, 0xFB40, 0xFB40, 0xFB40, 0xFB40, 0xFB40,
  0xFB40, 0xFB40, 0xFB40, 0xFB40, 0xFB40, 0xFB40, 0xFB40, 0xFB40, 0xFB40, 0xFB40,
  0xFB40, 0xFB40, 0xFB40, 0xFB40, 0xFB40, 0xFB40, 0xFB40, 0xFB40, 0xFB40, 0xFB40,
  0xFB40, 0xFB40, 0xFB40, 0xFB60, 0xEBE5, 0xFC46, 0xD385, 0x0000, 0x0000, 0x0000,
  0x0000, 0x0000, 0x5A61, 0xCD63, 0xBCE3, 0xDDC3, 0xE603, 0xE603, 0xE603, 0xE603,
  0xE603, 0xE603, 0xE603, 0xE603, 0xE603, 0xE603, 0xE603, 0xE603, 0xE603, 0xE603,
  0xE603, 0xE603, 0xE603, 0xE603, 0xE603, 0xE603, 0xE603, 0xE603, 0xE603, 0xE603,
  0xE603, 0xE603, 0xE603, 0xE603, 0xE603, 0xE603, 0xE603, 0xE603, 0xE603, 0xE603,
  0xE603, 0xE603, 0xE603, 0xE603, 0xE604, 0xEE48, 0xEE69, 0xBD07, 0x0000, 0x0000,
  0x0000, 0x0000, 0x0000, 0x22C3, 0x45A7, 0x4526, 0x4E27, 0x4E47, 0x4E47, 0x4E27,
  0x4E47, 0x4E47, 0x4E47, 0x4E47, 0x4E47, 0x4E47, 0x4E47, 0x4E47, 0x4E47, 0x4E27,
  0x4E47, 0x4E47, 0x4E47, 0x4E47, 0x4E47, 0x4E27, 0x4E47, 0x4E27, 0x4E47, 0x4E27,
  0x4E47, 0x4E47, 0x4E47, 0x4E47, 0x4E47, 0x4E47, 0x4E47, 0x4E27, 0x4E47, 0x4E47,
  0x4E27, 0x4E47, 0x4E27, 0x4E47, 0x4E27, 0x4E47, 0x6E2B, 0x76AC, 0x5D49, 0x0000,
  0x0000, 0x0000, 0x0000, 0x0000, 0x0000, 0x0000, 0x0000, 0x52AA, 0x8C51, 0x7BEF,
  0x6B4D, 0x632C, 0x630C, 0x0020, 0x0000, 0x0000, 0x0000, 0x0000, 0x0000, 0x0000,
  0x0000, 0x0000, 0x0000, 0x0000, 0x0000, 0x0000, 0x0000, 0x0000, 0x0000, 0x0000,
  0x0000, 0x0000, 0x0000, 0x0000, 0x0000, 0x0000, 0x0000, 0x0000, 0x0000, 0x0000,
  0x0000, 0x0000, 0x0000, 0x0000, 0x0000, 0x0000, 0x1082, 0x6B6D, 0x6B6D, 0x738E,
  0x7BEF, 0x8C51, 0x4A49, 0x0000, 0x0000, 0x0000, 0x0000, 0x0000, 0x0000, 0x0000,
  0x0000, 0x0377, 0x03FB, 0x03FB, 0x14BF, 0x04BF, 0x449D, 0x8410, 0x7BCF, 0xA514,
  0xC638, 0xC617, 0x7D5D, 0x049F, 0x14BF, 0x04BF, 0x04BF, 0x04BF, 0x14BF, 0x04BF,
  0x3CDF, 0xA514, 0xA514, 0xA514, 0xA514, 0xA514, 0xA514, 0xA514, 0xA4F3, 0xB596,
  0xC638, 0xC617, 0x5CFE, 0x049F, 0x14BF, 0x04BF, 0x04BF, 0x04BF, 0x14BF, 0x04BF,
  0x449D, 0x8410, 0x7BCF, 0xA514, 0xC638, 0xC617, 0x7D5D, 0x049F, 0x14BF, 0x2D3F,
  0x357F, 0x2D3F, 0x00A4, 0x0000, 0x0000, 0x0000, 0x0000, 0x0000, 0x0000, 0x0000,
  0x6084, 0xD0E7, 0xC0A6, 0xD8C7, 0xE8E7, 0xE8E7, 0xE026, 0xE026, 0xE026, 0xE026,
  0xE026, 0xE026, 0xE8E7, 0xE8E7, 0xE8E7, 0xE026, 0xE026, 0xE026, 0xE026, 0xE026,
  0xE8E7, 0xE8E7, 0xE8E7, 0xE8E7, 0xE8E7, 0xE8E7, 0xE026, 0xE026, 0xE026, 0xE026,
  0xE026, 0xE026, 0xE8E7, 0xE8E7, 0xE8E7, 0xE026, 0xE026, 0xE026, 0xE026, 0xE026,
  0xE8E7, 0xE8E7, 0xE8E7, 0xF26D, 0xF26D, 0xE22C, 0x0000, 0x0000, 0x0000, 0x0000,
  0x0000, 0x5920, 0xFB20, 0xE300, 0xFB40, 0xFB60, 0xFB60, 0xFB40, 0xFB40, 0xFB40,
  0xFB40, 0xFB40, 0xFB40, 0xFB60, 0xFB60, 0xFB60, 0xFB40, 0xFB40, 0xFB40, 0xFB40,
  0xFB40, 0xFB60, 0xFB60, 0xFB60, 0xFB60, 0xFB60, 0xFB60, 0xFB40, 0xFB40, 0xFB40,
  0xFB40, 0xFB40, 0xFB60, 0xFB60, 0xFB60, 0xFB60, 0xFB40, 0xFB40, 0xFB40, 0xFB40,
  0xFB40, 0xFB60, 0xFB60, 0xFB60, 0xFC46, 0xFC46, 0xD385, 0x0000, 0x0000, 0x0000,
  0x0000, 0x0000, 0x6AA1, 0xDDC3, 0xCD63, 0xE604, 0xF664, 0xF664, 0xEE22, 0xEE22,
  0xEE22, 0xEE22, 0xEE22, 0xEE22, 0xF664, 0xF664, 0xF664, 0xEE22, 0xEE22, 0xEE22,
  0xEE22, 0xEE22, 0xF664, 0xF664, 0xF664, 0xF664, 0xF664, 0xF664, 0xEE22, 0xEE22,
  0xEE22, 0xEE22, 0xEE22, 0xEE22, 0xF664, 0xF664, 0xEE22, 0xEE22, 0xEE22, 0xEE22,
  0xEE22, 0xEE22, 0xF664, 0xF664, 0xF664, 0xF6C9, 0xFF2A, 0xCD88, 0x0000, 0x0000,
  0x0000, 0x0000, 0x0000, 0x22C3, 0x4E27, 0x45A7, 0x4E47, 0x56A8, 0x56A8, 0x4E47,
  0x4E47, 0x4E47, 0x4E47, 0x4E47, 0x4E47, 0x56A8, 0x56A8, 0x56A8, 0x4E47, 0x4E47,
  0x4E47, 0x4E47, 0x4E47, 0x56A8, 0x56A8, 0x56A8, 0x56A8, 0x56A8, 0x56A8, 0x4E47,
  0x4E47, 0x4E47, 0x4E47, 0x4E47, 0x4E47, 0x56A8, 0x56A8, 0x56A8, 0x4E47, 0x4E47,
  0x4E47, 0x4E47, 0x4E47, 0x56A8, 0x56A8, 0x56A8, 0x76AC, 0x7F2D, 0x65CA, 0x0000,
  0x0000, 0x0000, 0x0000, 0x0000, 0x0000, 0x0000, 0x0000, 0x4A69, 0x8C51, 0x7BEF,
  0x738E, 0x738E, 0x632C, 0x0020, 0x0000, 0x0000, 0x0000, 0x0000, 0x0000, 0x0000,
  0x0000, 0x0000, 0x0000, 0x0000, 0x0000, 0x0000, 0x0000, 0x0000, 0x0000, 0x0000,
  0x0000, 0x0000, 0x0000, 0x0000, 0x0000, 0x0000, 0x0000, 0x0000, 0x0000, 0x0000,
  0x0000, 0x0000, 0x0000, 0x0000, 0x0000, 0x0000, 0x0020, 0x4228, 0x4228, 0x52AA,
  0x8410, 0x8430, 0x5AEB, 0x2104, 0x2945, 0x1082, 0x0000, 0x0000, 0x0000, 0x0000,
  0x0000, 0x0377, 0x03FB, 0x03FB, 0x04BF, 0x04BF, 0x449D, 0x83ED, 0x73AE, 0x9492,
  0xB596, 0xB596, 0x7D5D, 0x049F, 0x14BF, 0x04BF, 0x04BF, 0x04BF, 0x047E, 0x047E,
  0x449D, 0x9492, 0x9492, 0x9492, 0x9492, 0x9492, 0x9492, 0x9492, 0x9492, 0xA514,
  0xB596, 0xB596, 0x5CFE, 0x049F, 0x14BF, 0x04BF, 0x04BF, 0x04BF, 0x04BF, 0x04BF,
  0x449D, 0x83ED, 0x73AE, 0x9492, 0xB596, 0xB596, 0x7D5D, 0x049F, 0x14BF, 0x2D3F,
  0x357F, 0x2D3F, 0x00A4, 0x0000, 0x0000, 0x0000, 0x0000, 0x0000, 0x0000, 0x0000,
  0x3041, 0x8064, 0x8064, 0x9084, 0x9084, 0x9084, 0xC209, 0xC209, 0xC209, 0xC209,
  0xC209, 0xC209, 0x9084, 0x9084, 0xA8E6, 0xC209, 0xC209, 0xC209, 0xC209, 0xC209,
  0xA8E6, 0x9084, 0x9084, 0x9084, 0x9084, 0x9084, 0xC209, 0xC209, 0xC209, 0xC209,
  0xC209, 0xC209, 0x9084, 0x9084, 0xA8E6, 0xC209, 0xC209, 0xC209, 0xC209, 0xC209,
  0xA8E6, 0x9084, 0x9084, 0x9167, 0x9167, 0x9167, 0x0000, 0x0000, 0x0000, 0x0000,
  0x0000, 0x4961, 0x91E0, 0x91E0, 0xAA20, 0xAA20, 0xAA20, 0xDB47, 0xDB47, 0xDB47,
  0xDB47, 0xDB47, 0xDB47, 0xAA20, 0xAA20, 0xC2A4, 0xDB47, 0xDB47, 0xDB47, 0xDB47,
  0xDB47, 0xC2A4, 0xAA20, 0xAA20, 0xAA20, 0xAA20, 0xAA20, 0xDB47, 0xDB47, 0xDB47,
  0xDB47, 0xDB47, 0xC2A4, 0xAA20, 0xAA20, 0xC2A4, 0xDB47, 0xDB47, 0xDB47, 0xDB47,
  0xDB47, 0xAA20, 0xAA20, 0xAA20, 0xAAE4, 0xAAE4, 0x79E2, 0x0000, 0x0000, 0x0000,
  0x0000, 0x0000, 0x4961, 0x8342, 0x8342, 0x93E2, 0x93E2, 0x93E2, 0xC548, 0xC548,
  0xC548, 0xC548, 0xC548, 0xC548, 0x93E2, 0x93E2, 0xACA4, 0xC548, 0xC548, 0xC548,
  0xC548, 0xC548, 0xACA4, 0x93E2, 0x93E2, 0x93E2, 0x93E2, 0x93E2, 0xC548, 0xC548,
  0xC548, 0xC548, 0xC548, 0xACA4, 0x93E2, 0x93E2, 0xACA4, 0xC548, 0xC548, 0xC548,
  0xC548, 0xC548, 0x93E2, 0x93E2, 0x93E2, 0x9C46, 0x9C46, 0x7324, 0x0000, 0x0000,
  0x0000, 0x0000, 0x0000, 0x2203, 0x2B84, 0x2B84, 0x3425, 0x3425, 0x3425, 0x5589,
  0x5589, 0x5589, 0x5589, 0x5589, 0x5589, 0x3425, 0x3425, 0x3445, 0x5589, 0x5589,
  0x5589, 0x5589, 0x5589, 0x3445, 0x3425, 0x3425, 0x3425, 0x3425, 0x3425, 0x5589,
  0x5589, 0x5589, 0x5589, 0x5589, 0x44E6, 0x3425, 0x3425, 0x44E6, 0x5589, 0x5589,
  0x5589, 0x5589, 0x5589, 0x3425, 0x3425, 0x3425, 0x4C68, 0x54A8, 0x3B46, 0x0000,
  0x0000, 0x0000, 0x0000, 0x0000, 0x18C3, 0x2945, 0x2104, 0x632C, 0x8430, 0x7BEF,
  0x52AA, 0x4228, 0x4228, 0x0020, 0x0000, 0x0000, 0x0000, 0x0000, 0x0000, 0x0000,
  0x0000, 0x0000, 0x0000, 0x0000, 0x0000, 0x0000, 0x0000, 0x0000, 0x0000, 0x0000,
  0x0000, 0x0000, 0x0000, 0x0000, 0x0000, 0x0000, 0x0000, 0x0000, 0x0000, 0x0000,
  0x0000, 0x0000, 0x0000, 0x0000, 0x0000, 0x0000, 0x0000, 0x0000, 0x0000, 0x18C3,
  0x8430, 0x7BEF, 0x8410, 0x8430, 0x9492, 0x31A6, 0x0000, 0x0000, 0x0000, 0x0000,
  0x0000, 0x0377, 0x03FB, 0x03FB, 0x14BF, 0x04BF, 0x449D, 0x632C, 0x632C, 0x738E,
  0x7BEF, 0x83ED, 0x545A, 0x04BF, 0x14BF, 0x04BF, 0x04BF, 0x04BF, 0x03DA, 0x03DA,
  0x3C19, 0x7BCF, 0x7BEF, 0x7BEF, 0x7BEF, 0x7BEF, 0x7BEF, 0x7BEF, 0x7BCF, 0x9492,
  0xA4F3, 0xA4F3, 0x5CFE, 0x04BF, 0x14BF, 0x04BF, 0x04BF, 0x04BF, 0x04BF, 0x04BF,
  0x449D, 0x632C, 0x632C, 0x738E, 0x7BCF, 0x83ED, 0x545A, 0x04BF, 0x14BF, 0x2D3F,
  0x357F, 0x2D3F, 0x00A4, 0x0000, 0x0000, 0x0000, 0x0000, 0x0000, 0x0000, 0x0000,
  0x0000, 0x0000, 0x0000, 0x0000, 0x0000, 0x0000, 0x4228, 0x5B4D, 0x5B4D, 0x5B4D,
  0x5B4D, 0x4AEB, 0x0000, 0x0000, 0x18C3, 0x5B4D, 0x5B4D, 0x5B4D, 0x5B4D, 0x6B6D,
  0x2945, 0x0000, 0x0000, 0x0000, 0x0000, 0x0000, 0x4AEB, 0x5B4D, 0x5B4D, 0x5B4D,
  0x5B4D, 0x4228, 0x0000, 0x0000, 0x2945, 0x6B6D, 0x5B4D, 0x5B4D, 0x5B4D, 0x5B4D,
  0x18C3, 0x0000, 0x0000, 0x0000, 0x0000, 0x0000, 0x0000, 0x0000, 0x0000, 0x0000,
  0x0000, 0x0000, 0x0000, 0x0000, 0x0000, 0x0000, 0x0000, 0x4228, 0x5B4D, 0x5B4D,
  0x5B4D, 0x5B4D, 0x4AEB, 0x0000, 0x0000, 0x18C3, 0x5B4D, 0x5B4D, 0x5B4D, 0x5B4D,
  0x5B4D, 0x2104, 0x0000, 0x0000, 0x0000, 0x0000, 0x0000, 0x4AEB, 0x5B4D, 0x5B4D,
  0x5B4D, 0x5B4D, 0x4228, 0x0000, 0x0000, 0x1966, 0x5B4D, 0x5B4D, 0x5B4D, 0x5B4D,
  0x5B4D, 0x1082, 0x0000, 0x0000, 0x0000, 0x0000, 0x0000, 0x0000, 0x0000, 0x0000,
  0x0000, 0x0000, 0x0000, 0x0000, 0x0000, 0x0000, 0x0000, 0x0000, 0x528A, 0x5B4D,
  0x5B4D, 0x5B4D, 0x5B4D, 0x528A, 0x0000, 0x0000, 0x2104, 0x5B4D, 0x5B4D, 0x5B4D,
  0x5B4D, 0x5B4D, 0x2104, 0x0000, 0x0000, 0x0000, 0x0000, 0x0000, 0x4AEB, 0x5B4D,
  0x5B4D, 0x5B4D, 0x5B4D, 0x4228, 0x0000, 0x0000, 0x1966, 0x5B4D, 0x5B4D, 0x5B4D,
  0x5B4D, 0x5B4D, 0x1082, 0x0000, 0x0000, 0x0000, 0x0000, 0x0000, 0x0000, 0x0000,
  0x0000, 0x0000, 0x0000, 0x0000, 0x0000, 0x0000, 0x0000, 0x0000, 0x0000, 0x528A,
  0x6B0D, 0x6B0D, 0x6B0D, 0x6B0D, 0x528A, 0x0000, 0x0000, 0x2104, 0x6B0D, 0x6B0D,
  0x6B0D, 0x6B0D, 0x6B0D, 0x2104, 0x0000, 0x0000, 0x0000, 0x0000, 0x0000, 0x630C,
  0x6B0D, 0x6B0D, 0x6B0D, 0x6B0D, 0x4228, 0x0000, 0x0000, 0x2945, 0x6B6D, 0x6B0D,
  0x6B0D, 0x6B0D, 0x6B0D, 0x1082, 0x0000, 0x0000, 0x0000, 0x0000, 0x0000, 0x0000,
  0x0000, 0x0000, 0x0000, 0x0000, 0x4208, 0x9492, 0x8430, 0x8410, 0x7BEF, 0x8410,
  0x1082, 0x0000, 0x0000, 0x0000, 0x0000, 0x0000, 0x0000, 0x0000, 0x0000, 0x0000,
  0x0000, 0x0000, 0x0000, 0x0000, 0x0000, 0x0000, 0x0000, 0x0000, 0x0000, 0x0000,
  0x0000, 0x0000, 0x0000, 0x0000, 0x0000, 0x0000, 0x0000, 0x0000, 0x0000, 0x0000,
  0x0000, 0x0000, 0x0000, 0x0000, 0x0000, 0x0000, 0x0000, 0x0000, 0x0000, 0x2104,
  0x8430, 0x8410, 0x8410, 0x7BEF, 0x8430, 0x31A6, 0x0000, 0x0000, 0x0000, 0x0000,
  0x0000, 0x0377, 0x03FB, 0x03FB, 0x04BF, 0x04BF, 0x449D, 0x6B29, 0x632C, 0x738E,
  0x83ED, 0x8BEB, 0x545A, 0x04BF, 0x14BF, 0x04BF, 0x04BF, 0x04BF, 0x03FB, 0x03DA,
  0x3C19, 0x8410, 0x7BEF, 0x7BEF, 0x8410, 0x7BEF, 0x8410, 0x8410, 0x7BCF, 0x9492,
  0xA514, 0xA4F3, 0x5CFE, 0x04BF, 0x14BF, 0x04BF, 0x04BF, 0x04BF, 0x04BF, 0x04BF,
  0x449D, 0x6B29, 0x6B29, 0x738E, 0x8430, 0x83ED, 0x545A, 0x04BF, 0x04BF, 0x2D3F,
  0x357F, 0x2D3F, 0x00A4, 0x0000, 0x0000, 0x0000, 0x0000, 0x0000, 0x0000, 0x0000,
  0x0000, 0x0000, 0x0000, 0x0000, 0x0000, 0x0000, 0x52AA, 0x6B6D, 0x632C, 0x632C,
  0x6B4D, 0x5ACB, 0x0020, 0x0000, 0x18C3, 0x6B6D, 0x6B4D, 0x632C, 0x632C, 0x6B6D,
  0x2945, 0x0000, 0x0000, 0x0000, 0x0000, 0x0000, 0x5ACB, 0x6B6D, 0x6B4D, 0x632C,
  0x6B6D, 0x52AA, 0x0000, 0x0000, 0x2945, 0x738E, 0x632C, 0x632C, 0x632C, 0x6B4D,
  0x18C3, 0x0000, 0x0000, 0x0000, 0x0000, 0x0000, 0x0000, 0x0000, 0x0000, 0x0000,
  0x0000, 0x0000, 0x0000, 0x0000, 0x0000, 0x0000, 0x0000, 0x52AA, 0x6B6D, 0x632C,
  0x632C, 0x6B4D, 0x5ACB, 0x0020, 0x0000, 0x18C3, 0x6B6D, 0x632C, 0x6B4D, 0x632C,
  0x6B6D, 0x2104, 0x0000, 0x0000, 0x0000, 0x0000, 0x0020, 0x630C, 0x6B6D, 0x6B4D,
  0x632C, 0x6B6D, 0x4228, 0x0000, 0x0000, 0x39C7, 0x738E, 0x632C, 0x632C, 0x632C,
  0x6B4D, 0x1082, 0x0000, 0x0000, 0x0000, 0x0000, 0x0000, 0x0000, 0x0000, 0x0000,
  0x0000, 0x0000, 0x0000, 0x0000, 0x0000, 0x0000, 0x0000, 0x0000, 0x528A, 0x6B6D,
  0x632C, 0x632C, 0x6B6D, 0x528A, 0x0000, 0x0000, 0x2104, 0x738E, 0x632C, 0x6B4D,
  0x632C, 0x6B6D, 0x2104, 0x0000, 0x0000, 0x0000, 0x0000, 0x0020, 0x630C, 0x6B6D,
  0x6B4D, 0x632C, 0x6B6D, 0x4228, 0x0000, 0x0000, 0x39C7, 0x738E, 0x632C, 0x6B4D,
  0x632C, 0x6B4D, 0x1082, 0x0000, 0x0000, 0x0000, 0x0000, 0x0000, 0x0000, 0x0000,
  0x0000, 0x0000, 0x0000, 0x0000, 0x0000, 0x0000, 0x0000, 0x0000, 0x0000, 0x528A,
  0x6B4D, 0x632C, 0x632C, 0x6B4D, 0x528A, 0x0000, 0x0000, 0x2104, 0x6B6D, 0x632C,
  0x632C, 0x632C, 0x6B6D, 0x2104, 0x0000, 0x0000, 0x0000, 0x0000, 0x0020, 0x630C,
  0x6B4D, 0x6B4D, 0x632C, 0x6B6D, 0x4228, 0x0000, 0x0000, 0x39C7, 0x738E, 0x632C,
  0x632C, 0x632C, 0x6B4D, 0x1082, 0x0000, 0x0000, 0x0000, 0x0000, 0x0000, 0x0000,
  0x0000, 0x0000, 0x0000, 0x0000, 0x4208, 0x8C51, 0x7BEF, 0x8410, 0x8410, 0x8430,
  0x18C3, 0x0000, 0x0000, 0x0000, 0x0000, 0x0000, 0x0000, 0x0000, 0x0000, 0x0000,
  0x0000, 0x0000, 0x0000, 0x0000, 0x0000, 0x0000, 0x0000, 0x0000, 0x0000, 0x0000,
  0x0000, 0x0000, 0x0000, 0x0000, 0x0000, 0x0000, 0x0000, 0x0000, 0x0000, 0x0000,
  0x0000, 0x0000, 0x0000, 0x0000, 0x0000, 0x0000, 0x0000, 0x0000, 0x0000, 0x18C3,
  0x7BCF, 0x73AE, 0x7BCF, 0x7BEF, 0x8C51, 0x31A6, 0x0000, 0x0000, 0x0000, 0x0000,
  0x0000, 0x0377, 0x03FB, 0x23FA, 0x3C19, 0x3C19, 0x6479, 0x73AE, 0x738E, 0x8410,
  0x545A, 0x6479, 0x449D, 0x04BF, 0x04BF, 0x04BF, 0x04BF, 0x04BF, 0x03FB, 0x03DA,
  0x3C19, 0x8410, 0x7BEF, 0x8410, 0x7BEF, 0x8410, 0x7BEF, 0x8410, 0x7BCF, 0x9492,
  0xA514, 0xA4F3, 0x5CFE, 0x04BF, 0x14BF, 0x04BF, 0x04BF, 0x04BF, 0x04BF, 0x04BF,
  0x1C7D, 0x3C19, 0x3C19, 0x6479, 0x73AE, 0x738E, 0x6479, 0x545A, 0x6479, 0x3CDF,
  0x357F, 0x2D3F, 0x00A4, 0x0000, 0x0000, 0x0000, 0x0000, 0x0000, 0x0000, 0x0000,
  0x0000, 0x0000, 0x0000, 0x0000, 0x0000, 0x0000, 0x52AA, 0x7BCF, 0x73AE, 0x73AE,
  0x7BCF, 0x62EB, 0x0000, 0x0000, 0x18C3, 0x6B6D, 0x632C, 0x6B6D, 0x73AE, 0x7BCF,
  0x31A6, 0x0000, 0x0000, 0x0000, 0x0000, 0x0000, 0x5ACB, 0x6B4D, 0x6B4D, 0x73AE,
  0x7BCF, 0x52AA, 0x0000, 0x0000, 0x2945, 0x738E, 0x632C, 0x738E, 0x73AE, 0x7BCF,
  0x18C3, 0x0000, 0x0000, 0x0000, 0x0000, 0x0000, 0x0000, 0x0000, 0x0000, 0x0000,
  0x0000, 0x0000, 0x0000, 0x0000, 0x0000, 0x0000, 0x0000, 0x52AA, 0x7BCF, 0x73AE,
  0x73AE, 0x7BCF, 0x62EB, 0x0000, 0x0000, 0x18C3, 0x6B6D, 0x632C, 0x6B6D, 0x73AE,
  0x7BCF, 0x2945, 0x0000, 0x0000, 0x0000, 0x0000, 0x0020, 0x630C, 0x6B4D, 0x6B4D,
  0x73AE, 0x7BCF, 0x52AA, 0x0000, 0x0000, 0x39C7, 0x738E, 0x632C, 0x738E, 0x73AE,
  0x73AE, 0x18C3, 0x0000, 0x0000, 0x0000, 0x0000, 0x0000, 0x0000, 0x0000, 0x0000,
  0x0000, 0x0000, 0x0000, 0x0000, 0x0000, 0x0000, 0x0000, 0x0000, 0x52AA, 0x7BCF,
  0x73AE, 0x73AE, 0x7BCF, 0x52AA, 0x0000, 0x0000, 0x2104, 0x6B6D, 0x632C, 0x6B6D,
  0x73AE, 0x7BCF, 0x2945, 0x0000, 0x0000, 0x0000, 0x0000, 0x0020, 0x630C, 0x6B4D,
  0x6B4D, 0x73AE, 0x7BCF, 0x52AA, 0x0000, 0x0000, 0x39C7, 0x738E, 0x632C, 0x738E,
  0x73AE, 0x73AE, 0x18C3, 0x0000, 0x0000, 0x0000, 0x0000, 0x0000, 0x0000, 0x0000,
  0x0000, 0x0000, 0x0000, 0x0000, 0x0000, 0x0000, 0x0000, 0x0000, 0x0000, 0x52AA,
  0x7BCF, 0x73AE, 0x73AE, 0x7BCF, 0x52AA, 0x0000, 0x0000, 0x2104, 0x6B6D, 0x632C,
  0x6B6D, 0x73AE, 0x7BCF, 0x2945, 0x0000, 0x0000, 0x0000, 0x0000, 0x0020, 0x630C,
  0x6B4D, 0x6B4D, 0x73AE, 0x7BCF, 0x52AA, 0x0000, 0x0000, 0x39C7, 0x738E, 0x632C,
  0x738E, 0x73AE, 0x73AE, 0x18C3, 0x0000, 0x0000, 0x0000, 0x0000, 0x0000, 0x0000,
  0x0000, 0x0000, 0x0000, 0x0000, 0x4208, 0x8C51, 0x7BEF, 0x7BCF, 0x73AE, 0x73AE,
  0x18C3, 0x0000, 0x0000, 0x0000, 0x0000, 0x0000, 0x0000, 0x0000, 0x0000, 0x0000,
  0x0000, 0x0000, 0x0000, 0x0000, 0x0000, 0x0000, 0x0000, 0x0000, 0x0000, 0x0000,
  0x0000, 0x0000, 0x0000, 0x0000, 0x0000, 0x0000, 0x0000, 0x0000, 0x0000, 0x0000,
  0x0000, 0x0000, 0x0000, 0x0000, 0x0000, 0x0000, 0x0000, 0x0000, 0x0000, 0x18C3,
  0x6B4D, 0x632C, 0x738E, 0x7BEF, 0x8C51, 0x31A6, 0x0000, 0x0000, 0x0000, 0x0000,
  0x0000, 0x0357, 0x03FB, 0x23FA, 0x6B29, 0x6B29, 0x6B4D, 0x8410, 0x83ED, 0x6479,
  0x04BF, 0x04BF, 0x04BF, 0x04BF, 0x04BF, 0x04BF, 0x04BF, 0x04BF, 0x03FB, 0x03DA,
  0x3C19, 0x7BEF, 0x7BEF, 0x7BEF, 0x8410, 0x7BEF, 0x8410, 0x7BEF, 0x7BCF, 0x9492,
  0xA514, 0xA4F3, 0x5CFE, 0x04BF, 0x14BF, 0x04BF, 0x04BF, 0x04BF, 0x04BF, 0x04BF,
  0x04BF, 0x04BF, 0x04BF, 0x3C19, 0x6B29, 0x632C, 0x73AE, 0x83ED, 0x8BEB, 0x5CFE,
  0x2D3F, 0x2D3F, 0x00A4, 0x0000, 0x0000, 0x0000, 0x0000, 0x0000, 0x0000, 0x0000,
  0x0000, 0x0000, 0x0000, 0x0000, 0x0000, 0x0000, 0x5AEB, 0x8C51, 0x7BEF, 0x8410,
  0x8410, 0x6B6D, 0x0000, 0x0000, 0x18C3, 0x6B6D, 0x632C, 0x738E, 0x8410, 0x8C51,
  0x31A6, 0x0000, 0x0000, 0x0000, 0x0000, 0x0000, 0x5ACB, 0x6B4D, 0x6B6D, 0x7BEF,
  0x8C51, 0x5AEB, 0x0000, 0x0000, 0x2945, 0x6B6D, 0x632C, 0x7BCF, 0x8410, 0x8430,
  0x2104, 0x0000, 0x0000, 0x0000, 0x0000, 0x0000, 0x0000, 0x0000, 0x0000, 0x0000,
  0x0000, 0x0000, 0x0000, 0x0000, 0x0000, 0x0000, 0x0000, 0x5AEB, 0x8C51, 0x8410,
  0x7BEF, 0x8430, 0x6B6D, 0x0000, 0x0000, 0x18C3, 0x6B6D, 0x632C, 0x738E, 0x8410,
  0x8C51, 0x2945, 0x0000, 0x0000, 0x0000, 0x0000, 0x0020, 0x630C, 0x6B4D, 0x6B6D,
  0x8410, 0x8C51, 0x52AA, 0x0000, 0x0000, 0x39C7, 0x6B6D, 0x632C, 0x7BCF, 0x8410,
  0x8410, 0x18C3, 0x0000, 0x0000, 0x0000, 0x0000, 0x0000, 0x0000, 0x0000, 0x0000,
  0x0000, 0x0000, 0x0000, 0x0000, 0x0000, 0x0000, 0x0000, 0x0000, 0x632C, 0x8430,
  0x8410, 0x8410, 0x8430, 0x632C, 0x0000, 0x0000, 0x2104, 0x6B6D, 0x632C, 0x73AE,
  0x8410, 0x8C51, 0x2945, 0x0000, 0x0000, 0x0000, 0x0000, 0x0020, 0x630C, 0x6B4D,
  0x6B6D, 0x8410, 0x8C51, 0x52AA, 0x0000, 0x0000, 0x39C7, 0x6B6D, 0x632C, 0x7BCF,
  0x8410, 0x8410, 0x18C3, 0x0000, 0x0000, 0x0000, 0x0000, 0x0000, 0x0000, 0x0000,
  0x0000, 0x0000, 0x0000, 0x0000, 0x0000, 0x0000, 0x0000, 0x0000, 0x0000, 0x632C,
  0x8430, 0x8410, 0x8410, 0x8430, 0x632C, 0x0000, 0x0000, 0x2104, 0x6B6D, 0x632C,
  0x73AE, 0x8410, 0x8C51, 0x2945, 0x0000, 0x0000, 0x0000, 0x0000, 0x0020, 0x630C,
  0x6B4D, 0x6B6D, 0x8410, 0x8C51, 0x52AA, 0x0000, 0x0000, 0x39C7, 0x6B6D, 0x632C,
  0x7BCF, 0x8410, 0x8410, 0x18C3, 0x0000, 0x0000, 0x0000, 0x0000, 0x0000, 0x0000,
  0x0000, 0x0000, 0x0000, 0x0000, 0x4208, 0x8C51, 0x8410, 0x6B4D, 0x632C, 0x632C,
  0x1082, 0x0000, 0x0000, 0x0000, 0x0000, 0x0000, 0x0000, 0x0000, 0x0000, 0x0000,
  0x0000, 0x0000, 0x0000, 0x0000, 0x0000, 0x0000, 0x0000, 0x0000, 0x0000, 0x0000,
  0x0000, 0x0000, 0x0000, 0x0000, 0x0000, 0x0000, 0x0000, 0x0000, 0x0000, 0x0000,
  0x0000, 0x0000, 0x0000, 0x0000, 0x0000, 0x0000, 0x0000, 0x0000, 0x0000, 0x18C3,
  0x73AE, 0x6B6D, 0x73AE, 0x7BEF, 0x8C51, 0x31A6, 0x0000, 0x0000, 0x0000, 0x0000,
  0x0000, 0x0377, 0x047E, 0x23FA, 0x6B4D, 0x632C, 0x738E, 0x8410, 0x83ED, 0x6479,
  0x04FF, 0x14BF, 0x04FF, 0x04FF, 0x04FF, 0x04FF, 0x04FF, 0x04FF, 0x03FB, 0x03FB,
  0x23FA, 0x8410, 0x8410, 0x8410, 0x8410, 0x8410, 0x8410, 0x8410, 0x7BCF, 0x9492,
  0xA514, 0xA4F3, 0x5CFE, 0x04FF, 0x14BF, 0x04FF, 0x04FF, 0x04FF, 0x04FF, 0x04FF,
  0x04FF, 0x14BF, 0x04FF, 0x545A, 0x6B29, 0x738E, 0x7BCF, 0x8430, 0x7BEF, 0x5CFE,
  0x2D3F, 0x2D3F, 0x00A4, 0x0000, 0x0000, 0x0000, 0x0000, 0x0000, 0x0000, 0x0000,
  0x0000, 0x0000, 0x0000, 0x0000, 0x0000, 0x0000, 0x5AEB, 0x8430, 0x7BEF, 0x8430,
  0x8C51, 0x73AE, 0x0000, 0x0000, 0x18C3, 0x6B6D, 0x632C, 0x738E, 0x8410, 0x8C51,
  0x31A6, 0x0000, 0x0000, 0x0000, 0x0000, 0x0000, 0x5ACB, 0x6B4D, 0x6B6D, 0x7BEF,
  0x8430, 0x5AEB, 0x0000, 0x0000, 0x2945, 0x73AE, 0x6B4D, 0x7BCF, 0x8410, 0x8430,
  0x18C3, 0x0000, 0x0000, 0x0000, 0x0000, 0x0000, 0x0000, 0x0000, 0x0000, 0x0000,
  0x0000, 0x0000, 0x0000, 0x0000, 0x0000, 0x0000, 0x0000, 0x5AEB, 0x8430, 0x7BEF,
  0x8430, 0x8C51, 0x73AE, 0x0000, 0x0000, 0x18C3, 0x6B6D, 0x632C, 0x738E, 0x7BEF,
  0x8430, 0x2945, 0x0000, 0x0000, 0x0000, 0x0000, 0x0020, 0x630C, 0x6B4D, 0x6B6D,
  0x7BEF, 0x8C51, 0x52AA, 0x0000, 0x0000, 0x39C7, 0x73AE, 0x6B4D, 0x7BCF, 0x8410,
  0x8410, 0x1082, 0x0000, 0x0000, 0x0000, 0x0000, 0x0000, 0x0000, 0x0000, 0x0000,
  0x0000, 0x0000, 0x0000, 0x0000, 0x0000, 0x0000, 0x0000, 0x0000, 0x632C, 0x8430,
  0x7BEF, 0x8430, 0x9492, 0x6B6D, 0x0000, 0x0000, 0x2104, 0x6B6D, 0x632C, 0x73AE,
  0x7BEF, 0x8430, 0x2945, 0x0000, 0x0000, 0x0000, 0x0000, 0x0020, 0x630C, 0x6B4D,
  0x6B6D, 0x7BEF, 0x8C51, 0x52AA, 0x0000, 0x0000, 0x39C7, 0x73AE, 0x6B4D, 0x7BCF,
  0x8410, 0x8410, 0x1082, 0x0000, 0x0000, 0x0000, 0x0000, 0x0000, 0x0000, 0x0000,
  0x0000, 0x0000, 0x0000, 0x0000, 0x0000, 0x0000, 0x0000, 0x0000, 0x0000, 0x632C,
  0x8430, 0x7BEF, 0x8430, 0x9492, 0x6B6D, 0x0000, 0x0000, 0x2104, 0x6B6D, 0x632C,
  0x73AE, 0x7BEF, 0x8430, 0x2945, 0x0000, 0x0000, 0x0000, 0x0000, 0x0020, 0x630C,
  0x6B4D, 0x6B6D, 0x7BEF, 0x8C51, 0x52AA, 0x0000, 0x0000, 0x39C7, 0x73AE, 0x6B4D,
  0x7BCF, 0x8410, 0x8410, 0x1082, 0x0000, 0x0000, 0x0000, 0x0000, 0x0000, 0x0000,
  0x0000, 0x0000, 0x0000, 0x0000, 0x4208, 0x8C51, 0x8410, 0x73AE, 0x6B6D, 0x738E,
  0x1082, 0x0000, 0x0000, 0x0000, 0x0000, 0x0000, 0x0000, 0x0000, 0x0000, 0x0000,
  0x0000, 0x0000, 0x0000, 0x0000, 0x0000, 0x0000, 0x0000, 0x0000, 0x0000, 0x0000,
  0x0000, 0x0000, 0x0000, 0x0000, 0x0000, 0x0000, 0x0000, 0x0000, 0x0000, 0x0000,
  0x0000, 0x0000, 0x0000, 0x0000, 0x0000, 0x0000, 0x0000, 0x0000, 0x0000, 0x0020,
  0x2104, 0x18C3, 0x4A69, 0x8430, 0x8410, 0x632C, 0x4A69, 0x5ACB, 0x18C3, 0x0000,
  0x0000, 0x0948, 0x0948, 0x0948, 0x7BCF, 0x7BCF, 0x73AE, 0x738E, 0x73AE, 0x5ACB,
  0x018A, 0x018A, 0x018A, 0x018A, 0x018A, 0x018A, 0x018A, 0x018A, 0x0948, 0x0948,
  0x0948, 0x738E, 0x738E, 0x738E, 0x738E, 0x738E, 0x738E, 0x738E, 0x6B6D, 0x8410,
  0x8C51, 0x9492, 0x2A8E, 0x018A, 0x018A, 0x018A, 0x018A, 0x018A, 0x018A, 0x018A,
  0x018A, 0x018A, 0x018A, 0x0948, 0x2104, 0x18C3, 0x4228, 0x73AE, 0x6B4D, 0x6479,
  0x6479, 0x6479, 0x1082, 0x0000, 0x0000, 0x0000, 0x0000, 0x0000, 0x0000, 0x0000,
  0x0000, 0x0000, 0x0000, 0x31A6, 0x5ACB, 0x4A69, 0x73AE, 0x8410, 0x7BEF, 0x31A6,
  0x2945, 0x2104, 0x0000, 0x0000, 0x18C3, 0x6B6D, 0x632C, 0x738E, 0x8410, 0x8C51,
  0x31A6, 0x0000, 0x0000, 0x0000, 0x0000, 0x0000, 0x5ACB, 0x6B4D, 0x6B6D, 0x7BEF,
  0x8C51, 0x5AEB, 0x0000, 0x0000, 0x1082, 0x2104, 0x18C3, 0x4228, 0x73AE, 0x738E,
  0x5AEB, 0x52AA, 0x52AA, 0x0020, 0x0000, 0x0000, 0x0000, 0x0000, 0x0000, 0x0000,
  0x0000, 0x0000, 0x0000, 0x0000, 0x31A6, 0x5ACB, 0x4A69, 0x73AE, 0x8410, 0x7BEF,
  0x31A6, 0x2945, 0x2104, 0x0000, 0x0000, 0x18C3, 0x6B6D, 0x632C, 0x738E, 0x8410,
  0x8430, 0x2945, 0x0000, 0x0000, 0x0000, 0x0000, 0x0020, 0x630C, 0x6B4D, 0x6B6D,
  0x7BEF, 0x8C51, 0x52AA, 0x0000, 0x0000, 0x1082, 0x2104, 0x18C3, 0x52AA, 0x73AE,
  0x738E, 0x5AEB, 0x52AA, 0x4A69, 0x0020, 0x0000, 0x0000, 0x0000, 0x0000, 0x0000,
  0x0000, 0x0000, 0x0000, 0x0000, 0x0000, 0x31A6, 0x5ACB, 0x52AA, 0x73AE, 0x8410,
  0x73AE, 0x31A6, 0x2945, 0x2104, 0x0000, 0x0000, 0x2104, 0x6B6D, 0x632C, 0x73AE,
  0x8410, 0x8C51, 0x2945, 0x0000, 0x0000, 0x0000, 0x0000, 0x0020, 0x630C, 0x6B4D,
  0x6B6D, 0x7BEF, 0x8C51, 0x52AA, 0x0000, 0x0000, 0x1082, 0x2104, 0x18C3, 0x52AA,
  0x73AE, 0x738E, 0x5ACB, 0x52AA, 0x4A69, 0x0020, 0x0000, 0x0000, 0x0000, 0x0000,
  0x0000, 0x0000, 0x0000, 0x0000, 0x0000, 0x0000, 0x31A6, 0x5ACB, 0x52AA, 0x73AE,
  0x8410, 0x73AE, 0x31A6, 0x2945, 0x2104, 0x0000, 0x0000, 0x2104, 0x6B6D, 0x632C,
  0x73AE, 0x8410, 0x8430, 0x2945, 0x0000, 0x0000, 0x0000, 0x0000, 0x0020, 0x630C,
  0x6B4D, 0x6B6D, 0x7BEF, 0x8C51, 0x52AA, 0x0000, 0x0000, 0x1082, 0x2104, 0x18C3,
  0x52AA, 0x73AE, 0x738E, 0x5AEB, 0x52AA, 0x4A69, 0x0020, 0x0000, 0x0000, 0x0000,
  0x0000, 0x18C3, 0x5ACB, 0x4A69, 0x632C, 0x8410, 0x8430, 0x4A49, 0x18C3, 0x2104,
  0x0020, 0x0000, 0x0000, 0x0000, 0x0000, 0x0000, 0x0000, 0x0000, 0x0000, 0x0000,
  0x0000, 0x0000, 0x0000, 0x0000, 0x0000, 0x0000, 0x0000, 0x0000, 0x0000, 0x0000,
  0x0000, 0x0000, 0x0000, 0x0000, 0x0000, 0x0000, 0x0000, 0x0000, 0x0000, 0x0000,
  0x0000, 0x0000, 0x0000, 0x0000, 0x0000, 0x0000, 0x0000, 0x0000, 0x0000, 0x0000,
  0x0000, 0x0000, 0x2945, 0x8C51, 0x7BEF, 0x8430, 0x8C51, 0x9492, 0x2104, 0x0000,
  0x0000, 0x0000, 0x0000, 0x1040, 0x7BEF, 0x8430, 0x7BCF, 0x632C, 0x6B6D, 0x39C7,
  0x0000, 0x0000, 0x0000, 0x0000, 0x0000, 0x0000, 0x0000, 0x0000, 0x0000, 0x0000,
  0x0020, 0x632C, 0x632C, 0x632C, 0x632C, 0x632C, 0x632C, 0x632C, 0x632C, 0x73AE,
  0x7BEF, 0x8410, 0x1082, 0x0000, 0x0000, 0x0000, 0x0000, 0x0000, 0x0000, 0x0000,
  0x0000, 0x0000, 0x0000, 0x0000, 0x0000, 0x0000, 0x39C7, 0x6B6D, 0x632C, 0x83ED,
  0x83ED, 0x83ED, 0x1082, 0x0000, 0x0000, 0x0000, 0x0000, 0x0000, 0x0000, 0x0000,
  0x0000, 0x0000, 0x0000, 0x4A69, 0x9492, 0x8430, 0x8410, 0x8410, 0x7BEF, 0x0020,
  0x0000, 0x0000, 0x0000, 0x0000, 0x18C3, 0x6B6D, 0x632C, 0x738E, 0x8410, 0x8C51,
  0x31A6, 0x0000, 0x0000, 0x0000, 0x0000, 0x0000, 0x5ACB, 0x6B4D, 0x6B6D, 0x7BEF,
  0x8C51, 0x5AEB, 0x0000, 0x0000, 0x0000, 0x0000, 0x0000, 0x39C7, 0x6B6D, 0x632C,
  0x7BEF, 0x8C51, 0x8430, 0x1082, 0x0000, 0x0000, 0x0000, 0x0000, 0x0000, 0x0000,
  0x0000, 0x0000, 0x0000, 0x0000, 0x4A69, 0x9492, 0x8430, 0x8410, 0x7BEF, 0x7BEF,
  0x0020, 0x0000, 0x0000, 0x0000, 0x0000, 0x18C3, 0x6B6D, 0x632C, 0x738E, 0x8410,
  0x8430, 0x2945, 0x0000, 0x0000, 0x0000, 0x0000, 0x0020, 0x630C, 0x6B4D, 0x6B6D,
  0x7BEF, 0x8C51, 0x52AA, 0x0000, 0x0000, 0x0000, 0x0000, 0x0000, 0x4228, 0x6B6D,
  0x632C, 0x8410, 0x8C51, 0x7BEF, 0x0020, 0x0000, 0x0000, 0x0000, 0x0000, 0x0000,
  0x0000, 0x0000, 0x0000, 0x0000, 0x0000, 0x5ACB, 0x9492, 0x8430, 0x7BEF, 0x8410,
  0x73AE, 0x0000, 0x0000, 0x0000, 0x0000, 0x0000, 0x2104, 0x6B6D, 0x632C, 0x73AE,
  0x8410, 0x8430, 0x2945, 0x0000, 0x0000, 0x0000, 0x0000, 0x0020, 0x630C, 0x6B4D,
  0x6B6D, 0x7BEF, 0x8C51, 0x52AA, 0x0000, 0x0000, 0x0000, 0x0000, 0x0000, 0x4228,
  0x6B6D, 0x632C, 0x8410, 0x8C51, 0x7BEF, 0x0020, 0x0000, 0x0000, 0x0000, 0x0000,
  0x0000, 0x0000, 0x0000, 0x0000, 0x0000, 0x0000, 0x5ACB, 0x9492, 0x8430, 0x8410,
  0x8410, 0x73AE, 0x0000, 0x0000, 0x0000, 0x0000, 0x0000, 0x2104, 0x6B6D, 0x632C,
  0x73AE, 0x8410, 0x8430, 0x2945, 0x0000, 0x0000, 0x0000, 0x0000, 0x0020, 0x630C,
  0x6B4D, 0x6B6D, 0x7BEF, 0x8C51, 0x52AA, 0x0000, 0x0000, 0x0000, 0x0000, 0x0000,
  0x4228, 0x6B6D, 0x632C, 0x8410, 0x8C51, 0x7BEF, 0x0020, 0x0000, 0x0000, 0x0000,
  0x0000, 0x2945, 0x9492, 0x8430, 0x8430, 0x7BEF, 0x8C51, 0x2104, 0x0000, 0x0000,
  0x0000, 0x0000, 0x0000, 0x0000, 0x0000, 0x0000, 0x0000, 0x0000, 0x0000, 0x0000,
  0x0000, 0x0000, 0x0000, 0x0000, 0x0000, 0x0000, 0x0000, 0x0000, 0x0000, 0x0000,
  0x0000, 0x0000, 0x0000, 0x0000, 0x0000, 0x0000, 0x0000, 0x0000, 0x0000, 0x0000,
  0x0000, 0x0000, 0x0000, 0x0000, 0x0000, 0x0000, 0x0000, 0x0000, 0x0000, 0x0000,
  0x0000, 0x0000, 0x31A6, 0x8C51, 0x7BEF, 0x7BEF, 0x7BEF, 0x8410, 0x2104, 0x0000,
  0x0000, 0x0000, 0x0000, 0x1082, 0x7BEF, 0x8410, 0x7BCF, 0x6B4D, 0x738E, 0x39C7,
  0x0000, 0x0000, 0x0000, 0x0000, 0x0000, 0x0000, 0x0000, 0x0000, 0x0000, 0x0000,
  0x1082, 0x632C, 0x6B4D, 0x6B4D, 0x6B4D, 0x6B4D, 0x6B4D, 0x6B4D, 0x632C, 0x73AE,
  0x8410, 0x8430, 0x2104, 0x0000, 0x0000, 0x0000, 0x0000, 0x0000, 0x0000, 0x0000,
  0x0000, 0x0000, 0x0000, 0x0000, 0x0000, 0x0000, 0x39C7, 0x738E, 0x6B4D, 0x7BCF,
  0x8410, 0x7BEF, 0x1082, 0x0000, 0x0000, 0x0000, 0x0000, 0x0000, 0x0000, 0x0000,
  0x0000, 0x0000, 0x0000, 0x4A49, 0x8430, 0x7BEF, 0x8410, 0x8410, 0x7BEF, 0x1082,
  0x0000, 0x0000, 0x0000, 0x0000, 0x18C3, 0x6B6D, 0x632C, 0x738E, 0x8410, 0x8C51,
  0x31A6, 0x0000, 0x0000, 0x0000, 0x0000, 0x0000, 0x5ACB, 0x6B4D, 0x6B6D, 0x7BEF,
  0x8C51, 0x5AEB, 0x0000, 0x0000, 0x0000, 0x0000, 0x0000, 0x39C7, 0x738E, 0x632C,
  0x7BCF, 0x8410, 0x7BEF, 0x1082, 0x0000, 0x0000, 0x0000, 0x0000, 0x0000, 0x0000,
  0x0000, 0x0000, 0x0000, 0x0000, 0x4A49, 0x8430, 0x7BEF, 0x7BEF, 0x8410, 0x7BEF,
  0x1082, 0x0000, 0x0000, 0x0000, 0x0000, 0x18C3, 0x6B6D, 0x632C, 0x738E, 0x8410,
  0x8430, 0x2945, 0x0000, 0x0000, 0x0000, 0x0000, 0x0020, 0x630C, 0x6B4D, 0x6B6D,
  0x7BEF, 0x8C51, 0x52AA, 0x0000, 0x0000, 0x0000, 0x0000, 0x0000, 0x4228, 0x738E,
  0x6B4D, 0x7BCF, 0x8410, 0x73AE, 0x0020, 0x0000, 0x0000, 0x0000, 0x0000, 0x0000,
  0x0000, 0x0000, 0x0000, 0x0000, 0x0000, 0x52AA, 0x8430, 0x7BEF, 0x8410, 0x8430,
  0x73AE, 0x0020, 0x0000, 0x0000, 0x0000, 0x0000, 0x2104, 0x6B6D, 0x632C, 0x73AE,
  0x8410, 0x8C51, 0x2945, 0x0000, 0x0000, 0x0000, 0x0000, 0x0020, 0x630C, 0x6B4D,
  0x6B6D, 0x7BEF, 0x8C51, 0x52AA, 0x0000, 0x0000, 0x0000, 0x0000, 0x0000, 0x4228,
  0x738E, 0x6B4D, 0x7BCF, 0x8410, 0x73AE, 0x0020, 0x0000, 0x0000, 0x0000, 0x0000,
  0x0000, 0x0000, 0x0000, 0x0000, 0x0000, 0x0000, 0x52AA, 0x8430, 0x7BEF, 0x7BEF,
  0x8430, 0x73AE, 0x0020, 0x0000, 0x0000, 0x0000, 0x0000, 0x2104, 0x6B6D, 0x632C,
  0x73AE, 0x8410, 0x8430, 0x2945, 0x0000, 0x0000, 0x0000, 0x0000, 0x0020, 0x630C,
  0x6B4D, 0x6B6D, 0x7BEF, 0x8C51, 0x52AA, 0x0000, 0x0000, 0x0000, 0x0000, 0x0000,
  0x4228, 0x738E, 0x6B4D, 0x7BCF, 0x8410, 0x73AE, 0x0020, 0x0000, 0x0000, 0x0000,
  0x0000, 0x2945, 0x8430, 0x7BEF, 0x7BEF, 0x7BEF, 0x8C51, 0x2945, 0x0000, 0x0000,
  0x0000, 0x0000, 0x0000, 0x0000, 0x0000, 0x0000, 0x0000, 0x0000, 0x0000, 0x0000,
  0x0000, 0x0000, 0x0000, 0x0000, 0x0000, 0x0000, 0x0000, 0x0000, 0x0000, 0x0000,
  0x0000, 0x0000, 0x0000, 0x0000, 0x0000, 0x0000, 0x0000, 0x0000, 0x0000, 0x0000,
  0x0000, 0x0000, 0x0000, 0x0000, 0x0000, 0x0000, 0x0000, 0x0000, 0x0000, 0x0000,
  0x0000, 0x0000, 0x2945, 0x73AE, 0x6B4D, 0x73AE, 0x8410, 0x8410, 0x6B6D, 0x632C,
  0x632C, 0x632C, 0x632C, 0x6B6D, 0x6B4D, 0x738E, 0x52AA, 0x1082, 0x1082, 0x1082,
  0x0000, 0x0000, 0x0000, 0x0000, 0x0000, 0x0000, 0x0000, 0x0000, 0x39E7, 0x39E7,
  0x39E7, 0x632C, 0x6B4D, 0x6B4D, 0x6B4D, 0x6B4D, 0x6B4D, 0x6B4D, 0x6B4D, 0x6B4D,
  0x6B6D, 0x6B6D, 0x6B6D, 0x632C, 0x632C, 0x0020, 0x0000, 0x0000, 0x0000, 0x0000,
  0x0000, 0x0000, 0x0000, 0x0000, 0x0000, 0x0000, 0x1082, 0x1082, 0x1082, 0x52AA,
  0x738E, 0x6B4D, 0x632C, 0x632C, 0x5ACB, 0x0000, 0x0000, 0x0000, 0x0000, 0x0000,
  0x2945, 0x6B6D, 0x632C, 0x6B6D, 0x6B6D, 0x738E, 0x31A6, 0x1082, 0x18C3, 0x0000,
  0x0000, 0x0000, 0x0000, 0x0000, 0x18C3, 0x6B6D, 0x632C, 0x738E, 0x8410, 0x8C51,
  0x31A6, 0x0000, 0x0000, 0x0000, 0x0000, 0x0000, 0x5ACB, 0x6B4D, 0x6B6D, 0x7BEF,
  0x8C51, 0x5AEB, 0x0000, 0x0000, 0x0000, 0x0000, 0x0000, 0x1082, 0x1082, 0x1082,
  0x52AA, 0x738E, 0x6B4D, 0x632C, 0x632C, 0x5ACB, 0x0000, 0x0000, 0x0000, 0x0000,
  0x0000, 0x2945, 0x6B6D, 0x632C, 0x6B6D, 0x6B6D, 0x738E, 0x31A6, 0x1082, 0x18C3,
  0x0000, 0x0000, 0x0000, 0x0000, 0x0000, 0x18C3, 0x6B6D, 0x632C, 0x738E, 0x8410,
  0x8430, 0x2945, 0x0000, 0x0000, 0x0000, 0x0000, 0x0020, 0x630C, 0x6B4D, 0x6B6D,
  0x7BEF, 0x8C51, 0x52AA, 0x0000, 0x0000, 0x0000, 0x0000, 0x0000, 0x1082, 0x1082,
  0x1082, 0x62EB, 0x738E, 0x6B4D, 0x632C, 0x6B6D, 0x52AA, 0x0000, 0x0000, 0x0000,
  0x0000, 0x0000, 0x31A6, 0x6B6D, 0x632C, 0x6B6D, 0x6B6D, 0x6B6D, 0x2945, 0x1082,
  0x18C3, 0x0000, 0x0000, 0x0000, 0x0000, 0x0000, 0x2104, 0x6B6D, 0x632C, 0x73AE,
  0x8410, 0x8C51, 0x2945, 0x0000, 0x0000, 0x0000, 0x0000, 0x0020, 0x630C, 0x6B4D,
  0x6B6D, 0x7BEF, 0x8C51, 0x52AA, 0x0000, 0x0000, 0x0000, 0x0000, 0x0000, 0x1082,
  0x1082, 0x1082, 0x62EB, 0x738E, 0x6B4D, 0x632C, 0x6B6D, 0x52AA, 0x0000, 0x0000,
  0x0000, 0x0000, 0x0000, 0x31A6, 0x6B6D, 0x632C, 0x6B6D, 0x6B6D, 0x6B6D, 0x2945,
  0x1082, 0x18C3, 0x0000, 0x0000, 0x0000, 0x0000, 0x0000, 0x2104, 0x6B6D, 0x632C,
  0x73AE, 0x8410, 0x8430, 0x2945, 0x0000, 0x0000, 0x0000, 0x0000, 0x0020, 0x630C,
  0x6B4D, 0x6B6D, 0x7BEF, 0x8C51, 0x52AA, 0x0000, 0x0000, 0x0000, 0x0000, 0x0000,
  0x1082, 0x1082, 0x1082, 0x62EB, 0x738E, 0x6B4D, 0x632C, 0x632C, 0x632C, 0x632C,
  0x632C, 0x6B6D, 0x8410, 0x8410, 0x73AE, 0x6B4D, 0x738E, 0x2104, 0x0000, 0x0000,
  0x0000, 0x0000, 0x0000, 0x0000, 0x0000, 0x0000, 0x0000, 0x0000, 0x0000, 0x0000,
  0x0000, 0x0000, 0x0000, 0x0000, 0x0000, 0x0000, 0x0000, 0x0000, 0x0000, 0x0000,
  0x0000, 0x0000, 0x0000, 0x0000, 0x0000, 0x0000, 0x0000, 0x0000, 0x0000, 0x0000,
  0x0000, 0x0000, 0x0000, 0x0000, 0x0000, 0x0000, 0x0000, 0x0000, 0x0000, 0x0000,
  0x0000, 0x0000, 0x2945, 0x738E, 0x632C, 0x73AE, 0x8410, 0x8410, 0x8430, 0x8430,
  0x8430, 0x8430, 0x8430, 0x8410, 0x6B4D, 0x6B6D, 0x52AA, 0x0000, 0x0000, 0x0000,
  0x0000, 0x0000, 0x0000, 0x0000, 0x0000, 0x0000, 0x0000, 0x0000, 0x4228, 0x4A69,
  0x4A69, 0x632C, 0x6B4D, 0x6B4D, 0x6B4D, 0x6B4D, 0x632C, 0x632C, 0x632C, 0x632C,
  0x632C, 0x632C, 0x7BCF, 0x8C51, 0x8410, 0x1082, 0x0000, 0x0000, 0x0000, 0x0000,
  0x0000, 0x0000, 0x0000, 0x0000, 0x0000, 0x0000, 0x0000, 0x0000, 0x0000, 0x52AA,
  0x6B6D, 0x6B4D, 0x8410, 0x8C51, 0x73AE, 0x0000, 0x0000, 0x0000, 0x0000, 0x0000,
  0x31A6, 0x9492, 0x8430, 0x73AE, 0x632C, 0x6B6D, 0x18C3, 0x0000, 0x0000, 0x0000,
  0x0000, 0x0000, 0x0000, 0x0000, 0x18C3, 0x6B6D, 0x632C, 0x738E, 0x8410, 0x8C51,
  0x31A6, 0x0000, 0x0000, 0x0000, 0x0000, 0x0000, 0x5ACB, 0x6B4D, 0x6B6D, 0x7BEF,
  0x8C51, 0x5AEB, 0x0000, 0x0000, 0x0000, 0x0000, 0x0000, 0x0000, 0x0000, 0x0000,
  0x52AA, 0x6B6D, 0x6B4D, 0x8410, 0x8C51, 0x73AE, 0x0000, 0x0000, 0x0000, 0x0000,
  0x0000, 0x31A6, 0x9492, 0x8430, 0x73AE, 0x632C, 0x6B6D, 0x18C3, 0x0000, 0x0000,
  0x0000, 0x0000, 0x0000, 0x0000, 0x0000, 0x18C3, 0x6B6D, 0x632C, 0x738E, 0x8410,
  0x8430, 0x2945, 0x0000, 0x0000, 0x0000, 0x0000, 0x0020, 0x630C, 0x6B4D, 0x6B6D,
  0x7BEF, 0x8C51, 0x52AA, 0x0000, 0x0000, 0x0000, 0x0000, 0x0000, 0x0000, 0x0000,
  0x0000, 0x528A, 0x6B6D, 0x6B4D, 0x8410, 0x8C51, 0x6B6D, 0x0000, 0x0000, 0x0000,
  0x0000, 0x0000, 0x4208, 0x9492, 0x8430, 0x738E, 0x632C, 0x6B4D, 0x1082, 0x0000,
  0x0000, 0x0000, 0x0000, 0x0000, 0x0000, 0x0000, 0x2104, 0x6B6D, 0x632C, 0x73AE,
  0x8410, 0x8C51, 0x2945, 0x0000, 0x0000, 0x0000, 0x0000, 0x0020, 0x630C, 0x6B4D,
  0x6B6D, 0x7BEF, 0x8C51, 0x52AA, 0x0000, 0x0000, 0x0000, 0x0000, 0x0000, 0x0000,
  0x0000, 0x0000, 0x528A, 0x6B6D, 0x6B4D, 0x8410, 0x8C51, 0x6B6D, 0x0000, 0x0000,
  0x0000, 0x0000, 0x0000, 0x4208, 0x9492, 0x8430, 0x738E, 0x632C, 0x6B4D, 0x1082,
  0x0000, 0x0000, 0x0000, 0x0000, 0x0000, 0x0000, 0x0000, 0x2104, 0x6B6D, 0x632C,
  0x73AE, 0x8410, 0x8430, 0x2945, 0x0000, 0x0000, 0x0000, 0x0000, 0x0020, 0x630C,
  0x6B4D, 0x6B6D, 0x7BEF, 0x8C51, 0x52AA, 0x0000, 0x0000, 0x0000, 0x0000, 0x0000,
  0x0000, 0x0000, 0x0000, 0x528A, 0x6B6D, 0x6B4D, 0x8430, 0x8430, 0x8430, 0x8430,
  0x8430, 0x8430, 0x8410, 0x8410, 0x73AE, 0x632C, 0x6B6D, 0x2104, 0x0000, 0x0000,
  0x0000, 0x0000, 0x0000, 0x0000, 0x0000, 0x0000, 0x0000, 0x0000, 0x0000, 0x0000,
  0x0000, 0x0000, 0x0000, 0x0000, 0x0000, 0x0000, 0x0000, 0x0000, 0x0000, 0x0000,
  0x0000, 0x0000, 0x0000, 0x0000, 0x0000, 0x0000, 0x0000, 0x0000, 0x0000, 0x0000,
  0x0000, 0x0000, 0x0000, 0x0000, 0x0000, 0x0000, 0x0000, 0x0000, 0x0000, 0x0000,
  0x0000, 0x0000, 0x2945, 0x6B4D, 0x630C, 0x73AE, 0x7BEF, 0x7BCF, 0x7BEF, 0x7BEF,
  0x7BEF, 0x7BEF, 0x7BEF, 0x7BCF, 0x630C, 0x632C, 0x4228, 0x0000, 0x0000, 0x0000,
  0x0000, 0x0000, 0x0000, 0x0000, 0x0000, 0x0000, 0x0000, 0x0000, 0x4228, 0x4A69,
  0x4A69, 0x632C, 0x6B4D, 0x6B4D, 0x6B4D, 0x632C, 0x6B6D, 0x738E, 0x738E, 0x6B6D,
  0x6B4D, 0x632C, 0x7BCF, 0x8410, 0x7BEF, 0x1082, 0x0000, 0x0000, 0x0000, 0x0000,
  0x0000, 0x0000, 0x0000, 0x0000, 0x0000, 0x0000, 0x0000, 0x0000, 0x0000, 0x4228,
  0x632C, 0x630C, 0x7BEF, 0x8410, 0x6B6D, 0x0020, 0x0020, 0x0020, 0x0020, 0x0000,
  0x31A6, 0x8430, 0x8410, 0x6B6D, 0x630C, 0x632C, 0x18C3, 0x0000, 0x0000, 0x0000,
  0x0000, 0x0000, 0x0000, 0x0000, 0x18C3, 0x6B6D, 0x632C, 0x738E, 0x8410, 0x8C51,
  0x31A6, 0x0000, 0x0000, 0x0000, 0x0000, 0x0000, 0x5ACB, 0x6B4D, 0x6B6D, 0x7BEF,
  0x8C51, 0x5AEB, 0x0000, 0x0000, 0x0000, 0x0000, 0x0000, 0x0000, 0x0000, 0x0000,
  0x4228, 0x632C, 0x630C, 0x7BEF, 0x8410, 0x6B6D, 0x0020, 0x0020, 0x0020, 0x0020,
  0x0000, 0x31A6, 0x8430, 0x8410, 0x6B6D, 0x630C, 0x632C, 0x18C3, 0x0000, 0x0000,
  0x0000, 0x0000, 0x0000, 0x0000, 0x0000, 0x18C3, 0x6B6D, 0x632C, 0x738E, 0x8410,
  0x8430, 0x2945, 0x0000, 0x0000, 0x0000, 0x0000, 0x0020, 0x630C, 0x6B4D, 0x6B6D,
  0x7BEF, 0x8C51, 0x52AA, 0x0000, 0x0000, 0x0000, 0x0000, 0x0000, 0x0000, 0x0000,
  0x0000, 0x52AA, 0x632C, 0x630C, 0x7BEF, 0x8430, 0x632C, 0x0020, 0x0020, 0x0020,
  0x0020, 0x0000, 0x4208, 0x8430, 0x7BEF, 0x6B6D, 0x630C, 0x630C, 0x1082, 0x0000,
  0x0000, 0x0000, 0x0000, 0x0000, 0x0000, 0x0000, 0x2104, 0x6B6D, 0x632C, 0x73AE,
  0x8410, 0x8C51, 0x2945, 0x0000, 0x0000, 0x0000, 0x0000, 0x0020, 0x630C, 0x6B4D,
  0x6B6D, 0x7BEF, 0x8C51, 0x52AA, 0x0000, 0x0000, 0x0000, 0x0000, 0x0000, 0x0000,
  0x0000, 0x0000, 0x52AA, 0x632C, 0x630C, 0x7BEF, 0x8430, 0x632C, 0x0020, 0x0020,
  0x0020, 0x0020, 0x0000, 0x4208, 0x8430, 0x8410, 0x6B6D, 0x630C, 0x630C, 0x1082,
  0x0000, 0x0000, 0x0000, 0x0000, 0x0000, 0x0000, 0x0000, 0x2104, 0x6B6D, 0x632C,
  0x73AE, 0x8410, 0x8430, 0x2945, 0x0000, 0x0000, 0x0000, 0x0000, 0x0020, 0x630C,
  0x6B4D, 0x6B6D, 0x7BEF, 0x8C51, 0x52AA, 0x0000, 0x0000, 0x0000, 0x0000, 0x0000,
  0x0000, 0x0000, 0x0000, 0x52AA, 0x632C, 0x630C, 0x7BEF, 0x7BEF, 0x7BEF, 0x7BEF,
  0x7BEF, 0x7BEF, 0x7BCF, 0x7BEF, 0x6B6D, 0x630C, 0x6B4D, 0x2104, 0x0000, 0x0000,
  0x0000, 0x0000, 0x0000, 0x0000, 0x0000, 0x0000, 0x0000, 0x0000, 0x0000, 0x0000,
  0x0000, 0x0000, 0x0000, 0x0000, 0x0000, 0x0000, 0x0000, 0x0000, 0x0000, 0x0000,
  0x0000, 0x0000, 0x0000, 0x0000, 0x0000, 0x0000, 0x0000, 0x0000, 0x0000, 0x0000,
  0x0000, 0x0000, 0x0000, 0x0000, 0x0000, 0x0000, 0x0000, 0x0000, 0x0000, 0x0000,
  0x0000, 0x0000, 0x0000, 0x0020, 0x0000, 0x39C7, 0x6B6D, 0x632C, 0x6B4D, 0x6B4D,
  0x6B4D, 0x632C, 0x6B4D, 0x5ACB, 0x0020, 0x0020, 0x0020, 0x0000, 0x0000, 0x0000,
  0x0000, 0x0000, 0x0000, 0x0000, 0x0000, 0x0000, 0x0000, 0x0000, 0x4228, 0x4A69,
  0x4A69, 0x632C, 0x6B4D, 0x6B4D, 0x6B6D, 0x5AEB, 0x9492, 0xC617, 0xC617, 0x9492,
  0x5AEB, 0x6B4D, 0x7BCF, 0x8410, 0x7BEF, 0x1082, 0x0000, 0x0000, 0x0000, 0x0000,
  0x0000, 0x0000, 0x0000, 0x0000, 0x0000, 0x0000, 0x0000, 0x0000, 0x0000, 0x0020,
  0x0020, 0x0020, 0x6B6D, 0x8430, 0x7BEF, 0x73AE, 0x73AE, 0x73AE, 0x73AE, 0x73AE,
  0x7BEF, 0x7BEF, 0x8C51, 0x4208, 0x0000, 0x1082, 0x0000, 0x0000, 0x0000, 0x0000,
  0x0000, 0x0000, 0x0000, 0x0000, 0x18C3, 0x6B6D, 0x632C, 0x738E, 0x8410, 0x8C51,
  0x31A6, 0x0000, 0x0000, 0x0000, 0x0000, 0x0000, 0x5ACB, 0x6B4D, 0x6B6D, 0x7BEF,
  0x8C51, 0x5AEB, 0x0000, 0x0000, 0x0000, 0x0000, 0x0000, 0x0000, 0x0000, 0x0000,
  0x0020, 0x0020, 0x1082, 0x6B6D, 0x8430, 0x7BEF, 0x73AE, 0x73AE, 0x73AE, 0x73AE,
  0x73AE, 0x7BEF, 0x7BEF, 0x8C51, 0x4208, 0x0000, 0x1082, 0x0000, 0x0000, 0x0000,
  0x0000, 0x0000, 0x0000, 0x0000, 0x0000, 0x18C3, 0x6B6D, 0x632C, 0x738E, 0x8410,
  0x8430, 0x2945, 0x0000, 0x0000, 0x0000, 0x0000, 0x0020, 0x630C, 0x6B4D, 0x6B6D,
  0x7BEF, 0x8C51, 0x52AA, 0x0000, 0x0000, 0x0000, 0x0000, 0x0000, 0x0000, 0x0000,
  0x0000, 0x0020, 0x0020, 0x1082, 0x73AE, 0x8410, 0x7BEF, 0x73AE, 0x73AE, 0x73AE,
  0x73AE, 0x73AE, 0x7BEF, 0x7BEF, 0x8430, 0x31A6, 0x0000, 0x0020, 0x0000, 0x0000,
  0x0000, 0x0000, 0x0000, 0x0000, 0x0000, 0x0000, 0x2104, 0x6B6D, 0x632C, 0x73AE,
  0x8410, 0x8C51, 0x2945, 0x0000, 0x0000, 0x0000, 0x0000, 0x0020, 0x630C, 0x6B4D,
  0x6B6D, 0x7BEF, 0x8C51, 0x52AA, 0x0000, 0x0000, 0x0000, 0x0000, 0x0000, 0x0000,
  0x0000, 0x0000, 0x0020, 0x0020, 0x1082, 0x73AE, 0x8410, 0x7BEF, 0x73AE, 0x73AE,
  0x73AE, 0x73AE, 0x73AE, 0x7BEF, 0x7BEF, 0x8430, 0x31A6, 0x0000, 0x1082, 0x0000,
  0x0000, 0x0000, 0x0000, 0x0000, 0x0000, 0x0000, 0x0000, 0x2104, 0x6B6D, 0x632C,
  0x73AE, 0x8410, 0x8430, 0x2945, 0x0000, 0x0000, 0x0000, 0x0000, 0x0020, 0x630C,
  0x6B4D, 0x6B6D, 0x7BEF, 0x8C51, 0x52AA, 0x0000, 0x0000, 0x0000, 0x0000, 0x0000,
  0x0000, 0x0000, 0x0000, 0x0020, 0x0020, 0x1082, 0x630C, 0x6B4D, 0x632C, 0x6B4D,
  0x6B4D, 0x6B4D, 0x632C, 0x738E, 0x39C7, 0x0000, 0x0020, 0x0000, 0x0000, 0x0000,
  0x0000, 0x0000, 0x0000, 0x0000, 0x0000, 0x0000, 0x0000, 0x0000, 0x0000, 0x0000,
  0x0000, 0x0000, 0x0000, 0x0000, 0x0000, 0x0000, 0x0000, 0x0000, 0x0000, 0x0000,
  0x0000, 0x0000, 0x0000, 0x0000, 0x0000, 0x0000, 0x0000, 0x0000, 0x0000, 0x0000,
  0x0000, 0x0000, 0x0000, 0x0000, 0x0000, 0x0000, 0x0000, 0x0000, 0x0000, 0x0000,
  0x0000, 0x0000, 0x0000, 0x0000, 0x0000, 0x39C7, 0x73AE, 0x6B4D, 0x6B6D, 0x6B6D,
  0x6B6D, 0x6B4D, 0x738E, 0x630C, 0x0000, 0x0000, 0x0000, 0x0000, 0x0000, 0x0000,
  0x0000, 0x0000, 0x0000, 0x0000, 0x0000, 0x0000, 0x0000, 0x0000, 0x4228, 0x4A69,
  0x4A69, 0x632C, 0x6B4D, 0x632C, 0x632C, 0x4A69, 0x9492, 0xC638, 0xC638, 0x9492,
  0x5AEB, 0x6B4D, 0x7BCF, 0x8410, 0x7BEF, 0x1082, 0x0000, 0x0000, 0x0000, 0x0000,
  0x0000, 0x0000, 0x0000, 0x0000, 0x0000, 0x0000, 0x0000, 0x0000, 0x0000, 0x0000,
  0x0000, 0x0000, 0x6B6D, 0x8430, 0x8410, 0x8C51, 0x8C51, 0x8C51, 0x8C51, 0x8C51,
  0x8430, 0x7BEF, 0x8C51, 0x2945, 0x0000, 0x0000, 0x0000, 0x0000, 0x0000, 0x0000,
  0x0000, 0x0000, 0x0000, 0x0000, 0x18C3, 0x6B6D, 0x632C, 0x738E, 0x8410, 0x8C51,
  0x31A6, 0x0000, 0x0000, 0x0000, 0x0000, 0x0000, 0x5ACB, 0x6B4D, 0x6B6D, 0x7BEF,
  0x8C51, 0x5AEB, 0x0000, 0x0000, 0x0000, 0x0000, 0x0000, 0x0000, 0x0000, 0x0000,
  0x0000, 0x0000, 0x0000, 0x6B6D, 0x8430, 0x8410, 0x8C51, 0x8C51, 0x8C51, 0x8C51,
  0x8C51, 0x8430, 0x7BEF, 0x8C51, 0x31A6, 0x0000, 0x0000, 0x0000, 0x0000, 0x0000,
  0x0000, 0x0000, 0x0000, 0x0000, 0x0000, 0x18C3, 0x6B6D, 0x632C, 0x738E, 0x8410,
  0x8430, 0x2945, 0x0000, 0x0000, 0x0000, 0x0000, 0x0020, 0x630C, 0x6B4D, 0x6B6D,
  0x7BEF, 0x8C51, 0x52AA, 0x0000, 0x0000, 0x0000, 0x0000, 0x0000, 0x0000, 0x0000,
  0x0000, 0x0000, 0x0000, 0x0000, 0x73AE, 0x8410, 0x8410, 0x8C51, 0x8C51, 0x8C51,
  0x8C51, 0x8C51, 0x8430, 0x8410, 0x8C51, 0x2104, 0x0000, 0x0000, 0x0000, 0x0000,
  0x0000, 0x0000, 0x0000, 0x0000, 0x0000, 0x0000, 0x2104, 0x6B6D, 0x632C, 0x73AE,
  0x8410, 0x8C51, 0x2945, 0x0000, 0x0000, 0x0000, 0x0000, 0x0020, 0x630C, 0x6B4D,
  0x6B6D, 0x7BEF, 0x8C51, 0x52AA, 0x0000, 0x0000, 0x0000, 0x0000, 0x0000, 0x0000,
  0x0000, 0x0000, 0x0000, 0x0000, 0x0000, 0x73AE, 0x8430, 0x8410, 0x8C51, 0x8C51,
  0x8C51, 0x8C51, 0x8C51, 0x8430, 0x7BEF, 0x8C51, 0x2104, 0x0000, 0x0000, 0x0000,
  0x0000, 0x0000, 0x0000, 0x0000, 0x0000, 0x0000, 0x0000, 0x2104, 0x6B6D, 0x632C,
  0x73AE, 0x8410, 0x8430, 0x2945, 0x0000, 0x0000, 0x0000, 0x0000, 0x0020, 0x630C,
  0x6B4D, 0x6B6D, 0x7BEF, 0x8C51, 0x52AA, 0x0000, 0x0000, 0x0000, 0x0000, 0x0000,
  0x0000, 0x0000, 0x0000, 0x0000, 0x0000, 0x0020, 0x632C, 0x6B6D, 0x6B4D, 0x6B6D,
  0x6B6D, 0x6B6D, 0x6B4D, 0x73AE, 0x39C7, 0x0000, 0x0000, 0x0000, 0x0000, 0x0000,
  0x0000, 0x0000, 0x0000, 0x0000, 0x0000, 0x0000, 0x0000, 0x0000, 0x0000, 0x0000,
  0x0000, 0x0000, 0x0000, 0x0000, 0x0000, 0x0000, 0x0000, 0x0000, 0x0000, 0x0000,
  0x0000, 0x0000, 0x0000, 0x0000, 0x0000, 0x0000, 0x0000, 0x0000, 0x0000, 0x0000,
  0x0000, 0x0000, 0x0000, 0x0000, 0x0000, 0x0000, 0x0000, 0x0000, 0x0000, 0x0000,
  0x0000, 0x0000, 0x0000, 0x0000, 0x0000, 0x2945, 0x5ACB, 0x528A, 0x528A, 0x528A,
  0x528A, 0x528A, 0x528A, 0x4228, 0x0000, 0x0000, 0x0000, 0x0000, 0x0000, 0x0000,
  0x0000, 0x0000, 0x0000, 0x0000, 0x0000, 0x0000, 0x0000, 0x0000, 0x4228, 0x4A69,
  0x4A69, 0x6B4D, 0x632C, 0x6B6D, 0x8410, 0x7BCF, 0x9492, 0xB596, 0xB596, 0x8C51,
  0x5AEB, 0x6B4D, 0x7BCF, 0x8410, 0x7BEF, 0x1082, 0x0000, 0x0000, 0x0000, 0x0000,
  0x0000, 0x0000, 0x0000, 0x0000, 0x0000, 0x0000, 0x0000, 0x0000, 0x0000, 0x1082,
  0x18C3, 0x18C3, 0x73AE, 0x7BEF, 0x7BCF, 0x632C, 0x632C, 0x632C, 0x632C, 0x632C,
  0x6B6D, 0x7BCF, 0x8410, 0x4208, 0x1082, 0x18C3, 0x0020, 0x0000, 0x0000, 0x0000,
  0x0000, 0x0000, 0x0000, 0x0000, 0x18C3, 0x6B6D, 0x632C, 0x738E, 0x8410, 0x8C51,
  0x31A6, 0x0000, 0x0000, 0x0000, 0x0000, 0x0000, 0x5ACB, 0x6B4D, 0x6B6D, 0x7BEF,
  0x8C51, 0x5AEB, 0x0000, 0x0000, 0x0000, 0x0000, 0x0000, 0x0000, 0x0000, 0x0000,
  0x1082, 0x18C3, 0x18C3, 0x73AE, 0x7BEF, 0x7BCF, 0x632C, 0x632C, 0x632C, 0x632C,
  0x632C, 0x6B6D, 0x7BCF, 0x8410, 0x4208, 0x1082, 0x18C3, 0x0020, 0x0000, 0x0000,
  0x0000, 0x0000, 0x0000, 0x0000, 0x0000, 0x18C3, 0x6B6D, 0x632C, 0x738E, 0x8410,
  0x8430, 0x2945, 0x0000, 0x0000, 0x0000, 0x0000, 0x0020, 0x630C, 0x6B4D, 0x6B6D,
  0x7BEF, 0x8C51, 0x52AA, 0x0000, 0x0000, 0x0000, 0x0000, 0x0000, 0x0000, 0x0000,
  0x0000, 0x1082, 0x18C3, 0x2104, 0x73AE, 0x7BEF, 0x7BEF, 0x632C, 0x632C, 0x632C,
  0x632C, 0x632C, 0x73AE, 0x7BCF, 0x8410, 0x4208, 0x1082, 0x18C3, 0x0000, 0x0000,
  0x0000, 0x0000, 0x0000, 0x0000, 0x0000, 0x0000, 0x2104, 0x6B6D, 0x632C, 0x73AE,
  0x8410, 0x8C51, 0x2945, 0x0000, 0x0000, 0x0000, 0x0000, 0x0020, 0x630C, 0x6B4D,
  0x6B6D, 0x7BEF, 0x8C51, 0x52AA, 0x0000, 0x0000, 0x0000, 0x0000, 0x0000, 0x0000,
  0x0000, 0x0000, 0x18C3, 0x18C3, 0x2104, 0x73AE, 0x7BEF, 0x7BEF, 0x632C, 0x632C,
  0x632C, 0x632C, 0x632C, 0x73AE, 0x7BCF, 0x8410, 0x4208, 0x1082, 0x18C3, 0x0000,
  0x0000, 0x0000, 0x0000, 0x0000, 0x0000, 0x0000, 0x0000, 0x2104, 0x6B6D, 0x632C,
  0x73AE, 0x8410, 0x8430, 0x2945, 0x0000, 0x0000, 0x0000, 0x0000, 0x0020, 0x630C,
  0x6B4D, 0x6B6D, 0x7BEF, 0x8C51, 0x52AA, 0x0000, 0x0000, 0x0000, 0x0000, 0x0000,
  0x0000, 0x0000, 0x0000, 0x0000, 0x0000, 0x0020, 0x52AA, 0x528A, 0x528A, 0x528A,
  0x528A, 0x528A, 0x528A, 0x5ACB, 0x2945, 0x0000, 0x0000, 0x0000, 0x0000, 0x0000,
  0x0000, 0x0000, 0x0000, 0x0000, 0x0000, 0x0000, 0x0000, 0x0000, 0x0000, 0x0000,
  0x0000, 0x0000, 0x0000, 0x0000, 0x0000, 0x0000, 0x0000, 0x0000, 0x0000, 0x0000,
  0x0000, 0x0000, 0x0000, 0x0000, 0x0000, 0x0000, 0x0000, 0x0000, 0x0000, 0x0000,
  0x0000, 0x0000, 0x0000, 0x0000, 0x0000, 0x0000, 0x0000, 0x0000, 0x0000, 0x0000,
  0x0000, 0x0000, 0x0000, 0x0000, 0x0000, 0x0000, 0x0000, 0x0000, 0x0000, 0x0000,
  0x0000, 0x0000, 0x0000, 0x0000, 0x0000, 0x0000, 0x0000, 0x0000, 0x0000, 0x0000,
  0x0000, 0x0000, 0x0000, 0x0000, 0x0000, 0x0000, 0x0000, 0x0000, 0x4228, 0x4A69,
  0x4A69, 0x6B4D, 0x5AEB, 0x8430, 0xC617, 0xC617, 0xA514, 0x5AEB, 0x6B4D, 0x6B4D,
  0x6B4D, 0x632C, 0x7BCF, 0x8410, 0x7BEF, 0x1082, 0x0000, 0x0000, 0x0000, 0x0000,
  0x0000, 0x0000, 0x0000, 0x0000, 0x0000, 0x0000, 0x0000, 0x0000, 0x0000, 0x5AEB,
  0x8430, 0x7BEF, 0x6B4D, 0x6B4D, 0x5ACB, 0x0000, 0x0000, 0x0000, 0x0000, 0x0000,
  0x2945, 0x6B6D, 0x632C, 0x73AE, 0x7BEF, 0x8430, 0x2104, 0x0000, 0x0000, 0x0000,
  0x0000, 0x0000, 0x0000, 0x0000, 0x18C3, 0x6B6D, 0x632C, 0x738E, 0x8410, 0x8C51,
  0x31A6, 0x0000, 0x0000, 0x0000, 0x0000, 0x0000, 0x5ACB, 0x6B4D, 0x6B6D, 0x7BEF,
  0x8C51, 0x5AEB, 0x0000, 0x0000, 0x0000, 0x0000, 0x0000, 0x0000, 0x0000, 0x0000,
  0x5AEB, 0x8430, 0x7BEF, 0x6B4D, 0x6B4D, 0x5ACB, 0x0000, 0x0000, 0x0000, 0x0000,
  0x0000, 0x2945, 0x6B6D, 0x632C, 0x73AE, 0x8410, 0x8430, 0x2104, 0x0000, 0x0000,
  0x0000, 0x0000, 0x0000, 0x0000, 0x0000, 0x18C3, 0x6B6D, 0x632C, 0x738E, 0x8410,
  0x8430, 0x2945, 0x0000, 0x0000, 0x0000, 0x0000, 0x0020, 0x630C, 0x6B4D, 0x6B6D,
  0x7BEF, 0x8C51, 0x52AA, 0x0000, 0x0000, 0x0000, 0x0000, 0x0000, 0x0000, 0x0000,
  0x0000, 0x632C, 0x8430, 0x7BEF, 0x632C, 0x6B4D, 0x528A, 0x0000, 0x0000, 0x0000,
  0x0000, 0x0000, 0x2945, 0x6B6D, 0x632C, 0x7BCF, 0x8410, 0x8410, 0x18C3, 0x0000,
  0x0000, 0x0000, 0x0000, 0x0000, 0x0000, 0x0000, 0x2104, 0x6B6D, 0x632C, 0x73AE,
  0x8410, 0x8C51, 0x2945, 0x0000, 0x0000, 0x0000, 0x0000, 0x0020, 0x630C, 0x6B4D,
  0x6B6D, 0x7BEF, 0x8C51, 0x52AA, 0x0000, 0x0000, 0x0000, 0x0000, 0x0000, 0x0000,
  0x0000, 0x0000, 0x632C, 0x8430, 0x7BEF, 0x632C, 0x6B4D, 0x528A, 0x0000, 0x0000,
  0x0000, 0x0000, 0x0000, 0x2945, 0x6B6D, 0x632C, 0x7BCF, 0x8410, 0x7BEF, 0x18C3,
  0x0000, 0x0000, 0x0000, 0x0000, 0x0000, 0x0000, 0x0000, 0x2104, 0x6B6D, 0x632C,
  0x73AE, 0x8410, 0x8430, 0x2945, 0x0000, 0x0000, 0x0000, 0x0000, 0x0020, 0x630C,
  0x6B4D, 0x6B6D, 0x7BEF, 0x8C51, 0x52AA, 0x0000, 0x0000, 0x0000, 0x0000, 0x0000,
  0x0000, 0x0000, 0x0000, 0x0000, 0x0000, 0x0000, 0x0000, 0x0000, 0x0000, 0x0000,
  0x0000, 0x0000, 0x0000, 0x0000, 0x0000, 0x0000, 0x0000, 0x0000, 0x0000, 0x0000,
  0x0000, 0x0000, 0x0000, 0x0000, 0x0000, 0x0000, 0x0000, 0x0000, 0x0000, 0x0000,
  0x0000, 0x0000, 0x0000, 0x0000, 0x0000, 0x0000, 0x0000, 0x0000, 0x0000, 0x0000,
  0x0000, 0x0000, 0x0000, 0x0000, 0x0000, 0x0000, 0x0000, 0x0000, 0x0000, 0x0000,
  0x0000, 0x0000, 0x0000, 0x0000, 0x0000, 0x0000, 0x0000, 0x0000, 0x0000, 0x0000,
  0x0000, 0x0000, 0x0000, 0x0000, 0x0000, 0x0000, 0x0000, 0x0000, 0x0000, 0x0000,
  0x0000, 0x0000, 0x0000, 0x0000, 0x0000, 0x0000, 0x0000, 0x0000, 0x0000, 0x0000,
  0x0000, 0x0000, 0x0000, 0x0000, 0x0000, 0x0000, 0x0000, 0x0000, 0x4228, 0x4A69,
  0x4A69, 0x6B4D, 0x5AEB, 0x8430, 0xC638, 0xC638, 0xA514, 0x4A69, 0x5AEB, 0x632C,
  0x6B4D, 0x632C, 0x7BCF, 0x8410, 0x7BEF, 0x1082, 0x0000, 0x0000, 0x0000, 0x0000,
  0x0000, 0x0000, 0x0000, 0x0000, 0x0000, 0x0000, 0x0000, 0x0000, 0x0000, 0x632C,
  0x9492, 0x8430, 0x738E, 0x738E, 0x630C, 0x0000, 0x0000, 0x0000, 0x0000, 0x0000,
  0x2945, 0x73AE, 0x6B4D, 0x7BEF, 0x8C51, 0x9492, 0x2104, 0x0000, 0x0000, 0x0000,
  0x0000, 0x0000, 0x0000, 0x0000, 0x18C3, 0x6B6D, 0x632C, 0x738E, 0x8410, 0x8C51,
  0x31A6, 0x0000, 0x0000, 0x0000, 0x0000, 0x0000, 0x5ACB, 0x6B4D, 0x6B6D, 0x7BEF,
  0x8C51, 0x5AEB, 0x0000, 0x0000, 0x0000, 0x0000, 0x0000, 0x0000, 0x0000, 0x0000,
  0x632C, 0x9492, 0x8430, 0x738E, 0x738E, 0x630C, 0x0000, 0x0000, 0x0000, 0x0000,
  0x0000, 0x2945, 0x73AE, 0x6B4D, 0x7BEF, 0x8C51, 0x9492, 0x2104, 0x0000, 0x0000,
  0x0000, 0x0000, 0x0000, 0x0000, 0x0000, 0x18C3, 0x6B6D, 0x632C, 0x738E, 0x8410,
  0x8430, 0x2945, 0x0000, 0x0000, 0x0000, 0x0000, 0x0020, 0x630C, 0x6B4D, 0x6B6D,
  0x7BEF, 0x8C51, 0x52AA, 0x0000, 0x0000, 0x0000, 0x0000, 0x0000, 0x0000, 0x0000,
  0x0000, 0x6B6D, 0x9492, 0x8430, 0x6B6D, 0x738E, 0x5ACB, 0x0000, 0x0000, 0x0000,
  0x0000, 0x0000, 0x39C7, 0x73AE, 0x6B4D, 0x8410, 0x8C51, 0x8C51, 0x18C3, 0x0000,
  0x0000, 0x0000, 0x0000, 0x0000, 0x0000, 0x0000, 0x2104, 0x6B6D, 0x632C, 0x73AE,
  0x8410, 0x8C51, 0x2945, 0x0000, 0x0000, 0x0000, 0x0000, 0x0020, 0x630C, 0x6B4D,
  0x6B6D, 0x7BEF, 0x8C51, 0x52AA, 0x0000, 0x0000, 0x0000, 0x0000, 0x0000, 0x0000,
  0x0000, 0x0000, 0x6B6D, 0x9492, 0x8430, 0x738E, 0x738E, 0x5ACB, 0x0000, 0x0000,
  0x0000, 0x0000, 0x0000, 0x39C7, 0x73AE, 0x6B4D, 0x7BEF, 0x8C51, 0x8C51, 0x18C3,
  0x0000, 0x0000, 0x0000, 0x0000, 0x0000, 0x0000, 0x0000, 0x2104, 0x6B6D, 0x632C,
  0x73AE, 0x8410, 0x8430, 0x2945, 0x0000, 0x0000, 0x0000, 0x0000, 0x0020, 0x630C,
  0x6B4D, 0x6B6D, 0x7BEF, 0x8C51, 0x52AA, 0x0000, 0x0000, 0x0000, 0x0000, 0x0000,
  0x0000, 0x0000, 0x0000, 0x0000, 0x0000, 0x0000, 0x0000, 0x0000, 0x0000, 0x0000,
  0x0000, 0x0000, 0x0000, 0x0000, 0x0000, 0x0000, 0x0000, 0x0000, 0x0000, 0x0000,
  0x0000, 0x0000, 0x0000, 0x0000, 0x0000, 0x0000, 0x0000, 0x0000, 0x0000, 0x0000,
  0x0000, 0x0000, 0x0000, 0x0000, 0x0000, 0x0000, 0x0000, 0x0000, 0x0000, 0x0000,
  0x0000, 0x0000, 0x0000, 0x0000, 0x0000, 0x0000, 0x0000, 0x0000, 0x0000, 0x0000,
  0x0000, 0x0000, 0x0000, 0x0000, 0x0000, 0x0000, 0x0000, 0x0000, 0x0000, 0x0000,
  0x0000, 0x0000, 0x0000, 0x0000, 0x0000, 0x0000, 0x0000, 0x0000, 0x0000, 0x0000,
  0x0000, 0x0000, 0x0000, 0x0000, 0x0000, 0x0000, 0x0000, 0x0000, 0x0000, 0x0000,
  0x0000, 0x0000, 0x0000, 0x0000, 0x0000, 0x0000, 0x0000, 0x0000, 0x4228, 0x4A69,
  0x4A69, 0x6B4D, 0x632C, 0x7BCF, 0xA514, 0xA514, 0xA4F3, 0x8C51, 0x9492, 0x7BCF,
  0x632C, 0x632C, 0x7BCF, 0x8410, 0x7BEF, 0x1082, 0x0000, 0x0000, 0x0000, 0x0000,
  0x0000, 0x0000, 0x0000, 0x0000, 0x0000, 0x0000, 0x0000, 0x0000, 0x0000, 0x4208,
  0x5ACB, 0x52AA, 0x4228, 0x4228, 0x39C7, 0x0000, 0x0000, 0x0000, 0x0000, 0x0000,
  0x18C3, 0x4228, 0x4228, 0x52AA, 0x52AA, 0x5ACB, 0x18C3, 0x0000, 0x0000, 0x0000,
  0x0000, 0x0000, 0x0000, 0x0000, 0x18C3, 0x6B6D, 0x632C, 0x738E, 0x8410, 0x8C51,
  0x31A6, 0x0000, 0x0000, 0x0000, 0x0000, 0x0000, 0x5ACB, 0x6B4D, 0x6B6D, 0x7BEF,
  0x8C51, 0x5AEB, 0x0000, 0x0000, 0x0000, 0x0000, 0x0000, 0x0000, 0x0000, 0x0000,
  0x4208, 0x5ACB, 0x52AA, 0x4228, 0x4228, 0x39C7, 0x0000, 0x0000, 0x0000, 0x0000,
  0x0000, 0x18C3, 0x4228, 0x4228, 0x52AA, 0x52AA, 0x5ACB, 0x18C3, 0x0000, 0x0000,
  0x0000, 0x0000, 0x0000, 0x0000, 0x0000, 0x18C3, 0x6B6D, 0x632C, 0x738E, 0x8410,
  0x8430, 0x2945, 0x0000, 0x0000, 0x0000, 0x0000, 0x0020, 0x630C, 0x6B4D, 0x6B6D,
  0x7BEF, 0x8C51, 0x52AA, 0x0000, 0x0000, 0x0000, 0x0000, 0x0000, 0x0000, 0x0000,
  0x0000, 0x4208, 0x5ACB, 0x52AA, 0x4228, 0x4228, 0x39C7, 0x0000, 0x0000, 0x0000,
  0x0000, 0x0000, 0x2104, 0x4228, 0x4228, 0x52AA, 0x52AA, 0x52AA, 0x1082, 0x0000,
  0x0000, 0x0000, 0x0000, 0x0000, 0x0000, 0x0000, 0x2104, 0x6B6D, 0x632C, 0x73AE,
  0x8410, 0x8C51, 0x2945, 0x0000, 0x0000, 0x0000, 0x0000, 0x0020, 0x630C, 0x6B4D,
  0x6B6D, 0x7BEF, 0x8C51, 0x52AA, 0x0000, 0x0000, 0x0000, 0x0000, 0x0000, 0x0000,
  0x0000, 0x0000, 0x4208, 0x5ACB, 0x52AA, 0x4228, 0x4228, 0x39C7, 0x0000, 0x0000,
  0x0000, 0x0000, 0x0000, 0x2104, 0x4228, 0x4228, 0x52AA, 0x52AA, 0x52AA, 0x1082,
  0x0000, 0x0000, 0x0000, 0x0000, 0x0000, 0x0000, 0x0000, 0x2104, 0x6B6D, 0x632C,
  0x73AE, 0x8410, 0x8430, 0x2945, 0x0000, 0x0000, 0x0000, 0x0000, 0x0020, 0x630C,
  0x6B4D, 0x6B6D, 0x7BEF, 0x8C51, 0x52AA, 0x0000, 0x0000, 0x0000, 0x0000, 0x0000,
  0x0000, 0x0000, 0x0000, 0x0000, 0x0000, 0x0000, 0x0000, 0x0000, 0x0000, 0x0000,
  0x0000, 0x0000, 0x0000, 0x0000, 0x0000, 0x0000, 0x0000, 0x0000, 0x0000, 0x0000,
  0x0000, 0x0000, 0x0000, 0x0000, 0x0000, 0x0000, 0x0000, 0x0000, 0x0000, 0x0000,
  0x0000, 0x0000, 0x0000, 0x0000, 0x0000, 0x0000, 0x0000, 0x0000, 0x0000, 0x0000,
  0x0000, 0x0000, 0x0000, 0x0000, 0x0000, 0x0000, 0x0000, 0x0000, 0x0000, 0x0000,
  0x0000, 0x0000, 0x0000, 0x0000, 0x0000, 0x0000, 0x0000, 0x0000, 0x0000, 0x0000,
  0x0000, 0x0000, 0x0000, 0x0000, 0x0000, 0x0000, 0x0000, 0x0000, 0x0000, 0x0000,
  0x0000, 0x0000, 0x0000, 0x0000, 0x0000, 0x0000, 0x0000, 0x0000, 0x0000, 0x0000,
  0x0000, 0x0000, 0x0000, 0x0000, 0x0000, 0x0000, 0x0000, 0x0000, 0x4228, 0x4A69,
  0x4A69, 0x632C, 0x6B4D, 0x632C, 0x632C, 0x4A69, 0x9492, 0xC638, 0xC638, 0x9492,
  0x5AEB, 0x6B4D, 0x7BCF, 0x8410, 0x7BEF, 0x1082, 0x0000, 0x0000, 0x0000, 0x0000,
  0x0000, 0x0000, 0x0000, 0x0000, 0x0000, 0x0000, 0x0000, 0x0000, 0x0000, 0x0000,
  0x0000, 0x0000, 0x0000, 0x0000, 0x0000, 0x0000, 0x0000, 0x0000, 0x0000, 0x0000,
  0x0000, 0x0000, 0x0000, 0x0000, 0x0000, 0x0000, 0x0000, 0x0000, 0x0000, 0x0000,
  0x0000, 0x0000, 0x0000, 0x0000, 0x18C3, 0x6B6D, 0x632C, 0x738E, 0x8410, 0x8C51,
  0x31A6, 0x0000, 0x0000, 0x0000, 0x0000, 0x0000, 0x5ACB, 0x6B4D, 0x6B6D, 0x7BEF,
  0x8C51, 0x5AEB, 0x0000, 0x0000, 0x0000, 0x0000, 0x0000, 0x0000, 0x0000, 0x0000,
  0x0000, 0x0000, 0x0000, 0x0000, 0x0000, 0x0000, 0x0000, 0x0000, 0x0000, 0x0000,
  0x0000, 0x0000, 0x0000, 0x0000, 0x0000, 0x0000, 0x0000, 0x0000, 0x0000, 0x0000,
  0x0000, 0x0000, 0x0000, 0x0000, 0x0000, 0x18C3, 0x6B6D, 0x632C, 0x738E, 0x8410,
  0x8430, 0x2945, 0x0000, 0x0000, 0x0000, 0x0000, 0x0020, 0x630C, 0x6B4D, 0x6B6D,
  0x7BEF, 0x8C51, 0x52AA, 0x0000, 0x0000, 0x0000, 0x0000, 0x0000, 0x0000, 0x0000,
  0x0000, 0x0000, 0x0000, 0x0000, 0x0000, 0x0000, 0x0000, 0x0000, 0x0000, 0x0000,
  0x0000, 0x0000, 0x0000, 0x0000, 0x0000, 0x0000, 0x0000, 0x0000, 0x0000, 0x0000,
  0x0000, 0x0000, 0x0000, 0x0000, 0x0000, 0x0000, 0x2104, 0x6B6D, 0x632C, 0x73AE,
  0x8410, 0x8C51, 0x2945, 0x0000, 0x0000, 0x0000, 0x0000, 0x0020, 0x630C, 0x6B4D,
  0x6B6D, 0x7BEF, 0x8C51, 0x52AA, 0x0000, 0x0000, 0x0000, 0x0000, 0x0000, 0x0000,
  0x0000, 0x0000, 0x0000, 0x0000, 0x0000, 0x0000, 0x0000, 0x0000, 0x0000, 0x0000,
  0x0000, 0x0000, 0x0000, 0x0000, 0x0000, 0x0000, 0x0000, 0x0000, 0x0000, 0x0000,
  0x0000, 0x0000, 0x0000, 0x0000, 0x0000, 0x0000, 0x0000, 0x2104, 0x6B6D, 0x632C,
  0x73AE, 0x8410, 0x8430, 0x2945, 0x0000, 0x0000, 0x0000, 0x0000, 0x0020, 0x630C,
  0x6B4D, 0x6B6D, 0x7BEF, 0x8C51, 0x52AA, 0x0000, 0x0000, 0x0000, 0x0000, 0x0000,
  0x0000, 0x0000, 0x0000, 0x0000, 0x0000, 0x0000, 0x0000, 0x0000, 0x0000, 0x0000,
  0x0000, 0x0000, 0x0000, 0x0000, 0x0000, 0x0000, 0x0000, 0x0000, 0x0000, 0x0000,
  0x0000, 0x0000, 0x0000, 0x0000, 0x0000, 0x0000, 0x0000, 0x0000, 0x0000, 0x0000,
  0x0000, 0x0000, 0x0000, 0x0000, 0x0000, 0x0000, 0x0000, 0x0000, 0x0000, 0x0000,
  0x0000, 0x0000, 0x0000, 0x0000, 0x0000, 0x0000, 0x0000, 0x0000, 0x0000, 0x0000,
  0x0000, 0x0000, 0x0000, 0x0000, 0x0000, 0x0000, 0x0000, 0x0000, 0x0000, 0x0000,
  0x0000, 0x0000, 0x0000, 0x0000, 0x0000, 0x0000, 0x0000, 0x0000, 0x0000, 0x0000,
  0x0000, 0x0000, 0x0000, 0x0000, 0x0000, 0x0000, 0x0000, 0x0000, 0x0000, 0x0000,
  0x0000, 0x0000, 0x0000, 0x0000, 0x0000, 0x0000, 0x0000, 0x0000, 0x4228, 0x4A69,
  0x4A69, 0x632C, 0x6B4D, 0x632C, 0x5AEB, 0x4A69, 0x9492, 0xC638, 0xC638, 0x9492,
  0x5AEB, 0x6B4D, 0x7BCF, 0x8410, 0x7BEF, 0x1082, 0x0000, 0x0000, 0x0000, 0x0000,
  0x0000, 0x0000, 0x0000, 0x0000, 0x0000, 0x0000, 0x0000, 0x0000, 0x0000, 0x0000,
  0x0000, 0x0000, 0x0000, 0x0000, 0x0000, 0x0000, 0x0000, 0x0000, 0x0000, 0x0000,
  0x0000, 0x0000, 0x0000, 0x0000, 0x0000, 0x0000, 0x0000, 0x0000, 0x0000, 0x0000,
  0x0000, 0x0000, 0x0000, 0x0000, 0x18C3, 0x6B6D, 0x632C, 0x738E, 0x8410, 0x8C51,
  0x31A6, 0x0000, 0x0000, 0x0000, 0x0000, 0x0000, 0x5ACB, 0x6B4D, 0x6B6D, 0x7BEF,
  0x8C51, 0x5AEB, 0x0000, 0x0000, 0x0000, 0x0000, 0x0000, 0x0000, 0x0000, 0x0000,
  0x0000, 0x0000, 0x0000, 0x0000, 0x0000, 0x0000, 0x0000, 0x0000, 0x0000, 0x0000,
  0x0000, 0x0000, 0x0000, 0x0000, 0x0000, 0x0000, 0x0000, 0x0000, 0x0000, 0x0000,
  0x0000, 0x0000, 0x0000, 0x0000, 0x0000, 0x18C3, 0x6B6D, 0x632C, 0x738E, 0x8410,
  0x8430, 0x2945, 0x0000, 0x0000, 0x0000, 0x0000, 0x0020, 0x630C, 0x6B4D, 0x6B6D,
  0x7BEF, 0x8C51, 0x52AA, 0x0000, 0x0000, 0x0000, 0x0000, 0x0000, 0x0000, 0x0000,
  0x0000, 0x0000, 0x0000, 0x0000, 0x0000, 0x0000, 0x0000, 0x0000, 0x0000, 0x0000,
  0x0000, 0x0000, 0x0000, 0x0000, 0x0000, 0x0000, 0x0000, 0x0000, 0x0000, 0x0000,
  0x0000, 0x0000, 0x0000, 0x0000, 0x0000, 0x0000, 0x2104, 0x6B6D, 0x632C, 0x73AE,
  0x8410, 0x8C51, 0x2945, 0x0000, 0x0000, 0x0000, 0x0000, 0x0020, 0x630C, 0x6B4D,
  0x6B6D, 0x7BEF, 0x8C51, 0x52AA, 0x0000, 0x0000, 0x0000, 0x0000, 0x0000, 0x0000,
  0x0000, 0x0000, 0x0000, 0x0000, 0x0000, 0x0000, 0x0000, 0x0000, 0x0000, 0x0000,
  0x0000, 0x0000, 0x0000, 0x0000, 0x0000, 0x0000, 0x0000, 0x0000, 0x0000, 0x0000,
  0x0000, 0x0000, 0x0000, 0x0000, 0x0000, 0x0000, 0x0000, 0x2104, 0x6B6D, 0x632C,
  0x73AE, 0x8410, 0x8430, 0x2945, 0x0000, 0x0000, 0x0000, 0x0000, 0x0020, 0x630C,
  0x6B4D, 0x6B6D, 0x7BEF, 0x8C51, 0x52AA, 0x0000, 0x0000, 0x0000, 0x0000, 0x0000,
  0x0000, 0x0000, 0x0000, 0x0000, 0x0000, 0x0000, 0x0000, 0x0000, 0x0000, 0x0000,
  0x0000, 0x0000, 0x0000, 0x0000, 0x0000, 0x0000, 0x0000, 0x0000, 0x0000, 0x0000,
  0x0000, 0x0000, 0x0000, 0x0000, 0x0000, 0x0000, 0x0000, 0x0000, 0x0000, 0x0000,
  0x0000, 0x0000, 0x0000, 0x0000, 0x0000, 0x0000, 0x0000, 0x0000, 0x0000, 0x0000,
  0x0000, 0x0000, 0x0000, 0x0000, 0x0000, 0x0000, 0x0000, 0x0000, 0x0000, 0x0000,
  0x0000, 0x0000, 0x0000, 0x0000, 0x0000, 0x0000, 0x0000, 0x0000, 0x0000, 0x0000,
  0x0000, 0x0000, 0x0000, 0x0000, 0x0000, 0x0000, 0x0000, 0x0000, 0x0000, 0x0000,
  0x0000, 0x0000, 0x0000, 0x0000, 0x0000, 0x0000, 0x0000, 0x0000, 0x0000, 0x0000,
  0x0000, 0x0000, 0x0000, 0x0000, 0x0000, 0x0000, 0x0000, 0x0000, 0x4228, 0x4A69,
  0x4A69, 0x6B4D, 0x632C, 0x73AE, 0xA4F3, 0xA4F3, 0xA4F3, 0xA4F3, 0xA4F3, 0x7BEF,
  0x632C, 0x6B4D, 0x7BCF, 0x8410, 0x7BEF, 0x1082, 0x0000, 0x0000, 0x0000, 0x0000,
  0x0000, 0x0000, 0x0000, 0x0000, 0x0000, 0x0000, 0x0000, 0x0000, 0x0000, 0x0000,
  0x0000, 0x0000, 0x0000, 0x0000, 0x0000, 0x0000, 0x0000, 0x0000, 0x0000, 0x0000,
  0x0000, 0x0000, 0x0000, 0x0000, 0x0000, 0x0000, 0x0000, 0x0000, 0x0000, 0x0000,
  0x0000, 0x0000, 0x0000, 0x0000, 0x18C3, 0x6B6D, 0x632C, 0x738E, 0x8410, 0x8C51,
  0x31A6, 0x0000, 0x0000, 0x0000, 0x0000, 0x0000, 0x5ACB, 0x6B4D, 0x6B6D, 0x7BEF,
  0x8C51, 0x5AEB, 0x0000, 0x0000, 0x0000, 0x0000, 0x0000, 0x0000, 0x0000, 0x0000,
  0x0000, 0x0000, 0x0000, 0x0000, 0x0000, 0x0000, 0x0000, 0x0000, 0x0000, 0x0000,
  0x0000, 0x0000, 0x0000, 0x0000, 0x0000, 0x0000, 0x0000, 0x0000, 0x0000, 0x0000,
  0x0000, 0x0000, 0x0000, 0x0000, 0x0000, 0x18C3, 0x6B6D, 0x632C, 0x738E, 0x8410,
  0x8430, 0x2945, 0x0000, 0x0000, 0x0000, 0x0000, 0x0020, 0x630C, 0x6B4D, 0x6B6D,
  0x7BEF, 0x8C51, 0x52AA, 0x0000, 0x0000, 0x0000, 0x0000, 0x0000, 0x0000, 0x0000,
  0x0000, 0x0000, 0x0000, 0x0000, 0x0000, 0x0000, 0x0000, 0x0000, 0x0000, 0x0000,
  0x0000, 0x0000, 0x0000, 0x0000, 0x0000, 0x0000, 0x0000, 0x0000, 0x0000, 0x0000,
  0x0000, 0x0000, 0x0000, 0x0000, 0x0000, 0x0000, 0x2104, 0x6B6D, 0x632C, 0x73AE,
  0x8410, 0x8C51, 0x2945, 0x0000, 0x0000, 0x0000, 0x0000, 0x0020, 0x630C, 0x6B4D,
  0x6B6D, 0x7BEF, 0x8C51, 0x52AA, 0x0000, 0x0000, 0x0000, 0x0000, 0x0000, 0x0000,
  0x0000, 0x0000, 0x0000, 0x0000, 0x0000, 0x0000, 0x0000, 0x0000, 0x0000, 0x0000,
  0x0000, 0x0000, 0x0000, 0x0000, 0x0000, 0x0000, 0x0000, 0x0000, 0x0000, 0x0000,
  0x0000, 0x0000, 0x0000, 0x0000, 0x0000, 0x0000, 0x0000, 0x2104, 0x6B6D, 0x632C,
  0x73AE, 0x8410, 0x8430, 0x2945, 0x0000, 0x0000, 0x0000, 0x0000, 0x0020, 0x630C,
  0x6B4D, 0x6B6D, 0x7BEF, 0x8C51, 0x52AA, 0x0000, 0x0000, 0x0000, 0x0000, 0x0000,
  0x0000, 0x0000, 0x0000, 0x0000, 0x0000, 0x0000, 0x0000, 0x0000, 0x0000, 0x0000,
  0x0000, 0x0000, 0x0000, 0x0000, 0x0000, 0x0000, 0x0000, 0x0000, 0x0000, 0x0000,
  0x0000, 0x0000, 0x0000, 0x0000, 0x0000, 0x0000, 0x0000, 0x0000, 0x0000, 0x0000,
  0x0000, 0x0000, 0x0000, 0x0000, 0x0000, 0x0000, 0x0000, 0x0000, 0x0000, 0x0000,
  0x0000, 0x0000, 0x0000, 0x0000, 0x0000, 0x0000, 0x0000, 0x0000, 0x0000, 0x0000,
  0x0000, 0x0000, 0x0000, 0x0000, 0x0000, 0x0000, 0x0000, 0x0000, 0x0000, 0x0000,
  0x0000, 0x0000, 0x0000, 0x0000, 0x0000, 0x0000, 0x0000, 0x0000, 0x0000, 0x0000,
  0x0000, 0x0000, 0x0000, 0x0000, 0x0000, 0x0000, 0x0000, 0x0000, 0x0000, 0x0000,
  0x0000, 0x0000, 0x0000, 0x0000, 0x0000, 0x0000, 0x0000, 0x0000, 0x4228, 0x4A69,
  0x4A69, 0x6B4D, 0x5AEB, 0x8430, 0xC638, 0xC638, 0xA514, 0x4A69, 0x5AEB, 0x632C,
  0x6B4D, 0x632C, 0x7BCF, 0x8410, 0x7BEF, 0x1082, 0x0000, 0x0000, 0x0000, 0x0000,
  0x0000, 0x0000, 0x0000, 0x0000, 0x0000, 0x0000, 0x0000, 0x0000, 0x0000, 0x0000,
  0x0000, 0x0000, 0x0000, 0x0000, 0x0000, 0x0000, 0x0000, 0x0000, 0x0000, 0x0000,
  0x0000, 0x0000, 0x0000, 0x0000, 0x0000, 0x0000, 0x0000, 0x0000, 0x0000, 0x0000,
  0x0000, 0x0000, 0x0000, 0x0000, 0x18C3, 0x6B6D, 0x632C, 0x738E, 0x8410, 0x8C51,
  0x31A6, 0x0000, 0x0000, 0x0000, 0x0000, 0x0000, 0x5ACB, 0x6B4D, 0x6B6D, 0x7BEF,
  0x8C51, 0x5AEB, 0x0000, 0x0000, 0x0000, 0x0000, 0x0000, 0x0000, 0x0000, 0x0000,
  0x0000, 0x0000, 0x0000, 0x0000, 0x0000, 0x0000, 0x0000, 0x0000, 0x0000, 0x0000,
  0x0000, 0x0000, 0x0000, 0x0000, 0x0000, 0x0000, 0x0000, 0x0000, 0x0000, 0x0000,
  0x0000, 0x0000, 0x0000, 0x0000, 0x0000, 0x18C3, 0x6B6D, 0x632C, 0x738E, 0x8410,
  0x8430, 0x2945, 0x0000, 0x0000, 0x0000, 0x0000, 0x0020, 0x630C, 0x6B4D, 0x6B6D,
  0x7BEF, 0x8C51, 0x52AA, 0x0000, 0x0000, 0x0000, 0x0000, 0x0000, 0x0000, 0x0000,
  0x0000, 0x0000, 0x0000, 0x0000, 0x0000, 0x0000, 0x0000, 0x0000, 0x0000, 0x0000,
  0x0000, 0x0000, 0x0000, 0x0000, 0x0000, 0x0000, 0x0000, 0x0000, 0x0000, 0x0000,
  0x0000, 0x0000, 0x0000, 0x0000, 0x0000, 0x0000, 0x2104, 0x6B6D, 0x632C, 0x73AE,
  0x8410, 0x8C51, 0x2945, 0x0000, 0x0000, 0x0000, 0x0000, 0x0020, 0x630C, 0x6B4D,
  0x6B6D, 0x7BEF, 0x8C51, 0x52AA, 0x0000, 0x0000, 0x0000, 0x0000, 0x0000, 0x0000,
  0x0000, 0x0000, 0x0000, 0x0000, 0x0000, 0x0000, 0x0000, 0x0000, 0x0000, 0x0000,
  0x0000, 0x0000, 0x0000, 0x0000, 0x0000, 0x0000, 0x0000, 0x0000, 0x0000, 0x0000,
  0x0000, 0x0000, 0x0000, 0x0000, 0x0000, 0x0000, 0x0000, 0x2104, 0x6B6D, 0x632C,
  0x73AE, 0x8410, 0x8430, 0x2945, 0x0000, 0x0000, 0x0000, 0x0000, 0x0020, 0x630C,
  0x6B4D, 0x6B6D, 0x7BEF, 0x8C51, 0x52AA, 0x0000, 0x0000, 0x0000, 0x0000, 0x0000,
  0x0000, 0x0000, 0x0000, 0x0000, 0x0000, 0x0000, 0x0000, 0x0000, 0x0000, 0x0000,
  0x0000, 0x0000, 0x0000, 0x0000, 0x0000, 0x0000, 0x0000, 0x0000, 0x0000, 0x0000,
  0x0000, 0x0000, 0x0000, 0x0000, 0x0000, 0x0000, 0x0000, 0x0000, 0x0000, 0x0000,
  0x0000, 0x0000, 0x0000, 0x0000, 0x0000, 0x0000, 0x0000, 0x0000, 0x0000, 0x0000,
  0x0000, 0x0000, 0x0000, 0x0000, 0x0000, 0x0000, 0x0000, 0x0000, 0x0000, 0x0000,
  0x0000, 0x0000, 0x0000, 0x0000, 0x0000, 0x0000, 0x0000, 0x0000, 0x0000, 0x0000,
  0x0000, 0x0000, 0x0000, 0x0000, 0x0000, 0x0000, 0x0000, 0x0000, 0x0000, 0x0000,
  0x0000, 0x0000, 0x0000, 0x0000, 0x0000, 0x0000, 0x0000, 0x0000, 0x0000, 0x0000,
  0x0000, 0x0000, 0x0000, 0x0000, 0x0000, 0x0000, 0x0000, 0x0000, 0x4228, 0x4A69,
  0x4A69, 0x6B4D, 0x5AEB, 0x8430, 0xC638, 0xC638, 0xA514, 0x5AEB, 0x6B6D, 0x6B4D,
  0x6B4D, 0x632C, 0x7BEF, 0x8C51, 0x8430, 0x1082, 0x0000, 0x0000, 0x0000, 0x0000,
  0x0000, 0x0000, 0x0000, 0x0000, 0x0000, 0x0000, 0x0000, 0x0000, 0x0000, 0x0000,
  0x0000, 0x0000, 0x0000, 0x0000, 0x0000, 0x0000, 0x0000, 0x0000, 0x0000, 0x0000,
  0x0000, 0x0000, 0x0000, 0x0000, 0x0000, 0x0000, 0x0000, 0x0000, 0x0000, 0x0000,
  0x0000, 0x0000, 0x0000, 0x0000, 0x18C3, 0x6B6D, 0x632C, 0x738E, 0x8410, 0x8C51,
  0x31A6, 0x0000, 0x0000, 0x0000, 0x0000, 0x0000, 0x5ACB, 0x6B4D, 0x6B6D, 0x7BEF,
  0x8C51, 0x5AEB, 0x0000, 0x0000, 0x0000, 0x0000, 0x0000, 0x0000, 0x0000, 0x0000,
  0x0000, 0x0000, 0x0000, 0x0000, 0x0000, 0x0000, 0x0000, 0x0000, 0x0000, 0x0000,
  0x0000, 0x0000, 0x0000, 0x0000, 0x0000, 0x0000, 0x0000, 0x0000, 0x0000, 0x0000,
  0x0000, 0x0000, 0x0000, 0x0000, 0x0000, 0x18C3, 0x6B6D, 0x632C, 0x738E, 0x8410,
  0x8430, 0x2945, 0x0000, 0x0000, 0x0000, 0x0000, 0x0020, 0x630C, 0x6B4D, 0x6B6D,
  0x7BEF, 0x8C51, 0x52AA, 0x0000, 0x0000, 0x0000, 0x0000, 0x0000, 0x0000, 0x0000,
  0x0000, 0x0000, 0x0000, 0x0000, 0x0000, 0x0000, 0x0000, 0x0000, 0x0000, 0x0000,
  0x0000, 0x0000, 0x0000, 0x0000, 0x0000, 0x0000, 0x0000, 0x0000, 0x0000, 0x0000,
  0x0000, 0x0000, 0x0000, 0x0000, 0x0000, 0x0000, 0x2104, 0x6B6D, 0x632C, 0x73AE,
  0x8410, 0x8C51, 0x2945, 0x0000, 0x0000, 0x0000, 0x0000, 0x0020, 0x630C, 0x6B4D,
  0x6B6D, 0x7BEF, 0x8C51, 0x52AA, 0x0000, 0x0000, 0x0000, 0x0000, 0x0000, 0x0000,
  0x0000, 0x0000, 0x0000, 0x0000, 0x0000, 0x0000, 0x0000, 0x0000, 0x0000, 0x0000,
  0x0000, 0x0000, 0x0000, 0x0000, 0x0000, 0x0000, 0x0000, 0x0000, 0x0000, 0x0000,
  0x0000, 0x0000, 0x0000, 0x0000, 0x0000, 0x0000, 0x0000, 0x2104, 0x6B6D, 0x632C,
  0x73AE, 0x8410, 0x8430, 0x2945, 0x0000, 0x0000, 0x0000, 0x0000, 0x0020, 0x630C,
  0x6B4D, 0x6B6D, 0x7BEF, 0x8C51, 0x52AA, 0x0000, 0x0000, 0x0000, 0x0000, 0x0000,
  0x0000, 0x0000, 0x0000, 0x0000, 0x0000, 0x0000, 0x0000, 0x0000, 0x0000, 0x0000,
  0x0000, 0x0000, 0x0000, 0x0000, 0x0000, 0x0000, 0x0000, 0x0000, 0x0000, 0x0000,
  0x0000, 0x0000, 0x0000, 0x0000, 0x0000, 0x0000, 0x0000, 0x0000, 0x0000, 0x0000,
  0x0000, 0x0000, 0x0000, 0x0000, 0x0000, 0x0000, 0x0000, 0x0000, 0x0000, 0x0000,
  0x0000, 0x0000, 0x0000, 0x0000, 0x0000, 0x0000, 0x0000, 0x0000, 0x0000, 0x0000,
  0x0000, 0x0000, 0x0000, 0x0000, 0x0000, 0x0000, 0x0000, 0x0000, 0x0000, 0x0000,
  0x0000, 0x0000, 0x0000, 0x0000, 0x0000, 0x0000, 0x0000, 0x0000, 0x0000, 0x0000,
  0x0000, 0x0000, 0x0000, 0x0000, 0x0000, 0x0000, 0x0000, 0x0000, 0x0000, 0x0000,
  0x0000, 0x0000, 0x0000, 0x0000, 0x0000, 0x0000, 0x0000, 0x0000, 0x2104, 0x2104,
  0x2945, 0x5AEB, 0x4A69, 0x6B4D, 0x9492, 0x9492, 0x7BEF, 0x632C, 0x6B4D, 0x6B4D,
  0x6B4D, 0x6B4D, 0x4208, 0x2104, 0x2945, 0x0000, 0x0000, 0x0000, 0x0000, 0x0000,
  0x0000, 0x0000, 0x0000, 0x0000, 0x0000, 0x0000, 0x0000, 0x0000, 0x0000, 0x0000,
  0x0000, 0x0000, 0x0000, 0x0000, 0x0000, 0x0000, 0x0000, 0x0000, 0x0000, 0x0000,
  0x0000, 0x0000, 0x0000, 0x0000, 0x0000, 0x0000, 0x0000, 0x0000, 0x0000, 0x0000,
  0x0000, 0x0000, 0x0000, 0x0000, 0x18C3, 0x6B6D, 0x632C, 0x738E, 0x8410, 0x8C51,
  0x31A6, 0x0000, 0x0000, 0x0000, 0x0000, 0x0000, 0x5ACB, 0x6B4D, 0x6B6D, 0x7BEF,
  0x8C51, 0x5AEB, 0x0000, 0x0000, 0x0000, 0x0000, 0x0000, 0x0000, 0x0000, 0x0000,
  0x0000, 0x0000, 0x0000, 0x0000, 0x0000, 0x0000, 0x0000, 0x0000, 0x0000, 0x0000,
  0x0000, 0x0000, 0x0000, 0x0000, 0x0000, 0x0000, 0x0000, 0x0000, 0x0000, 0x0000,
  0x0000, 0x0000, 0x0000, 0x0000, 0x0000, 0x18C3, 0x6B6D, 0x632C, 0x738E, 0x8410,
  0x8430, 0x2945, 0x0000, 0x0000, 0x0000, 0x0000, 0x0020, 0x630C, 0x6B4D, 0x6B6D,
  0x7BEF, 0x8C51, 0x52AA, 0x0000, 0x0000, 0x0000, 0x0000, 0x0000, 0x0000, 0x0000,
  0x0000, 0x0000, 0x0000, 0x0000, 0x0000, 0x0000, 0x0000, 0x0000, 0x0000, 0x0000,
  0x0000, 0x0000, 0x0000, 0x0000, 0x0000, 0x0000, 0x0000, 0x0000, 0x0000, 0x0000,
  0x0000, 0x0000, 0x0000, 0x0000, 0x0000, 0x0000, 0x2104, 0x6B6D, 0x632C, 0x73AE,
  0x8410, 0x8C51, 0x2945, 0x0000, 0x0000, 0x0000, 0x0000, 0x0020, 0x630C, 0x6B4D,
  0x6B6D, 0x7BEF, 0x8C51, 0x52AA, 0x0000, 0x0000, 0x0000, 0x0000, 0x0000, 0x0000,
  0x0000, 0x0000, 0x0000, 0x0000, 0x0000, 0x0000, 0x0000, 0x0000, 0x0000, 0x0000,
  0x0000, 0x0000, 0x0000, 0x0000, 0x0000, 0x0000, 0x0000, 0x0000, 0x0000, 0x0000,
  0x0000, 0x0000, 0x0000, 0x0000, 0x0000, 0x0000, 0x0000, 0x2104, 0x6B6D, 0x632C,
  0x73AE, 0x8410, 0x8430, 0x2945, 0x0000, 0x0000, 0x0000, 0x0000, 0x0020, 0x630C,
  0x6B4D, 0x6B6D, 0x7BEF, 0x8C51, 0x52AA, 0x0000, 0x0000, 0x0000, 0x0000, 0x0000,
  0x0000, 0x0000, 0x0000, 0x0000, 0x0000, 0x0000, 0x0000, 0x0000, 0x0000, 0x0000,
  0x0000, 0x0000, 0x0000, 0x0000, 0x0000, 0x0000, 0x0000, 0x0000, 0x0000, 0x0000,
  0x0000, 0x0000, 0x0000, 0x0000, 0x0000, 0x0000, 0x0000, 0x0000, 0x0000, 0x0000,
  0x0000, 0x0000, 0x0000, 0x0000, 0x0000, 0x0000, 0x0000, 0x0000, 0x0000, 0x0000,
  0x0000, 0x0000, 0x0000, 0x0000, 0x0000, 0x0000, 0x0000, 0x0000, 0x0000, 0x0000,
  0x0000, 0x0000, 0x0000, 0x0000, 0x0000, 0x0000, 0x0000, 0x0000, 0x0000, 0x0000,
  0x0000, 0x0000, 0x0000, 0x0000, 0x0000, 0x0000, 0x0000, 0x0000, 0x0000, 0x0000,
  0x0000, 0x0000, 0x0000, 0x0000, 0x0000, 0x0000, 0x0000, 0x0000, 0x0000, 0x0000,
  0x0000, 0x0000, 0x0000, 0x0000, 0x0000, 0x0000, 0x0000, 0x0000, 0x0000, 0x0000,
  0x0020, 0x4A69, 0x4A69, 0x4A69, 0x5AEB, 0x5AEB, 0x5AEB, 0x6B4D, 0x6B4D, 0x6B4D,
  0x632C, 0x6B6D, 0x1082, 0x0000, 0x0000, 0x0000, 0x0000, 0x0000, 0x0000, 0x0000,
  0x0000, 0x0000, 0x0000, 0x0000, 0x0000, 0x0000, 0x0000, 0x0000, 0x0000, 0x0000,
  0x0000, 0x0000, 0x0000, 0x0000, 0x0000, 0x0000, 0x0000, 0x0000, 0x0000, 0x0000,
  0x0000, 0x0000, 0x0000, 0x0000, 0x0000, 0x0000, 0x0000, 0x0000, 0x0000, 0x0000,
  0x0000, 0x0000, 0x0000, 0x0000, 0x18C3, 0x6B6D, 0x632C, 0x738E, 0x8410, 0x8C51,
  0x31A6, 0x0000, 0x0000, 0x0000, 0x0000, 0x0000, 0x5ACB, 0x6B4D, 0x6B6D, 0x7BEF,
  0x8430, 0x5AEB, 0x0000, 0x0000, 0x0000, 0x0000, 0x0000, 0x0000, 0x0000, 0x0000,
  0x0000, 0x0000, 0x0000, 0x0000, 0x0000, 0x0000, 0x0000, 0x0000, 0x0000, 0x0000,
  0x0000, 0x0000, 0x0000, 0x0000, 0x0000, 0x0000, 0x0000, 0x0000, 0x0000, 0x0000,
  0x0000, 0x0000, 0x0000, 0x0000, 0x0000, 0x18C3, 0x6B6D, 0x632C, 0x738E, 0x8410,
  0x8430, 0x2945, 0x0000, 0x0000, 0x0000, 0x0000, 0x0020, 0x630C, 0x6B4D, 0x6B4D,
  0x7BEF, 0x8C51, 0x52AA, 0x0000, 0x0000, 0x0000, 0x0000, 0x0000, 0x0000, 0x0000,
  0x0000, 0x0000, 0x0000, 0x0000, 0x0000, 0x0000, 0x0000, 0x0000, 0x0000, 0x0000,
  0x0000, 0x0000, 0x0000, 0x0000, 0x0000, 0x0000, 0x0000, 0x0000, 0x0000, 0x0000,
  0x0000, 0x0000, 0x0000, 0x0000, 0x0000, 0x0000, 0x2104, 0x6B6D, 0x632C, 0x73AE,
  0x8410, 0x8C51, 0x2945, 0x0000, 0x0000, 0x0000, 0x0000, 0x0020, 0x630C, 0x6B4D,
  0x6B6D, 0x7BEF, 0x8C51, 0x52AA, 0x0000, 0x0000, 0x0000, 0x0000, 0x0000, 0x0000,
  0x0000, 0x0000, 0x0000, 0x0000, 0x0000, 0x0000, 0x0000, 0x0000, 0x0000, 0x0000,
  0x0000, 0x0000, 0x0000, 0x0000, 0x0000, 0x0000, 0x0000, 0x0000, 0x0000, 0x0000,
  0x0000, 0x0000, 0x0000, 0x0000, 0x0000, 0x0000, 0x0000, 0x2104, 0x6B6D, 0x632C,
  0x73AE, 0x8410, 0x8430, 0x2945, 0x0000, 0x0000, 0x0000, 0x0000, 0x0020, 0x630C,
  0x6B4D, 0x6B4D, 0x7BEF, 0x8C51, 0x52AA, 0x0000, 0x0000, 0x0000, 0x0000, 0x0000,
  0x0000, 0x0000, 0x0000, 0x0000, 0x0000, 0x0000, 0x0000, 0x0000, 0x0000, 0x0000,
  0x0000, 0x0000, 0x0000, 0x0000, 0x0000, 0x0000, 0x0000, 0x0000, 0x0000, 0x0000,
  0x0000, 0x0000, 0x0000, 0x0000, 0x0000, 0x0000, 0x0000, 0x0000, 0x0000, 0x0000,
  0x0000, 0x0000, 0x0000, 0x0000, 0x0000, 0x0000, 0x0000, 0x0000, 0x0000, 0x0000,
  0x0000, 0x0000, 0x0000, 0x0000, 0x0000, 0x0000, 0x0000, 0x0000, 0x0000, 0x0000,
  0x0000, 0x0000, 0x0000, 0x0000, 0x0000, 0x0000, 0x0000, 0x0000, 0x0000, 0x0000,
  0x0000, 0x0000, 0x0000, 0x0000, 0x0000, 0x0000, 0x0000, 0x0000, 0x0000, 0x0000,
  0x0000, 0x0000, 0x0000, 0x0000, 0x0000, 0x0000, 0x0000, 0x0000, 0x0000, 0x0000,
  0x0000, 0x0000, 0x0000, 0x0000, 0x0000, 0x0000, 0x0000, 0x0000, 0x0000, 0x0000,
  0x1082, 0x4A69, 0x4A69, 0x4A69, 0x6B6D, 0x6B4D, 0x6B4D, 0x6B4D, 0x6B4D, 0x6B4D,
  0x6B4D, 0x6B6D, 0x18C3, 0x0000, 0x0000, 0x0000, 0x0000, 0x0000, 0x0000, 0x0000,
  0x0000, 0x0000, 0x0000, 0x0000, 0x0000, 0x0000, 0x0000, 0x0000, 0x0000, 0x0000,
  0x0000, 0x0000, 0x0000, 0x0000, 0x0000, 0x0000, 0x0000, 0x0000, 0x0000, 0x0000,
  0x0000, 0x0000, 0x0000, 0x0000, 0x0000, 0x0000, 0x0000, 0x0000, 0x0000, 0x0000,
  0x0000, 0x0000, 0x0000, 0x0000, 0x18C3, 0x6B6D, 0x632C, 0x738E, 0x8410, 0x8C51,
  0x31A6, 0x0000, 0x0000, 0x0000, 0x0000, 0x0000, 0x5ACB, 0x6B6D, 0x6B6D, 0x7BEF,
  0x8C51, 0x5AEB, 0x0000, 0x0000, 0x0000, 0x0000, 0x0000, 0x0000, 0x0000, 0x0000,
  0x0000, 0x0000, 0x0000, 0x0000, 0x0000, 0x0000, 0x0000, 0x0000, 0x0000, 0x0000,
  0x0000, 0x0000, 0x0000, 0x0000, 0x0000, 0x0000, 0x0000, 0x0000, 0x0000, 0x0000,
  0x0000, 0x0000, 0x0000, 0x0000, 0x0000, 0x18C3, 0x6B6D, 0x632C, 0x738E, 0x8410,
  0x8430, 0x2945, 0x0000, 0x0000, 0x0000, 0x0000, 0x0020, 0x630C, 0x6B4D, 0x6B6D,
  0x7BEF, 0x8C51, 0x52AA, 0x0000, 0x0000, 0x0000, 0x0000, 0x0000, 0x0000, 0x0000,
  0x0000, 0x0000, 0x0000, 0x0000, 0x0000, 0x0000, 0x0000, 0x0000, 0x0000, 0x0000,
  0x0000, 0x0000, 0x0000, 0x0000, 0x0000, 0x0000, 0x0000, 0x0000, 0x0000, 0x0000,
  0x0000, 0x0000, 0x0000, 0x0000, 0x0000, 0x0000, 0x2104, 0x6B6D, 0x632C, 0x73AE,
  0x8410, 0x8C51, 0x2945, 0x0000, 0x0000, 0x0000, 0x0000, 0x0020, 0x630C, 0x6B4D,
  0x6B6D, 0x8410, 0x8C51, 0x52AA, 0x0000, 0x0000, 0x0000, 0x0000, 0x0000, 0x0000,
  0x0000, 0x0000, 0x0000, 0x0000, 0x0000, 0x0000, 0x0000, 0x0000, 0x0000, 0x0000,
  0x0000, 0x0000, 0x0000, 0x0000, 0x0000, 0x0000, 0x0000, 0x0000, 0x0000, 0x0000,
  0x0000, 0x0000, 0x0000, 0x0000, 0x0000, 0x0000, 0x0000, 0x2104, 0x6B6D, 0x632C,
  0x73AE, 0x8410, 0x8430, 0x2945, 0x0000, 0x0000, 0x0000, 0x0000, 0x0020, 0x630C,
  0x6B4D, 0x6B6D, 0x7BEF, 0x8C51, 0x52AA, 0x0000, 0x0000, 0x0000, 0x0000, 0x0000,
  0x0000, 0x0000, 0x0000, 0x0000, 0x0000, 0x0000, 0x0000, 0x0000, 0x0000, 0x0000,
  0x0000, 0x0000, 0x0000, 0x0000, 0x0000, 0x0000, 0x0000, 0x0000, 0x0000, 0x0000,
  0x0000, 0x0000, 0x0000, 0x0000, 0x0000, 0x0000, 0x0000, 0x0000, 0x0000, 0x0000,
  0x0000, 0x0000, 0x0000, 0x0000, 0x0000, 0x0000, 0x0000, 0x0000, 0x0000, 0x0000,
  0x0000, 0x0000, 0x0000, 0x0000, 0x0000, 0x0000, 0x0000, 0x0000, 0x0000, 0x0000,
  0x0000, 0x0000, 0x0000, 0x0000, 0x0000, 0x0000, 0x0000, 0x0000, 0x0000, 0x0000,
  0x0000, 0x0000, 0x0000, 0x0000, 0x0000, 0x0000, 0x0000, 0x0000, 0x0000, 0x0000,
  0x0000, 0x0000, 0x0000, 0x0000, 0x0000, 0x0000, 0x0000, 0x0000, 0x0000, 0x0000,
  0x0000, 0x0000, 0x0000, 0x0000, 0x0000, 0x0000, 0x0000, 0x0000, 0x0000, 0x0000,
  0x0000, 0x1082, 0x1082, 0x2945, 0x4A69, 0x4A69, 0x5AEB, 0x632C, 0x6B6D, 0x39C7,
  0x1082, 0x1082, 0x0020, 0x0000, 0x0000, 0x0000, 0x0000, 0x0000, 0x0000, 0x0000,
  0x0000, 0x0000, 0x0000, 0x0000, 0x0000, 0x0000, 0x0000, 0x0000, 0x0000, 0x0000,
  0x0000, 0x0000, 0x0000, 0x0000, 0x0000, 0x0000, 0x0000, 0x0000, 0x0000, 0x0000,
  0x0000, 0x0000, 0x0000, 0x0000, 0x0000, 0x0000, 0x0000, 0x0000, 0x0000, 0x0000,
  0x0000, 0x0000, 0x0000, 0x0000, 0x18C3, 0x6B6D, 0x632C, 0x738E, 0x8410, 0x8C51,
  0x31A6, 0x0000, 0x0000, 0x0000, 0x0000, 0x0000, 0x1082, 0x1082, 0x1082, 0x18C3,
  0x18C3, 0x1082, 0x0000, 0x0000, 0x0000, 0x0000, 0x0000, 0x0000, 0x0000, 0x0000,
  0x0000, 0x0000, 0x0000, 0x0000, 0x0000, 0x0000, 0x0000, 0x0000, 0x0000, 0x0000,
  0x0000, 0x0000, 0x0000, 0x0000, 0x0000, 0x0000, 0x0000, 0x0000, 0x0000, 0x0000,
  0x0000, 0x0000, 0x0000, 0x0000, 0x0000, 0x18C3, 0x6B6D, 0x632C, 0x738E, 0x8410,
  0x8430, 0x2945, 0x0000, 0x0000, 0x0000, 0x0000, 0x0000, 0x1082, 0x1082, 0x1082,
  0x18C3, 0x18C3, 0x1082, 0x0000, 0x0000, 0x0000, 0x0000, 0x0000, 0x0000, 0x0000,
  0x0000, 0x0000, 0x0000, 0x0000, 0x0000, 0x0000, 0x0000, 0x0000, 0x0000, 0x0000,
  0x0000, 0x0000, 0x0000, 0x0000, 0x0000, 0x0000, 0x0000, 0x0000, 0x0000, 0x0000,
  0x0000, 0x0000, 0x0000, 0x0000, 0x0000, 0x0000, 0x2104, 0x6B6D, 0x632C, 0x73AE,
  0x8410, 0x8C51, 0x2945, 0x0000, 0x0000, 0x0000, 0x0000, 0x0000, 0x1082, 0x1082,
  0x1082, 0x18C3, 0x18C3, 0x1082, 0x0000, 0x0000, 0x0000, 0x0000, 0x0000, 0x0000,
  0x0000, 0x0000, 0x0000, 0x0000, 0x0000, 0x0000, 0x0000, 0x0000, 0x0000, 0x0000,
  0x0000, 0x0000, 0x0000, 0x0000, 0x0000, 0x0000, 0x0000, 0x0000, 0x0000, 0x0000,
  0x0000, 0x0000, 0x0000, 0x0000, 0x0000, 0x0000, 0x0000, 0x2104, 0x6B6D, 0x632C,
  0x73AE, 0x8410, 0x8430, 0x2945, 0x0000, 0x0000, 0x0000, 0x0000, 0x0000, 0x1082,
  0x1082, 0x1082, 0x18C3, 0x18C3, 0x1082, 0x0000, 0x0000, 0x0000, 0x0000, 0x0000,
  0x0000, 0x0000, 0x0000, 0x0000, 0x0000, 0x0000, 0x0000, 0x0000, 0x0000, 0x0000,
  0x0000, 0x0000, 0x0000, 0x0000, 0x0000, 0x0000, 0x0000, 0x0000, 0x0000, 0x0000,
  0x0000, 0x0000, 0x0000, 0x0000, 0x0000, 0x0000, 0x0000, 0x0000, 0x0000, 0x0000,
  0x0000, 0x0000, 0x0000, 0x0000, 0x0000, 0x0000, 0x0000, 0x0000, 0x0000, 0x0000,
  0x0000, 0x0000, 0x0000, 0x0000, 0x0000, 0x0000, 0x0000, 0x0000, 0x0000, 0x0000,
  0x0000, 0x0000, 0x0000, 0x0000, 0x0000, 0x0000, 0x0000, 0x0000, 0x0000, 0x0000,
  0x0000, 0x0000, 0x0000, 0x0000, 0x0000, 0x0000, 0x0000, 0x0000, 0x0000, 0x0000,
  0x0000, 0x0000, 0x0000, 0x0000, 0x0000, 0x0000, 0x0000, 0x0000, 0x0000, 0x0000,
  0x0000, 0x0000, 0x0000, 0x0000, 0x0000, 0x0000, 0x0000, 0x0000, 0x0000, 0x0000,
  0x0000, 0x0000, 0x0000, 0x18C3, 0x4A69, 0x4A69, 0x5AEB, 0x632C, 0x6B6D, 0x2945,
  0x0000, 0x0000, 0x0000, 0x0000, 0x0000, 0x0000, 0x0000, 0x0000, 0x0000, 0x0000,
  0x0000, 0x0000, 0x0000, 0x0000, 0x0000, 0x0000, 0x0000, 0x0000, 0x0000, 0x0000,
  0x0000, 0x0000, 0x0000, 0x0000, 0x0000, 0x0000, 0x0000, 0x0000, 0x0000, 0x0000,
  0x0000, 0x0000, 0x0000, 0x0000, 0x0000, 0x0000, 0x0000, 0x0000, 0x0000, 0x0000,
  0x0000, 0x0000, 0x0000, 0x0000, 0x18C3, 0x6B6D, 0x632C, 0x738E, 0x8410, 0x8C51,
  0x31A6, 0x0000, 0x0000, 0x0000, 0x0000, 0x0000, 0x0000, 0x0000, 0x0000, 0x0000,
  0x0000, 0x0000, 0x0000, 0x0000, 0x0000, 0x0000, 0x0000, 0x0000, 0x0000, 0x0000,
  0x0000, 0x0000, 0x0000, 0x0000, 0x0000, 0x0000, 0x0000, 0x0000, 0x0000, 0x0000,
  0x0000, 0x0000, 0x0000, 0x0000, 0x0000, 0x0000, 0x0000, 0x0000, 0x0000, 0x0000,
  0x0000, 0x0000, 0x0000, 0x0000, 0x0000, 0x18C3, 0x6B6D, 0x632C, 0x738E, 0x8410,
  0x8430, 0x2945, 0x0000, 0x0000, 0x0000, 0x0000, 0x0000, 0x0000, 0x0000, 0x0000,
  0x0000, 0x0000, 0x0000, 0x0000, 0x0000, 0x0000, 0x0000, 0x0000, 0x0000, 0x0000,
  0x0000, 0x0000, 0x0000, 0x0000, 0x0000, 0x0000, 0x0000, 0x0000, 0x0000, 0x0000,
  0x0000, 0x0000, 0x0000, 0x0000, 0x0000, 0x0000, 0x0000, 0x0000, 0x0000, 0x0000,
  0x0000, 0x0000, 0x0000, 0x0000, 0x0000, 0x0000, 0x2104, 0x6B6D, 0x632C, 0x73AE,
  0x8410, 0x8C51, 0x2945, 0x0000, 0x0000, 0x0000, 0x0000, 0x0000, 0x0000, 0x0000,
  0x0000, 0x0000, 0x0000, 0x0000, 0x0000, 0x0000, 0x0000, 0x0000, 0x0000, 0x0000,
  0x0000, 0x0000, 0x0000, 0x0000, 0x0000, 0x0000, 0x0000, 0x0000, 0x0000, 0x0000,
  0x0000, 0x0000, 0x0000, 0x0000, 0x0000, 0x0000, 0x0000, 0x0000, 0x0000, 0x0000,
  0x0000, 0x0000, 0x0000, 0x0000, 0x0000, 0x0000, 0x0000, 0x2104, 0x6B6D, 0x632C,
  0x73AE, 0x8410, 0x8430, 0x2945, 0x0000, 0x0000, 0x0000, 0x0000, 0x0000, 0x0000,
  0x0000, 0x0000, 0x0000, 0x0000, 0x0000, 0x0000, 0x0000, 0x0000, 0x0000, 0x0000,
  0x0000, 0x0000, 0x0000, 0x0000, 0x0000, 0x0000, 0x0000, 0x0000, 0x0000, 0x0000,
  0x0000, 0x0000, 0x0000, 0x0000, 0x0000, 0x0000, 0x0000, 0x0000, 0x0000, 0x0000,
  0x0000, 0x0000, 0x0000, 0x0000, 0x0000, 0x0000, 0x0000, 0x0000, 0x0000, 0x0000,
  0x0000, 0x0000, 0x0000, 0x0000, 0x0000, 0x0000, 0x0000, 0x0000, 0x0000, 0x0000,
  0x0000, 0x0000, 0x0000, 0x0000, 0x0000, 0x0000, 0x0000, 0x0000, 0x0000, 0x0000,
  0x0000, 0x0000, 0x0000, 0x0000, 0x0000, 0x0000, 0x0000, 0x0000, 0x0000, 0x0000,
  0x0000, 0x0000, 0x0000, 0x0000, 0x0000, 0x0000, 0x0000, 0x0000, 0x0000, 0x0000,
  0x0000, 0x0000, 0x0000, 0x0000, 0x0000, 0x0000, 0x0000, 0x0000, 0x0000, 0x0000,
  0x0000, 0x0000, 0x0000, 0x0000, 0x0000, 0x0000, 0x0000, 0x0000, 0x0000, 0x0000,
  0x0000, 0x0000, 0x0000, 0x18C3, 0x4A69, 0x4A69, 0x5AEB, 0x632C, 0x6B6D, 0x2945,
  0x0000, 0x0000, 0x0000, 0x0000, 0x0000, 0x0000, 0x0000, 0x0000, 0x0000, 0x0000,
  0x0000, 0x0000, 0x0000, 0x0000, 0x0000, 0x0000, 0x0000, 0x0000, 0x0000, 0x0000,
  0x0000, 0x0000, 0x0000, 0x0000, 0x0000, 0x0000, 0x0000, 0x0000, 0x0000, 0x0000,
  0x0000, 0x0000, 0x0000, 0x0000, 0x0000, 0x0000, 0x0000, 0x0000, 0x0000, 0x0000,
  0x0000, 0x0000, 0x0000, 0x0000, 0x18C3, 0x6B6D, 0x632C, 0x738E, 0x7BEF, 0x8C51,
  0x31A6, 0x0000, 0x0000, 0x0000, 0x0000, 0x0000, 0x0000, 0x0000, 0x0000, 0x0000,
  0x0000, 0x0000, 0x0000, 0x0000, 0x0000, 0x0000, 0x0000, 0x0000, 0x0000, 0x0000,
  0x0000, 0x0000, 0x0000, 0x0000, 0x0000, 0x0000, 0x0000, 0x0000, 0x0000, 0x0000,
  0x0000, 0x0000, 0x0000, 0x0000, 0x0000, 0x0000, 0x0000, 0x0000, 0x0000, 0x0000,
  0x0000, 0x0000, 0x0000, 0x0000, 0x0000, 0x18C3, 0x6B6D, 0x632C, 0x738E, 0x8410,
  0x8C51, 0x2945, 0x0000, 0x0000, 0x0000, 0x0000, 0x0000, 0x0000, 0x0000, 0x0000,
  0x0000, 0x0000, 0x0000, 0x0000, 0x0000, 0x0000, 0x0000, 0x0000, 0x0000, 0x0000,
  0x0000, 0x0000, 0x0000, 0x0000, 0x0000, 0x0000, 0x0000, 0x0000, 0x0000, 0x0000,
  0x0000, 0x0000, 0x0000, 0x0000, 0x0000, 0x0000, 0x0000, 0x0000, 0x0000, 0x0000,
  0x0000, 0x0000, 0x0000, 0x0000, 0x0000, 0x0000, 0x2104, 0x6B6D, 0x632C, 0x73AE,
  0x8410, 0x8C51, 0x2945, 0x0000, 0x0000, 0x0000, 0x0000, 0x0000, 0x0000, 0x0000,
  0x0000, 0x0000, 0x0000, 0x0000, 0x0000, 0x0000, 0x0000, 0x0000, 0x0000, 0x0000,
  0x0000, 0x0000, 0x0000, 0x0000, 0x0000, 0x0000, 0x0000, 0x0000, 0x0000, 0x0000,
  0x0000, 0x0000, 0x0000, 0x0000, 0x0000, 0x0000, 0x0000, 0x0000, 0x0000, 0x0000,
  0x0000, 0x0000, 0x0000, 0x0000, 0x0000, 0x0000, 0x0000, 0x2104, 0x6B6D, 0x632C,
  0x73AE, 0x8410, 0x8430, 0x2945, 0x0000, 0x0000, 0x0000, 0x0000, 0x0000, 0x0000,
  0x0000, 0x0000, 0x0000, 0x0000, 0x0000, 0x0000, 0x0000, 0x0000, 0x0000, 0x0000,
  0x0000, 0x0000, 0x0000, 0x0000, 0x0000, 0x0000, 0x0000, 0x0000, 0x0000, 0x0000,
  0x0000, 0x0000, 0x0000, 0x0000, 0x0000, 0x0000, 0x0000, 0x0000, 0x0000, 0x0000,
  0x0000, 0x0000, 0x0000, 0x0000, 0x0000, 0x0000, 0x0000, 0x0000, 0x0000, 0x0000,
  0x0000, 0x0000, 0x0000, 0x0000, 0x0000, 0x0000, 0x0000, 0x0000, 0x0000, 0x0000,
  0x0000, 0x0000, 0x0000, 0x0000, 0x0000, 0x0000, 0x0000, 0x0000, 0x0000, 0x0000,
  0x0000, 0x0000, 0x0000, 0x0000, 0x0000, 0x0000, 0x0000, 0x0000, 0x0000, 0x0000,
  0x0000, 0x0000, 0x0000, 0x0000, 0x0000, 0x0000, 0x0000, 0x0000, 0x0000, 0x0000,
  0x0000, 0x0000, 0x0000, 0x0000, 0x0000, 0x0000, 0x0000, 0x0000, 0x0000, 0x0000,
  0x0000, 0x0000, 0x0000, 0x0000, 0x0000, 0x0000, 0x0000, 0x0000, 0x0000, 0x0000,
  0x0000, 0x0000, 0x0000, 0x18C3, 0x4A69, 0x4A69, 0x5AEB, 0x632C, 0x6B6D, 0x2945,
  0x0000, 0x0000, 0x0000, 0x0000, 0x0000, 0x0000, 0x0000, 0x0000, 0x0000, 0x0000,
  0x0000, 0x0000, 0x0000, 0x0000, 0x0000, 0x0000, 0x0000, 0x0000, 0x0000, 0x0000,
  0x0000, 0x0000, 0x0000, 0x0000, 0x0000, 0x0000, 0x0000, 0x0000, 0x0000, 0x0000,
  0x0000, 0x0000, 0x0000, 0x0000, 0x0000, 0x0000, 0x0000, 0x0000, 0x0000, 0x0000,
  0x0000, 0x0000, 0x0000, 0x0000, 0x18C3, 0x6B4D, 0x632C, 0x73AE, 0x7BEF, 0x8430,
  0x31A6, 0x0000, 0x0000, 0x0000, 0x0000, 0x0000, 0x0000, 0x0000, 0x0000, 0x0000,
  0x0000, 0x0000, 0x0000, 0x0000, 0x0000, 0x0000, 0x0000, 0x0000, 0x0000, 0x0000,
  0x0000, 0x0000, 0x0000, 0x0000, 0x0000, 0x0000, 0x0000, 0x0000, 0x0000, 0x0000,
  0x0000, 0x0000, 0x0000, 0x0000, 0x0000, 0x0000, 0x0000, 0x0000, 0x0000, 0x0000,
  0x0000, 0x0000, 0x0000, 0x0000, 0x0000, 0x18C3, 0x6B6D, 0x632C, 0x73AE, 0x8410,
  0x8430, 0x2945, 0x0000, 0x0000, 0x0000, 0x0000, 0x0000, 0x0000, 0x0000, 0x0000,
  0x0000, 0x0000, 0x0000, 0x0000, 0x0000, 0x0000, 0x0000, 0x0000, 0x0000, 0x0000,
  0x0000, 0x0000, 0x0000, 0x0000, 0x0000, 0x0000, 0x0000, 0x0000, 0x0000, 0x0000,
  0x0000, 0x0000, 0x0000, 0x0000, 0x0000, 0x0000, 0x0000, 0x0000, 0x0000, 0x0000,
  0x0000, 0x0000, 0x0000, 0x0000, 0x0000, 0x0000, 0x2104, 0x6B6D, 0x632C, 0x73AE,
  0x8410, 0x8430, 0x2945, 0x0000, 0x0000, 0x0000, 0x0000, 0x0000, 0x0000, 0x0000,
  0x0000, 0x0000, 0x0000, 0x0000, 0x0000, 0x0000, 0x0000, 0x0000, 0x0000, 0x0000,
  0x0000, 0x0000, 0x0000, 0x0000, 0x0000, 0x0000, 0x0000, 0x0000, 0x0000, 0x0000,
  0x0000, 0x0000, 0x0000, 0x0000, 0x0000, 0x0000, 0x0000, 0x0000, 0x0000, 0x0000,
  0x0000, 0x0000, 0x0000, 0x0000, 0x0000, 0x0000, 0x0000, 0x2104, 0x6B6D, 0x632C,
  0x73AE, 0x8410, 0x8430, 0x2945, 0x0000, 0x0000, 0x0000, 0x0000, 0x0000, 0x0000,
  0x0000, 0x0000, 0x0000, 0x0000, 0x0000, 0x0000, 0x0000, 0x0000, 0x0000, 0x0000,
  0x0000, 0x0000, 0x0000, 0x0000, 0x0000, 0x0000, 0x0000, 0x0000, 0x0000, 0x0000,
  0x0000, 0x0000, 0x0000, 0x0000, 0x0000, 0x0000, 0x0000, 0x0000, 0x0000, 0x0000,
  0x0000, 0x0000, 0x0000, 0x0000, 0x0000, 0x0000, 0x0000, 0x0000, 0x0000, 0x0000,
  0x0000, 0x0000, 0x0000, 0x0000, 0x0000, 0x0000, 0x0000, 0x0000, 0x0000, 0x0000,
  0x0000, 0x0000, 0x0000, 0x0000, 0x0000, 0x0000, 0x0000, 0x0000, 0x0000, 0x0000,
  0x0000, 0x0000, 0x0000, 0x0000, 0x0000, 0x0000, 0x0000, 0x0000, 0x0000, 0x0000,
  0x0000, 0x0000, 0x0000, 0x0000, 0x0000, 0x0000, 0x0000, 0x0000, 0x0000, 0x0000,
  0x0000, 0x0000, 0x0000, 0x0000, 0x0000, 0x0000, 0x0000, 0x0000, 0x0000, 0x0000,
  0x0000, 0x0000, 0x0000, 0x0000, 0x0000, 0x0000, 0x0000, 0x0000, 0x0000, 0x0000,
  0x0000, 0x0000, 0x0000, 0x18C3, 0x4A69, 0x4A69, 0x5AEB, 0x6B6D, 0x73AE, 0x2945,
  0x0000, 0x0000, 0x0000, 0x0000, 0x0000, 0x0000, 0x0000, 0x0000, 0x0000, 0x0000,
  0x0000, 0x0000, 0x0000, 0x0000, 0x0000, 0x0000, 0x0000, 0x0000, 0x0000, 0x0000,
  0x0000, 0x0000, 0x0000, 0x0000, 0x0000, 0x0000, 0x0000, 0x0000, 0x0000, 0x0000,
  0x0000, 0x0000, 0x0000, 0x0000, 0x0000, 0x0000, 0x0000, 0x0000, 0x0000, 0x0000,
  0x0000, 0x0000, 0x0000, 0x0000, 0x18C3, 0x738E, 0x6B4D, 0x73AE, 0x8430, 0x9492,
  0x31A6, 0x0000, 0x0000, 0x0000, 0x0000, 0x0000, 0x0000, 0x0000, 0x0000, 0x0000,
  0x0000, 0x0000, 0x0000, 0x0000, 0x0000, 0x0000, 0x0000, 0x0000, 0x0000, 0x0000,
  0x0000, 0x0000, 0x0000, 0x0000, 0x0000, 0x0000, 0x0000, 0x0000, 0x0000, 0x0000,
  0x0000, 0x0000, 0x0000, 0x0000, 0x0000, 0x0000, 0x0000, 0x0000, 0x0000, 0x0000,
  0x0000, 0x0000, 0x0000, 0x0000, 0x0000, 0x18C3, 0x738E, 0x6B4D, 0x73AE, 0x8430,
  0x8C51, 0x2945, 0x0000, 0x0000, 0x0000, 0x0000, 0x0000, 0x0000, 0x0000, 0x0000,
  0x0000, 0x0000, 0x0000, 0x0000, 0x0000, 0x0000, 0x0000, 0x0000, 0x0000, 0x0000,
  0x0000, 0x0000, 0x0000, 0x0000, 0x0000, 0x0000, 0x0000, 0x0000, 0x0000, 0x0000,
  0x0000, 0x0000, 0x0000, 0x0000, 0x0000, 0x0000, 0x0000, 0x0000, 0x0000, 0x0000,
  0x0000, 0x0000, 0x0000, 0x0000, 0x0000, 0x0000, 0x2104, 0x73AE, 0x6B4D, 0x7BCF,
  0x8430, 0x9492, 0x2945, 0x0000, 0x0000, 0x0000, 0x0000, 0x0000, 0x0000, 0x0000,
  0x0000, 0x0000, 0x0000, 0x0000, 0x0000, 0x0000, 0x0000, 0x0000, 0x0000, 0x0000,
  0x0000, 0x0000, 0x0000, 0x0000, 0x0000, 0x0000, 0x0000, 0x0000, 0x0000, 0x0000,
  0x0000, 0x0000, 0x0000, 0x0000, 0x0000, 0x0000, 0x0000, 0x0000, 0x0000, 0x0000,
  0x0000, 0x0000, 0x0000, 0x0000, 0x0000, 0x0000, 0x0000, 0x2104, 0x73AE, 0x6B4D,
  0x7BCF, 0x8430, 0x8C51, 0x2945, 0x0000, 0x0000, 0x0000, 0x0000, 0x0000, 0x0000,
  0x0000, 0x0000, 0x0000, 0x0000, 0x0000, 0x0000, 0x0000, 0x0000, 0x0000, 0x0000,
  0x0000, 0x0000, 0x0000, 0x0000, 0x0000, 0x0000, 0x0000, 0x0000, 0x0000, 0x0000,
  0x0000, 0x0000, 0x0000, 0x0000, 0x0000, 0x0000, 0x0000, 0x0000, 0x0000, 0x0000,
  0x0000, 0x0000, 0x0000, 0x0000, 0x0000, 0x0000, 0x0000, 0x0000, 0x0000, 0x0000,
  0x0000, 0x0000, 0x0000, 0x0000, 0x0000, 0x0000, 0x0000, 0x0000, 0x0000, 0x0000,
  0x0000, 0x0000, 0x0000, 0x0000, 0x0000, 0x0000, 0x0000, 0x0000, 0x0000, 0x0000,
  0x0000, 0x0000, 0x0000, 0x0000, 0x0000, 0x0000, 0x0000, 0x0000, 0x0000, 0x0000,
  0x0000, 0x0000, 0x0000, 0x0000, 0x0000, 0x0000, 0x0000, 0x0000, 0x0000, 0x0000,
  0x0000, 0x0000, 0x0000, 0x0000, 0x0000, 0x0000, 0x0000, 0x0000, 0x0000, 0x0000,
  0x0000, 0x0000, 0x0000, 0x0000, 0x0000, 0x0000, 0x0000, 0x0000, 0x0000, 0x0000,
  0x0000, 0x0000, 0x0000, 0x18C3, 0x4228, 0x39E7, 0x39E7, 0x528A, 0x5ACB, 0x2104,
  0x0000, 0x0000, 0x0000, 0x0000, 0x0000, 0x0000, 0x0000, 0x0000, 0x0000, 0x0000,
  0x0000, 0x0000, 0x0000, 0x0000, 0x0000, 0x0000, 0x0000, 0x0000, 0x0000, 0x0000,
  0x0000, 0x0000, 0x0000, 0x0000, 0x0000, 0x0000, 0x0000, 0x0000, 0x0000, 0x0000,
  0x0000, 0x0000, 0x0000, 0x0000, 0x0000, 0x0000, 0x0000, 0x0000, 0x0000, 0x0000,
  0x0000, 0x0000, 0x0000, 0x0000, 0x1082, 0x5ACB, 0x528A, 0x52AA, 0x632C, 0x6B6D,
  0x2945, 0x0000, 0x0000, 0x0000, 0x0000, 0x0000, 0x0000, 0x0000, 0x0000, 0x0000,
  0x0000, 0x0000, 0x0000, 0x0000, 0x0000, 0x0000, 0x0000, 0x0000, 0x0000, 0x0000,
  0x0000, 0x0000, 0x0000, 0x0000, 0x0000, 0x0000, 0x0000, 0x0000, 0x0000, 0x0000,
  0x0000, 0x0000, 0x0000, 0x0000, 0x0000, 0x0000, 0x0000, 0x0000, 0x0000, 0x0000,
  0x0000, 0x0000, 0x0000, 0x0000, 0x0000, 0x1082, 0x5ACB, 0x528A, 0x52AA, 0x632C,
  0x6B6D, 0x2104, 0x0000, 0x0000, 0x0000, 0x0000, 0x0000, 0x0000, 0x0000, 0x0000,
  0x0000, 0x0000, 0x0000, 0x0000, 0x0000, 0x0000, 0x0000, 0x0000, 0x0000, 0x0000,
  0x0000, 0x0000, 0x0000, 0x0000, 0x0000, 0x0000, 0x0000, 0x0000, 0x0000, 0x0000,
  0x0000, 0x0000, 0x0000, 0x0000, 0x0000, 0x0000, 0x0000, 0x0000, 0x0000, 0x0000,
  0x0000, 0x0000, 0x0000, 0x0000, 0x0000, 0x0000, 0x18C3, 0x5ACB, 0x528A, 0x52AA,
  0x632C, 0x6B6D, 0x2104, 0x0000, 0x0000, 0x0000, 0x0000, 0x0000, 0x0000, 0x0000,
  0x0000, 0x0000, 0x0000, 0x0000, 0x0000, 0x0000, 0x0000, 0x0000, 0x0000, 0x0000,
  0x0000, 0x0000, 0x0000, 0x0000, 0x0000, 0x0000, 0x0000, 0x0000, 0x0000, 0x0000,
  0x0000, 0x0000, 0x0000, 0x0000, 0x0000, 0x0000, 0x0000, 0x0000, 0x0000, 0x0000,
  0x0000, 0x0000, 0x0000, 0x0000, 0x0000, 0x0000, 0x0000, 0x18C3, 0x5ACB, 0x528A,
  0x52AA, 0x632C, 0x6B6D, 0x2104, 0x0000, 0x0000, 0x0000, 0x0000, 0x0000, 0x0000,
  0x0000, 0x0000, 0x0000, 0x0000, 0x0000, 0x0000, 0x0000, 0x0000, 0x0000, 0x0000,
  0x0000, 0x0000, 0x0000, 0x0000, 0x0000, 0x0000, 0x0000, 0x0000, 0x0000, 0x0000,
  0x0000, 0x0000, 0x0000, 0x0000, 0x0000, 0x0000, 0x0000, 0x0000, 0x0000, 0x0000,
  0x0000, 0x0000, 0x0000, 0x0000, 0x0000, 0x0000, 0x0000, 0x0000, 0x0000, 0x0000,
  0x0000, 0x0000, 0x0000, 0x0000, 0x0000, 0x0000, 0x0000, 0x0000, 0x0000, 0x0000,
  0x0000, 0x0000, 0x0000, 0x0000, 0x0000, 0x0000, 0x0000, 0x0000, 0x0000, 0x0000,
  0x0000, 0x0000, 0x0000, 0x0000, 0x0000, 0x0000, 0x0000, 0x0000, 0x0000, 0x0000,
  0x0000, 0x0000, 0x0000, 0x0000, 0x0000, 0x0000, 0x0000, 0x0000, 0x0000, 0x0000,
  0x0000, 0x0000, 0x0000, 0x0000, 0x0000, 0x0000, 0x0000, 0x0000, 0x0000, 0x0000,
  0x0000, 0x0000, 0x0000, 0x0000, 0x0000, 0x0000, 0x0000, 0x0000, 0x0000, 0x0000,
  0x0000, 0x0000, 0x0000, 0x0000, 0x0000, 0x0000, 0x0000, 0x0000, 0x0000, 0x0000,
  0x0000, 0x0000, 0x0000, 0x0000, 0x0000, 0x0000, 0x0000, 0x0000, 0x0000, 0x0000,
  0x0000, 0x0000, 0x0000, 0x0000, 0x0000, 0x0000, 0x0000, 0x0000, 0x0000, 0x0000,
  0x0000, 0x0000, 0x0000, 0x0000, 0x0000, 0x0000, 0x0000, 0x0000, 0x0000, 0x0000,
  0x0000, 0x0000, 0x0000, 0x0000, 0x0000, 0x0000, 0x0000, 0x0000, 0x0000, 0x0000,
  0x0000, 0x0000, 0x0000, 0x0000, 0x0000, 0x0000, 0x0000, 0x0000, 0x0000, 0x0000,
  0x0000, 0x0000, 0x0000, 0x0000, 0x0000, 0x0000, 0x0000, 0x0000, 0x0000, 0x0000,
  0x0000, 0x0000, 0x0000, 0x0000, 0x0000, 0x0000, 0x0000, 0x0000, 0x0000, 0x0000,
  0x0000, 0x0000, 0x0000, 0x0000, 0x0000, 0x0000, 0x0000, 0x0000, 0x0000, 0x0000,
  0x0000, 0x0000, 0x0000, 0x0000, 0x0000, 0x0000, 0x0000, 0x0000, 0x0000, 0x0000,
  0x0000, 0x0000, 0x0000, 0x0000, 0x0000, 0x0000, 0x0000, 0x0000, 0x0000, 0x0000,
  0x0000, 0x0000, 0x0000, 0x0000, 0x0000, 0x0000, 0x0000, 0x0000, 0x0000, 0x0000,
  0x0000, 0x0000, 0x0000, 0x0000, 0x0000, 0x0000, 0x0000, 0x0000, 0x0000, 0x0000,
  0x0000, 0x0000, 0x0000, 0x0000, 0x0000, 0x0000, 0x0000, 0x0000, 0x0000, 0x0000,
  0x0000, 0x0000, 0x0000, 0x0000, 0x0000, 0x0000, 0x0000, 0x0000, 0x0000, 0x0000,
  0x0000, 0x0000, 0x0000, 0x0000, 0x0000, 0x0000, 0x0000, 0x0000, 0x0000, 0x0000,
  0x0000, 0x0000, 0x0000, 0x0000, 0x0000, 0x0000, 0x0000, 0x0000, 0x0000, 0x0000,
  0x0000, 0x0000, 0x0000, 0x0000, 0x0000, 0x0000, 0x0000, 0x0000, 0x0000, 0x0000,
  0x0000, 0x0000, 0x0000, 0x0000, 0x0000, 0x0000, 0x0000, 0x0000, 0x0000, 0x0000,
  0x0000, 0x0000, 0x0000, 0x0000, 0x0000, 0x0000, 0x0000, 0x0000, 0x0000, 0x0000,
  0x0000, 0x0000, 0x0000, 0x0000, 0x0000, 0x0000, 0x0000, 0x0000, 0x0000, 0x0000,
  0x0000, 0x0000, 0x0000, 0x0000, 0x0000, 0x0000, 0x0000, 0x0000, 0x0000, 0x0000,
  0x0000, 0x0000, 0x0000, 0x0000, 0x0000, 0x0000, 0x0000, 0x0000, 0x0000, 0x0000,
  0x0000, 0x0000, 0x0000, 0x0000, 0x0000, 0x0000, 0x0000, 0x0000, 0x0000, 0x0000,
  0x0000, 0x0000, 0x0000, 0x0000, 0x0000, 0x0000, 0x0000, 0x0000, 0x0000, 0x0000,
  0x0000, 0x0000, 0x0000, 0x0000, 0x0000, 0x0000, 0x0000, 0x0000, 0x0000, 0x0000,
  0x0000, 0x0000, 0x0000, 0x0000, 0x0000, 0x0000, 0x0000, 0x0000, 0x0000, 0x0000,
  0x0000, 0x0000, 0x0000, 0x0000, 0x0000, 0x0000, 0x0000, 0x0000, 0x0000, 0x0000,
  0x0000, 0x0000, 0x0000, 0x0000, 0x0000, 0x0000, 0x0000, 0x0000, 0x0000, 0x0000,
  0x0000, 0x0000, 0x0000, 0x0000, 0x0000, 0x0000, 0x0000, 0x0000, 0x0000, 0x0000,
  0x0000, 0x0000, 0x0000, 0x0000, 0x0000, 0x0000, 0x0000, 0x0000, 0x0000, 0x0000,
  0x0000, 0x0000, 0x0000, 0x0000, 0x0000, 0x0000, 0x0000, 0x0000, 0x0000, 0x0000,
  0x0000, 0x0000, 0x0000, 0x0000, 0x0000, 0x0000, 0x0000, 0x0000, 0x0000, 0x0000,
  0x0000, 0x0000, 0x0000, 0x0000, 0x0000, 0x0000, 0x0000, 0x0000, 0x0000, 0x0000,
  0x0000, 0x0000, 0x0000, 0x0000, 0x0000, 0x0000, 0x0000, 0x0000, 0x0000, 0x0000,
  0x0000, 0x0000, 0x0000, 0x0000, 0x0000, 0x0000, 0x0000, 0x0000, 0x0000, 0x0000,
  0x0000, 0x0000, 0x0000, 0x0000, 0x0000, 0x0000, 0x0000, 0x0000, 0x0000, 0x0000,
  0x0000, 0x0000, 0x0000, 0x0000, 0x0000, 0x0000, 0x0000, 0x0000, 0x0000, 0x0000,
  0x0000, 0x0000, 0x0000, 0x0000, 0x0000, 0x0000, 0x0000, 0x0000, 0x0000, 0x0000,
  0x0000, 0x0000, 0x0000, 0x0000, 0x0000, 0x0000, 0x0000, 0x0000, 0x0000, 0x0000,
  0x0000, 0x0000, 0x0000, 0x0000, 0x0000, 0x0000, 0x0000, 0x0000, 0x0000, 0x0000,
  0x0000, 0x0000, 0x0000, 0x0000, 0x0000, 0x0000, 0x0000, 0x0000, 0x0000, 0x0000,
  0x0000, 0x0000, 0x0000, 0x0000, 0x0000, 0x0000, 0x0000, 0x0000, 0x0000, 0x0000,
  0x0000, 0x0000, 0x0000, 0x0000, 0x0000, 0x0000, 0x0000, 0x0000, 0x0000, 0x0000,
  0x0000, 0x0000, 0x0000, 0x0000, 0x0000, 0x0000, 0x0000, 0x0000, 0x0000, 0x0000,
  0x0000, 0x0000, 0x0000, 0x0000, 0x0000, 0x0000, 0x0000, 0x0000, 0x0000, 0x0000,
  0x0000, 0x0000, 0x0000, 0x0000, 0x0000, 0x0000, 0x0000, 0x0000, 0x0000, 0x0000,
  0x0000, 0x0000, 0x0000, 0x0000, 0x0000, 0x0000, 0x0000, 0x0000, 0x0000, 0x0000,
  0x0000, 0x0000, 0x0000, 0x0000, 0x0000, 0x0000, 0x0000, 0x0000, 0x0000, 0x0000,
  0x0000, 0x0000, 0x0000, 0x0000, 0x0000, 0x0000, 0x0000, 0x0000, 0x0000, 0x0000,
  0x0000, 0x0000, 0x0000, 0x0000, 0x0000, 0x0000, 0x0000, 0x0000, 0x0000, 0x0000,
  0x0000, 0x0000, 0x0000, 0x0000, 0x0000, 0x0000, 0x0000, 0x0000, 0x0000, 0x0000,
  0x0000, 0x0000, 0x0000, 0x0000, 0x0000, 0x0000, 0x0000, 0x0000, 0x0000, 0x0000,
  0x0000, 0x0000, 0x0000, 0x0000, 0x0000, 0x0000, 0x0000, 0x0000, 0x0000, 0x0000,
  0x0000, 0x0000, 0x0000, 0x0000, 0x0000, 0x0000, 0x0000, 0x0000, 0x0000, 0x0000,
  0x0000, 0x0000, 0x0000, 0x0000, 0x0000, 0x0000, 0x0000, 0x0000, 0x0000, 0x0000,
  0x0000, 0x0000, 0x0000, 0x0000, 0x0000, 0x0000, 0x0000, 0x0000, 0x0000, 0x0000,
  0x0000, 0x0000, 0x0000, 0x0000, 0x0000, 0x0000, 0x0000, 0x0000, 0x0000, 0x0000,
  0x0000, 0x0000, 0x0000, 0x0000, 0x0000, 0x0000, 0x0000, 0x0000, 0x0000, 0x0000,
  0x0000, 0x0000, 0x0000, 0x0000, 0x0000, 0x0000, 0x0000, 0x0000, 0x0000, 0x0000,
  0x0000, 0x0000, 0x0000, 0x0000, 0x0000, 0x0000, 0x0000, 0x0000, 0x0000, 0x0000,
  0x0000, 0x0000, 0x0000, 0x0000, 0x0000, 0x0000, 0x0000, 0x0000, 0x0000, 0x0000,
  0x0000, 0x0000, 0x0000, 0x0000, 0x0000, 0x0000, 0x0000, 0x0000, 0x0000, 0x0000,
  0x0000, 0x0000, 0x0000, 0x0000, 0x0000, 0x0000, 0x0000, 0x0000, 0x0000, 0x0000,
  0x0000, 0x0000, 0x0000, 0x0000, 0x0000, 0x0000, 0x0000, 0x0000, 0x0000, 0x0000,
  0x0000, 0x0000, 0x0000, 0x0000, 0x0000, 0x0000, 0x0000, 0x0000, 0x0000, 0x0000,
  0x0000, 0x0000, 0x0000, 0x0000, 0x0000, 0x0000, 0x0000, 0x0000, 0x0000, 0x0000,
  0x0000, 0x0000, 0x0000, 0x0000, 0x0000, 0x0000, 0x0000, 0x0000, 0x0000, 0x0000,
  0x0000, 0x0000, 0x0000, 0x0000, 0x0000, 0x0000, 0x0000, 0x0000, 0x0000, 0x0000,
  0x0000, 0x0000, 0x0000, 0x0000, 0x0000, 0x0000, 0x0000, 0x0000, 0x0000, 0x0000,
  0x0000, 0x0000, 0x0000, 0x0000, 0x0000, 0x0000, 0x0000, 0x0000, 0x0000, 0x0000,
  0x0000, 0x0000, 0x0000, 0x0000, 0x0000, 0x0000, 0x0000, 0x0000, 0x0000, 0x0000,
  0x0000, 0x0000, 0x0000, 0x0000, 0x0000, 0x0000, 0x0000, 0x0000, 0x0000, 0x0000,
  0x0000, 0x0000, 0x0000, 0x0000, 0x0000, 0x0000, 0x0000, 0x0000, 0x0000, 0x0000,
  0x0000, 0x0000, 0x0000, 0x0000, 0x0000, 0x0000, 0x0000, 0x0000, 0x0000, 0x0000,
  0x0000, 0x0000, 0x0000, 0x0000, 0x0000, 0x0000, 0x0000, 0x0000, 0x0000, 0x0000,
  0x0000, 0x0000, 0x0000, 0x0000, 0x0000, 0x0000, 0x0000, 0x0000, 0x0000, 0x0000,
  0x0000, 0x0000, 0x0000, 0x0000, 0x0000, 0x0000, 0x0000, 0x0000, 0x0000, 0x0000,
  0x0000, 0x0000, 0x0000, 0x0000, 0x0000, 0x0000, 0x0000, 0x0000, 0x0000, 0x0000,
  0x0000, 0x0000, 0x0000, 0x0000, 0x0000, 0x0000, 0x0000, 0x0000, 0x0000, 0x0000,
  0x0000, 0x0000, 0x0000, 0x0000, 0x0000, 0x0000, 0x0000, 0x0000, 0x0000, 0x0000,
  0x0000, 0x0000, 0x0000, 0x0000, 0x0000, 0x0000, 0x0000, 0x0000, 0x0000, 0x0000,
  0x0000, 0x0000, 0x0000, 0x0000, 0x0000, 0x0000, 0x0000, 0x0000, 0x0000, 0x0000,
  0x0000, 0x0000, 0x0000, 0x0000, 0x0000, 0x0000, 0x0000, 0x0000, 0x0000, 0x0000,
  0x0000, 0x0000, 0x0000, 0x0000, 0x0000, 0x0000, 0x0000, 0x0000, 0x0000, 0x0000,
  0x0000, 0x0000, 0x0000, 0x0000, 0x0000, 0x0000, 0x0000, 0x0000, 0x0000, 0x0000,
  0x0000, 0x0000, 0x0000, 0x0000, 0x0000, 0x0000, 0x0000, 0x0000, 0x0000, 0x0000,
  0x0000, 0x0000, 0x0000, 0x0000, 0x0000, 0x0000, 0x0000, 0x0000, 0x0000, 0x0000,
  0x0000, 0x0000, 0x0000, 0x0000, 0x0000, 0x0000, 0x0000, 0x0000, 0x0000, 0x0000,
  0x0000, 0x0000, 0x0000, 0x0000, 0x0000, 0x0000, 0x0000, 0x0000, 0x0000, 0x0000,
  0x0000, 0x0000, 0x0000, 0x0000, 0x0000, 0x0000, 0x0000, 0x0000, 0x0000, 0x0000,
  0x0000, 0x0000, 0x0000, 0x0000, 0x0000, 0x0000, 0x0000, 0x0000, 0x0000, 0x0000,
  0x0000, 0x0000, 0x0000, 0x0000, 0x0000, 0x0000, 0x0000, 0x0000, 0x0000, 0x0000,
  0x0000, 0x0000, 0x0000, 0x0000, 0x0000, 0x0000, 0x0000, 0x0000, 0x0000, 0x0000,
  0x0000, 0x0000, 0x0000, 0x0000, 0x0000, 0x0000, 0x0000, 0x0000, 0x0000, 0x0000,
  0x0000, 0x0000, 0x0000, 0x0000, 0x0000, 0x0000, 0x0000, 0x0000, 0x0000, 0x0000,
  0x0000, 0x0000, 0x0000, 0x0000, 0x0000, 0x0000, 0x0000, 0x0000, 0x0000, 0x0000,
  0x0000, 0x0000, 0x0000, 0x0000, 0x0000, 0x0000, 0x0000, 0x0000, 0x0000, 0x0000,
  0x0000, 0x0000, 0x0000, 0x0000, 0x0000, 0x0000, 0x0000, 0x0000, 0x0000, 0x0000,
  0x0000, 0x0000, 0x0000, 0x0000, 0x0000, 0x0000, 0x0000, 0x0000, 0x0000, 0x0000,
  0x0000, 0x0000, 0x0000, 0x0000, 0x0000, 0x0000, 0x0000, 0x0000, 0x0000, 0x0000,
  0x0000, 0x0000, 0x0000, 0x0000, 0x0000, 0x0000, 0x0000, 0x0000, 0x0000, 0x0000,
  0x0000, 0x0000, 0x0000, 0x0000, 0x0000, 0x0000, 0x0000, 0x0000, 0x0000, 0x0000,
  0x0000, 0x0000, 0x0000, 0x0000, 0x0000, 0x0000, 0x0000, 0x0000, 0x0000, 0x0000,
  0x0000, 0x0000, 0x0000, 0x0000, 0x0000, 0x0000, 0x0000, 0x0000, 0x0000, 0x0000,
  0x0000, 0x0000, 0x0000, 0x0000, 0x0000, 0x0000, 0x0000, 0x0000, 0x0000, 0x0000,
  0x0000, 0x0000, 0x0000, 0x0000, 0x0000, 0x0000, 0x0000, 0x0000, 0x0000, 0x0000,
  0x0000, 0x0000, 0x0000, 0x0000, 0x0000, 0x0000, 0x0000, 0x0000, 0x0000, 0x0000,
  0x0000, 0x0000, 0x0000, 0x0000, 0x0000, 0x0000, 0x0000, 0x0000, 0x0000, 0x0000,
  0x0000, 0x0000, 0x0000, 0x0000, 0x0000, 0x0000, 0x0000, 0x0000, 0x0000, 0x0000,
  0x0000, 0x0000, 0x0000, 0x0000, 0x0000, 0x0000, 0x0000, 0x0000, 0x0000, 0x0000,
  0x0000, 0x0000, 0x0000, 0x0000, 0x0000, 0x0000, 0x0000, 0x0000, 0x0000, 0x0000,
  0x0000, 0x0000, 0x0000, 0x0000, 0x0000, 0x0000, 0x0000, 0x0000, 0x0000, 0x0000,
  0x0000, 0x0000, 0x0000, 0x0000, 0x0000, 0x0000, 0x0000, 0x0000, 0x0000, 0x0000,
  0x0000, 0x0000, 0x0000, 0x0000, 0x0000, 0x0000, 0x0000, 0x0000, 0x0000, 0x0000,
  0x0000, 0x0000, 0x0000, 0x0000, 0x0000, 0x0000, 0x0000, 0x0000, 0x0000, 0x0000,
  0x0000, 0x0000, 0x0000, 0x0000, 0x0000, 0x0000, 0x0000, 0x0000, 0x0000, 0x0000,
  0x0000, 0x0000, 0x0000, 0x0000, 0x0000, 0x0000, 0x0000, 0x0000, 0x0000, 0x0000,
  0x0000, 0x0000, 0x0000, 0x0000, 0x0000, 0x0000, 0x0000, 0x0000, 0x0000, 0x0000,
  0x0000, 0x0000, 0x0000, 0x0000, 0x0000, 0x0000, 0x0000, 0x0000, 0x0000, 0x0000,
  0x0000, 0x0000, 0x0000, 0x0000, 0x0000, 0x0000, 0x0000, 0x0000, 0x0000, 0x0000,
  0x0000, 0x0000, 0x0000, 0x0000, 0x0000, 0x0000, 0x0000, 0x0000, 0x0000, 0x0000,
  0x0000, 0x0000, 0x0000, 0x0000, 0x0000, 0x0000, 0x0000, 0x0000, 0x0000, 0x0000,
  0x0000, 0x0000, 0x0000, 0x0000, 0x0000, 0x0000, 0x0000, 0x0000, 0x0000, 0x0000,
  0x0000, 0x0000, 0x0000, 0x0000, 0x0000, 0x0000, 0x0000, 0x0000, 0x0000, 0x0000,
  0x0000, 0x0000, 0x0000, 0x0000, 0x0000, 0x0000, 0x0000, 0x0000, 0x0000, 0x0000,
  0x0000, 0x0000, 0x0000, 0x0000, 0x0000, 0x0000, 0x0000, 0x0000, 0x0000, 0x0000,
  0x0000, 0x0000, 0x0000, 0x0000, 0x0000, 0x0000, 0x0000, 0x0000, 0x0000, 0x0000,
  0x0000, 0x0000, 0x0000, 0x0000, 0x0000, 0x0000, 0x0000, 0x0000, 0x0000, 0x0000,
  0x0000, 0x0000, 0x0000, 0x0000, 0x0000, 0x0000, 0x0000, 0x0000, 0x0000, 0x0000,
  0x0000, 0x0000, 0x0000, 0x0000, 0x0000, 0x0000, 0x0000, 0x0000, 0x0000, 0x0000,
  0x0000, 0x0000, 0x0000, 0x0000, 0x0000, 0x0000, 0x0000, 0x0000, 0x0000, 0x0000,
  0x0000, 0x0000, 0x0000, 0x0000, 0x0000, 0x0000, 0x0000, 0x0000, 0x0000, 0x0000,
  0x0000, 0x0000, 0x0000, 0x0000, 0x0000, 0x0000, 0x0000, 0x0000, 0x0000, 0x0000,
  0x0000, 0x0000, 0x0000, 0x0000, 0x0000, 0x0000, 0x0000, 0x0000, 0x0000, 0x0000,
  0x0000, 0x0000, 0x0000, 0x0000, 0x0000, 0x0000, 0x0000, 0x0000, 0x0000, 0x0000,
  0x0000, 0x0000, 0x0000, 0x0000, 0x0000, 0x0000, 0x0000, 0x0000, 0x0000, 0x0000,
  0x0000, 0x0000, 0x0000, 0x0000, 0x0000, 0x0000, 0x0000, 0x0000, 0x0000, 0x0000,
  0x0000, 0x0000, 0x0000, 0x0000, 0x0000, 0x0000, 0x0000, 0x0000, 0x0000, 0x0000,
  0x0000, 0x0000, 0x0000, 0x0000, 0x0000, 0x0000, 0x0000, 0x0000, 0x0000, 0x0000,
  0x0000, 0x0000, 0x0000, 0x0000, 0x0000, 0x0000, 0x0000, 0x0000, 0x0000, 0x0000,
  0x0000, 0x0000, 0x0000, 0x0000, 0x0000, 0x0000, 0x0000, 0x0000, 0x0000, 0x0000,
  0x0000, 0x0000, 0x0000, 0x0000, 0x0000, 0x0000, 0x0000, 0x0000, 0x0000, 0x0000,
  0x0000, 0x0000, 0x0000, 0x0000, 0x0000, 0x0000, 0x0000, 0x0000, 0x0000, 0x0000,
  0x0000, 0x0000, 0x0000, 0x0000, 0x0000, 0x0000, 0x0000, 0x0000, 0x0000, 0x0000,
  0x0000, 0x0000, 0x0000, 0x0000, 0x0000, 0x0000, 0x0000, 0x0000, 0x0000, 0x0000,
  0x0000, 0x0000, 0x0000, 0x0000, 0x0000, 0x0000, 0x0000, 0x0000, 0x0000, 0x0000,
  0x0000, 0x0000, 0x0000, 0x0000, 0x0000, 0x0000, 0x0000, 0x0000, 0x0000, 0x0000,
  0x0000, 0x0000, 0x0000, 0x0000, 0x0000, 0x0000, 0x0000, 0x0000, 0x0000, 0x0000,
  0x0000, 0x0000, 0x0000, 0x0000, 0x0000, 0x0000, 0x0000, 0x0000, 0x0000, 0x0000,
  0x0000, 0x0000, 0x0000, 0x0000, 0x0000, 0x0000, 0x0000, 0x0000, 0x0000, 0x0000,
  0x0000, 0x0000, 0x0000, 0x0000, 0x0000, 0x0000, 0x0000, 0x0000, 0x0000, 0x0000,
  0x0000, 0x0000, 0x0000, 0x0000, 0x0000, 0x0000, 0x0000, 0x0000, 0x0000, 0x0000,
  0x0000, 0x0000, 0x0000, 0x0000, 0x0000, 0x0000, 0x0000, 0x0000, 0x0000, 0x0000,
  0x0000, 0x0000, 0x0000, 0x0000, 0x0000, 0x0000, 0x0000, 0x0000, 0x0000, 0x0000,
  0x0000, 0x0000, 0x0000, 0x0000, 0x0000, 0x0000, 0x0000, 0x0000, 0x0000, 0x0000,
  0x0000, 0x0000, 0x0000, 0x0000, 0x0000, 0x0000, 0x0000, 0x0000, 0x0000, 0x0000,
  0x0000, 0x0000, 0x0000, 0x0000, 0x0000, 0x0000, 0x0000, 0x0000, 0x0000, 0x0000,
  0x0000, 0x0000, 0x0000, 0x0000, 0x0000, 0x0000, 0x0000, 0x0000, 0x0000, 0x0000,
  0x0000, 0x0000, 0x0000, 0x0000, 0x0000, 0x0000, 0x0000, 0x0000, 0x0000, 0x0000,
  0x0000, 0x0000, 0x0000, 0x0000, 0x0000, 0x0000, 0x0000, 0x0000, 0x0000, 0x0000,
  0x0000, 0x0000, 0x0000, 0x0000, 0x0000, 0x0000, 0x0000, 0x0000, 0x0000, 0x0000,
  0x0000, 0x0000, 0x0000, 0x0000, 0x0000, 0x0000, 0x0000, 0x0000, 0x0000, 0x0000,
  0x0000, 0x0000, 0x0000, 0x0000, 0x0000, 0x0000, 0x0000, 0x0000, 0x0000, 0x0000,
  0x0000, 0x0000, 0x0000, 0x0000, 0x0000, 0x0000, 0x0000, 0x0000, 0x0000, 0x0000,
  0x0000, 0x0000, 0x0000, 0x0000, 0x0000, 0x0000, 0x0000, 0x0000, 0x0000, 0x0000,
  0x0000, 0x0000, 0x0000, 0x0000, 0x0000, 0x0000, 0x0000, 0x0000, 0x0000, 0x0000,
  0x0000, 0x0000, 0x0000, 0x0000, 0x0000, 0x0000, 0x0000, 0x0000, 0x0000, 0x0000,
  0x0000, 0x0000, 0x0000, 0x0000, 0x0000, 0x0000, 0x0000, 0x0000, 0x0000, 0x0000,
  0x0000, 0x0000, 0x0000, 0x0000, 0x0000, 0x0000, 0x0000, 0x0000, 0x0000, 0x0000,
  0x0000, 0x0000, 0x0000, 0x0000, 0x0000, 0x0000, 0x0000, 0x0000, 0x0000, 0x0000,
  0x0000, 0x0000, 0x0000, 0x0000, 0x0000, 0x0000, 0x0000, 0x0000, 0x0000, 0x0000,
  0x0000, 0x0000, 0x0000, 0x0000, 0x0000, 0x0000, 0x0000, 0x0000, 0x0000, 0x0000,
  0x0000, 0x0000, 0x0000, 0x0000, 0x0000, 0x0000, 0x0000, 0x0000, 0x0000, 0x0000,
  0x0000, 0x0000, 0x0000, 0x0000, 0x0000, 0x0000, 0x0000, 0x0000, 0x0000, 0x0000,
  0x0000, 0x0000, 0x0000, 0x0000, 0x0000, 0x0000, 0x0000, 0x0000, 0x0000, 0x0000,
  0x0000, 0x0000, 0x0000, 0x0000, 0x0000, 0x0000, 0x0000, 0x0000, 0x0000, 0x0000,
  0x0000, 0x0000, 0x0000, 0x0000, 0x0000, 0x0000, 0x0000, 0x0000, 0x0000, 0x0000,
  0x0000, 0x0000, 0x0000, 0x0000, 0x0000, 0x0000, 0x0000, 0x0000, 0x0000, 0x0000,
  0x0000, 0x0000, 0x0000, 0x0000, 0x0000, 0x0000, 0x0000, 0x0000, 0x0000, 0x0000,
  0x0000, 0x0000, 0x0000, 0x0000, 0x0000, 0x0000, 0x0000, 0x0000, 0x0000, 0x0000,
  0x0000, 0x0000, 0x0000, 0x0000, 0x0000, 0x0000, 0x0000, 0x0000, 0x0000, 0x0000,
  0x0000, 0x0000, 0x0000, 0x0000, 0x0000, 0x0000, 0x0000, 0x0000, 0x0000, 0x0000,
  0x0000, 0x0000, 0x0000, 0x0000, 0x0000, 0x0000, 0x0000, 0x0000, 0x0000, 0x0000,
  0x0000, 0x0000, 0x0000, 0x0000, 0x0000, 0x0000, 0x0000, 0x0000, 0x0000, 0x0000,
  0x0000, 0x0000, 0x0000, 0x0000, 0x0000, 0x0000, 0x0000, 0x0000, 0x0000, 0x0000,
  0x0000, 0x0000, 0x0000, 0x0000, 0x0000, 0x0000, 0x0000, 0x0000, 0x0000, 0x0000,
};

const uint16_t kWledLogoHeaderPixels[] PROGMEM = {
  0x10C4, 0x10C4, 0x10C4, 0x10C4, 0x10C4, 0x10C4, 0x10C4, 0x10C4, 0x10C4, 0x10C4,
  0x10C4, 0x10C4, 0x10C4, 0x10C4, 0x10C4, 0x10C4, 0x10C4, 0x10C4, 0x10C4, 0x10C4,
  0x10C4, 0x10C4, 0x10C4, 0x10C4, 0x10C4, 0x10C4, 0x10C4, 0x10C4, 0x10C4, 0x10C4,
  0x10C4, 0x10C4, 0x10C4, 0x10C4, 0x10C4, 0x10C4, 0x10C4, 0x10C4, 0x10C4, 0x10C4,
  0x10C4, 0x10C4, 0x10C4, 0x10C4, 0x10C4, 0x10C4, 0x10C4, 0x10C4, 0x10C4, 0x10C4,
  0x10C4, 0x10C4, 0x10C4, 0x10C4, 0x10C4, 0x10C4, 0x10C4, 0x10C4, 0x10C4, 0x10C4,
  0x10C4, 0x10C4, 0x10C4, 0x10C4, 0x10C4, 0x10C4, 0x10C4, 0x10C4, 0x10C4, 0x10C4,
  0x10C4, 0x10C4, 0x10C4, 0x10C4, 0x10C4, 0x10C4, 0x10C4, 0x10C4, 0x10C4, 0x10C4,
  0x10C4, 0x10C4, 0x10C4, 0x10C4, 0x10C4, 0x10C4, 0x10C4, 0x10C4, 0x10C4, 0x10C4,
  0x10C4, 0x10C4, 0x10C4, 0x10C4, 0x10C4, 0x10C4, 0x10C4, 0x10C4, 0x10C4, 0x10C4,
  0x10C4, 0x10C4, 0x10C4, 0x10C4, 0x10C4, 0x10C4, 0x10C4, 0x10C4, 0x10C4, 0x10C4,
  0x10C4, 0x10C4, 0x10C4, 0x10C4, 0x10C4, 0x10C4, 0x10C4, 0x10C4, 0x10C4, 0x10C4,
  0x10C4, 0x10C4, 0x10C4, 0x10C4, 0x10C4, 0x10C4, 0x10C4, 0x10C4, 0x10C4, 0x10C4,
  0x10C4, 0x10C4, 0x10C4, 0x10C4, 0x10C4, 0x10C4, 0x10C4, 0x10C4, 0x10C4, 0x10C4,
  0x10C4, 0x10C4, 0x10C4, 0x10C4, 0x10C4, 0x10C4, 0x10C4, 0x10C4, 0x10C4, 0x10C4,
  0x10C4, 0x10C4, 0x10C4, 0x10C4, 0x10C4, 0x10C4, 0x10C4, 0x10C4, 0x10C4, 0x10C4,
  0x10C4, 0x10C4, 0x10C4, 0x10C4, 0x10C4, 0x10C4, 0x10C4, 0x10C4, 0x10C4, 0x10C4,
  0x10C4, 0x10C4, 0x10C4, 0x10C4, 0x10C4, 0x10C4, 0x10C4, 0x10C4, 0x10C4, 0x10C4,
  0x10C4, 0x10C4, 0x10C4, 0x10C4, 0x10C4, 0x10C4, 0x10C4, 0x10C4, 0x10C4, 0x10C4,
  0x10C4, 0x10C4, 0x10C4, 0x10C4, 0x10C4, 0x10C4, 0x10C4, 0x10C4, 0x10C4, 0x10C4,
  0x10C4, 0x10C4, 0x10C4, 0x041B, 0x04BF, 0x049F, 0x049F, 0x049F, 0x04BF, 0x049F,
  0x049F, 0x049F, 0x04BF, 0x049F, 0x04FF, 0x10C4, 0x10C4, 0x10C4, 0x10C4, 0x10C4,
  0x10C4, 0x10C4, 0x10C4, 0x10C4, 0x10C4, 0x10C4, 0x10C4, 0x10C4, 0x10C4, 0x10C4,
  0x10C4, 0x10C4, 0x10C4, 0x10C4, 0x10C4, 0x10C4, 0x10C4, 0x10C4, 0x10C4, 0x10C4,
  0x10C4, 0x10C4, 0x10C4, 0x10C4, 0x10C4, 0x10C4, 0x10C4, 0x10C4, 0x10C4, 0x10C4,
  0x10C4, 0x10C4, 0x10C4, 0x10C4, 0x10C4, 0x10C4, 0x10C4, 0x10C4, 0x10C4, 0x10C4,
  0x10C4, 0x10C4, 0x10C4, 0x10C4, 0x10C4, 0x10C4, 0x10C4, 0x10C4, 0x10C4, 0x10C4,
  0x10C4, 0x10C4, 0x10C4, 0x10C4, 0x10C4, 0x10C4, 0x10C4, 0x10C4, 0x10C4, 0x10C4,
  0x10C4, 0x10C4, 0x10C4, 0x10C4, 0x10C4, 0x10C4, 0x10C4, 0x10C4, 0x10C4, 0x10C4,
  0x10C4, 0x10C4, 0x10C4, 0x10C4, 0x10C4, 0x10C4, 0x10C4, 0x10C4, 0x1105, 0x24BF,
  0xFF54, 0xFF54, 0xFF54, 0xFF54, 0xDE76, 0xFF54, 0xFF54, 0xFF54, 0x5CFE, 0xFF54,
  0xFF54, 0x04FF, 0x10C4, 0x10C4, 0x10C4, 0x10C4, 0x10C4, 0x10C4, 0x10C4, 0x10C4,
  0x10C4, 0x10C4, 0x10C4, 0x10C4, 0x10C4, 0x10C4, 0x10C4, 0x10C4, 0x10C4, 0x10C4,
  0x10C4, 0x10C4, 0x10C4, 0x10C4, 0x10C4, 0x10C4, 0x10C4, 0x10C4, 0x10C4, 0x10C4,
  0x10C4, 0x10C4, 0x10C4, 0x10C4, 0x10C4, 0x10C4, 0x10C4, 0x10C4, 0x10C4, 0x10C4,
  0x10C4, 0x10C4, 0x10C4, 0x10C4, 0x10C4, 0x10C4, 0x10C4, 0x10C4, 0x10C4, 0x10C4,
  0x10C4, 0x10C4, 0x10C4, 0x10C4, 0x10C4, 0x10C4, 0x10C4, 0x10C4, 0x10C4, 0x10C4,
  0x10C4, 0x10C4, 0x10C4, 0x10C4, 0x10C4, 0x10C4, 0x10C4, 0x10C4, 0x10C4, 0x10C4,
  0x10C4, 0x10C4, 0x10C4, 0x10C4, 0x10C4, 0x10C4, 0x10C4, 0x10C4, 0x10C4, 0x10C4,
  0x10C4, 0x10C4, 0x10C4, 0x10C4, 0x041B, 0x23FA, 0xFF54, 0x039B, 0xFF54, 0x6479,
  0xDE76, 0xFF54, 0x039B, 0xFF54, 0x545A, 0xDE76, 0xAD98, 0x045F, 0x357F, 0x10C4,
  0x10C4, 0x10C4, 0x10C4, 0x10C4, 0x10C4, 0x10C4, 0x10C4, 0x10C4, 0x10C4, 0x10C4,
  0x10C4, 0x10C4, 0x10C4, 0x10C4, 0x10C4, 0x10C4, 0x10C4, 0x10C4, 0x10C4, 0x10C4,
  0x10C4, 0x10C4, 0x10C4, 0x10C4, 0x10C4, 0x10C4, 0x10C4, 0x10C4, 0x10C4, 0x10C4,
  0x10C4, 0x10C4, 0x10C4, 0x10C4, 0x10C4, 0x10C4, 0x10C4, 0x10C4, 0x10C4, 0x10C4,
  0x10C4, 0x10C4, 0x10C4, 0x10C4, 0x10C4, 0x10C4, 0x10C4, 0x10C4, 0x10C4, 0x10C4,
  0x10C4, 0x10C4, 0x10C4, 0x10C4, 0x10C4, 0x10C4, 0x10C4, 0x10C4, 0x10C4, 0x10C4,
  0x10C4, 0x10C4, 0x10C4, 0x10C4, 0x10C4, 0x10C4, 0x10C4, 0x10C4, 0x10C4, 0x10C4,
  0x10C4, 0x10C4, 0x10C4, 0x10C4, 0x10C4, 0x10C4, 0x10C4, 0x10C4, 0x10C4, 0x10C4,
  0x041B, 0x23FA, 0xFF54, 0x039B, 0xFF54, 0x3C19, 0xAD98, 0xAD98, 0x03DA, 0xAD98,
  0xAD98, 0x7CD9, 0xAD98, 0x045F, 0x357F, 0x10C4, 0x10C4, 0x10C4, 0x10C4, 0x10C4,
  0x10C4, 0x80A5, 0x98A5, 0xD0E7, 0xE168, 0xE168, 0x99A9, 0x99A9, 0x10C4, 0x10C4,
  0x10C4, 0x10C4, 0x10C4, 0x10C4, 0x10C4, 0x10C4, 0x9A21, 0x81E1, 0xFB20, 0xFB40,
  0xFB83, 0xB325, 0xB325, 0x10C4, 0x10C4, 0x10C4, 0x10C4, 0x10C4, 0x10C4, 0x10C4,
  0x10C4, 0x28E4, 0x8383, 0xDDC3, 0xE603, 0xE606, 0xE606, 0xA487, 0x10C4, 0x10C4,
  0x10C4, 0x10C4, 0x10C4, 0x10C4, 0x10C4, 0x10C4, 0x10C4, 0x33C5, 0x4507, 0x4E27,
  0x5648, 0x5648, 0x54A9, 0x2A86, 0x10C4, 0x10C4, 0x10C4, 0x10C4, 0x10C4, 0x10C4,
  0x10C4, 0x10C4, 0x10C4, 0x10C4, 0x10C4, 0x10C4, 0x10C4, 0x10C4, 0x10C4, 0x10C4,
  0x10C4, 0x10C4, 0x10C4, 0x10C4, 0x10C4, 0x10C4, 0x041B, 0x03DA, 0x7CD9, 0x03DA,
  0x7CD9, 0x047E, 0x047E, 0x047E, 0x047E, 0x047E, 0x047E, 0x047E, 0x545A, 0x04BF,
  0x357F, 0x10C4, 0x10C4, 0x10C4, 0x10C4, 0x10C4, 0x98A5, 0xD0E7, 0xD8C7, 0xD8C7,
  0xD8C7, 0xD8C7, 0xE148, 0xE148, 0x50C5, 0x10C4, 0x10C4, 0x10C4, 0x10C4, 0x10C4,
  0x10C4, 0x9A21, 0xFB20, 0xFB20, 0xFB40, 0xFB40, 0xFB40, 0xFB62, 0xFB62, 0xD3A5,
  0x10C4, 0x10C4, 0x10C4, 0x10C4, 0x10C4, 0x10C4, 0x2104, 0x9C43, 0xDDC3, 0xE603,
  0xE603, 0xE603, 0xE603, 0xE606, 0xBD28, 0x10C4, 0x10C4, 0x10C4, 0x10C4, 0x10C4,
  0x10C4, 0x10C4, 0x3C86, 0x4E27, 0x4E27, 0x4E47, 0x4E47, 0x4E47, 0x5648, 0x65EB,
  0x2A86, 0x10C4, 0x10C4, 0x10C4, 0x10C4, 0x10C4, 0x10C4, 0x10C4, 0x10C4, 0x10C4,
  0x10C4, 0x10C4, 0x10C4, 0x10C4, 0x10C4, 0x10C4, 0x10C4, 0x10C4, 0x10C4, 0x10C4,
  0x10C4, 0x10C4, 0x041B, 0x049F, 0x049F, 0x049F, 0x049F, 0x04BF, 0x04BF, 0x04BF,
  0x04BF, 0x14BF, 0x24BF, 0x24BF, 0x14BF, 0x04BF, 0x357F, 0x10C4, 0x10C4, 0x10C4,
  0x10C4, 0xB0A5, 0xD8C7, 0xD8C7, 0xE148, 0xD907, 0xD8C7, 0xE148, 0xE148, 0xD8C7,
  0xD9C9, 0x38E5, 0x10C4, 0x10C4, 0x10C4, 0x10C4, 0x9A21, 0xFB20, 0xFB40, 0xFB40,
  0xFB83, 0xFB83, 0xFB40, 0xFB40, 0xFB40, 0xFB40, 0xF3E5, 0x10C4, 0x10C4, 0x10C4,
  0x10C4, 0x10C4, 0xBCE3, 0xE603, 0xE603, 0xE606, 0xE606, 0xE606, 0xE606, 0xE606,
  0xE604, 0xDDE8, 0x10C4, 0x10C4, 0x10C4, 0x10C4, 0x10C4, 0x4526, 0x4E27, 0x4E47,
  0x5648, 0x5648, 0x5648, 0x5648, 0x5648, 0x4E47, 0x666B, 0x19C5, 0x10C4, 0x10C4,
  0x10C4, 0x10C4, 0x10C4, 0x10C4, 0x10C4, 0x10C4, 0x10C4, 0x10C4, 0x10C4, 0x10C4,
  0x10C4, 0x10C4, 0x10C4, 0x10C4, 0x10C4, 0x10C4, 0x10C4, 0x10C4, 0x041B, 0x04BF,
  0x04BF, 0x04BF, 0x04BF, 0x04BF, 0x04BF, 0x04BF, 0x14BF, 0xF77D, 0xFFFF, 0xFFFF,
  0xC6BF, 0x04BF, 0x357F, 0x10C4, 0x10C4, 0x10C4, 0x10C4, 0xC0A6, 0xD8C7, 0xD800,
  0xF79E, 0xED76, 0xD8C7, 0xEF7D, 0xFFFF, 0xE148, 0xE20B, 0x38E5, 0x10C4, 0x10C4,
  0x10C4, 0x10C4, 0x9A21, 0xFB20, 0xFB40, 0xFAA0, 0xEF5D, 0xFFFF, 0xFB40, 0xFB40,
  0xFB40, 0xFB40, 0xFC46, 0x10C4, 0x10C4, 0x10C4, 0x10C4, 0x10C4, 0xBCE3, 0xE603,
  0xE606, 0xEF7D, 0xFFFF, 0xFFFF, 0xFFFF, 0xFFFF, 0xE5E0, 0xEE69, 0x10C4, 0x10C4,
  0x10C4, 0x10C4, 0x10C4, 0x45A7, 0x4E47, 0x9EB2, 0xF7DF, 0xFFFF, 0xFFFF, 0xFFFF,
  0xFFFF, 0x4E47, 0x666B, 0x1925, 0x10C4, 0x10C4, 0x10C4, 0x10C4, 0x10C4, 0x10C4,
  0x10C4, 0x10C4, 0x10C4, 0x10C4, 0x10C4, 0x10C4, 0x10C4, 0x10C4, 0x10C4, 0x10C4,
  0x10C4, 0x10C4, 0x10C4, 0x10C4, 0x041B, 0x04BF, 0x04BF, 0x04BF, 0x04BF, 0x04BF,
  0x04BF, 0x045F, 0x045F, 0xFF9D, 0xF77D, 0xF77D, 0xC6BF, 0x04BF, 0x357F, 0x10C4,
  0x10C4, 0x10C4, 0x70A5, 0xE0C7, 0xD800, 0xD800, 0xEF9E, 0xE514, 0xD8C7, 0xEF9E,
  0xEF9E, 0xD800, 0xD803, 0xE20B, 0x28E4, 0x10C4, 0x10C4, 0x10C4, 0xFB20, 0xFB40,
  0xFB40, 0xFAA0, 0xEF5D, 0xFFFF, 0xFB40, 0xFB40, 0xFB40, 0xFB40, 0xFB40, 0xF3E5,
  0x10C4, 0x10C4, 0x10C4, 0xBCE3, 0xE603, 0xE5E0, 0xE5E0, 0xEF9E, 0xEF9E, 0xEF9E,
  0xEF9E, 0xEF9E, 0xE5E0, 0xE603, 0xEE69, 0x10C4, 0x10C4, 0x10C4, 0x45A7, 0x4E47,
  0x2E20, 0x9EB2, 0xF77D, 0xEF7D, 0xFFFF, 0xF77D, 0xF7DF, 0x2E20, 0x4645, 0x6E8B,
  0x10C4, 0x10C4, 0x10C4, 0x10C4, 0x10C4, 0x10C4, 0x10C4, 0x10C4, 0x10C4, 0x10C4,
  0x10C4, 0x10C4, 0x10C4, 0x10C4, 0x10C4, 0x10C4, 0x10C4, 0x10C4, 0x10C4, 0x10C4,
  0x041B, 0x04BF, 0x04BF, 0x04BF, 0x04BF, 0x04BF, 0x04BF, 0xF77D, 0xFFFF, 0x045F,
  0x24BF, 0x24BF, 0x14BF, 0x04BF, 0x357F, 0x10C4, 0x10C4, 0x10C4, 0x70A5, 0xE026,
  0xEF7D, 0xFFFF, 0xE168, 0xD907, 0xD8C7, 0xE168, 0xD803, 0xEF5D, 0xED76, 0xE20B,
  0x28E4, 0x10C4, 0x10C4, 0x10C4, 0xFB20, 0xFB40, 0xFB40, 0xFAA0, 0xEF5D, 0xFFFF,
  0xFB40, 0xFB40, 0xFB40, 0xFB40, 0xFB40, 0xF3E5, 0x10C4, 0x10C4, 0x10C4, 0xBCE3,
  0xE603, 0xE64E, 0xFFFF, 0xE5E0, 0xE606, 0xE606, 0xE606, 0xE606, 0xE603, 0xE603,
  0xEE69, 0x10C4, 0x10C4, 0x10C4, 0x45A7, 0x4E27, 0xEF5D, 0xDF3C, 0x5648, 0xC718,
  0xFFFF, 0x4E27, 0x3642, 0xF79E, 0xA6F4, 0x6E8B, 0x10C4, 0x10C4, 0x10C4, 0x10C4,
  0x10C4, 0x10C4, 0x10C4, 0x10C4, 0x10C4, 0x10C4, 0x10C4, 0x10C4, 0x10C4, 0x10C4,
  0x10C4, 0x10C4, 0x10C4, 0x10C4, 0x10C4, 0x10C4, 0x041B, 0x04BF, 0x04BF, 0x04BF,
  0x04BF, 0x5CFE, 0xDF3C, 0xFFFF, 0xFFFF, 0x045F, 0x04BF, 0x04BF, 0x04BF, 0x04BF,
  0x357F, 0x10C4, 0x10C4, 0x10C4, 0x70A5, 0xE026, 0xEF7D, 0xFFFF, 0xD907, 0xE514,
  0xF71C, 0xD803, 0xD800, 0xEF5D, 0xED76, 0xE20B, 0x28E4, 0x10C4, 0x10C4, 0x10C4,
  0xFB20, 0xFB62, 0xEE9A, 0xFF9D, 0xFC8E, 0xFC8E, 0xFB40, 0xFB40, 0xFB40, 0xFB40,
  0xFB40, 0xF3E5, 0x10C4, 0x10C4, 0x10C4, 0xBCE3, 0xE603, 0xE64E, 0xFFFF, 0xFF9D,
  0xFF9D, 0xFF9D, 0xF71C, 0xE604, 0xE603, 0xE603, 0xEE69, 0x10C4, 0x10C4, 0x10C4,
  0x45A7, 0x4E47, 0x868F, 0x76AC, 0x4E47, 0xC718, 0xFFFF, 0x4645, 0x2E20, 0xF7DF,
  0xA6F4, 0x6E8B, 0x10C4, 0x10C4, 0x10C4, 0x10C4, 0x10C4, 0x10C4, 0x10C4, 0x10C4,
  0x10C4, 0x10C4, 0x10C4, 0x10C4, 0x10C4, 0xD907, 0x10C4, 0x10C4, 0x10C4, 0x10C4,
  0x10C4, 0x10C4, 0x041B, 0x04BF, 0x04BF, 0x04BF, 0x04BF, 0x5CFE, 0xF77D, 0xEF5D,
  0xEF7D, 0x045F, 0x04BF, 0x04BF, 0x04BF, 0x04BF, 0x357F, 0x10C4, 0x10C4, 0x10C4,
  0x70A5, 0xE026, 0xEF7D, 0xFFFF, 0xD8C7, 0xEDD7, 0xFFFF, 0xD803, 0xD800, 0xEF5D,
  0xED76, 0xE20B, 0x28E4, 0x10C4, 0x10C4, 0x10C4, 0xFB20, 0xFB62, 0xEF5D, 0xFFFF,
  0xFB64, 0xFB40, 0xFB40, 0xFB40, 0xFB40, 0xFB40, 0xFB40, 0xF3E5, 0x10C4, 0x10C4,
  0x10C4, 0xBCE3, 0xE603, 0xE64E, 0xFFFF, 0xEF5D, 0xEF7D, 0xEF7D, 0xEEFB, 0xE604,
  0xE603, 0xE603, 0xEE69, 0x10C4, 0x10C4, 0x10C4, 0x45A7, 0x4E47, 0x4E47, 0x4E47,
  0x4E47, 0xC718, 0xFFFF, 0x4645, 0x2E20, 0xF7DF, 0xA6F4, 0x6E8B, 0x10C4, 0x10C4,
  0x10C4, 0x10C4, 0x10C4, 0xC0E7, 0x10C4, 0xD8C7, 0x10C4, 0x10C4, 0x10C4, 0x10C4,
  0xB0A5, 0xD8C7, 0xE0C7, 0xD907, 0x10C4, 0x10C4, 0x10C4, 0x10C4, 0x041B, 0x04BF,
  0x04BF, 0x04BF, 0x04BF, 0x5CFE, 0xF77D, 0x045F, 0x049F, 0x04BF, 0x04BF, 0x04BF,
  0x04BF, 0x04BF, 0x357F, 0x10C4, 0x10C4, 0x10C4, 0x70A5, 0xE026, 0xEF7D, 0xFFFF,
  0xD8C7, 0xEDD7, 0xF7DF, 0xD803, 0xD800, 0xEF5D, 0xED76, 0xE20B, 0x28E4, 0x10C4,
  0x10C4, 0x10C4, 0xFB20, 0xFB62, 0xEF5D, 0xFFFF, 0xFB64, 0xFB40, 0xFB40, 0xFB40,
  0xFB40, 0xFB40, 0xFB40, 0xF3E5, 0x10C4, 0x10C4, 0x10C4, 0xBCE3, 0xE603, 0xE64E,
  0xFFFF, 0xE5E0, 0xE5E0, 0xE5E0, 0xEE22, 0xE603, 0xE603, 0xE603, 0xEE69, 0x10C4,
  0x10C4, 0x10C4, 0x45A7, 0x4E47, 0x4E47, 0x4E47, 0x4E47, 0xC718, 0xFFFF, 0x4645,
  0x2E20, 0xF79E, 0xA6F4, 0x6E8B, 0x10C4, 0x10C4, 0x10C4, 0x10C4, 0x98A5, 0xD8C7,
  0xD886, 0xE24C, 0xE8E7, 0x10C4, 0x10C4, 0x10C4, 0x10C4, 0xC0A6, 0xE0C7, 0x10C4,
  0x10C4, 0x10C4, 0x10C4, 0x10C4, 0x041B, 0x04BF, 0x045F, 0x045F, 0x045F, 0x3CDF,
  0xF77D, 0x045F, 0x04BF, 0x04BF, 0x04BF, 0x04BF, 0x04BF, 0x04BF, 0x357F, 0x10C4,
  0x10C4, 0x10C4, 0x70A5, 0xE026, 0xEF9E, 0xEF9E, 0xD800, 0xEDD7, 0xEF9E, 0xD800,
  0xD800, 0xEF9E, 0xE514, 0xE20B, 0x28E4, 0x10C4, 0x10C4, 0x10C4, 0xFB20, 0xFB62,
  0xEF7D, 0xEF9E, 0xFAA0, 0xFAA0, 0xFAA0, 0xFAA0, 0xFAA0, 0xFB40, 0xFB40, 0xF3E5,
  0x10C4, 0x10C4, 0x10C4, 0xBCE3, 0xE603, 0xE64E, 0xEF7D, 0xE5E0, 0xE5E0, 0xE5E0,
  0xE5E0, 0xE5E0, 0xE604, 0xE603, 0xEE69, 0x10C4, 0x10C4, 0x10C4, 0x45A7, 0x4E47,
  0x4E47, 0x4645, 0x2E20, 0xC718, 0xFFFF, 0x0620, 0x0620, 0xF77D, 0x9EB2, 0x6E8B,
  0x10C4, 0x10C4, 0x10C4, 0x10C4, 0x10C4, 0xB0A5, 0xE0C7, 0xE8E7, 0x10C4, 0x10C4,
  0x10C4, 0x10C4, 0x10C4, 0x10C4, 0xC0A6, 0x10C4, 0x10C4, 0x10C4, 0x10C4, 0x10C4,
  0x041B, 0x24BF, 0xF77D, 0xFFFF, 0xFFFF, 0xF7DF, 0x24BF, 0x04BF, 0x04BF, 0x04BF,
  0x04BF, 0x04BF, 0x04BF, 0x04BF, 0x357F, 0x10C4, 0x10C4, 0x10C4, 0x70A5, 0xE0C7,
  0xE168, 0xD803, 0xF79E, 0xED76, 0xE168, 0xEF5D, 0xFFFF, 0xD9C9, 0xD907, 0xE20B,
  0x28E4, 0x10C4, 0x10C4, 0x10C4, 0xFB20, 0xFB40, 0xFB64, 0xFAA0, 0xEF5D, 0xFFFF,
  0xFFFF, 0xFFFF, 0xFFFF, 0xFB84, 0xFB40, 0xF3E5, 0x10C4, 0x10C4, 0x10C4, 0xBCE3,
  0xE603, 0xE604, 0xE606, 0xEF7D, 0xFFFF, 0xFFFF, 0xFFFF, 0xFFFF, 0xE5E0, 0xE603,
  0xEE69, 0x10C4, 0x10C4, 0x10C4, 0x45A7, 0x4E47, 0x4E47, 0x9EB2, 0xF79E, 0xFFFF,
  0xFFFF, 0xFFFF, 0xFFFF, 0x5648, 0x4E47, 0x6E8B, 0x10C4, 0x10C4, 0x10C4, 0x10C4,
  0x10C4, 0x10C4, 0xD0E7, 0x10C4, 0x10C4, 0x10C4, 0x10C4, 0x10C4, 0x8430, 0x10C4,
  0x10C4, 0x10C4, 0x10C4, 0x10C4, 0x10C4, 0x10C4, 0x041B, 0x24BF, 0xF77D, 0xEF7D,
  0xEF7D, 0xDF3C, 0x14BF, 0x04BF, 0x04BF, 0x04BF, 0x04BF, 0x04BF, 0x04BF, 0x04BF,
  0x357F, 0x10C4, 0x10C4, 0x10C4, 0x70A5, 0xE0C7, 0xD8C7, 0xD800, 0xEF7D, 0xE514,
  0xD8C7, 0xEF7D, 0xEF9E, 0xE148, 0xD8C7, 0xE20B, 0x28E4, 0x10C4, 0x10C4, 0x10C4,
  0xFB20, 0xFB40, 0xFB40, 0xFAA0, 0xEF5D, 0xEF7D, 0xEF7D, 0xEF7D, 0xEF5D, 0xFB64,
  0xFB40, 0xF3E5, 0x10C4, 0x10C4, 0x10C4, 0xBCE3, 0xE603, 0xE603, 0xE606, 0xEF9E,
  0xEF7D, 0xEF7D, 0xEF7D, 0xEF7D, 0xE5E0, 0xE603, 0xEE69, 0x10C4, 0x10C4, 0x10C4,
  0x45A7, 0x4E47, 0x4E47, 0x9EB2, 0xEF7D, 0xEF7D, 0xEF7D, 0xEF7D, 0xF77D, 0x4E47,
  0x4E47, 0x6E8B, 0x10C4, 0x10C4, 0x10C4, 0x10C4, 0x10C4, 0x10C4, 0x10C4, 0x10C4,
  0x8430, 0x10C4, 0x10C4, 0x10C4, 0x10C4, 0x10E4, 0x10E4, 0x7BEF, 0x73CF, 0x10C4,
  0x10C4, 0x10C4, 0x041B, 0x04BF, 0x14BF, 0x04BF, 0x04BF, 0x04BF, 0x14BF, 0x14BF,
  0x14BF, 0x04BF, 0x04BF, 0x04BF, 0x14BF, 0x04BF, 0x357F, 0x10C4, 0x10C4, 0x50C5,
  0xD9C9, 0xE24C, 0xE24C, 0xE24C, 0xE24C, 0xE24C, 0xE24C, 0xE24C, 0xE24C, 0xE24C,
  0xE24C, 0xE24C, 0xE24C, 0x10C4, 0x10C4, 0xBA80, 0xFC26, 0xFC26, 0xFC26, 0xFC26,
  0xFC26, 0xFC26, 0xFC26, 0xFC26, 0xFC26, 0xFC26, 0xFC26, 0xFC26, 0x10C4, 0x10C4,
  0xBCE3, 0xEE48, 0xEE48, 0xEE48, 0xEE48, 0xEE48, 0xEE48, 0xEE48, 0xEE48, 0xEE48,
  0xEE48, 0xEE48, 0xEE69, 0xBD28, 0x10C4, 0x2B25, 0x76AC, 0x6E8B, 0x6E8B, 0x6E8B,
  0x6E8B, 0x6E8B, 0x6E8B, 0x6E8B, 0x6E8B, 0x6E8B, 0x6E8B, 0x76AC, 0x6E4C, 0x10C4,
  0x10C4, 0x52CB, 0x7BEF, 0x6B4D, 0x10E4, 0x10E4, 0x10C4, 0x10C4, 0x10C4, 0x10C4,
  0x10C4, 0x10C4, 0x10C4, 0x632C, 0x8410, 0x10C4, 0x10C4, 0x10C4, 0x041B, 0x83ED,
  0xC617, 0x049F, 0x04BF, 0x3CDF, 0xA4F3, 0xA4F3, 0xC617, 0x049F, 0x04BF, 0x449D,
  0xA4F3, 0x049F, 0x357F, 0x10C4, 0x10C4, 0x50C5, 0xD0E7, 0xD8C7, 0xD907, 0xD8C7,
  0xD8C7, 0xD907, 0xD8C7, 0xD8C7, 0xD907, 0xD8C7, 0xD8C7, 0xD907, 0xE24C, 0x10C4,
  0x10C4, 0xD2C0, 0xFB40, 0xFB40, 0xFB40, 0xFB40, 0xFB40, 0xFB40, 0xFB40, 0xFB40,
  0xFB40, 0xFB40, 0xFB40, 0xFB60, 0x10C4, 0x10C4, 0xCD63, 0xE603, 0xE603, 0xE603,
  0xE603, 0xE603, 0xE603, 0xE603, 0xE603, 0xE603, 0xE603, 0xE603, 0xE603, 0xBD28,
  0x10C4, 0x2B25, 0x4E47, 0x4E47, 0x4E47, 0x4E47, 0x4E47, 0x4E47, 0x4E27, 0x4E47,
  0x4E47, 0x4E27, 0x4E27, 0x4E47, 0x76AC, 0x10C4, 0x10C4, 0x5AEB, 0x6B4D, 0x10E4,
  0x10C4, 0x10C4, 0x10C4, 0x10C4, 0x10C4, 0x10C4, 0x10C4, 0x10C4, 0x10C4, 0x10C4,
  0x8430, 0x8430, 0x10C4, 0x10C4, 0x041B, 0x632C, 0x7BEF, 0x04BF, 0x04BF, 0x3C19,
  0x7BEF, 0x7BEF, 0xA4F3, 0x04BF, 0x04BF, 0x449D, 0x738E, 0x04BF, 0x357F, 0x10C4,
  0x10C4, 0x10C4, 0x10C4, 0x5B4D, 0x5B4D, 0x10C4, 0x5B4D, 0x31C7, 0x10C4, 0x5B4D,
  0x5B4D, 0x10C4, 0x5B4D, 0x2166, 0x10C4, 0x10C4, 0x10C4, 0x10C4, 0x4A6A, 0x5B4D,
  0x10C4, 0x5B4D, 0x5B4D, 0x10C4, 0x4AEC, 0x5B4D, 0x10C4, 0x5B4D, 0x5B4D, 0x10C4,
  0x10C4, 0x10C4, 0x10C4, 0x10C4, 0x5B4D, 0x52AB, 0x5B4D, 0x5B4D, 0x10C4, 0x10C4,
  0x5B4D, 0x4A6A, 0x5B4D, 0x5B4D, 0x10C4, 0x10C4, 0x10C4, 0x10C4, 0x10C4, 0x6B0D,
  0x6B0D, 0x2987, 0x6B0D, 0x2987, 0x10C4, 0x6B0D, 0x6B0D, 0x31C7, 0x6B0D, 0x2125,
  0x10C4, 0x10C4, 0x10C4, 0x8410, 0x1925, 0x10C4, 0x10C4, 0x10C4, 0x10C4, 0x10C4,
  0x10C4, 0x10C4, 0x10C4, 0x10C4, 0x10C4, 0x10C4, 0x73AE, 0x7BEF, 0x10C4, 0x10C4,
  0x23FA, 0x8410, 0x04FF, 0x04FF, 0x04FF, 0x23FA, 0x8410, 0x8410, 0xA514, 0x04FF,
  0x04FF, 0x04FF, 0x545A, 0x8430, 0x2D3F, 0x10C4, 0x10C4, 0x10C4, 0x10C4, 0x8430,
  0x8C51, 0x10C4, 0x738E, 0x3A09, 0x10C4, 0x6B4D, 0x8430, 0x10C4, 0x7BCF, 0x2166,
  0x10C4, 0x10C4, 0x10C4, 0x10C4, 0x632C, 0x8430, 0x10C4, 0x632C, 0x8430, 0x10C4,
  0x630C, 0x7BEF, 0x10C4, 0x6B4D, 0x8410, 0x10C4, 0x10C4, 0x10C4, 0x10C4, 0x10C4,
  0x7BEF, 0x738E, 0x6B6D, 0x7BEF, 0x10C4, 0x10E4, 0x6B6D, 0x5AEB, 0x73AE, 0x8410,
  0x10C4, 0x10C4, 0x10C4, 0x10C4, 0x10C4, 0x8430, 0x9492, 0x2987, 0x73AE, 0x31C8,
  0x10C4, 0x6B4D, 0x8C51, 0x4208, 0x7BCF, 0x1925, 0x10C4, 0x10C4, 0x10C4, 0x73AE,
  0x2125, 0x10C4, 0x10C4, 0x10C4, 0x10C4, 0x10C4, 0x10C4, 0x10C4, 0x10C4, 0x10C4,
  0x10C4, 0x10C4, 0x10C4, 0x8C51, 0x8410, 0x10C4, 0x1925, 0x6B4D, 0x10C4, 0x10C4,
  0x10C4, 0x1925, 0x6B4D, 0x6B4D, 0x8410, 0x10C4, 0x10C4, 0x10C4, 0x10C4, 0x738E,
  0x8410, 0x10C4, 0x10C4, 0x10C4, 0x528A, 0x8410, 0x10C4, 0x10C4, 0x738E, 0x3A09,
  0x10C4, 0x6B4D, 0x8C51, 0x10C4, 0x4208, 0x7BCF, 0x1925, 0x10C4, 0x10C4, 0x10C4,
  0x7BEF, 0x1925, 0x10C4, 0x632C, 0x8430, 0x10C4, 0x630C, 0x7BEF, 0x10C4, 0x10C4,
  0x6B4D, 0x73CF, 0x10C4, 0x10C4, 0x10C4, 0x7BEF, 0x73CF, 0x10C4, 0x6B6D, 0x8410,
  0x10C4, 0x10E4, 0x6B6D, 0x5AEB, 0x10C4, 0x738E, 0x8410, 0x10C4, 0x10C4, 0x10C4,
  0x8430, 0x8430, 0x10C4, 0x2987, 0x73AE, 0x31C8, 0x10C4, 0x6B4D, 0x8C51, 0x10C4,
  0x4A6A, 0x7BCF, 0x10C4, 0x10C4, 0x7BEF, 0x31C8, 0x10C4, 0x10C4, 0x10C4, 0x10C4,
  0x10C4, 0x10C4, 0x10C4, 0x10C4, 0x10C4, 0x10C4, 0x10C4, 0x10C4, 0x10C4, 0x6B4D,
  0x7BCF, 0x7BEF, 0x7BCF, 0x10C4, 0x10C4, 0x10C4, 0x10C4, 0x4A69, 0x6B4D, 0x738E,
  0x6B4D, 0x8410, 0x10C4, 0x10C4, 0x10C4, 0x10C4, 0x632C, 0x8410, 0x10E4, 0x3A09,
  0x6B6D, 0x10C4, 0x10C4, 0x10C4, 0x738E, 0x3A09, 0x10C4, 0x6B4D, 0x8C51, 0x10C4,
  0x10C4, 0x4A6A, 0x7BEF, 0x10E4, 0x10C4, 0x8410, 0x2166, 0x10C4, 0x10C4, 0x632C,
  0x8430, 0x10C4, 0x630C, 0x7BEF, 0x10C4, 0x10C4, 0x10C4, 0x630C, 0x10E4, 0x10E4,
  0x8430, 0x630C, 0x10C4, 0x10C4, 0x6B6D, 0x8410, 0x10C4, 0x10E4, 0x6B6D, 0x5AEB,
  0x10C4, 0x10C4, 0x632C, 0x6B6D, 0x10E4, 0x4A6A, 0x630C, 0x10C4, 0x10C4, 0x2987,
  0x73AE, 0x31C8, 0x10C4, 0x6B4D, 0x8C51, 0x10C4, 0x10C4, 0x5ACB, 0x7BEF, 0x7BEF,
  0x7BEF, 0x2987, 0x10C4, 0x10C4, 0x10C4, 0x10C4, 0x10C4, 0x10C4, 0x10C4, 0x10C4,
  0x10C4, 0x10C4, 0x10C4, 0x10C4, 0x10C4, 0x10C4, 0x10C4, 0x10C4, 0x10C4, 0x10C4,
  0x10C4, 0x10C4, 0x10C4, 0x4A69, 0x8430, 0x5AEB, 0x6B4D, 0x8410, 0x10C4, 0x10C4,
  0x10C4, 0x10C4, 0x8430, 0x6B4D, 0x10C4, 0x31C7, 0x73AE, 0x10C4, 0x10C4, 0x10C4,
  0x738E, 0x3A09, 0x10C4, 0x6B4D, 0x8C51, 0x10C4, 0x10C4, 0x632C, 0x6B4D, 0x10C4,
  0x10C4, 0x632C, 0x31A7, 0x10C4, 0x10C4, 0x632C, 0x8430, 0x10C4, 0x630C, 0x7BEF,
  0x10C4, 0x10C4, 0x10C4, 0x7BEF, 0x10C4, 0x10C4, 0x6B6D, 0x8410, 0x10C4, 0x10C4,
  0x6B6D, 0x8410, 0x10C4, 0x10E4, 0x6B6D, 0x5AEB, 0x10C4, 0x10C4, 0x8430, 0x52AB,
  0x10C4, 0x31C7, 0x8410, 0x10C4, 0x10C4, 0x2987, 0x73AE, 0x31C8, 0x10C4, 0x6B4D,
  0x8C51, 0x10C4, 0x10C4, 0x10C4, 0x10C4, 0x10C4, 0x10C4, 0x10C4, 0x10C4, 0x10C4,
  0x10C4, 0x10C4, 0x10C4, 0x10C4, 0x10C4, 0x10C4, 0x10C4, 0x10C4, 0x10C4, 0x10C4,
  0x10C4, 0x10C4, 0x10C4, 0x10C4, 0x10C4, 0x10C4, 0x10C4, 0x10C4, 0x10C4, 0x4A69,
  0x632C, 0xC638, 0x5AEB, 0x8410, 0x10C4, 0x10C4, 0x10C4, 0x10C4, 0x10C4, 0x10C4,
  0x10C4, 0x10C4, 0x10C4, 0x10C4, 0x10C4, 0x10C4, 0x738E, 0x3A09, 0x10C4, 0x6B4D,
  0x8C51, 0x10C4, 0x10C4, 0x10C4, 0x10C4, 0x10C4, 0x10C4, 0x10C4, 0x10C4, 0x10C4,
  0x10C4, 0x632C, 0x8430, 0x10C4, 0x630C, 0x7BEF, 0x10C4, 0x10C4, 0x10C4, 0x10C4,
  0x10C4, 0x10C4, 0x10C4, 0x10C4, 0x10C4, 0x10C4, 0x6B6D, 0x8410, 0x10C4, 0x10E4,
  0x6B6D, 0x5AEB, 0x10C4, 0x10C4, 0x10C4, 0x10C4, 0x10C4, 0x10C4, 0x10C4, 0x10C4,
  0x10C4, 0x2987, 0x73AE, 0x31C8, 0x10C4, 0x6B4D, 0x8C51, 0x10C4, 0x10C4, 0x10C4,
  0x10C4, 0x10C4, 0x10C4, 0x10C4, 0x10C4, 0x10C4, 0x10C4, 0x10C4, 0x10C4, 0x10C4,
  0x10C4, 0x10C4, 0x10C4, 0x10C4, 0x10C4, 0x10C4, 0x10C4, 0x10C4, 0x10C4, 0x10C4,
  0x10C4, 0x10C4, 0x10C4, 0x10C4, 0x10C4, 0x4A69, 0x8430, 0x4A69, 0x6B4D, 0x8410,
  0x10C4, 0x10C4, 0x10C4, 0x10C4, 0x10C4, 0x10C4, 0x10C4, 0x10C4, 0x10C4, 0x10C4,
  0x10C4, 0x10C4, 0x738E, 0x3A09, 0x10C4, 0x6B4D, 0x8C51, 0x10C4, 0x10C4, 0x10C4,
  0x10C4, 0x10C4, 0x10C4, 0x10C4, 0x10C4, 0x10C4, 0x10C4, 0x632C, 0x8430, 0x10C4,
  0x630C, 0x7BEF, 0x10C4, 0x10C4, 0x10C4, 0x10C4, 0x10C4, 0x10C4, 0x10C4, 0x10C4,
  0x10C4, 0x10C4, 0x6B6D, 0x8410, 0x10C4, 0x10E4, 0x6B6D, 0x5AEB, 0x10C4, 0x10C4,
  0x10C4, 0x10C4, 0x10C4, 0x10C4, 0x10C4, 0x10C4, 0x10C4, 0x2987, 0x73AE, 0x31C8,
  0x10C4, 0x6B4D, 0x8C51, 0x10C4, 0x10C4, 0x10C4, 0x10C4, 0x10C4, 0x10C4, 0x10C4,
  0x10C4, 0x10C4, 0x10C4, 0x10C4, 0x10C4, 0x10C4, 0x10C4, 0x10C4, 0x10C4, 0x10C4,
  0x10C4, 0x10C4, 0x10C4, 0x10C4, 0x10C4, 0x10C4, 0x10C4, 0x10C4, 0x10C4, 0x10C4,
  0x10C4, 0x2125, 0x4A69, 0x6B4D, 0x6B4D, 0x10C4, 0x10C4, 0x10C4, 0x10C4, 0x10C4,
  0x10C4, 0x10C4, 0x10C4, 0x10C4, 0x10C4, 0x10C4, 0x10C4, 0x10C4, 0x738E, 0x3A09,
  0x10C4, 0x6B6D, 0x8C51, 0x10C4, 0x10C4, 0x10C4, 0x10C4, 0x10C4, 0x10C4, 0x10C4,
  0x10C4, 0x10C4, 0x10C4, 0x632C, 0x8430, 0x10C4, 0x630C, 0x7BEF, 0x10C4, 0x10C4,
  0x10C4, 0x10C4, 0x10C4, 0x10C4, 0x10C4, 0x10C4, 0x10C4, 0x10C4, 0x6B6D, 0x8410,
  0x10C4, 0x10E4, 0x6B6D, 0x5AEB, 0x10C4, 0x10C4, 0x10C4, 0x10C4, 0x10C4, 0x10C4,
  0x10C4, 0x10C4, 0x10C4, 0x2987, 0x73AE, 0x31C8, 0x10C4, 0x6B4D, 0x8C51, 0x10C4,
  0x10C4, 0x10C4, 0x10C4, 0x10C4, 0x10C4, 0x10C4, 0x10C4, 0x10C4, 0x10C4, 0x10C4,
  0x10C4, 0x10C4, 0x10C4, 0x10C4, 0x10C4, 0x10C4, 0x10C4, 0x10C4, 0x10C4, 0x10C4,
  0x10C4, 0x10C4, 0x10C4, 0x10C4, 0x10C4, 0x10C4, 0x10C4, 0x10C4, 0x2166, 0x632C,
  0x10C4, 0x10C4, 0x10C4, 0x10C4, 0x10C4, 0x10C4, 0x10C4, 0x10C4, 0x10C4, 0x10C4,
  0x10C4, 0x10C4, 0x10C4, 0x10C4, 0x738E, 0x3A09, 0x10C4, 0x10C4, 0x10C4, 0x10C4,
  0x10C4, 0x10C4, 0x10C4, 0x10C4, 0x10C4, 0x10C4, 0x10C4, 0x10C4, 0x10C4, 0x632C,
  0x8C51, 0x10C4, 0x10C4, 0x10C4, 0x10C4, 0x10C4, 0x10C4, 0x10C4, 0x10C4, 0x10C4,
  0x10C4, 0x10C4, 0x10C4, 0x10C4, 0x6B6D, 0x8410, 0x10C4, 0x10C4, 0x10C4, 0x10C4,
  0x10C4, 0x10C4, 0x10C4, 0x10C4, 0x10C4, 0x10C4, 0x10C4, 0x10C4, 0x10C4, 0x2987,
  0x73AE, 0x31C8, 0x10C4, 0x10C4, 0x10C4, 0x10C4, 0x10C4, 0x10C4, 0x10C4, 0x10C4,
  0x10C4, 0x10C4, 0x10C4, 0x10C4, 0x10C4, 0x10C4, 0x10C4, 0x10C4, 0x10C4, 0x10C4,
  0x10C4, 0x10C4, 0x10C4, 0x10C4, 0x10C4, 0x10C4, 0x10C4, 0x10C4, 0x10C4, 0x10C4,
  0x10C4, 0x10C4, 0x10C4, 0x10C4, 0x2166, 0x52AB, 0x10C4, 0x10C4, 0x10C4, 0x10C4,
  0x10C4, 0x10C4, 0x10C4, 0x10C4, 0x10C4, 0x10C4, 0x10C4, 0x10C4, 0x10C4, 0x10C4,
  0x5ACB, 0x31C8, 0x10C4, 0x10C4, 0x10C4, 0x10C4, 0x10C4, 0x10C4, 0x10C4, 0x10C4,
  0x10C4, 0x10C4, 0x10C4, 0x10C4, 0x10C4, 0x52AB, 0x738E, 0x10C4, 0x10C4, 0x10C4,
  0x10C4, 0x10C4, 0x10C4, 0x10C4, 0x10C4, 0x10C4, 0x10C4, 0x10C4, 0x10C4, 0x10C4,
  0x5AEB, 0x6B6D, 0x10C4, 0x10C4, 0x10C4, 0x10C4, 0x10C4, 0x10C4, 0x10C4, 0x10C4,
  0x10C4, 0x10C4, 0x10C4, 0x10C4, 0x10C4, 0x2166, 0x5ACB, 0x31A7, 0x10C4, 0x10C4,
  0x10C4, 0x10C4, 0x10C4, 0x10C4, 0x10C4, 0x10C4, 0x10C4, 0x10C4, 0x10C4, 0x10C4,
  0x10C4, 0x10C4, 0x10C4, 0x10C4, 0x10C4, 0x10C4, 0x10C4, 0x10C4, 0x10C4, 0x10C4,
  0x10C4, 0x10C4, 0x10C4, 0x10C4, 0x10C4, 0x10C4, 0x10C4, 0x10C4, 0x10C4, 0x10C4,
  0x10C4, 0x10C4, 0x10C4, 0x10C4, 0x10C4, 0x10C4, 0x10C4, 0x10C4, 0x10C4, 0x10C4,
  0x10C4, 0x10C4, 0x10C4, 0x10C4, 0x10C4, 0x10C4, 0x10C4, 0x10C4, 0x10C4, 0x10C4,
  0x10C4, 0x10C4, 0x10C4, 0x10C4, 0x10C4, 0x10C4, 0x10C4, 0x10C4, 0x10C4, 0x10C4,
  0x10C4, 0x10C4, 0x10C4, 0x10C4, 0x10C4, 0x10C4, 0x10C4, 0x10C4, 0x10C4, 0x10C4,
  0x10C4, 0x10C4, 0x10C4, 0x10C4, 0x10C4, 0x10C4, 0x10C4, 0x10C4, 0x10C4, 0x10C4,
  0x10C4, 0x10C4, 0x10C4, 0x10C4, 0x10C4, 0x10C4, 0x10C4, 0x10C4, 0x10C4, 0x10C4,
  0x10C4, 0x10C4, 0x10C4, 0x10C4, 0x10C4, 0x10C4, 0x10C4, 0x10C4, 0x10C4, 0x10C4,
  0x10C4, 0x10C4, 0x10C4, 0x10C4, 0x10C4, 0x10C4, 0x10C4, 0x10C4, 0x10C4, 0x10C4,
};

const uint16_t kHelpQrPixels[] PROGMEM = {
  0xFFFF, 0xFFFF, 0xFFFF, 0xFFFF, 0xFFFF, 0xFFFF, 0xFFFF, 0xFFFF, 0xFFFF, 0xFFFF,
  0xFFFF, 0xFFFF, 0xFFFF, 0xFFFF, 0xFFFF, 0xFFFF, 0xFFFF, 0xFFFF, 0xFFFF, 0xFFFF,
  0xFFFF, 0xFFFF, 0xFFFF, 0xFFFF, 0xFFFF, 0xFFFF, 0xFFFF, 0xFFFF, 0xFFFF, 0xFFFF,
  0xFFFF, 0xFFFF, 0xFFFF, 0xFFFF, 0xFFFF, 0xFFFF, 0xFFFF, 0xFFFF, 0xFFFF, 0xFFFF,
  0xFFFF, 0xFFFF, 0xFFFF, 0xFFFF, 0xFFFF, 0xFFFF, 0xFFFF, 0xFFFF, 0xFFFF, 0xFFFF,
  0xFFFF, 0xFFFF, 0xFFFF, 0xFFFF, 0xFFFF, 0xFFFF, 0xFFFF, 0xFFFF, 0xFFFF, 0xFFFF,
  0xFFFF, 0xFFFF, 0xFFFF, 0xFFFF, 0xFFFF, 0xFFFF, 0xFFFF, 0xFFFF, 0xFFFF, 0xFFFF,
  0xFFFF, 0xFFFF, 0xFFFF, 0xFFFF, 0xFFFF, 0xFFFF, 0xFFFF, 0xFFFF, 0xFFFF, 0xFFFF,
  0xFFFF, 0xFFFF, 0xFFFF, 0xFFFF, 0xFFFF, 0xFFFF, 0xFFFF, 0xFFFF, 0xFFFF, 0xFFFF,
  0xFFFF, 0xFFFF, 0xFFFF, 0xFFFF, 0xFFFF, 0xFFFF, 0xFFFF, 0xFFFF, 0xFFFF, 0xFFFF,
  0xFFFF, 0xFFFF, 0xFFFF, 0xFFFF, 0xFFFF, 0xFFFF, 0xFFFF, 0xFFFF, 0xFFFF, 0xFFFF,
  0xFFFF, 0xFFFF, 0xFFFF, 0xFFFF, 0xFFFF, 0xFFFF, 0xFFFF, 0xFFFF, 0xFFFF, 0xFFFF,
  0xFFFF, 0xFFFF, 0xFFFF, 0xFFFF, 0xFFFF, 0xFFFF, 0xFFFF, 0xFFFF, 0xFFFF, 0xFFFF,
  0xFFFF, 0xFFFF, 0xFFFF, 0xFFFF, 0xFFFF, 0xFFFF, 0xFFFF, 0xFFFF, 0xFFFF, 0xFFFF,
  0xFFFF, 0xFFFF, 0xFFFF, 0xFFFF, 0xFFFF, 0xFFFF, 0xFFFF, 0xFFFF, 0xFFFF, 0xFFFF,
  0xFFFF, 0xFFFF, 0xFFFF, 0xFFFF, 0xFFFF, 0xFFFF, 0xFFFF, 0xFFFF, 0xFFFF, 0xFFFF,
  0xFFFF, 0xFFFF, 0xFFFF, 0xFFFF, 0xFFFF, 0xFFFF, 0xFFFF, 0xFFFF, 0xFFFF, 0xFFFF,
  0xFFFF, 0xFFFF, 0xFFFF, 0xFFFF, 0xFFFF, 0xFFFF, 0xFFFF, 0xFFFF, 0xFFFF, 0xFFFF,
  0xFFFF, 0xFFFF, 0xFFFF, 0xFFFF, 0xFFFF, 0xFFFF, 0xFFFF, 0xFFFF, 0xFFFF, 0xFFFF,
  0xFFFF, 0xFFFF, 0xFFFF, 0xFFFF, 0xFFFF, 0xFFFF, 0xFFFF, 0xFFFF, 0xFFFF, 0xFFFF,
  0xFFFF, 0xFFFF, 0xFFFF, 0xFFFF, 0xFFFF, 0xFFFF, 0xFFFF, 0xFFFF, 0xFFFF, 0xFFFF,
  0xFFFF, 0xFFFF, 0xFFFF, 0xFFFF, 0xFFFF, 0xFFFF, 0xFFFF, 0xFFFF, 0xFFFF, 0xFFFF,
  0xFFFF, 0xFFFF, 0xFFFF, 0xFFFF, 0xFFFF, 0xFFFF, 0xFFFF, 0xFFFF, 0xFFFF, 0xFFFF,
  0xFFFF, 0xFFFF, 0xFFFF, 0xFFFF, 0xFFFF, 0xFFFF, 0xFFFF, 0xFFFF, 0xFFFF, 0xFFFF,
  0xFFFF, 0xFFFF, 0xFFFF, 0xFFFF, 0xFFFF, 0xFFFF, 0xFFFF, 0xFFFF, 0xFFFF, 0xFFFF,
  0xFFFF, 0xFFFF, 0xFFFF, 0xFFFF, 0xFFFF, 0xFFFF, 0xFFFF, 0xFFFF, 0xFFFF, 0xFFFF,
  0xFFFF, 0xFFFF, 0xFFFF, 0xFFFF, 0xFFFF, 0xFFFF, 0xFFFF, 0xFFFF, 0xFFFF, 0xFFFF,
  0xFFFF, 0xFFFF, 0xFFFF, 0xFFFF, 0xFFFF, 0xFFFF, 0xFFFF, 0xFFFF, 0xFFFF, 0xFFFF,
  0xFFFF, 0xFFFF, 0xFFFF, 0xFFFF, 0xFFFF, 0xFFFF, 0xFFFF, 0xFFFF, 0xFFFF, 0xFFFF,
  0xFFFF, 0xFFFF, 0xFFFF, 0xFFFF, 0xFFFF, 0xFFFF, 0xFFFF, 0xFFFF, 0xFFFF, 0xFFFF,
  0xFFFF, 0xFFFF, 0xFFFF, 0xFFFF, 0xFFFF, 0xFFFF, 0xFFFF, 0xFFFF, 0xFFFF, 0xFFFF,
  0xFFFF, 0xFFFF, 0xFFFF, 0xFFFF, 0xFFFF, 0xFFFF, 0xFFFF, 0xFFFF, 0xFFFF, 0xFFFF,
  0xFFFF, 0xFFFF, 0xFFFF, 0xFFFF, 0xFFFF, 0xFFFF, 0xFFFF, 0xFFFF, 0xFFFF, 0xFFFF,
  0xFFFF, 0xFFFF, 0xFFFF, 0xFFFF, 0xFFFF, 0xFFFF, 0xFFFF, 0xFFFF, 0xFFFF, 0xFFFF,
  0xFFFF, 0xFFFF, 0xFFFF, 0xFFFF, 0xFFFF, 0xFFFF, 0xFFFF, 0xFFFF, 0xFFFF, 0xFFFF,
  0xFFFF, 0xFFFF, 0xFFFF, 0xFFFF, 0xFFFF, 0xFFFF, 0xFFFF, 0xFFFF, 0xFFFF, 0xFFFF,
  0xFFFF, 0xFFFF, 0xFFFF, 0xFFFF, 0xFFFF, 0xFFFF, 0xFFFF, 0xFFFF, 0xFFFF, 0xFFFF,
  0xFFFF, 0xFFFF, 0xFFFF, 0xFFFF, 0xFFFF, 0xFFFF, 0xFFFF, 0xFFFF, 0xFFFF, 0xFFFF,
  0xFFFF, 0xFFFF, 0xFFFF, 0xFFFF, 0xFFFF, 0xFFFF, 0xFFFF, 0xFFFF, 0xFFFF, 0xFFFF,
  0xFFFF, 0xFFFF, 0xFFFF, 0xFFFF, 0xFFFF, 0xFFFF, 0xFFFF, 0xFFFF, 0xFFFF, 0xFFFF,
  0xFFFF, 0xFFFF, 0xFFFF, 0xFFFF, 0xFFFF, 0xFFFF, 0xFFFF, 0xFFFF, 0xFFFF, 0xFFFF,
  0xFFFF, 0xFFFF, 0xFFFF, 0xFFFF, 0xFFFF, 0xFFFF, 0xFFFF, 0xFFFF, 0xFFFF, 0xFFFF,
  0xFFFF, 0xFFFF, 0xFFFF, 0xFFFF, 0xFFFF, 0xFFFF, 0xFFFF, 0xFFFF, 0xFFFF, 0xFFFF,
  0xFFFF, 0xFFFF, 0xFFFF, 0xFFFF, 0xFFFF, 0xFFFF, 0xFFFF, 0xFFFF, 0xFFFF, 0xFFFF,
  0xFFFF, 0xFFFF, 0xFFFF, 0xFFFF, 0xFFFF, 0xFFFF, 0xFFFF, 0xFFFF, 0xFFFF, 0xFFFF,
  0xFFFF, 0xFFFF, 0xFFFF, 0xFFFF, 0xFFFF, 0xFFFF, 0xFFFF, 0xFFFF, 0xFFFF, 0xFFFF,
  0xFFFF, 0xFFFF, 0xFFFF, 0xFFFF, 0xFFFF, 0xFFFF, 0xFFFF, 0xFFFF, 0xFFFF, 0xFFFF,
  0xFFFF, 0xFFFF, 0xFFFF, 0xFFFF, 0xFFFF, 0xFFFF, 0xFFFF, 0xFFFF, 0xFFFF, 0xFFFF,
  0xFFFF, 0xFFFF, 0xFFFF, 0xFFFF, 0xFFFF, 0xFFFF, 0xFFFF, 0xFFFF, 0xFFFF, 0xFFFF,
  0xFFFF, 0xFFFF, 0xFFFF, 0xFFFF, 0xFFFF, 0xFFFF, 0xFFFF, 0xFFFF, 0xFFFF, 0xFFFF,
  0xFFFF, 0xFFFF, 0xFFFF, 0xFFFF, 0xFFFF, 0xFFFF, 0xFFFF, 0xFFFF, 0xFFFF, 0xFFFF,
  0xFFFF, 0xFFFF, 0xFFFF, 0xFFFF, 0xFFFF, 0xFFFF, 0xFFFF, 0xFFFF, 0xFFFF, 0xFFFF,
  0xFFFF, 0xFFFF, 0xFFFF, 0xFFFF, 0xFFFF, 0xFFFF, 0xFFFF, 0xFFFF, 0xFFFF, 0xFFFF,
  0xFFFF, 0xFFFF, 0xFFFF, 0xFFFF, 0xFFFF, 0xFFFF, 0xFFFF, 0xFFFF, 0xFFFF, 0xFFFF,
  0xFFFF, 0xFFFF, 0xFFFF, 0xFFFF, 0xFFFF, 0xFFFF, 0xFFFF, 0xFFFF, 0xFFFF, 0xFFFF,
  0xFFFF, 0xFFFF, 0xFFFF, 0xFFFF, 0xFFFF, 0xFFFF, 0xFFFF, 0xFFFF, 0xFFFF, 0xFFFF,
  0xFFFF, 0xFFFF, 0xFFFF, 0xFFFF, 0xFFFF, 0xFFFF, 0xFFFF, 0xFFFF, 0xFFFF, 0xFFFF,
  0xFFFF, 0xFFFF, 0xFFFF, 0xFFFF, 0xFFFF, 0xFFFF, 0xFFFF, 0xFFFF, 0xFFFF, 0xFFFF,
  0xFFFF, 0xFFFF, 0xFFFF, 0xFFFF, 0xFFFF, 0xFFFF, 0xFFFF, 0xFFFF, 0xFFFF, 0xFFFF,
  0xFFFF, 0xFFFF, 0xFFFF, 0xFFFF, 0xFFFF, 0xFFFF, 0xFFFF, 0xFFFF, 0xFFFF, 0xFFFF,
  0xFFFF, 0xFFFF, 0xFFFF, 0xFFFF, 0xFFFF, 0xFFFF, 0xFFFF, 0xFFFF, 0xFFFF, 0xFFFF,
  0xFFFF, 0xFFFF, 0xFFFF, 0xFFFF, 0xFFFF, 0xFFFF, 0xFFFF, 0xFFFF, 0xFFFF, 0xFFFF,
  0xFFFF, 0xFFFF, 0xFFFF, 0xFFFF, 0xFFFF, 0xFFFF, 0xFFFF, 0xFFFF, 0xFFFF, 0xFFFF,
  0xFFFF, 0xFFFF, 0xFFFF, 0xFFFF, 0xFFFF, 0xFFFF, 0xFFFF, 0xFFFF, 0xFFFF, 0xFFFF,
  0xFFFF, 0xFFFF, 0xFFFF, 0xFFFF, 0xFFFF, 0xFFFF, 0xFFFF, 0xFFFF, 0xFFFF, 0xFFFF,
  0xFFFF, 0xFFFF, 0xFFFF, 0xFFFF, 0xFFFF, 0xFFFF, 0xFFFF, 0xFFFF, 0xFFFF, 0xFFFF,
  0xFFFF, 0xFFFF, 0xFFFF, 0xFFFF, 0xFFFF, 0xFFFF, 0xFFFF, 0xFFFF, 0xFFFF, 0xFFFF,
  0xFFFF, 0xFFFF, 0xFFFF, 0xFFFF, 0xFFFF, 0xFFFF, 0xFFFF, 0xFFFF, 0xFFFF, 0xFFFF,
  0xFFFF, 0xFFFF, 0xFFFF, 0xFFFF, 0xFFFF, 0xFFFF, 0xFFFF, 0xFFFF, 0xFFFF, 0xFFFF,
  0xFFFF, 0xFFFF, 0xFFFF, 0xFFFF, 0xFFFF, 0xFFFF, 0xFFFF, 0xFFFF, 0xFFFF, 0xFFFF,
  0xFFFF, 0xFFFF, 0xFFFF, 0xFFFF, 0xFFFF, 0xFFFF, 0xFFFF, 0xFFFF, 0xFFFF, 0xFFFF,
  0xFFFF, 0xFFFF, 0xFFFF, 0xFFFF, 0xFFFF, 0xFFFF, 0xFFFF, 0xFFFF, 0xFFFF, 0xFFFF,
  0xFFFF, 0xFFFF, 0xFFFF, 0xFFFF, 0xFFFF, 0xFFFF, 0xFFFF, 0xFFFF, 0xFFFF, 0xFFFF,
  0xFFFF, 0xFFFF, 0xFFFF, 0xFFFF, 0xFFFF, 0xFFFF, 0xFFFF, 0xFFFF, 0xFFFF, 0xFFFF,
  0xFFFF, 0xFFFF, 0xFFFF, 0xFFFF, 0xFFFF, 0xFFFF, 0xFFFF, 0xFFFF, 0xFFFF, 0xFFFF,
  0xFFFF, 0xFFFF, 0xFFFF, 0xFFFF, 0xFFFF, 0xFFFF, 0xFFFF, 0xFFFF, 0xFFFF, 0xFFFF,
  0xFFFF, 0xFFFF, 0xFFFF, 0xFFFF, 0xFFFF, 0xFFFF, 0xFFFF, 0xFFFF, 0xFFFF, 0xFFFF,
  0xFFFF, 0xFFFF, 0xFFFF, 0xFFFF, 0xFFFF, 0xFFFF, 0xFFFF, 0xFFFF, 0xFFFF, 0xFFFF,
  0xFFFF, 0xFFFF, 0xFFFF, 0xFFFF, 0xFFFF, 0xFFFF, 0xFFFF, 0xFFFF, 0xFFFF, 0xFFFF,
  0xFFFF, 0xFFFF, 0xFFFF, 0xFFFF, 0xFFFF, 0xFFFF, 0xFFFF, 0xFFFF, 0xFFFF, 0xFFFF,
  0xFFFF, 0xFFFF, 0xFFFF, 0xFFFF, 0xFFFF, 0xFFFF, 0xFFFF, 0xFFFF, 0xFFFF, 0xFFFF,
  0xFFFF, 0xFFFF, 0xFFFF, 0xFFFF, 0xFFFF, 0xFFFF, 0xFFFF, 0xFFFF, 0xFFFF, 0xFFFF,
  0xFFFF, 0xFFFF, 0xFFFF, 0xFFFF, 0xFFFF, 0xFFFF, 0xFFFF, 0xFFFF, 0xFFFF, 0xFFFF,
  0xFFFF, 0xFFFF, 0xFFFF, 0xFFFF, 0xFFFF, 0xFFFF, 0xFFFF, 0xFFFF, 0xFFFF, 0xFFFF,
  0xFFFF, 0xFFFF, 0xFFFF, 0xFFFF, 0xFFFF, 0xFFFF, 0xFFFF, 0xFFFF, 0xFFFF, 0xFFFF,
  0xFFFF, 0xFFFF, 0xFFFF, 0xFFFF, 0xFFFF, 0xFFFF, 0xFFFF, 0xFFFF, 0xFFFF, 0xFFFF,
  0xFFFF, 0xFFFF, 0xFFFF, 0xFFFF, 0xFFFF, 0xFFFF, 0xFFFF, 0xFFFF, 0xFFFF, 0xFFFF,
  0xFFFF, 0xFFFF, 0xFFFF, 0xFFFF, 0xFFFF, 0xFFFF, 0xFFFF, 0xFFFF, 0xFFFF, 0xFFFF,
  0xFFFF, 0xFFFF, 0xFFFF, 0xFFFF, 0xFFFF, 0xFFFF, 0xFFFF, 0xFFFF, 0xFFFF, 0xFFFF,
  0xFFFF, 0xFFFF, 0xFFFF, 0xFFFF, 0xFFFF, 0xFFFF, 0xFFFF, 0xFFFF, 0xFFFF, 0xFFFF,
  0xFFFF, 0xFFFF, 0xFFFF, 0xFFFF, 0xFFFF, 0xFFFF, 0xFFFF, 0xFFFF, 0xFFFF, 0xFFFF,
  0xFFFF, 0xFFFF, 0xFFFF, 0xFFFF, 0xFFFF, 0xFFFF, 0xFFFF, 0xFFFF, 0xFFFF, 0xFFFF,
  0xFFFF, 0xFFFF, 0xFFFF, 0xFFFF, 0xFFFF, 0xFFFF, 0xFFFF, 0xFFFF, 0xFFFF, 0xFFFF,
  0xFFFF, 0xFFFF, 0xFFFF, 0xFFFF, 0xFFFF, 0xFFFF, 0xFFFF, 0xFFFF, 0xFFFF, 0xFFFF,
  0xFFFF, 0xFFFF, 0xFFFF, 0xFFFF, 0xFFFF, 0xFFFF, 0xFFFF, 0xFFFF, 0xFFFF, 0xFFFF,
  0xFFFF, 0xFFFF, 0xFFFF, 0xFFFF, 0xFFFF, 0xFFFF, 0xFFFF, 0xFFFF, 0xFFFF, 0xFFFF,
  0xFFFF, 0xFFFF, 0xFFFF, 0xFFFF, 0xFFFF, 0xFFFF, 0xFFFF, 0xFFFF, 0xFFFF, 0xFFFF,
  0xFFFF, 0xFFFF, 0xFFFF, 0xFFFF, 0xFFFF, 0xFFFF, 0xFFFF, 0xFFFF, 0xFFFF, 0xFFFF,
  0xFFFF, 0xFFFF, 0xFFFF, 0xFFFF, 0xFFFF, 0xFFFF, 0xFFFF, 0xFFFF, 0xFFFF, 0xFFFF,
  0xFFFF, 0xFFFF, 0xFFFF, 0xFFFF, 0xFFFF, 0xFFFF, 0xFFFF, 0xFFFF, 0xFFFF, 0xFFFF,
  0xFFFF, 0xFFFF, 0xFFFF, 0xFFFF, 0xFFFF, 0xFFFF, 0xFFFF, 0xFFFF, 0xFFFF, 0xFFFF,
  0xFFFF, 0xFFFF, 0xFFFF, 0xFFFF, 0xFFFF, 0xFFFF, 0xFFFF, 0xFFFF, 0xFFFF, 0xFFFF,
  0xFFFF, 0xFFFF, 0xFFFF, 0xFFFF, 0xFFFF, 0xFFFF, 0xFFFF, 0xFFFF, 0xFFFF, 0xFFFF,
  0xFFFF, 0xFFFF, 0xFFFF, 0xFFFF, 0xFFFF, 0xFFFF, 0xFFFF, 0xFFFF, 0xFFFF, 0xFFFF,
  0xFFFF, 0xFFFF, 0xFFFF, 0xFFFF, 0xFFFF, 0xFFFF, 0xFFFF, 0xFFFF, 0xFFFF, 0xFFFF,
  0xFFFF, 0xFFFF, 0xFFFF, 0xFFFF, 0xFFFF, 0xFFFF, 0xFFFF, 0xFFFF, 0xFFFF, 0xFFFF,
  0xFFFF, 0xFFFF, 0xFFFF, 0xFFFF, 0xFFFF, 0xFFFF, 0xFFFF, 0xFFFF, 0xFFFF, 0xFFFF,
  0xFFFF, 0xFFFF, 0xFFFF, 0xFFFF, 0xFFFF, 0xFFFF, 0xFFFF, 0xFFFF, 0xFFFF, 0xFFFF,
  0xFFFF, 0xFFFF, 0xFFFF, 0xFFFF, 0xFFFF, 0xFFFF, 0x0000, 0x0000, 0x0000, 0x0000,
  0x0000, 0x0000, 0x0000, 0x0000, 0x0000, 0x0000, 0x0000, 0x0000, 0x0000, 0x0000,
  0x0000, 0x0000, 0x0000, 0x0000, 0x0000, 0x0000, 0x0000, 0x0000, 0x0000, 0x0000,
  0x0000, 0x0000, 0x0000, 0x0000, 0x0000, 0x0000, 0x0000, 0x0000, 0x0000, 0x0000,
  0x0000, 0x0000, 0xFFFF, 0xFFFF, 0xFFFF, 0xFFFF, 0xFFFF, 0x0000, 0x0000, 0x0000,
  0x0000, 0x0000, 0x0000, 0x0000, 0x0000, 0x0000, 0x0000, 0xFFFF, 0xFFFF, 0xFFFF,
  0xFFFF, 0xFFFF, 0x0000, 0x0000, 0x0000, 0x0000, 0x0000, 0xFFFF, 0xFFFF, 0xFFFF,
  0xFFFF, 0xFFFF, 0x0000, 0x0000, 0x0000, 0x0000, 0x0000, 0x0000, 0x0000, 0x0000,
  0x0000, 0x0000, 0x0000, 0x0000, 0x0000, 0x0000, 0x0000, 0x0000, 0x0000, 0x0000,
  0x0000, 0x0000, 0x0000, 0xFFFF, 0xFFFF, 0xFFFF, 0xFFFF, 0xFFFF, 0x0000, 0x0000,
  0x0000, 0x0000, 0x0000, 0xFFFF, 0xFFFF, 0xFFFF, 0xFFFF, 0xFFFF, 0xFFFF, 0xFFFF,
  0xFFFF, 0xFFFF, 0xFFFF, 0xFFFF, 0xFFFF, 0xFFFF, 0xFFFF, 0xFFFF, 0xFFFF, 0xFFFF,
  0xFFFF, 0xFFFF, 0xFFFF, 0xFFFF, 0x0000, 0x0000, 0x0000, 0x0000, 0x0000, 0xFFFF,
  0xFFFF, 0xFFFF, 0xFFFF, 0xFFFF, 0xFFFF, 0xFFFF, 0xFFFF, 0xFFFF, 0xFFFF, 0x0000,
  0x0000, 0x0000, 0x0000, 0x0000, 0x0000, 0x0000, 0x0000, 0x0000, 0x0000, 0x0000,
  0x0000, 0x0000, 0x0000, 0x0000, 0x0000, 0x0000, 0x0000, 0x0000, 0x0000, 0x0000,
  0x0000, 0x0000, 0x0000, 0x0000, 0x0000, 0x0000, 0x0000, 0x0000, 0x0000, 0x0000,
  0x0000, 0x0000, 0x0000, 0x0000, 0x0000, 0xFFFF, 0xFFFF, 0xFFFF, 0xFFFF, 0xFFFF,
  0xFFFF, 0xFFFF, 0xFFFF, 0xFFFF, 0xFFFF, 0xFFFF, 0x0000, 0x0000, 0x0000, 0x0000,
  0x0000, 0x0000, 0x0000, 0x0000, 0x0000, 0x0000, 0x0000, 0x0000, 0x0000, 0x0000,
  0x0000, 0x0000, 0x0000, 0x0000, 0x0000, 0x0000, 0x0000, 0x0000, 0x0000, 0x0000,
  0x0000, 0x0000, 0x0000, 0x0000, 0x0000, 0x0000, 0x0000, 0x0000, 0x0000, 0x0000,
  0x0000, 0x0000, 0xFFFF, 0xFFFF, 0xFFFF, 0xFFFF, 0xFFFF, 0x0000, 0x0000, 0x0000,
  0x0000, 0x0000, 0x0000, 0x0000, 0x0000, 0x0000, 0x0000, 0xFFFF, 0xFFFF, 0xFFFF,
  0xFFFF, 0xFFFF, 0x0000, 0x0000, 0x0000, 0x0000, 0x0000, 0xFFFF, 0xFFFF, 0xFFFF,
  0xFFFF, 0xFFFF, 0x0000, 0x0000, 0x0000, 0x0000, 0x0000, 0x0000, 0x0000, 0x0000,
  0x0000, 0x0000, 0x0000, 0x0000, 0x0000, 0x0000, 0x0000, 0x0000, 0x0000, 0x0000,
  0x0000, 0x0000, 0x0000, 0xFFFF, 0xFFFF, 0xFFFF, 0xFFFF, 0xFFFF, 0x0000, 0x0000,
  0x0000, 0x0000, 0x0000, 0xFFFF, 0xFFFF, 0xFFFF, 0xFFFF, 0xFFFF, 0xFFFF, 0xFFFF,
  0xFFFF, 0xFFFF, 0xFFFF, 0xFFFF, 0xFFFF, 0xFFFF, 0xFFFF, 0xFFFF, 0xFFFF, 0xFFFF,
  0xFFFF, 0xFFFF, 0xFFFF, 0xFFFF, 0x0000, 0x0000, 0x0000, 0x0000, 0x0000, 0xFFFF,
  0xFFFF, 0xFFFF, 0xFFFF, 0xFFFF, 0xFFFF, 0xFFFF, 0xFFFF, 0xFFFF, 0xFFFF, 0x0000,
  0x0000, 0x0000, 0x0000, 0x0000, 0x0000, 0x0000, 0x0000, 0x0000, 0x0000, 0x0000,
  0x0000, 0x0000, 0x0000, 0x0000, 0x0000, 0x0000, 0x0000, 0x0000, 0x0000, 0x0000,
  0x0000, 0x0000, 0x0000, 0x0000, 0x0000, 0x0000, 0x0000, 0x0000, 0x0000, 0x0000,
  0x0000, 0x0000, 0x0000, 0x0000, 0x0000, 0xFFFF, 0xFFFF, 0xFFFF, 0xFFFF, 0xFFFF,
  0xFFFF, 0xFFFF, 0xFFFF, 0xFFFF, 0xFFFF, 0xFFFF, 0x0000, 0x0000, 0x0000, 0x0000,
  0x0000, 0x0000, 0x0000, 0x0000, 0x0000, 0x0000, 0x0000, 0x0000, 0x0000, 0x0000,
  0x0000, 0x0000, 0x0000, 0x0000, 0x0000, 0x0000, 0x0000, 0x0000, 0x0000, 0x0000,
  0x0000, 0x0000, 0x0000, 0x0000, 0x0000, 0x0000, 0x0000, 0x0000, 0x0000, 0x0000,
  0x0000, 0x0000, 0xFFFF, 0xFFFF, 0xFFFF, 0xFFFF, 0xFFFF, 0x0000, 0x0000, 0x0000,
  0x0000, 0x0000, 0x0000, 0x0000, 0x0000, 0x0000, 0x0000, 0xFFFF, 0xFFFF, 0xFFFF,
  0xFFFF, 0xFFFF, 0x0000, 0x0000, 0x0000, 0x0000, 0x0000, 0xFFFF, 0xFFFF, 0xFFFF,
  0xFFFF, 0xFFFF, 0x0000, 0x0000, 0x0000, 0x0000, 0x0000, 0x0000, 0x0000, 0x0000,
  0x0000, 0x0000, 0x0000, 0x0000, 0x0000, 0x0000, 0x0000, 0x0000, 0x0000, 0x0000,
  0x0000, 0x0000, 0x0000, 0xFFFF, 0xFFFF, 0xFFFF, 0xFFFF, 0xFFFF, 0x0000, 0x0000,
  0x0000, 0x0000, 0x0000, 0xFFFF, 0xFFFF, 0xFFFF, 0xFFFF, 0xFFFF, 0xFFFF, 0xFFFF,
  0xFFFF, 0xFFFF, 0xFFFF, 0xFFFF, 0xFFFF, 0xFFFF, 0xFFFF, 0xFFFF, 0xFFFF, 0xFFFF,
  0xFFFF, 0xFFFF, 0xFFFF, 0xFFFF, 0x0000, 0x0000, 0x0000, 0x0000, 0x0000, 0xFFFF,
  0xFFFF, 0xFFFF, 0xFFFF, 0xFFFF, 0xFFFF, 0xFFFF, 0xFFFF, 0xFFFF, 0xFFFF, 0x0000,
  0x0000, 0x0000, 0x0000, 0x0000, 0x0000, 0x0000, 0x0000, 0x0000, 0x0000, 0x0000,
  0x0000, 0x0000, 0x0000, 0x0000, 0x0000, 0x0000, 0x0000, 0x0000, 0x0000, 0x0000,
  0x0000, 0x0000, 0x0000, 0x0000, 0x0000, 0x0000, 0x0000, 0x0000, 0x0000, 0x0000,
  0x0000, 0x0000, 0x0000, 0x0000, 0x0000, 0xFFFF, 0xFFFF, 0xFFFF, 0xFFFF, 0xFFFF,
  0xFFFF, 0xFFFF, 0xFFFF, 0xFFFF, 0xFFFF, 0xFFFF, 0x0000, 0x0000, 0x0000, 0x0000,
  0x0000, 0x0000, 0x0000, 0x0000, 0x0000, 0x0000, 0x0000, 0x0000, 0x0000, 0x0000,
  0x0000, 0x0000, 0x0000, 0x0000, 0x0000, 0x0000, 0x0000, 0x0000, 0x0000, 0x0000,
  0x0000, 0x0000, 0x0000, 0x0000, 0x0000, 0x0000, 0x0000, 0x0000, 0x0000, 0x0000,
  0x0000, 0x0000, 0xFFFF, 0xFFFF, 0xFFFF, 0xFFFF, 0xFFFF, 0x0000, 0x0000, 0x0000,
  0x0000, 0x0000, 0x0000, 0x0000, 0x0000, 0x0000, 0x0000, 0xFFFF, 0xFFFF, 0xFFFF,
  0xFFFF, 0xFFFF, 0x0000, 0x0000, 0x0000, 0x0000, 0x0000, 0xFFFF, 0xFFFF, 0xFFFF,
  0xFFFF, 0xFFFF, 0x0000, 0x0000, 0x0000, 0x0000, 0x0000, 0x0000, 0x0000, 0x0000,
  0x0000, 0x0000, 0x0000, 0x0000, 0x0000, 0x0000, 0x0000, 0x0000, 0x0000, 0x0000,
  0x0000, 0x0000, 0x0000, 0xFFFF, 0xFFFF, 0xFFFF, 0xFFFF, 0xFFFF, 0x0000, 0x0000,
  0x0000, 0x0000, 0x0000, 0xFFFF, 0xFFFF, 0xFFFF, 0xFFFF, 0xFFFF, 0xFFFF, 0xFFFF,
  0xFFFF, 0xFFFF, 0xFFFF, 0xFFFF, 0xFFFF, 0xFFFF, 0xFFFF, 0xFFFF, 0xFFFF, 0xFFFF,
  0xFFFF, 0xFFFF, 0xFFFF, 0xFFFF, 0x0000, 0x0000, 0x0000, 0x0000, 0x0000, 0xFFFF,
  0xFFFF, 0xFFFF, 0xFFFF, 0xFFFF, 0xFFFF, 0xFFFF, 0xFFFF, 0xFFFF, 0xFFFF, 0x0000,
  0x0000, 0x0000, 0x0000, 0x0000, 0x0000, 0x0000, 0x0000, 0x0000, 0x0000, 0x0000,
  0x0000, 0x0000, 0x0000, 0x0000, 0x0000, 0x0000, 0x0000, 0x0000, 0x0000, 0x0000,
  0x0000, 0x0000, 0x0000, 0x0000, 0x0000, 0x0000, 0x0000, 0x0000, 0x0000, 0x0000,
  0x0000, 0x0000, 0x0000, 0x0000, 0x0000, 0xFFFF, 0xFFFF, 0xFFFF, 0xFFFF, 0xFFFF,
  0xFFFF, 0xFFFF, 0xFFFF, 0xFFFF, 0xFFFF, 0xFFFF, 0x0000, 0x0000, 0x0000, 0x0000,
  0x0000, 0x0000, 0x0000, 0x0000, 0x0000, 0x0000, 0x0000, 0x0000, 0x0000, 0x0000,
  0x0000, 0x0000, 0x0000, 0x0000, 0x0000, 0x0000, 0x0000, 0x0000, 0x0000, 0x0000,
  0x0000, 0x0000, 0x0000, 0x0000, 0x0000, 0x0000, 0x0000, 0x0000, 0x0000, 0x0000,
  0x0000, 0x0000, 0xFFFF, 0xFFFF, 0xFFFF, 0xFFFF, 0xFFFF, 0x0000, 0x0000, 0x0000,
  0x0000, 0x0000, 0x0000, 0x0000, 0x0000, 0x0000, 0x0000, 0xFFFF, 0xFFFF, 0xFFFF,
  0xFFFF, 0xFFFF, 0x0000, 0x0000, 0x0000, 0x0000, 0x0000, 0xFFFF, 0xFFFF, 0xFFFF,
  0xFFFF, 0xFFFF, 0x0000, 0x0000, 0x0000, 0x0000, 0x0000, 0x0000, 0x0000, 0x0000,
  0x0000, 0x0000, 0x0000, 0x0000, 0x0000, 0x0000, 0x0000, 0x0000, 0x0000, 0x0000,
  0x0000, 0x0000, 0x0000, 0xFFFF, 0xFFFF, 0xFFFF, 0xFFFF, 0xFFFF, 0x0000, 0x0000,
  0x0000, 0x0000, 0x0000, 0xFFFF, 0xFFFF, 0xFFFF, 0xFFFF, 0xFFFF, 0xFFFF, 0xFFFF,
  0xFFFF, 0xFFFF, 0xFFFF, 0xFFFF, 0xFFFF, 0xFFFF, 0xFFFF, 0xFFFF, 0xFFFF, 0xFFFF,
  0xFFFF, 0xFFFF, 0xFFFF, 0xFFFF, 0x0000, 0x0000, 0x0000, 0x0000, 0x0000, 0xFFFF,
  0xFFFF, 0xFFFF, 0xFFFF, 0xFFFF, 0xFFFF, 0xFFFF, 0xFFFF, 0xFFFF, 0xFFFF, 0x0000,
  0x0000, 0x0000, 0x0000, 0x0000, 0x0000, 0x0000, 0x0000, 0x0000, 0x0000, 0x0000,
  0x0000, 0x0000, 0x0000, 0x0000, 0x0000, 0x0000, 0x0000, 0x0000, 0x0000, 0x0000,
  0x0000, 0x0000, 0x0000, 0x0000, 0x0000, 0x0000, 0x0000, 0x0000, 0x0000, 0x0000,
  0x0000, 0x0000, 0x0000, 0x0000, 0x0000, 0xFFFF, 0xFFFF, 0xFFFF, 0xFFFF, 0xFFFF,
  0xFFFF, 0xFFFF, 0xFFFF, 0xFFFF, 0xFFFF, 0xFFFF, 0x0000, 0x0000, 0x0000, 0x0000,
  0x0000, 0xFFFF, 0xFFFF, 0xFFFF, 0xFFFF, 0xFFFF, 0xFFFF, 0xFFFF, 0xFFFF, 0xFFFF,
  0xFFFF, 0xFFFF, 0xFFFF, 0xFFFF, 0xFFFF, 0xFFFF, 0xFFFF, 0xFFFF, 0xFFFF, 0xFFFF,
  0xFFFF, 0xFFFF, 0xFFFF, 0xFFFF, 0xFFFF, 0xFFFF, 0x0000, 0x0000, 0x0000, 0x0000,
  0x0000, 0x0000, 0xFFFF, 0xFFFF, 0xFFFF, 0xFFFF, 0xFFFF, 0xFFFF, 0xFFFF, 0xFFFF,
  0xFFFF, 0xFFFF, 0xFFFF, 0xFFFF, 0xFFFF, 0xFFFF, 0xFFFF, 0xFFFF, 0xFFFF, 0xFFFF,
  0xFFFF, 0xFFFF, 0x0000, 0x0000, 0x0000, 0x0000, 0x0000, 0xFFFF, 0xFFFF, 0xFFFF,
  0xFFFF, 0xFFFF, 0x0000, 0x0000, 0x0000, 0x0000, 0x0000, 0x0000, 0x0000, 0x0000,
  0x0000, 0x0000, 0x0000, 0xFFFF, 0xFFFF, 0xFFFF, 0xFFFF, 0xFFFF, 0x0000, 0x0000,
  0x0000, 0x0000, 0x0000, 0xFFFF, 0xFFFF, 0xFFFF, 0xFFFF, 0xFFFF, 0x0000, 0x0000,
  0x0000, 0x0000, 0x0000, 0x0000, 0x0000, 0x0000, 0x0000, 0x0000, 0xFFFF, 0xFFFF,
  0xFFFF, 0xFFFF, 0xFFFF, 0xFFFF, 0xFFFF, 0xFFFF, 0xFFFF, 0xFFFF, 0xFFFF, 0x0000,
  0x0000, 0x0000, 0x0000, 0x0000, 0xFFFF, 0xFFFF, 0xFFFF, 0xFFFF, 0xFFFF, 0xFFFF,
  0xFFFF, 0xFFFF, 0xFFFF, 0xFFFF, 0xFFFF, 0xFFFF, 0xFFFF, 0xFFFF, 0xFFFF, 0x0000,
  0x0000, 0x0000, 0x0000, 0x0000, 0xFFFF, 0xFFFF, 0xFFFF, 0xFFFF, 0xFFFF, 0xFFFF,
  0xFFFF, 0xFFFF, 0xFFFF, 0xFFFF, 0xFFFF, 0xFFFF, 0xFFFF, 0xFFFF, 0xFFFF, 0xFFFF,
  0xFFFF, 0xFFFF, 0xFFFF, 0xFFFF, 0xFFFF, 0xFFFF, 0xFFFF, 0xFFFF, 0xFFFF, 0xFFFF,
  0x0000, 0x0000, 0x0000, 0x0000, 0x0000, 0xFFFF, 0xFFFF, 0xFFFF, 0xFFFF, 0xFFFF,
  0xFFFF, 0xFFFF, 0xFFFF, 0xFFFF, 0xFFFF, 0xFFFF, 0x0000, 0x0000, 0x0000, 0x0000,
  0x0000, 0xFFFF, 0xFFFF, 0xFFFF, 0xFFFF, 0xFFFF, 0xFFFF, 0xFFFF, 0xFFFF, 0xFFFF,
  0xFFFF, 0xFFFF, 0xFFFF, 0xFFFF, 0xFFFF, 0xFFFF, 0xFFFF, 0xFFFF, 0xFFFF, 0xFFFF,
  0xFFFF, 0xFFFF, 0xFFFF, 0xFFFF, 0xFFFF, 0xFFFF, 0x0000, 0x0000, 0x0000, 0x0000,
  0x0000, 0x0000, 0xFFFF, 0xFFFF, 0xFFFF, 0xFFFF, 0xFFFF, 0xFFFF, 0xFFFF, 0xFFFF,
  0xFFFF, 0xFFFF, 0xFFFF, 0xFFFF, 0xFFFF, 0xFFFF, 0xFFFF, 0xFFFF, 0xFFFF, 0xFFFF,
  0xFFFF, 0xFFFF, 0x0000, 0x0000, 0x0000, 0x0000, 0x0000, 0xFFFF, 0xFFFF, 0xFFFF,
  0xFFFF, 0xFFFF, 0x0000, 0x0000, 0x0000, 0x0000, 0x0000, 0x0000, 0x0000, 0x0000,
  0x0000, 0x0000, 0x0000, 0xFFFF, 0xFFFF, 0xFFFF, 0xFFFF, 0xFFFF, 0x0000, 0x0000,
  0x0000, 0x0000, 0x0000, 0xFFFF, 0xFFFF, 0xFFFF, 0xFFFF, 0xFFFF, 0x0000, 0x0000,
  0x0000, 0x0000, 0x0000, 0x0000, 0x0000, 0x0000, 0x0000, 0x0000, 0xFFFF, 0xFFFF,
  0xFFFF, 0xFFFF, 0xFFFF, 0xFFFF, 0xFFFF, 0xFFFF, 0xFFFF, 0xFFFF, 0xFFFF, 0x0000,
  0x0000, 0x0000, 0x0000, 0x0000, 0xFFFF, 0xFFFF, 0xFFFF, 0xFFFF, 0xFFFF, 0xFFFF,
  0xFFFF, 0xFFFF, 0xFFFF, 0xFFFF, 0xFFFF, 0xFFFF, 0xFFFF, 0xFFFF, 0xFFFF, 0x0000,
  0x0000, 0x0000, 0x0000, 0x0000, 0xFFFF, 0xFFFF, 0xFFFF, 0xFFFF, 0xFFFF, 0xFFFF,
  0xFFFF, 0xFFFF, 0xFFFF, 0xFFFF, 0xFFFF, 0xFFFF, 0xFFFF, 0xFFFF, 0xFFFF, 0xFFFF,
  0xFFFF, 0xFFFF, 0xFFFF, 0xFFFF, 0xFFFF, 0xFFFF, 0xFFFF, 0xFFFF, 0xFFFF, 0xFFFF,
  0x0000, 0x0000, 0x0000, 0x0000, 0x0000, 0xFFFF, 0xFFFF, 0xFFFF, 0xFFFF, 0xFFFF,
  0xFFFF, 0xFFFF, 0xFFFF, 0xFFFF, 0xFFFF, 0xFFFF, 0x0000, 0x0000, 0x0000, 0x0000,
  0x0000, 0xFFFF, 0xFFFF, 0xFFFF, 0xFFFF, 0xFFFF, 0xFFFF, 0xFFFF, 0xFFFF, 0xFFFF,
  0xFFFF, 0xFFFF, 0xFFFF, 0xFFFF, 0xFFFF, 0xFFFF, 0xFFFF, 0xFFFF, 0xFFFF, 0xFFFF,
  0xFFFF, 0xFFFF, 0xFFFF, 0xFFFF, 0xFFFF, 0xFFFF, 0x0000, 0x0000, 0x0000, 0x0000,
  0x0000, 0x0000, 0xFFFF, 0xFFFF, 0xFFFF, 0xFFFF, 0xFFFF, 0xFFFF, 0xFFFF, 0xFFFF,
  0xFFFF, 0xFFFF, 0xFFFF, 0xFFFF, 0xFFFF, 0xFFFF, 0xFFFF, 0xFFFF, 0xFFFF, 0xFFFF,
  0xFFFF, 0xFFFF, 0x0000, 0x0000, 0x0000, 0x0000, 0x0000, 0xFFFF, 0xFFFF, 0xFFFF,
  0xFFFF, 0xFFFF, 0x0000, 0x0000, 0x0000, 0x0000, 0x0000, 0x0000, 0x0000, 0x0000,
  0x0000, 0x0000, 0x0000, 0xFFFF, 0xFFFF, 0xFFFF, 0xFFFF, 0xFFFF, 0x0000, 0x0000,
  0x0000, 0x0000, 0x0000, 0xFFFF, 0xFFFF, 0xFFFF, 0xFFFF, 0xFFFF, 0x0000, 0x0000,
  0x0000, 0x0000, 0x0000, 0x0000, 0x0000, 0x0000, 0x0000, 0x0000, 0xFFFF, 0xFFFF,
  0xFFFF, 0xFFFF, 0xFFFF, 0xFFFF, 0xFFFF, 0xFFFF, 0xFFFF, 0xFFFF, 0xFFFF, 0x0000,
  0x0000, 0x0000, 0x0000, 0x0000, 0xFFFF, 0xFFFF, 0xFFFF, 0xFFFF, 0xFFFF, 0xFFFF,
  0xFFFF, 0xFFFF, 0xFFFF, 0xFFFF, 0xFFFF, 0xFFFF, 0xFFFF, 0xFFFF, 0xFFFF, 0x0000,
  0x0000, 0x0000, 0x0000, 0x0000, 0xFFFF, 0xFFFF, 0xFFFF, 0xFFFF, 0xFFFF, 0xFFFF,
  0xFFFF, 0xFFFF, 0xFFFF, 0xFFFF, 0xFFFF, 0xFFFF, 0xFFFF, 0xFFFF, 0xFFFF, 0xFFFF,
  0xFFFF, 0xFFFF, 0xFFFF, 0xFFFF, 0xFFFF, 0xFFFF, 0xFFFF, 0xFFFF, 0xFFFF, 0xFFFF,
  0x0000, 0x0000, 0x0000, 0x0000, 0x0000, 0xFFFF, 0xFFFF, 0xFFFF, 0xFFFF, 0xFFFF,
  0xFFFF, 0xFFFF, 0xFFFF, 0xFFFF, 0xFFFF, 0xFFFF, 0x0000, 0x0000, 0x0000, 0x0000,
  0x0000, 0xFFFF, 0xFFFF, 0xFFFF, 0xFFFF, 0xFFFF, 0xFFFF, 0xFFFF, 0xFFFF, 0xFFFF,
  0xFFFF, 0xFFFF, 0xFFFF, 0xFFFF, 0xFFFF, 0xFFFF, 0xFFFF, 0xFFFF, 0xFFFF, 0xFFFF,
  0xFFFF, 0xFFFF, 0xFFFF, 0xFFFF, 0xFFFF, 0xFFFF, 0x0000, 0x0000, 0x0000, 0x0000,
  0x0000, 0x0000, 0xFFFF, 0xFFFF, 0xFFFF, 0xFFFF, 0xFFFF, 0xFFFF, 0xFFFF, 0xFFFF,
  0xFFFF, 0xFFFF, 0xFFFF, 0xFFFF, 0xFFFF, 0xFFFF, 0xFFFF, 0xFFFF, 0xFFFF, 0xFFFF,
  0xFFFF, 0xFFFF, 0x0000, 0x0000, 0x0000, 0x0000, 0x0000, 0xFFFF, 0xFFFF, 0xFFFF,
  0xFFFF, 0xFFFF, 0x0000, 0x0000, 0x0000, 0x0000, 0x0000, 0x0000, 0x0000, 0x0000,
  0x0000, 0x0000, 0x0000, 0xFFFF, 0xFFFF, 0xFFFF, 0xFFFF, 0xFFFF, 0x0000, 0x0000,
  0x0000, 0x0000, 0x0000, 0xFFFF, 0xFFFF, 0xFFFF, 0xFFFF, 0xFFFF, 0x0000, 0x0000,
  0x0000, 0x0000, 0x0000, 0x0000, 0x0000, 0x0000, 0x0000, 0x0000, 0xFFFF, 0xFFFF,
  0xFFFF, 0xFFFF, 0xFFFF, 0xFFFF, 0xFFFF, 0xFFFF, 0xFFFF, 0xFFFF, 0xFFFF, 0x0000,
  0x0000, 0x0000, 0x0000, 0x0000, 0xFFFF, 0xFFFF, 0xFFFF, 0xFFFF, 0xFFFF, 0xFFFF,
  0xFFFF, 0xFFFF, 0xFFFF, 0xFFFF, 0xFFFF, 0xFFFF, 0xFFFF, 0xFFFF, 0xFFFF, 0x0000,
  0x0000, 0x0000, 0x0000, 0x0000, 0xFFFF, 0xFFFF, 0xFFFF, 0xFFFF, 0xFFFF, 0xFFFF,
  0xFFFF, 0xFFFF, 0xFFFF, 0xFFFF, 0xFFFF, 0xFFFF, 0xFFFF, 0xFFFF, 0xFFFF, 0xFFFF,
  0xFFFF, 0xFFFF, 0xFFFF, 0xFFFF, 0xFFFF, 0xFFFF, 0xFFFF, 0xFFFF, 0xFFFF, 0xFFFF,
  0x0000, 0x0000, 0x0000, 0x0000, 0x0000, 0xFFFF, 0xFFFF, 0xFFFF, 0xFFFF, 0xFFFF,
  0xFFFF, 0xFFFF, 0xFFFF, 0xFFFF, 0xFFFF, 0xFFFF, 0x0000, 0x0000, 0x0000, 0x0000,
  0x0000, 0xFFFF, 0xFFFF, 0xFFFF, 0xFFFF, 0xFFFF, 0xFFFF, 0xFFFF, 0xFFFF, 0xFFFF,
  0xFFFF, 0xFFFF, 0xFFFF, 0xFFFF, 0xFFFF, 0xFFFF, 0xFFFF, 0xFFFF, 0xFFFF, 0xFFFF,
  0xFFFF, 0xFFFF, 0xFFFF, 0xFFFF, 0xFFFF, 0xFFFF, 0x0000, 0x0000, 0x0000, 0x0000,
  0x0000, 0x0000, 0xFFFF, 0xFFFF, 0xFFFF, 0xFFFF, 0xFFFF, 0xFFFF, 0xFFFF, 0xFFFF,
  0xFFFF, 0xFFFF, 0xFFFF, 0xFFFF, 0xFFFF, 0xFFFF, 0xFFFF, 0xFFFF, 0xFFFF, 0xFFFF,
  0xFFFF, 0xFFFF, 0x0000, 0x0000, 0x0000, 0x0000, 0x0000, 0xFFFF, 0xFFFF, 0xFFFF,
  0xFFFF, 0xFFFF, 0x0000, 0x0000, 0x0000, 0x0000, 0x0000, 0x0000, 0x0000, 0x0000,
  0x0000, 0x0000, 0x0000, 0xFFFF, 0xFFFF, 0xFFFF, 0xFFFF, 0xFFFF, 0x0000, 0x0000,
  0x0000, 0x0000, 0x0000, 0xFFFF, 0xFFFF, 0xFFFF, 0xFFFF, 0xFFFF, 0x0000, 0x0000,
  0x0000, 0x0000, 0x0000, 0x0000, 0x0000, 0x0000, 0x0000, 0x0000, 0xFFFF, 0xFFFF,
  0xFFFF, 0xFFFF, 0xFFFF, 0xFFFF, 0xFFFF, 0xFFFF, 0xFFFF, 0xFFFF, 0xFFFF, 0x0000,
  0x0000, 0x0000, 0x0000, 0x0000, 0xFFFF, 0xFFFF, 0xFFFF, 0xFFFF, 0xFFFF, 0xFFFF,
  0xFFFF, 0xFFFF, 0xFFFF, 0xFFFF, 0xFFFF, 0xFFFF, 0xFFFF, 0xFFFF, 0xFFFF, 0x0000,
  0x0000, 0x0000, 0x0000, 0x0000, 0xFFFF, 0xFFFF, 0xFFFF, 0xFFFF, 0xFFFF, 0xFFFF,
  0xFFFF, 0xFFFF, 0xFFFF, 0xFFFF, 0xFFFF, 0xFFFF, 0xFFFF, 0xFFFF, 0xFFFF, 0xFFFF,
  0xFFFF, 0xFFFF, 0xFFFF, 0xFFFF, 0xFFFF, 0xFFFF, 0xFFFF, 0xFFFF, 0xFFFF, 0xFFFF,
  0x0000, 0x0000, 0x0000, 0x0000, 0x0000, 0xFFFF, 0xFFFF, 0xFFFF, 0xFFFF, 0xFFFF,
  0xFFFF, 0xFFFF, 0xFFFF, 0xFFFF, 0xFFFF, 0xFFFF, 0x0000, 0x0000, 0x0000, 0x0000,
  0x0000, 0xFFFF, 0xFFFF, 0xFFFF, 0xFFFF, 0xFFFF, 0x0000, 0x0000, 0x0000, 0x0000,
  0x0000, 0x0000, 0x0000, 0x0000, 0x0000, 0x0000, 0x0000, 0x0000, 0x0000, 0x0000,
  0x0000, 0xFFFF, 0xFFFF, 0xFFFF, 0xFFFF, 0xFFFF, 0x0000, 0x0000, 0x0000, 0x0000,
  0x0000, 0x0000, 0xFFFF, 0xFFFF, 0xFFFF, 0xFFFF, 0xFFFF, 0xFFFF, 0xFFFF, 0xFFFF,
  0xFFFF, 0xFFFF, 0x0000, 0x0000, 0x0000, 0x0000, 0x0000, 0xFFFF, 0xFFFF, 0xFFFF,
  0xFFFF, 0xFFFF, 0x0000, 0x0000, 0x0000, 0x0000, 0x0000, 0x0000, 0x0000, 0x0000,
  0x0000, 0x0000, 0xFFFF, 0xFFFF, 0xFFFF, 0xFFFF, 0xFFFF, 0xFFFF, 0x0000, 0x0000,
  0x0000, 0x0000, 0x0000, 0xFFFF, 0xFFFF, 0xFFFF, 0xFFFF, 0xFFFF, 0xFFFF, 0xFFFF,
  0xFFFF, 0xFFFF, 0xFFFF, 0x0000, 0x0000, 0x0000, 0x0000, 0x0000, 0x0000, 0x0000,
  0x0000, 0x0000, 0x0000, 0xFFFF, 0xFFFF, 0xFFFF, 0xFFFF, 0xFFFF, 0xFFFF, 0xFFFF,
  0xFFFF, 0xFFFF, 0xFFFF, 0xFFFF, 0x0000, 0x0000, 0x0000, 0x0000, 0x0000, 0xFFFF,
  0xFFFF, 0xFFFF, 0xFFFF, 0xFFFF, 0x0000, 0x0000, 0x0000, 0x0000, 0x0000, 0x0000,
  0x0000, 0x0000, 0x0000, 0x0000, 0xFFFF, 0xFFFF, 0xFFFF, 0xFFFF, 0xFFFF, 0x0000,
  0x0000, 0x0000, 0x0000, 0x0000, 0xFFFF, 0xFFFF, 0xFFFF, 0xFFFF, 0xFFFF, 0xFFFF,
  0x0000, 0x0000, 0x0000, 0x0000, 0x0000, 0x0000, 0x0000, 0x0000, 0x0000, 0x0000,
  0x0000, 0x0000, 0x0000, 0x0000, 0x0000, 0xFFFF, 0xFFFF, 0xFFFF, 0xFFFF, 0xFFFF,
  0x0000, 0x0000, 0x0000, 0x0000, 0x0000, 0xFFFF, 0xFFFF, 0xFFFF, 0xFFFF, 0xFFFF,
  0xFFFF, 0xFFFF, 0xFFFF, 0xFFFF, 0xFFFF, 0xFFFF, 0x0000, 0x0000, 0x0000, 0x0000,
  0x0000, 0xFFFF, 0xFFFF, 0xFFFF, 0xFFFF, 0xFFFF, 0x0000, 0x0000, 0x0000, 0x0000,
  0x0000, 0x0000, 0x0000, 0x0000, 0x0000, 0x0000, 0x0000, 0x0000, 0x0000, 0x0000,
  0x0000, 0xFFFF, 0xFFFF, 0xFFFF, 0xFFFF, 0xFFFF, 0x0000, 0x0000, 0x0000, 0x0000,
  0x0000, 0x0000, 0xFFFF, 0xFFFF, 0xFFFF, 0xFFFF, 0xFFFF, 0xFFFF, 0xFFFF, 0xFFFF,
  0xFFFF, 0xFFFF, 0x0000, 0x0000, 0x0000, 0x0000, 0x0000, 0xFFFF, 0xFFFF, 0xFFFF,
  0xFFFF, 0xFFFF, 0x0000, 0x0000, 0x0000, 0x0000, 0x0000, 0x0000, 0x0000, 0x0000,
  0x0000, 0x0000, 0xFFFF, 0xFFFF, 0xFFFF, 0xFFFF, 0xFFFF, 0xFFFF, 0x0000, 0x0000,
  0x0000, 0x0000, 0x0000, 0xFFFF, 0xFFFF, 0xFFFF, 0xFFFF, 0xFFFF, 0xFFFF, 0xFFFF,
  0xFFFF, 0xFFFF, 0xFFFF, 0x0000, 0x0000, 0x0000, 0x0000, 0x0000, 0x0000, 0x0000,
  0x0000, 0x0000, 0x0000, 0xFFFF, 0xFFFF, 0xFFFF, 0xFFFF, 0xFFFF, 0xFFFF, 0xFFFF,
  0xFFFF, 0xFFFF, 0xFFFF, 0xFFFF, 0x0000, 0x0000, 0x0000, 0x0000, 0x0000, 0xFFFF,
  0xFFFF, 0xFFFF, 0xFFFF, 0xFFFF, 0x0000, 0x0000, 0x0000, 0x0000, 0x0000, 0x0000,
  0x0000, 0x0000, 0x0000, 0x0000, 0xFFFF, 0xFFFF, 0xFFFF, 0xFFFF, 0xFFFF, 0x0000,
  0x0000, 0x0000, 0x0000, 0x0000, 0xFFFF, 0xFFFF, 0xFFFF, 0xFFFF, 0xFFFF, 0xFFFF,
  0x0000, 0x0000, 0x0000, 0x0000, 0x0000, 0x0000, 0x0000, 0x0000, 0x0000, 0x0000,
  0x0000, 0x0000, 0x0000, 0x0000, 0x0000, 0xFFFF, 0xFFFF, 0xFFFF, 0xFFFF, 0xFFFF,
  0x0000, 0x0000, 0x0000, 0x0000, 0x0000, 0xFFFF, 0xFFFF, 0xFFFF, 0xFFFF, 0xFFFF,
  0xFFFF, 0xFFFF, 0xFFFF, 0xFFFF, 0xFFFF, 0xFFFF, 0x0000, 0x0000, 0x0000, 0x0000,
  0x0000, 0xFFFF, 0xFFFF, 0xFFFF, 0xFFFF, 0xFFFF, 0x0000, 0x0000, 0x0000, 0x0000,
  0x0000, 0x0000, 0x0000, 0x0000, 0x0000, 0x0000, 0x0000, 0x0000, 0x0000, 0x0000,
  0x0000, 0xFFFF, 0xFFFF, 0xFFFF, 0xFFFF, 0xFFFF, 0x0000, 0x0000, 0x0000, 0x0000,
  0x0000, 0x0000, 0xFFFF, 0xFFFF, 0xFFFF, 0xFFFF, 0xFFFF, 0xFFFF, 0xFFFF, 0xFFFF,
  0xFFFF, 0xFFFF, 0x0000, 0x0000, 0x0000, 0x0000, 0x0000, 0xFFFF, 0xFFFF, 0xFFFF,
  0xFFFF, 0xFFFF, 0x0000, 0x0000, 0x0000, 0x0000, 0x0000, 0x0000, 0x0000, 0x0000,
  0x0000, 0x0000, 0xFFFF, 0xFFFF, 0xFFFF, 0xFFFF, 0xFFFF, 0xFFFF, 0x0000, 0x0000,
  0x0000, 0x0000, 0x0000, 0xFFFF, 0xFFFF, 0xFFFF, 0xFFFF, 0xFFFF, 0xFFFF, 0xFFFF,
  0xFFFF, 0xFFFF, 0xFFFF, 0x0000, 0x0000, 0x0000, 0x0000, 0x0000, 0x0000, 0x0000,
  0x0000, 0x0000, 0x0000, 0xFFFF, 0xFFFF, 0xFFFF, 0xFFFF, 0xFFFF, 0xFFFF, 0xFFFF,
  0xFFFF, 0xFFFF, 0xFFFF, 0xFFFF, 0x0000, 0x0000, 0x0000, 0x0000, 0x0000, 0xFFFF,
  0xFFFF, 0xFFFF, 0xFFFF, 0xFFFF, 0x0000, 0x0000, 0x0000, 0x0000, 0x0000, 0x0000,
  0x0000, 0x0000, 0x0000, 0x0000, 0xFFFF, 0xFFFF, 0xFFFF, 0xFFFF, 0xFFFF, 0x0000,
  0x0000, 0x0000, 0x0000, 0x0000, 0xFFFF, 0xFFFF, 0xFFFF, 0xFFFF, 0xFFFF, 0xFFFF,
  0x0000, 0x0000, 0x0000, 0x0000, 0x0000, 0x0000, 0x0000, 0x0000, 0x0000, 0x0000,
  0x0000, 0x0000, 0x0000, 0x0000, 0x0000, 0xFFFF, 0xFFFF, 0xFFFF, 0xFFFF, 0xFFFF,
  0x0000, 0x0000, 0x0000, 0x0000, 0x0000, 0xFFFF, 0xFFFF, 0xFFFF, 0xFFFF, 0xFFFF,
  0xFFFF, 0xFFFF, 0xFFFF, 0xFFFF, 0xFFFF, 0xFFFF, 0x0000, 0x0000, 0x0000, 0x0000,
  0x0000, 0xFFFF, 0xFFFF, 0xFFFF, 0xFFFF, 0xFFFF, 0x0000, 0x0000, 0x0000, 0x0000,
  0x0000, 0x0000, 0x0000, 0x0000, 0x0000, 0x0000, 0x0000, 0x0000, 0x0000, 0x0000,
  0x0000, 0xFFFF, 0xFFFF, 0xFFFF, 0xFFFF, 0xFFFF, 0x0000, 0x0000, 0x0000, 0x0000,
  0x0000, 0x0000, 0xFFFF, 0xFFFF, 0xFFFF, 0xFFFF, 0xFFFF, 0xFFFF, 0xFFFF, 0xFFFF,
  0xFFFF, 0xFFFF, 0x0000, 0x0000, 0x0000, 0x0000, 0x0000, 0xFFFF, 0xFFFF, 0xFFFF,
  0xFFFF, 0xFFFF, 0x0000, 0x0000, 0x0000, 0x0000, 0x0000, 0x0000, 0x0000, 0x0000,
  0x0000, 0x0000, 0xFFFF, 0xFFFF, 0xFFFF, 0xFFFF, 0xFFFF, 0xFFFF, 0x0000, 0x0000,
  0x0000, 0x0000, 0x0000, 0xFFFF, 0xFFFF, 0xFFFF, 0xFFFF, 0xFFFF, 0xFFFF, 0xFFFF,
  0xFFFF, 0xFFFF, 0xFFFF, 0x0000, 0x0000, 0x0000, 0x0000, 0x0000, 0x0000, 0x0000,
  0x0000, 0x0000, 0x0000, 0xFFFF, 0xFFFF, 0xFFFF, 0xFFFF, 0xFFFF, 0xFFFF, 0xFFFF,
  0xFFFF, 0xFFFF, 0xFFFF, 0xFFFF, 0x0000, 0x0000, 0x0000, 0x0000, 0x0000, 0xFFFF,
  0xFFFF, 0xFFFF, 0xFFFF, 0xFFFF, 0x0000, 0x0000, 0x0000, 0x0000, 0x0000, 0x0000,
  0x0000, 0x0000, 0x0000, 0x0000, 0xFFFF, 0xFFFF, 0xFFFF, 0xFFFF, 0xFFFF, 0x0000,
  0x0000, 0x0000, 0x0000, 0x0000, 0xFFFF, 0xFFFF, 0xFFFF, 0xFFFF, 0xFFFF, 0xFFFF,
  0x0000, 0x0000, 0x0000, 0x0000, 0x0000, 0x0000, 0x0000, 0x0000, 0x0000, 0x0000,
  0x0000, 0x0000, 0x0000, 0x0000, 0x0000, 0xFFFF, 0xFFFF, 0xFFFF, 0xFFFF, 0xFFFF,
  0x0000, 0x0000, 0x0000, 0x0000, 0x0000, 0xFFFF, 0xFFFF, 0xFFFF, 0xFFFF, 0xFFFF,
  0xFFFF, 0xFFFF, 0xFFFF, 0xFFFF, 0xFFFF, 0xFFFF, 0x0000, 0x0000, 0x0000, 0x0000,
  0x0000, 0xFFFF, 0xFFFF, 0xFFFF, 0xFFFF, 0xFFFF, 0x0000, 0x0000, 0x0000, 0x0000,
  0x0000, 0x0000, 0x0000, 0x0000, 0x0000, 0x0000, 0x0000, 0x0000, 0x0000, 0x0000,
  0x0000, 0xFFFF, 0xFFFF, 0xFFFF, 0xFFFF, 0xFFFF, 0x0000, 0x0000, 0x0000, 0x0000,
  0x0000, 0x0000, 0xFFFF, 0xFFFF, 0xFFFF, 0xFFFF, 0xFFFF, 0xFFFF, 0xFFFF, 0xFFFF,
  0xFFFF, 0xFFFF, 0x0000, 0x0000, 0x0000, 0x0000, 0x0000, 0xFFFF, 0xFFFF, 0xFFFF,
  0xFFFF, 0xFFFF, 0x0000, 0x0000, 0x0000, 0x0000, 0x0000, 0x0000, 0x0000, 0x0000,
  0x0000, 0x0000, 0xFFFF, 0xFFFF, 0xFFFF, 0xFFFF, 0xFFFF, 0xFFFF, 0x0000, 0x0000,
  0x0000, 0x0000, 0x0000, 0xFFFF, 0xFFFF, 0xFFFF, 0xFFFF, 0xFFFF, 0xFFFF, 0xFFFF,
  0xFFFF, 0xFFFF, 0xFFFF, 0x0000, 0x0000, 0x0000, 0x0000, 0x0000, 0x0000, 0x0000,
  0x0000, 0x0000, 0x0000, 0xFFFF, 0xFFFF, 0xFFFF, 0xFFFF, 0xFFFF, 0xFFFF, 0xFFFF,
  0xFFFF, 0xFFFF, 0xFFFF, 0xFFFF, 0x0000, 0x0000, 0x0000, 0x0000, 0x0000, 0xFFFF,
  0xFFFF, 0xFFFF, 0xFFFF, 0xFFFF, 0x0000, 0x0000, 0x0000, 0x0000, 0x0000, 0x0000,
  0x0000, 0x0000, 0x0000, 0x0000, 0xFFFF, 0xFFFF, 0xFFFF, 0xFFFF, 0xFFFF, 0x0000,
  0x0000, 0x0000, 0x0000, 0x0000, 0xFFFF, 0xFFFF, 0xFFFF, 0xFFFF, 0xFFFF, 0xFFFF,
  0x0000, 0x0000, 0x0000, 0x0000, 0x0000, 0x0000, 0x0000, 0x0000, 0x0000, 0x0000,
  0x0000, 0x0000, 0x0000, 0x0000, 0x0000, 0xFFFF, 0xFFFF, 0xFFFF, 0xFFFF, 0xFFFF,
  0x0000, 0x0000, 0x0000, 0x0000, 0x0000, 0xFFFF, 0xFFFF, 0xFFFF, 0xFFFF, 0xFFFF,
  0xFFFF, 0xFFFF, 0xFFFF, 0xFFFF, 0xFFFF, 0xFFFF, 0x0000, 0x0000, 0x0000, 0x0000,
  0x0000, 0xFFFF, 0xFFFF, 0xFFFF, 0xFFFF, 0xFFFF, 0x0000, 0x0000, 0x0000, 0x0000,
  0x0000, 0x0000, 0x0000, 0x0000, 0x0000, 0x0000, 0x0000, 0x0000, 0x0000, 0x0000,
  0x0000, 0xFFFF, 0xFFFF, 0xFFFF, 0xFFFF, 0xFFFF, 0x0000, 0x0000, 0x0000, 0x0000,
  0x0000, 0x0000, 0xFFFF, 0xFFFF, 0xFFFF, 0xFFFF, 0xFFFF, 0x0000, 0x0000, 0x0000,
  0x0000, 0x0000, 0xFFFF, 0xFFFF, 0xFFFF, 0xFFFF, 0xFFFF, 0x0000, 0x0000, 0x0000,
  0x0000, 0x0000, 0xFFFF, 0xFFFF, 0xFFFF, 0xFFFF, 0xFFFF, 0x0000, 0x0000, 0x0000,
  0x0000, 0x0000, 0xFFFF, 0xFFFF, 0xFFFF, 0xFFFF, 0xFFFF, 0xFFFF, 0xFFFF, 0xFFFF,
  0xFFFF, 0xFFFF, 0xFFFF, 0x0000, 0x0000, 0x0000, 0x0000, 0x0000, 0x0000, 0x0000,
  0x0000, 0x0000, 0x0000, 0x0000, 0x0000, 0x0000, 0x0000, 0x0000, 0xFFFF, 0xFFFF,
  0xFFFF, 0xFFFF, 0xFFFF, 0x0000, 0x0000, 0x0000, 0x0000, 0x0000, 0xFFFF, 0xFFFF,
  0xFFFF, 0xFFFF, 0xFFFF, 0xFFFF, 0x0000, 0x0000, 0x0000, 0x0000, 0x0000, 0x0000,
  0x0000, 0x0000, 0x0000, 0x0000, 0x0000, 0x0000, 0x0000, 0x0000, 0x0000, 0xFFFF,
  0xFFFF, 0xFFFF, 0xFFFF, 0xFFFF, 0xFFFF, 0xFFFF, 0xFFFF, 0xFFFF, 0xFFFF, 0x0000,
  0x0000, 0x0000, 0x0000, 0x0000, 0xFFFF, 0xFFFF, 0xFFFF, 0xFFFF, 0xFFFF, 0xFFFF,
  0x0000, 0x0000, 0x0000, 0x0000, 0x0000, 0x0000, 0x0000, 0x0000, 0x0000, 0x0000,
  0x0000, 0x0000, 0x0000, 0x0000, 0x0000, 0xFFFF, 0xFFFF, 0xFFFF, 0xFFFF, 0xFFFF,
  0x0000, 0x0000, 0x0000, 0x0000, 0x0000, 0xFFFF, 0xFFFF, 0xFFFF, 0xFFFF, 0xFFFF,
  0xFFFF, 0xFFFF, 0xFFFF, 0xFFFF, 0xFFFF, 0xFFFF, 0x0000, 0x0000, 0x0000, 0x0000,
  0x0000, 0xFFFF, 0xFFFF, 0xFFFF, 0xFFFF, 0xFFFF, 0x0000, 0x0000, 0x0000, 0x0000,
  0x0000, 0x0000, 0x0000, 0x0000, 0x0000, 0x0000, 0x0000, 0x0000, 0x0000, 0x0000,
  0x0000, 0xFFFF, 0xFFFF, 0xFFFF, 0xFFFF, 0xFFFF, 0x0000, 0x0000, 0x0000, 0x0000,
  0x0000, 0x0000, 0xFFFF, 0xFFFF, 0xFFFF, 0xFFFF, 0xFFFF, 0x0000, 0x0000, 0x0000,
  0x0000, 0x0000, 0xFFFF, 0xFFFF, 0xFFFF, 0xFFFF, 0xFFFF, 0x0000, 0x0000, 0x0000,
  0x0000, 0x0000, 0xFFFF, 0xFFFF, 0xFFFF, 0xFFFF, 0xFFFF, 0x0000, 0x0000, 0x0000,
  0x0000, 0x0000, 0xFFFF, 0xFFFF, 0xFFFF, 0xFFFF, 0xFFFF, 0xFFFF, 0xFFFF, 0xFFFF,
  0xFFFF, 0xFFFF, 0xFFFF, 0x0000, 0x0000, 0x0000, 0x0000, 0x0000, 0x0000, 0x0000,
  0x0000, 0x0000, 0x0000, 0x0000, 0x0000, 0x0000, 0x0000, 0x0000, 0xFFFF, 0xFFFF,
  0xFFFF, 0xFFFF, 0xFFFF, 0x0000, 0x0000, 0x0000, 0x0000, 0x0000, 0xFFFF, 0xFFFF,
  0xFFFF, 0xFFFF, 0xFFFF, 0xFFFF, 0x0000, 0x0000, 0x0000, 0x0000, 0x0000, 0x0000,
  0x0000, 0x0000, 0x0000, 0x0000, 0x0000, 0x0000, 0x0000, 0x0000, 0x0000, 0xFFFF,
  0xFFFF, 0xFFFF, 0xFFFF, 0xFFFF, 0xFFFF, 0xFFFF, 0xFFFF, 0xFFFF, 0xFFFF, 0x0000,
  0x0000, 0x0000, 0x0000, 0x0000, 0xFFFF, 0xFFFF, 0xFFFF, 0xFFFF, 0xFFFF, 0xFFFF,
  0x0000, 0x0000, 0x0000, 0x0000, 0x0000, 0x0000, 0x0000, 0x0000, 0x0000, 0x0000,
  0x0000, 0x0000, 0x0000, 0x0000, 0x0000, 0xFFFF, 0xFFFF, 0xFFFF, 0xFFFF, 0xFFFF,
  0x0000, 0x0000, 0x0000, 0x0000, 0x0000, 0xFFFF, 0xFFFF, 0xFFFF, 0xFFFF, 0xFFFF,
  0xFFFF, 0xFFFF, 0xFFFF, 0xFFFF, 0xFFFF, 0xFFFF, 0x0000, 0x0000, 0x0000, 0x0000,
  0x0000, 0xFFFF, 0xFFFF, 0xFFFF, 0xFFFF, 0xFFFF, 0x0000, 0x0000, 0x0000, 0x0000,
  0x0000, 0x0000, 0x0000, 0x0000, 0x0000, 0x0000, 0x0000, 0x0000, 0x0000, 0x0000,
  0x0000, 0xFFFF, 0xFFFF, 0xFFFF, 0xFFFF, 0xFFFF, 0x0000, 0x0000, 0x0000, 0x0000,
  0x0000, 0x0000, 0xFFFF, 0xFFFF, 0xFFFF, 0xFFFF, 0xFFFF, 0x0000, 0x0000, 0x0000,
  0x0000, 0x0000, 0xFFFF, 0xFFFF, 0xFFFF, 0xFFFF, 0xFFFF, 0x0000, 0x0000, 0x0000,
  0x0000, 0x0000, 0xFFFF, 0xFFFF, 0xFFFF, 0xFFFF, 0xFFFF, 0x0000, 0x0000, 0x0000,
  0x0000, 0x0000, 0xFFFF, 0xFFFF, 0xFFFF, 0xFFFF, 0xFFFF, 0xFFFF, 0xFFFF, 0xFFFF,
  0xFFFF, 0xFFFF, 0xFFFF, 0x0000, 0x0000, 0x0000, 0x0000, 0x0000, 0x0000, 0x0000,
  0x0000, 0x0000, 0x0000, 0x0000, 0x0000, 0x0000, 0x0000, 0x0000, 0xFFFF, 0xFFFF,
  0xFFFF, 0xFFFF, 0xFFFF, 0x0000, 0x0000, 0x0000, 0x0000, 0x0000, 0xFFFF, 0xFFFF,
  0xFFFF, 0xFFFF, 0xFFFF, 0xFFFF, 0x0000, 0x0000, 0x0000, 0x0000, 0x0000, 0x0000,
  0x0000, 0x0000, 0x0000, 0x0000, 0x0000, 0x0000, 0x0000, 0x0000, 0x0000, 0xFFFF,
  0xFFFF, 0xFFFF, 0xFFFF, 0xFFFF, 0xFFFF, 0xFFFF, 0xFFFF, 0xFFFF, 0xFFFF, 0x0000,
  0x0000, 0x0000, 0x0000, 0x0000, 0xFFFF, 0xFFFF, 0xFFFF, 0xFFFF, 0xFFFF, 0xFFFF,
  0x0000, 0x0000, 0x0000, 0x0000, 0x0000, 0x0000, 0x0000, 0x0000, 0x0000, 0x0000,
  0x0000, 0x0000, 0x0000, 0x0000, 0x0000, 0xFFFF, 0xFFFF, 0xFFFF, 0xFFFF, 0xFFFF,
  0x0000, 0x0000, 0x0000, 0x0000, 0x0000, 0xFFFF, 0xFFFF, 0xFFFF, 0xFFFF, 0xFFFF,
  0xFFFF, 0xFFFF, 0xFFFF, 0xFFFF, 0xFFFF, 0xFFFF, 0x0000, 0x0000, 0x0000, 0x0000,
  0x0000, 0xFFFF, 0xFFFF, 0xFFFF, 0xFFFF, 0xFFFF, 0x0000, 0x0000, 0x0000, 0x0000,
  0x0000, 0x0000, 0x0000, 0x0000, 0x0000, 0x0000, 0x0000, 0x0000, 0x0000, 0x0000,
  0x0000, 0xFFFF, 0xFFFF, 0xFFFF, 0xFFFF, 0xFFFF, 0x0000, 0x0000, 0x0000, 0x0000,
  0x0000, 0x0000, 0xFFFF, 0xFFFF, 0xFFFF, 0xFFFF, 0xFFFF, 0x0000, 0x0000, 0x0000,
  0x0000, 0x0000, 0xFFFF, 0xFFFF, 0xFFFF, 0xFFFF, 0xFFFF, 0x0000, 0x0000, 0x0000,
  0x0000, 0x0000, 0xFFFF, 0xFFFF, 0xFFFF, 0xFFFF, 0xFFFF, 0x0000, 0x0000, 0x0000,
  0x0000, 0x0000, 0xFFFF, 0xFFFF, 0xFFFF, 0xFFFF, 0xFFFF, 0xFFFF, 0xFFFF, 0xFFFF,
  0xFFFF, 0xFFFF, 0xFFFF, 0x0000, 0x0000, 0x0000, 0x0000, 0x0000, 0x0000, 0x0000,
  0x0000, 0x0000, 0x0000, 0x0000, 0x0000, 0x0000, 0x0000, 0x0000, 0xFFFF, 0xFFFF,
  0xFFFF, 0xFFFF, 0xFFFF, 0x0000, 0x0000, 0x0000, 0x0000, 0x0000, 0xFFFF, 0xFFFF,
  0xFFFF, 0xFFFF, 0xFFFF, 0xFFFF, 0x0000, 0x0000, 0x0000, 0x0000, 0x0000, 0x0000,
  0x0000, 0x0000, 0x0000, 0x0000, 0x0000, 0x0000, 0x0000, 0x0000, 0x0000, 0xFFFF,
  0xFFFF, 0xFFFF, 0xFFFF, 0xFFFF, 0xFFFF, 0xFFFF, 0xFFFF, 0xFFFF, 0xFFFF, 0x0000,
  0x0000, 0x0000, 0x0000, 0x0000, 0xFFFF, 0xFFFF, 0xFFFF, 0xFFFF, 0xFFFF, 0xFFFF,
  0x0000, 0x0000, 0x0000, 0x0000, 0x0000, 0x0000, 0x0000, 0x0000, 0x0000, 0x0000,
  0x0000, 0x0000, 0x0000, 0x0000, 0x0000, 0xFFFF, 0xFFFF, 0xFFFF, 0xFFFF, 0xFFFF,
  0x0000, 0x0000, 0x0000, 0x0000, 0x0000, 0xFFFF, 0xFFFF, 0xFFFF, 0xFFFF, 0xFFFF,
  0xFFFF, 0xFFFF, 0xFFFF, 0xFFFF, 0xFFFF, 0xFFFF, 0x0000, 0x0000, 0x0000, 0x0000,
  0x0000, 0xFFFF, 0xFFFF, 0xFFFF, 0xFFFF, 0xFFFF, 0x0000, 0x0000, 0x0000, 0x0000,
  0x0000, 0x0000, 0x0000, 0x0000, 0x0000, 0x0000, 0x0000, 0x0000, 0x0000, 0x0000,
  0x0000, 0xFFFF, 0xFFFF, 0xFFFF, 0xFFFF, 0xFFFF, 0x0000, 0x0000, 0x0000, 0x0000,
  0x0000, 0x0000, 0xFFFF, 0xFFFF, 0xFFFF, 0xFFFF, 0xFFFF, 0x0000, 0x0000, 0x0000,
  0x0000, 0x0000, 0xFFFF, 0xFFFF, 0xFFFF, 0xFFFF, 0xFFFF, 0x0000, 0x0000, 0x0000,
  0x0000, 0x0000, 0xFFFF, 0xFFFF, 0xFFFF, 0xFFFF, 0xFFFF, 0x0000, 0x0000, 0x0000,
  0x0000, 0x0000, 0xFFFF, 0xFFFF, 0xFFFF, 0xFFFF, 0xFFFF, 0xFFFF, 0xFFFF, 0xFFFF,
  0xFFFF, 0xFFFF, 0xFFFF, 0x0000, 0x0000, 0x0000, 0x0000, 0x0000, 0x0000, 0x0000,
  0x0000, 0x0000, 0x0000, 0x0000, 0x0000, 0x0000, 0x0000, 0x0000, 0xFFFF, 0xFFFF,
  0xFFFF, 0xFFFF, 0xFFFF, 0x0000, 0x0000, 0x0000, 0x0000, 0x0000, 0xFFFF, 0xFFFF,
  0xFFFF, 0xFFFF, 0xFFFF, 0xFFFF, 0x0000, 0x0000, 0x0000, 0x0000, 0x0000, 0x0000,
  0x0000, 0x0000, 0x0000, 0x0000, 0x0000, 0x0000, 0x0000, 0x0000, 0x0000, 0xFFFF,
  0xFFFF, 0xFFFF, 0xFFFF, 0xFFFF, 0xFFFF, 0xFFFF, 0xFFFF, 0xFFFF, 0xFFFF, 0x0000,
  0x0000, 0x0000, 0x0000, 0x0000, 0xFFFF, 0xFFFF, 0xFFFF, 0xFFFF, 0xFFFF, 0xFFFF,
  0x0000, 0x0000, 0x0000, 0x0000, 0x0000, 0x0000, 0x0000, 0x0000, 0x0000, 0x0000,
  0x0000, 0x0000, 0x0000, 0x0000, 0x0000, 0xFFFF, 0xFFFF, 0xFFFF, 0xFFFF, 0xFFFF,
  0x0000, 0x0000, 0x0000, 0x0000, 0x0000, 0xFFFF, 0xFFFF, 0xFFFF, 0xFFFF, 0xFFFF,
  0xFFFF, 0xFFFF, 0xFFFF, 0xFFFF, 0xFFFF, 0xFFFF, 0x0000, 0x0000, 0x0000, 0x0000,
  0x0000, 0xFFFF, 0xFFFF, 0xFFFF, 0xFFFF, 0xFFFF, 0x0000, 0x0000, 0x0000, 0x0000,
  0x0000, 0x0000, 0x0000, 0x0000, 0x0000, 0x0000, 0x0000, 0x0000, 0x0000, 0x0000,
  0x0000, 0xFFFF, 0xFFFF, 0xFFFF, 0xFFFF, 0xFFFF, 0x0000, 0x0000, 0x0000, 0x0000,
  0x0000, 0x0000, 0xFFFF, 0xFFFF, 0xFFFF, 0xFFFF, 0xFFFF, 0x0000, 0x0000, 0x0000,
  0x0000, 0x0000, 0xFFFF, 0xFFFF, 0xFFFF, 0xFFFF, 0xFFFF, 0xFFFF, 0xFFFF, 0xFFFF,
  0xFFFF, 0xFFFF, 0x0000, 0x0000, 0x0000, 0x0000, 0x0000, 0x0000, 0x0000, 0x0000,
  0x0000, 0x0000, 0xFFFF, 0xFFFF, 0xFFFF, 0xFFFF, 0xFFFF, 0xFFFF, 0xFFFF, 0xFFFF,
  0xFFFF, 0xFFFF, 0xFFFF, 0xFFFF, 0xFFFF, 0xFFFF, 0xFFFF, 0xFFFF, 0x0000, 0x0000,
  0x0000, 0x0000, 0x0000, 0xFFFF, 0xFFFF, 0xFFFF, 0xFFFF, 0xFFFF, 0xFFFF, 0xFFFF,
  0xFFFF, 0xFFFF, 0xFFFF, 0x0000, 0x0000, 0x0000, 0x0000, 0x0000, 0xFFFF, 0xFFFF,
  0xFFFF, 0xFFFF, 0xFFFF, 0xFFFF, 0xFFFF, 0xFFFF, 0xFFFF, 0xFFFF, 0xFFFF, 0xFFFF,
  0xFFFF, 0xFFFF, 0xFFFF, 0xFFFF, 0x0000, 0x0000, 0x0000, 0x0000, 0x0000, 0xFFFF,
  0xFFFF, 0xFFFF, 0xFFFF, 0xFFFF, 0xFFFF, 0xFFFF, 0xFFFF, 0xFFFF, 0xFFFF, 0x0000,
  0x0000, 0x0000, 0x0000, 0x0000, 0xFFFF, 0xFFFF, 0xFFFF, 0xFFFF, 0xFFFF, 0xFFFF,
  0x0000, 0x0000, 0x0000, 0x0000, 0x0000, 0x0000, 0x0000, 0x0000, 0x0000, 0x0000,
  0x0000, 0x0000, 0x0000, 0x0000, 0x0000, 0xFFFF, 0xFFFF, 0xFFFF, 0xFFFF, 0xFFFF,
  0x0000, 0x0000, 0x0000, 0x0000, 0x0000, 0xFFFF, 0xFFFF, 0xFFFF, 0xFFFF, 0xFFFF,
  0xFFFF, 0xFFFF, 0xFFFF, 0xFFFF, 0xFFFF, 0xFFFF, 0x0000, 0x0000, 0x0000, 0x0000,
  0x0000, 0xFFFF, 0xFFFF, 0xFFFF, 0xFFFF, 0xFFFF, 0x0000, 0x0000, 0x0000, 0x0000,
  0x0000, 0x0000, 0x0000, 0x0000, 0x0000, 0x0000, 0x0000, 0x0000, 0x0000, 0x0000,
  0x0000, 0xFFFF, 0xFFFF, 0xFFFF, 0xFFFF, 0xFFFF, 0x0000, 0x0000, 0x0000, 0x0000,
  0x0000, 0x0000, 0xFFFF, 0xFFFF, 0xFFFF, 0xFFFF, 0xFFFF, 0x0000, 0x0000, 0x0000,
  0x0000, 0x0000, 0xFFFF, 0xFFFF, 0xFFFF, 0xFFFF, 0xFFFF, 0xFFFF, 0xFFFF, 0xFFFF,
  0xFFFF, 0xFFFF, 0x0000, 0x0000, 0x0000, 0x0000, 0x0000, 0x0000, 0x0000, 0x0000,
  0x0000, 0x0000, 0xFFFF, 0xFFFF, 0xFFFF, 0xFFFF, 0xFFFF, 0xFFFF, 0xFFFF, 0xFFFF,
  0xFFFF, 0xFFFF, 0xFFFF, 0xFFFF, 0xFFFF, 0xFFFF, 0xFFFF, 0xFFFF, 0x0000, 0x0000,
  0x0000, 0x0000, 0x0000, 0xFFFF, 0xFFFF, 0xFFFF, 0xFFFF, 0xFFFF, 0xFFFF, 0xFFFF,
  0xFFFF, 0xFFFF, 0xFFFF, 0x0000, 0x0000, 0x0000, 0x0000, 0x0000, 0xFFFF, 0xFFFF,
  0xFFFF, 0xFFFF, 0xFFFF, 0xFFFF, 0xFFFF, 0xFFFF, 0xFFFF, 0xFFFF, 0xFFFF, 0xFFFF,
  0xFFFF, 0xFFFF, 0xFFFF, 0xFFFF, 0x0000, 0x0000, 0x0000, 0x0000, 0x0000, 0xFFFF,
  0xFFFF, 0xFFFF, 0xFFFF, 0xFFFF, 0xFFFF, 0xFFFF, 0xFFFF, 0xFFFF, 0xFFFF, 0x0000,
  0x0000, 0x0000, 0x0000, 0x0000, 0xFFFF, 0xFFFF, 0xFFFF, 0xFFFF, 0xFFFF, 0xFFFF,
  0x0000, 0x0000, 0x0000, 0x0000, 0x0000, 0x0000, 0x0000, 0x0000, 0x0000, 0x0000,
  0x0000, 0x0000, 0x0000, 0x0000, 0x0000, 0xFFFF, 0xFFFF, 0xFFFF, 0xFFFF, 0xFFFF,
  0x0000, 0x0000, 0x0000, 0x0000, 0x0000, 0xFFFF, 0xFFFF, 0xFFFF, 0xFFFF, 0xFFFF,
  0xFFFF, 0xFFFF, 0xFFFF, 0xFFFF, 0xFFFF, 0xFFFF, 0x0000, 0x0000, 0x0000, 0x0000,
  0x0000, 0xFFFF, 0xFFFF, 0xFFFF, 0xFFFF, 0xFFFF, 0x0000, 0x0000, 0x0000, 0x0000,
  0x0000, 0x0000, 0x0000, 0x0000, 0x0000, 0x0000, 0x0000, 0x0000, 0x0000, 0x0000,
  0x0000, 0xFFFF, 0xFFFF, 0xFFFF, 0xFFFF, 0xFFFF, 0x0000, 0x0000, 0x0000, 0x0000,
  0x0000, 0x0000, 0xFFFF, 0xFFFF, 0xFFFF, 0xFFFF, 0xFFFF, 0x0000, 0x0000, 0x0000,
  0x0000, 0x0000, 0xFFFF, 0xFFFF, 0xFFFF, 0xFFFF, 0xFFFF, 0xFFFF, 0xFFFF, 0xFFFF,
  0xFFFF, 0xFFFF, 0x0000, 0x0000, 0x0000, 0x0000, 0x0000, 0x0000, 0x0000, 0x0000,
  0x0000, 0x0000, 0xFFFF, 0xFFFF, 0xFFFF, 0xFFFF, 0xFFFF, 0xFFFF, 0xFFFF, 0xFFFF,
  0xFFFF, 0xFFFF, 0xFFFF, 0xFFFF, 0xFFFF, 0xFFFF, 0xFFFF, 0xFFFF, 0x0000, 0x0000,
  0x0000, 0x0000, 0x0000, 0xFFFF, 0xFFFF, 0xFFFF, 0xFFFF, 0xFFFF, 0xFFFF, 0xFFFF,
  0xFFFF, 0xFFFF, 0xFFFF, 0x0000, 0x0000, 0x0000, 0x0000, 0x0000, 0xFFFF, 0xFFFF,
  0xFFFF, 0xFFFF, 0xFFFF, 0xFFFF, 0xFFFF, 0xFFFF, 0xFFFF, 0xFFFF, 0xFFFF, 0xFFFF,
  0xFFFF, 0xFFFF, 0xFFFF, 0xFFFF, 0x0000, 0x0000, 0x0000, 0x0000, 0x0000, 0xFFFF,
  0xFFFF, 0xFFFF, 0xFFFF, 0xFFFF, 0xFFFF, 0xFFFF, 0xFFFF, 0xFFFF, 0xFFFF, 0x0000,
  0x0000, 0x0000, 0x0000, 0x0000, 0xFFFF, 0xFFFF, 0xFFFF, 0xFFFF, 0xFFFF, 0xFFFF,
  0x0000, 0x0000, 0x0000, 0x0000, 0x0000, 0x0000, 0x0000, 0x0000, 0x0000, 0x0000,
  0x0000, 0x0000, 0x0000, 0x0000, 0x0000, 0xFFFF, 0xFFFF, 0xFFFF, 0xFFFF, 0xFFFF,
  0x0000, 0x0000, 0x0000, 0x0000, 0x0000, 0xFFFF, 0xFFFF, 0xFFFF, 0xFFFF, 0xFFFF,
  0xFFFF, 0xFFFF, 0xFFFF, 0xFFFF, 0xFFFF, 0xFFFF, 0x0000, 0x0000, 0x0000, 0x0000,
  0x0000, 0xFFFF, 0xFFFF, 0xFFFF, 0xFFFF, 0xFFFF, 0x0000, 0x0000, 0x0000, 0x0000,
  0x0000, 0x0000, 0x0000, 0x0000, 0x0000, 0x0000, 0x0000, 0x0000, 0x0000, 0x0000,
  0x0000, 0xFFFF, 0xFFFF, 0xFFFF, 0xFFFF, 0xFFFF, 0x0000, 0x0000, 0x0000, 0x0000,
  0x0000, 0x0000, 0xFFFF, 0xFFFF, 0xFFFF, 0xFFFF, 0xFFFF, 0x0000, 0x0000, 0x0000,
  0x0000, 0x0000, 0xFFFF, 0xFFFF, 0xFFFF, 0xFFFF, 0xFFFF, 0xFFFF, 0xFFFF, 0xFFFF,
  0xFFFF, 0xFFFF, 0x0000, 0x0000, 0x0000, 0x0000, 0x0000, 0x0000, 0x0000, 0x0000,
  0x0000, 0x0000, 0xFFFF, 0xFFFF, 0xFFFF, 0xFFFF, 0xFFFF, 0xFFFF, 0xFFFF, 0xFFFF,
  0xFFFF, 0xFFFF, 0xFFFF, 0xFFFF, 0xFFFF, 0xFFFF, 0xFFFF, 0xFFFF, 0x0000, 0x0000,
  0x0000, 0x0000, 0x0000, 0xFFFF, 0xFFFF, 0xFFFF, 0xFFFF, 0xFFFF, 0xFFFF, 0xFFFF,
  0xFFFF, 0xFFFF, 0xFFFF, 0x0000, 0x0000, 0x0000, 0x0000, 0x0000, 0xFFFF, 0xFFFF,
  0xFFFF, 0xFFFF, 0xFFFF, 0xFFFF, 0xFFFF, 0xFFFF, 0xFFFF, 0xFFFF, 0xFFFF, 0xFFFF,
  0xFFFF, 0xFFFF, 0xFFFF, 0xFFFF, 0x0000, 0x0000, 0x0000, 0x0000, 0x0000, 0xFFFF,
  0xFFFF, 0xFFFF, 0xFFFF, 0xFFFF, 0xFFFF, 0xFFFF, 0xFFFF, 0xFFFF, 0xFFFF, 0x0000,
  0x0000, 0x0000, 0x0000, 0x0000, 0xFFFF, 0xFFFF, 0xFFFF, 0xFFFF, 0xFFFF, 0xFFFF,
  0x0000, 0x0000, 0x0000, 0x0000, 0x0000, 0x0000, 0x0000, 0x0000, 0x0000, 0x0000,
  0x0000, 0x0000, 0x0000, 0x0000, 0x0000, 0xFFFF, 0xFFFF, 0xFFFF, 0xFFFF, 0xFFFF,
  0x0000, 0x0000, 0x0000, 0x0000, 0x0000, 0xFFFF, 0xFFFF, 0xFFFF, 0xFFFF, 0xFFFF,
  0xFFFF, 0xFFFF, 0xFFFF, 0xFFFF, 0xFFFF, 0xFFFF, 0x0000, 0x0000, 0x0000, 0x0000,
  0x0000, 0xFFFF, 0xFFFF, 0xFFFF, 0xFFFF, 0xFFFF, 0x0000, 0x0000, 0x0000, 0x0000,
  0x0000, 0x0000, 0x0000, 0x0000, 0x0000, 0x0000, 0x0000, 0x0000, 0x0000, 0x0000,
  0x0000, 0xFFFF, 0xFFFF, 0xFFFF, 0xFFFF, 0xFFFF, 0x0000, 0x0000, 0x0000, 0x0000,
  0x0000, 0x0000, 0xFFFF, 0xFFFF, 0xFFFF, 0xFFFF, 0xFFFF, 0x0000, 0x0000, 0x0000,
  0x0000, 0x0000, 0xFFFF, 0xFFFF, 0xFFFF, 0xFFFF, 0xFFFF, 0xFFFF, 0xFFFF, 0xFFFF,
  0xFFFF, 0xFFFF, 0x0000, 0x0000, 0x0000, 0x0000, 0x0000, 0x0000, 0x0000, 0x0000,
  0x0000, 0x0000, 0xFFFF, 0xFFFF, 0xFFFF, 0xFFFF, 0xFFFF, 0xFFFF, 0xFFFF, 0xFFFF,
  0xFFFF, 0xFFFF, 0xFFFF, 0xFFFF, 0xFFFF, 0xFFFF, 0xFFFF, 0xFFFF, 0x0000, 0x0000,
  0x0000, 0x0000, 0x0000, 0xFFFF, 0xFFFF, 0xFFFF, 0xFFFF, 0xFFFF, 0xFFFF, 0xFFFF,
  0xFFFF, 0xFFFF, 0xFFFF, 0x0000, 0x0000, 0x0000, 0x0000, 0x0000, 0xFFFF, 0xFFFF,
  0xFFFF, 0xFFFF, 0xFFFF, 0xFFFF, 0xFFFF, 0xFFFF, 0xFFFF, 0xFFFF, 0xFFFF, 0xFFFF,
  0xFFFF, 0xFFFF, 0xFFFF, 0xFFFF, 0x0000, 0x0000, 0x0000, 0x0000, 0x0000, 0xFFFF,
  0xFFFF, 0xFFFF, 0xFFFF, 0xFFFF, 0xFFFF, 0xFFFF, 0xFFFF, 0xFFFF, 0xFFFF, 0x0000,
  0x0000, 0x0000, 0x0000, 0x0000, 0xFFFF, 0xFFFF, 0xFFFF, 0xFFFF, 0xFFFF, 0xFFFF,
  0x0000, 0x0000, 0x0000, 0x0000, 0x0000, 0x0000, 0x0000, 0x0000, 0x0000, 0x0000,
  0x0000, 0x0000, 0x0000, 0x0000, 0x0000, 0xFFFF, 0xFFFF, 0xFFFF, 0xFFFF, 0xFFFF,
  0x0000, 0x0000, 0x0000, 0x0000, 0x0000, 0xFFFF, 0xFFFF, 0xFFFF, 0xFFFF, 0xFFFF,
  0xFFFF, 0xFFFF, 0xFFFF, 0xFFFF, 0xFFFF, 0xFFFF, 0x0000, 0x0000, 0x0000, 0x0000,
  0x0000, 0xFFFF, 0xFFFF, 0xFFFF, 0xFFFF, 0xFFFF, 0xFFFF, 0xFFFF, 0xFFFF, 0xFFFF,
  0xFFFF, 0xFFFF, 0xFFFF, 0xFFFF, 0xFFFF, 0xFFFF, 0xFFFF, 0xFFFF, 0xFFFF, 0xFFFF,
  0xFFFF, 0xFFFF, 0xFFFF, 0xFFFF, 0xFFFF, 0xFFFF, 0x0000, 0x0000, 0x0000, 0x0000,
  0x0000, 0x0000, 0xFFFF, 0xFFFF, 0xFFFF, 0xFFFF, 0xFFFF, 0x0000, 0x0000, 0x0000,
  0x0000, 0x0000, 0x0000, 0x0000, 0x0000, 0x0000, 0x0000, 0xFFFF, 0xFFFF, 0xFFFF,
  0xFFFF, 0xFFFF, 0x0000, 0x0000, 0x0000, 0x0000, 0x0000, 0xFFFF, 0xFFFF, 0xFFFF,
  0xFFFF, 0xFFFF, 0x0000, 0x0000, 0x0000, 0x0000, 0x0000, 0x0000, 0xFFFF, 0xFFFF,
  0xFFFF, 0xFFFF, 0xFFFF, 0x0000, 0x0000, 0x0000, 0x0000, 0x0000, 0xFFFF, 0xFFFF,
  0xFFFF, 0xFFFF, 0xFFFF, 0x0000, 0x0000, 0x0000, 0x0000, 0x0000, 0xFFFF, 0xFFFF,
  0xFFFF, 0xFFFF, 0xFFFF, 0xFFFF, 0xFFFF, 0xFFFF, 0xFFFF, 0xFFFF, 0x0000, 0x0000,
  0x0000, 0x0000, 0x0000, 0x0000, 0x0000, 0x0000, 0x0000, 0x0000, 0x0000, 0xFFFF,
  0xFFFF, 0xFFFF, 0xFFFF, 0xFFFF, 0xFFFF, 0xFFFF, 0xFFFF, 0xFFFF, 0xFFFF, 0x0000,
  0x0000, 0x0000, 0x0000, 0x0000, 0xFFFF, 0xFFFF, 0xFFFF, 0xFFFF, 0xFFFF, 0x0000,
  0x0000, 0x0000, 0x0000, 0x0000, 0xFFFF, 0xFFFF, 0xFFFF, 0xFFFF, 0xFFFF, 0xFFFF,
  0xFFFF, 0xFFFF, 0xFFFF, 0xFFFF, 0xFFFF, 0xFFFF, 0xFFFF, 0xFFFF, 0xFFFF, 0xFFFF,
  0xFFFF, 0xFFFF, 0xFFFF, 0xFFFF, 0xFFFF, 0xFFFF, 0xFFFF, 0xFFFF, 0xFFFF, 0xFFFF,
  0x0000, 0x0000, 0x0000, 0x0000, 0x0000, 0xFFFF, 0xFFFF, 0xFFFF, 0xFFFF, 0xFFFF,
  0xFFFF, 0xFFFF, 0xFFFF, 0xFFFF, 0xFFFF, 0xFFFF, 0x0000, 0x0000, 0x0000, 0x0000,
  0x0000, 0xFFFF, 0xFFFF, 0xFFFF, 0xFFFF, 0xFFFF, 0xFFFF, 0xFFFF, 0xFFFF, 0xFFFF,
  0xFFFF, 0xFFFF, 0xFFFF, 0xFFFF, 0xFFFF, 0xFFFF, 0xFFFF, 0xFFFF, 0xFFFF, 0xFFFF,
  0xFFFF, 0xFFFF, 0xFFFF, 0xFFFF, 0xFFFF, 0xFFFF, 0x0000, 0x0000, 0x0000, 0x0000,
  0x0000, 0x0000, 0xFFFF, 0xFFFF, 0xFFFF, 0xFFFF, 0xFFFF, 0x0000, 0x0000, 0x0000,
  0x0000, 0x0000, 0x0000, 0x0000, 0x0000, 0x0000, 0x0000, 0xFFFF, 0xFFFF, 0xFFFF,
  0xFFFF, 0xFFFF, 0x0000, 0x0000, 0x0000, 0x0000, 0x0000, 0xFFFF, 0xFFFF, 0xFFFF,
  0xFFFF, 0xFFFF, 0x0000, 0x0000, 0x0000, 0x0000, 0x0000, 0x0000, 0xFFFF, 0xFFFF,
  0xFFFF, 0xFFFF, 0xFFFF, 0x0000, 0x0000, 0x0000, 0x0000, 0x0000, 0xFFFF, 0xFFFF,
  0xFFFF, 0xFFFF, 0xFFFF, 0x0000, 0x0000, 0x0000, 0x0000, 0x0000, 0xFFFF, 0xFFFF,
  0xFFFF, 0xFFFF, 0xFFFF, 0xFFFF, 0xFFFF, 0xFFFF, 0xFFFF, 0xFFFF, 0x0000, 0x0000,
  0x0000, 0x0000, 0x0000, 0x0000, 0x0000, 0x0000, 0x0000, 0x0000, 0x0000, 0xFFFF,
  0xFFFF, 0xFFFF, 0xFFFF, 0xFFFF, 0xFFFF, 0xFFFF, 0xFFFF, 0xFFFF, 0xFFFF, 0x0000,
  0x0000, 0x0000, 0x0000, 0x0000, 0xFFFF, 0xFFFF, 0xFFFF, 0xFFFF, 0xFFFF, 0x0000,
  0x0000, 0x0000, 0x0000, 0x0000, 0xFFFF, 0xFFFF, 0xFFFF, 0xFFFF, 0xFFFF, 0xFFFF,
  0xFFFF, 0xFFFF, 0xFFFF, 0xFFFF, 0xFFFF, 0xFFFF, 0xFFFF, 0xFFFF, 0xFFFF, 0xFFFF,
  0xFFFF, 0xFFFF, 0xFFFF, 0xFFFF, 0xFFFF, 0xFFFF, 0xFFFF, 0xFFFF, 0xFFFF, 0xFFFF,
  0x0000, 0x0000, 0x0000, 0x0000, 0x0000, 0xFFFF, 0xFFFF, 0xFFFF, 0xFFFF, 0xFFFF,
  0xFFFF, 0xFFFF, 0xFFFF, 0xFFFF, 0xFFFF, 0xFFFF, 0x0000, 0x0000, 0x0000, 0x0000,
  0x0000, 0xFFFF, 0xFFFF, 0xFFFF, 0xFFFF, 0xFFFF, 0xFFFF, 0xFFFF, 0xFFFF, 0xFFFF,
  0xFFFF, 0xFFFF, 0xFFFF, 0xFFFF, 0xFFFF, 0xFFFF, 0xFFFF, 0xFFFF, 0xFFFF, 0xFFFF,
  0xFFFF, 0xFFFF, 0xFFFF, 0xFFFF, 0xFFFF, 0xFFFF, 0x0000, 0x0000, 0x0000, 0x0000,
  0x0000, 0x0000, 0xFFFF, 0xFFFF, 0xFFFF, 0xFFFF, 0xFFFF, 0x0000, 0x0000, 0x0000,
  0x0000, 0x0000, 0x0000, 0x0000, 0x0000, 0x0000, 0x0000, 0xFFFF, 0xFFFF, 0xFFFF,
  0xFFFF, 0xFFFF, 0x0000, 0x0000, 0x0000, 0x0000, 0x0000, 0xFFFF, 0xFFFF, 0xFFFF,
  0xFFFF, 0xFFFF, 0x0000, 0x0000, 0x0000, 0x0000, 0x0000, 0x0000, 0xFFFF, 0xFFFF,
  0xFFFF, 0xFFFF, 0xFFFF, 0x0000, 0x0000, 0x0000, 0x0000, 0x0000, 0xFFFF, 0xFFFF,
  0xFFFF, 0xFFFF, 0xFFFF, 0x0000, 0x0000, 0x0000, 0x0000, 0x0000, 0xFFFF, 0xFFFF,
  0xFFFF, 0xFFFF, 0xFFFF, 0xFFFF, 0xFFFF, 0xFFFF, 0xFFFF, 0xFFFF, 0x0000, 0x0000,
  0x0000, 0x0000, 0x0000, 0x0000, 0x0000, 0x0000, 0x0000, 0x0000, 0x0000, 0xFFFF,
  0xFFFF, 0xFFFF, 0xFFFF, 0xFFFF, 0xFFFF, 0xFFFF, 0xFFFF, 0xFFFF, 0xFFFF, 0x0000,
  0x0000, 0x0000, 0x0000, 0x0000, 0xFFFF, 0xFFFF, 0xFFFF, 0xFFFF, 0xFFFF, 0x0000,
  0x0000, 0x0000, 0x0000, 0x0000, 0xFFFF, 0xFFFF, 0xFFFF, 0xFFFF, 0xFFFF, 0xFFFF,
  0xFFFF, 0xFFFF, 0xFFFF, 0xFFFF, 0xFFFF, 0xFFFF, 0xFFFF, 0xFFFF, 0xFFFF, 0xFFFF,
  0xFFFF, 0xFFFF, 0xFFFF, 0xFFFF, 0xFFFF, 0xFFFF, 0xFFFF, 0xFFFF, 0xFFFF, 0xFFFF,
  0x0000, 0x0000, 0x0000, 0x0000, 0x0000, 0xFFFF, 0xFFFF, 0xFFFF, 0xFFFF, 0xFFFF,
  0xFFFF, 0xFFFF, 0xFFFF, 0xFFFF, 0xFFFF, 0xFFFF, 0x0000, 0x0000, 0x0000, 0x0000,
  0x0000, 0xFFFF, 0xFFFF, 0xFFFF, 0xFFFF, 0xFFFF, 0xFFFF, 0xFFFF, 0xFFFF, 0xFFFF,
  0xFFFF, 0xFFFF, 0xFFFF, 0xFFFF, 0xFFFF, 0xFFFF, 0xFFFF, 0xFFFF, 0xFFFF, 0xFFFF,
  0xFFFF, 0xFFFF, 0xFFFF, 0xFFFF, 0xFFFF, 0xFFFF, 0x0000, 0x0000, 0x0000, 0x0000,
  0x0000, 0x0000, 0xFFFF, 0xFFFF, 0xFFFF, 0xFFFF, 0xFFFF, 0x0000, 0x0000, 0x0000,
  0x0000, 0x0000, 0x0000, 0x0000, 0x0000, 0x0000, 0x0000, 0xFFFF, 0xFFFF, 0xFFFF,
  0xFFFF, 0xFFFF, 0x0000, 0x0000, 0x0000, 0x0000, 0x0000, 0xFFFF, 0xFFFF, 0xFFFF,
  0xFFFF, 0xFFFF, 0x0000, 0x0000, 0x0000, 0x0000, 0x0000, 0x0000, 0xFFFF, 0xFFFF,
  0xFFFF, 0xFFFF, 0xFFFF, 0x0000, 0x0000, 0x0000, 0x0000, 0x0000, 0xFFFF, 0xFFFF,
  0xFFFF, 0xFFFF, 0xFFFF, 0x0000, 0x0000, 0x0000, 0x0000, 0x0000, 0xFFFF, 0xFFFF,
  0xFFFF, 0xFFFF, 0xFFFF, 0xFFFF, 0xFFFF, 0xFFFF, 0xFFFF, 0xFFFF, 0x0000, 0x0000,
  0x0000, 0x0000, 0x0000, 0x0000, 0x0000, 0x0000, 0x0000, 0x0000, 0x0000, 0xFFFF,
  0xFFFF, 0xFFFF, 0xFFFF, 0xFFFF, 0xFFFF, 0xFFFF, 0xFFFF, 0xFFFF, 0xFFFF, 0x0000,
  0x0000, 0x0000, 0x0000, 0x0000, 0xFFFF, 0xFFFF, 0xFFFF, 0xFFFF, 0xFFFF, 0x0000,
  0x0000, 0x0000, 0x0000, 0x0000, 0xFFFF, 0xFFFF, 0xFFFF, 0xFFFF, 0xFFFF, 0xFFFF,
  0xFFFF, 0xFFFF, 0xFFFF, 0xFFFF, 0xFFFF, 0xFFFF, 0xFFFF, 0xFFFF, 0xFFFF, 0xFFFF,
  0xFFFF, 0xFFFF, 0xFFFF, 0xFFFF, 0xFFFF, 0xFFFF, 0xFFFF, 0xFFFF, 0xFFFF, 0xFFFF,
  0x0000, 0x0000, 0x0000, 0x0000, 0x0000, 0xFFFF, 0xFFFF, 0xFFFF, 0xFFFF, 0xFFFF,
  0xFFFF, 0xFFFF, 0xFFFF, 0xFFFF, 0xFFFF, 0xFFFF, 0x0000, 0x0000, 0x0000, 0x0000,
  0x0000, 0xFFFF, 0xFFFF, 0xFFFF, 0xFFFF, 0xFFFF, 0xFFFF, 0xFFFF, 0xFFFF, 0xFFFF,
  0xFFFF, 0xFFFF, 0xFFFF, 0xFFFF, 0xFFFF, 0xFFFF, 0xFFFF, 0xFFFF, 0xFFFF, 0xFFFF,
  0xFFFF, 0xFFFF, 0xFFFF, 0xFFFF, 0xFFFF, 0xFFFF, 0x0000, 0x0000, 0x0000, 0x0000,
  0x0000, 0x0000, 0xFFFF, 0xFFFF, 0xFFFF, 0xFFFF, 0xFFFF, 0x0000, 0x0000, 0x0000,
  0x0000, 0x0000, 0x0000, 0x0000, 0x0000, 0x0000, 0x0000, 0xFFFF, 0xFFFF, 0xFFFF,
  0xFFFF, 0xFFFF, 0x0000, 0x0000, 0x0000, 0x0000, 0x0000, 0xFFFF, 0xFFFF, 0xFFFF,
  0xFFFF, 0xFFFF, 0x0000, 0x0000, 0x0000, 0x0000, 0x0000, 0x0000, 0xFFFF, 0xFFFF,
  0xFFFF, 0xFFFF, 0xFFFF, 0x0000, 0x0000, 0x0000, 0x0000, 0x0000, 0xFFFF, 0xFFFF,
  0xFFFF, 0xFFFF, 0xFFFF, 0x0000, 0x0000, 0x0000, 0x0000, 0x0000, 0xFFFF, 0xFFFF,
  0xFFFF, 0xFFFF, 0xFFFF, 0xFFFF, 0xFFFF, 0xFFFF, 0xFFFF, 0xFFFF, 0x0000, 0x0000,
  0x0000, 0x0000, 0x0000, 0x0000, 0x0000, 0x0000, 0x0000, 0x0000, 0x0000, 0xFFFF,
  0xFFFF, 0xFFFF, 0xFFFF, 0xFFFF, 0xFFFF, 0xFFFF, 0xFFFF, 0xFFFF, 0xFFFF, 0x0000,
  0x0000, 0x0000, 0x0000, 0x0000, 0xFFFF, 0xFFFF, 0xFFFF, 0xFFFF, 0xFFFF, 0x0000,
  0x0000, 0x0000, 0x0000, 0x0000, 0xFFFF, 0xFFFF, 0xFFFF, 0xFFFF, 0xFFFF, 0xFFFF,
  0xFFFF, 0xFFFF, 0xFFFF, 0xFFFF, 0xFFFF, 0xFFFF, 0xFFFF, 0xFFFF, 0xFFFF, 0xFFFF,
  0xFFFF, 0xFFFF, 0xFFFF, 0xFFFF, 0xFFFF, 0xFFFF, 0xFFFF, 0xFFFF, 0xFFFF, 0xFFFF,
  0x0000, 0x0000, 0x0000, 0x0000, 0x0000, 0xFFFF, 0xFFFF, 0xFFFF, 0xFFFF, 0xFFFF,
  0xFFFF, 0xFFFF, 0xFFFF, 0xFFFF, 0xFFFF, 0xFFFF, 0x0000, 0x0000, 0x0000, 0x0000,
  0x0000, 0x0000, 0x0000, 0x0000, 0x0000, 0x0000, 0x0000, 0x0000, 0x0000, 0x0000,
  0x0000, 0x0000, 0x0000, 0x0000, 0x0000, 0x0000, 0x0000, 0x0000, 0x0000, 0x0000,
  0x0000, 0x0000, 0x0000, 0x0000, 0x0000, 0x0000, 0x0000, 0x0000, 0x0000, 0x0000,
  0x0000, 0x0000, 0xFFFF, 0xFFFF, 0xFFFF, 0xFFFF, 0xFFFF, 0x0000, 0x0000, 0x0000,
  0x0000, 0x0000, 0xFFFF, 0xFFFF, 0xFFFF, 0xFFFF, 0xFFFF, 0x0000, 0x0000, 0x0000,
  0x0000, 0x0000, 0xFFFF, 0xFFFF, 0xFFFF, 0xFFFF, 0xFFFF, 0x0000, 0x0000, 0x0000,
  0x0000, 0x0000, 0xFFFF, 0xFFFF, 0xFFFF, 0xFFFF, 0xFFFF, 0xFFFF, 0x0000, 0x0000,
  0x0000, 0x0000, 0x0000, 0xFFFF, 0xFFFF, 0xFFFF, 0xFFFF, 0xFFFF, 0x0000, 0x0000,
  0x0000, 0x0000, 0x0000, 0xFFFF, 0xFFFF, 0xFFFF, 0xFFFF, 0xFFFF, 0x0000, 0x0000,
  0x0000, 0x0000, 0x0000, 0xFFFF, 0xFFFF, 0xFFFF, 0xFFFF, 0xFFFF, 0x0000, 0x0000,
  0x0000, 0x0000, 0x0000, 0x0000, 0xFFFF, 0xFFFF, 0xFFFF, 0xFFFF, 0xFFFF, 0x0000,
  0x0000, 0x0000, 0x0000, 0x0000, 0xFFFF, 0xFFFF, 0xFFFF, 0xFFFF, 0xFFFF, 0x0000,
  0x0000, 0x0000, 0x0000, 0x0000, 0xFFFF, 0xFFFF, 0xFFFF, 0xFFFF, 0xFFFF, 0x0000,
  0x0000, 0x0000, 0x0000, 0x0000, 0x0000, 0x0000, 0x0000, 0x0000, 0x0000, 0x0000,
  0x0000, 0x0000, 0x0000, 0x0000, 0x0000, 0x0000, 0x0000, 0x0000, 0x0000, 0x0000,
  0x0000, 0x0000, 0x0000, 0x0000, 0x0000, 0x0000, 0x0000, 0x0000, 0x0000, 0x0000,
  0x0000, 0x0000, 0x0000, 0x0000, 0x0000, 0xFFFF, 0xFFFF, 0xFFFF, 0xFFFF, 0xFFFF,
  0xFFFF, 0xFFFF, 0xFFFF, 0xFFFF, 0xFFFF, 0xFFFF, 0x0000, 0x0000, 0x0000, 0x0000,
  0x0000, 0x0000, 0x0000, 0x0000, 0x0000, 0x0000, 0x0000, 0x0000, 0x0000, 0x0000,
  0x0000, 0x0000, 0x0000, 0x0000, 0x0000, 0x0000, 0x0000, 0x0000, 0x0000, 0x0000,
  0x0000, 0x0000, 0x0000, 0x0000, 0x0000, 0x0000, 0x0000, 0x0000, 0x0000, 0x0000,
  0x0000, 0x0000, 0xFFFF, 0xFFFF, 0xFFFF, 0xFFFF, 0xFFFF, 0x0000, 0x0000, 0x0000,
  0x0000, 0x0000, 0xFFFF, 0xFFFF, 0xFFFF, 0xFFFF, 0xFFFF, 0x0000, 0x0000, 0x0000,
  0x0000, 0x0000, 0xFFFF, 0xFFFF, 0xFFFF, 0xFFFF, 0xFFFF, 0x0000, 0x0000, 0x0000,
  0x0000, 0x0000, 0xFFFF, 0xFFFF, 0xFFFF, 0xFFFF, 0xFFFF, 0xFFFF, 0x0000, 0x0000,
  0x0000, 0x0000, 0x0000, 0xFFFF, 0xFFFF, 0xFFFF, 0xFFFF, 0xFFFF, 0x0000, 0x0000,
  0x0000, 0x0000, 0x0000, 0xFFFF, 0xFFFF, 0xFFFF, 0xFFFF, 0xFFFF, 0x0000, 0x0000,
  0x0000, 0x0000, 0x0000, 0xFFFF, 0xFFFF, 0xFFFF, 0xFFFF, 0xFFFF, 0x0000, 0x0000,
  0x0000, 0x0000, 0x0000, 0x0000, 0xFFFF, 0xFFFF, 0xFFFF, 0xFFFF, 0xFFFF, 0x0000,
  0x0000, 0x0000, 0x0000, 0x0000, 0xFFFF, 0xFFFF, 0xFFFF, 0xFFFF, 0xFFFF, 0x0000,
  0x0000, 0x0000, 0x0000, 0x0000, 0xFFFF, 0xFFFF, 0xFFFF, 0xFFFF, 0xFFFF, 0x0000,
  0x0000, 0x0000, 0x0000, 0x0000, 0x0000, 0x0000, 0x0000, 0x0000, 0x0000, 0x0000,
  0x0000, 0x0000, 0x0000, 0x0000, 0x0000, 0x0000, 0x0000, 0x0000, 0x0000, 0x0000,
  0x0000, 0x0000, 0x0000, 0x0000, 0x0000, 0x0000, 0x0000, 0x0000, 0x0000, 0x0000,
  0x0000, 0x0000, 0x0000, 0x0000, 0x0000, 0xFFFF, 0xFFFF, 0xFFFF, 0xFFFF, 0xFFFF,
  0xFFFF, 0xFFFF, 0xFFFF, 0xFFFF, 0xFFFF, 0xFFFF, 0x0000, 0x0000, 0x0000, 0x0000,
  0x0000, 0x0000, 0x0000, 0x0000, 0x0000, 0x0000, 0x0000, 0x0000, 0x0000, 0x0000,
  0x0000, 0x0000, 0x0000, 0x0000, 0x0000, 0x0000, 0x0000, 0x0000, 0x0000, 0x0000,
  0x0000, 0x0000, 0x0000, 0x0000, 0x0000, 0x0000, 0x0000, 0x0000, 0x0000, 0x0000,
  0x0000, 0x0000, 0xFFFF, 0xFFFF, 0xFFFF, 0xFFFF, 0xFFFF, 0x0000, 0x0000, 0x0000,
  0x0000, 0x0000, 0xFFFF, 0xFFFF, 0xFFFF, 0xFFFF, 0xFFFF, 0x0000, 0x0000, 0x0000,
  0x0000, 0x0000, 0xFFFF, 0xFFFF, 0xFFFF, 0xFFFF, 0xFFFF, 0x0000, 0x0000, 0x0000,
  0x0000, 0x0000, 0xFFFF, 0xFFFF, 0xFFFF, 0xFFFF, 0xFFFF, 0xFFFF, 0x0000, 0x0000,
  0x0000, 0x0000, 0x0000, 0xFFFF, 0xFFFF, 0xFFFF, 0xFFFF, 0xFFFF, 0x0000, 0x0000,
  0x0000, 0x0000, 0x0000, 0xFFFF, 0xFFFF, 0xFFFF, 0xFFFF, 0xFFFF, 0x0000, 0x0000,
  0x0000, 0x0000, 0x0000, 0xFFFF, 0xFFFF, 0xFFFF, 0xFFFF, 0xFFFF, 0x0000, 0x0000,
  0x0000, 0x0000, 0x0000, 0x0000, 0xFFFF, 0xFFFF, 0xFFFF, 0xFFFF, 0xFFFF, 0x0000,
  0x0000, 0x0000, 0x0000, 0x0000, 0xFFFF, 0xFFFF, 0xFFFF, 0xFFFF, 0xFFFF, 0x0000,
  0x0000, 0x0000, 0x0000, 0x0000, 0xFFFF, 0xFFFF, 0xFFFF, 0xFFFF, 0xFFFF, 0x0000,
  0x0000, 0x0000, 0x0000, 0x0000, 0x0000, 0x0000, 0x0000, 0x0000, 0x0000, 0x0000,
  0x0000, 0x0000, 0x0000, 0x0000, 0x0000, 0x0000, 0x0000, 0x0000, 0x0000, 0x0000,
  0x0000, 0x0000, 0x0000, 0x0000, 0x0000, 0x0000, 0x0000, 0x0000, 0x0000, 0x0000,
  0x0000, 0x0000, 0x0000, 0x0000, 0x0000, 0xFFFF, 0xFFFF, 0xFFFF, 0xFFFF, 0xFFFF,
  0xFFFF, 0xFFFF, 0xFFFF, 0xFFFF, 0xFFFF, 0xFFFF, 0x0000, 0x0000, 0x0000, 0x0000,
  0x0000, 0x0000, 0x0000, 0x0000, 0x0000, 0x0000, 0x0000, 0x0000, 0x0000, 0x0000,
  0x0000, 0x0000, 0x0000, 0x0000, 0x0000, 0x0000, 0x0000, 0x0000, 0x0000, 0x0000,
  0x0000, 0x0000, 0x0000, 0x0000, 0x0000, 0x0000, 0x0000, 0x0000, 0x0000, 0x0000,
  0x0000, 0x0000, 0xFFFF, 0xFFFF, 0xFFFF, 0xFFFF, 0xFFFF, 0x0000, 0x0000, 0x0000,
  0x0000, 0x0000, 0xFFFF, 0xFFFF, 0xFFFF, 0xFFFF, 0xFFFF, 0x0000, 0x0000, 0x0000,
  0x0000, 0x0000, 0xFFFF, 0xFFFF, 0xFFFF, 0xFFFF, 0xFFFF, 0x0000, 0x0000, 0x0000,
  0x0000, 0x0000, 0xFFFF, 0xFFFF, 0xFFFF, 0xFFFF, 0xFFFF, 0xFFFF, 0x0000, 0x0000,
  0x0000, 0x0000, 0x0000, 0xFFFF, 0xFFFF, 0xFFFF, 0xFFFF, 0xFFFF, 0x0000, 0x0000,
  0x0000, 0x0000, 0x0000, 0xFFFF, 0xFFFF, 0xFFFF, 0xFFFF, 0xFFFF, 0x0000, 0x0000,
  0x0000, 0x0000, 0x0000, 0xFFFF, 0xFFFF, 0xFFFF, 0xFFFF, 0xFFFF, 0x0000, 0x0000,
  0x0000, 0x0000, 0x0000, 0x0000, 0xFFFF, 0xFFFF, 0xFFFF, 0xFFFF, 0xFFFF, 0x0000,
  0x0000, 0x0000, 0x0000, 0x0000, 0xFFFF, 0xFFFF, 0xFFFF, 0xFFFF, 0xFFFF, 0x0000,
  0x0000, 0x0000, 0x0000, 0x0000, 0xFFFF, 0xFFFF, 0xFFFF, 0xFFFF, 0xFFFF, 0x0000,
  0x0000, 0x0000, 0x0000, 0x0000, 0x0000, 0x0000, 0x0000, 0x0000, 0x0000, 0x0000,
  0x0000, 0x0000, 0x0000, 0x0000, 0x0000, 0x0000, 0x0000, 0x0000, 0x0000, 0x0000,
  0x0000, 0x0000, 0x0000, 0x0000, 0x0000, 0x0000, 0x0000, 0x0000, 0x0000, 0x0000,
  0x0000, 0x0000, 0x0000, 0x0000, 0x0000, 0xFFFF, 0xFFFF, 0xFFFF, 0xFFFF, 0xFFFF,
  0xFFFF, 0xFFFF, 0xFFFF, 0xFFFF, 0xFFFF, 0xFFFF, 0x0000, 0x0000, 0x0000, 0x0000,
  0x0000, 0x0000, 0x0000, 0x0000, 0x0000, 0x0000, 0x0000, 0x0000, 0x0000, 0x0000,
  0x0000, 0x0000, 0x0000, 0x0000, 0x0000, 0x0000, 0x0000, 0x0000, 0x0000, 0x0000,
  0x0000, 0x0000, 0x0000, 0x0000, 0x0000, 0x0000, 0x0000, 0x0000, 0x0000, 0x0000,
  0x0000, 0x0000, 0xFFFF, 0xFFFF, 0xFFFF, 0xFFFF, 0xFFFF, 0x0000, 0x0000, 0x0000,
  0x0000, 0x0000, 0xFFFF, 0xFFFF, 0xFFFF, 0xFFFF, 0xFFFF, 0x0000, 0x0000, 0x0000,
  0x0000, 0x0000, 0xFFFF, 0xFFFF, 0xFFFF, 0xFFFF, 0xFFFF, 0x0000, 0x0000, 0x0000,
  0x0000, 0x0000, 0xFFFF, 0xFFFF, 0xFFFF, 0xFFFF, 0xFFFF, 0xFFFF, 0x0000, 0x0000,
  0x0000, 0x0000, 0x0000, 0xFFFF, 0xFFFF, 0xFFFF, 0xFFFF, 0xFFFF, 0x0000, 0x0000,
  0x0000, 0x0000, 0x0000, 0xFFFF, 0xFFFF, 0xFFFF, 0xFFFF, 0xFFFF, 0x0000, 0x0000,
  0x0000, 0x0000, 0x0000, 0xFFFF, 0xFFFF, 0xFFFF, 0xFFFF, 0xFFFF, 0x0000, 0x0000,
  0x0000, 0x0000, 0x0000, 0x0000, 0xFFFF, 0xFFFF, 0xFFFF, 0xFFFF, 0xFFFF, 0x0000,
  0x0000, 0x0000, 0x0000, 0x0000, 0xFFFF, 0xFFFF, 0xFFFF, 0xFFFF, 0xFFFF, 0x0000,
  0x0000, 0x0000, 0x0000, 0x0000, 0xFFFF, 0xFFFF, 0xFFFF, 0xFFFF, 0xFFFF, 0x0000,
  0x0000, 0x0000, 0x0000, 0x0000, 0x0000, 0x0000, 0x0000, 0x0000, 0x0000, 0x0000,
  0x0000, 0x0000, 0x0000, 0x0000, 0x0000, 0x0000, 0x0000, 0x0000, 0x0000, 0x0000,
  0x0000, 0x0000, 0x0000, 0x0000, 0x0000, 0x0000, 0x0000, 0x0000, 0x0000, 0x0000,
  0x0000, 0x0000, 0x0000, 0x0000, 0x0000, 0xFFFF, 0xFFFF, 0xFFFF, 0xFFFF, 0xFFFF,
  0xFFFF, 0xFFFF, 0xFFFF, 0xFFFF, 0xFFFF, 0xFFFF, 0x0000, 0x0000, 0x0000, 0x0000,
  0x0000, 0x0000, 0x0000, 0x0000, 0x0000, 0x0000, 0x0000, 0x0000, 0x0000, 0x0000,
  0x0000, 0x0000, 0x0000, 0x0000, 0x0000, 0x0000, 0x0000, 0x0000, 0x0000, 0x0000,
  0x0000, 0x0000, 0x0000, 0x0000, 0x0000, 0x0000, 0x0000, 0x0000, 0x0000, 0x0000,
  0x0000, 0x0000, 0xFFFF, 0xFFFF, 0xFFFF, 0xFFFF, 0xFFFF, 0x0000, 0x0000, 0x0000,
  0x0000, 0x0000, 0xFFFF, 0xFFFF, 0xFFFF, 0xFFFF, 0xFFFF, 0x0000, 0x0000, 0x0000,
  0x0000, 0x0000, 0xFFFF, 0xFFFF, 0xFFFF, 0xFFFF, 0xFFFF, 0x0000, 0x0000, 0x0000,
  0x0000, 0x0000, 0xFFFF, 0xFFFF, 0xFFFF, 0xFFFF, 0xFFFF, 0xFFFF, 0x0000, 0x0000,
  0x0000, 0x0000, 0x0000, 0xFFFF, 0xFFFF, 0xFFFF, 0xFFFF, 0xFFFF, 0x0000, 0x0000,
  0x0000, 0x0000, 0x0000, 0xFFFF, 0xFFFF, 0xFFFF, 0xFFFF, 0xFFFF, 0x0000, 0x0000,
  0x0000, 0x0000, 0x0000, 0xFFFF, 0xFFFF, 0xFFFF, 0xFFFF, 0xFFFF, 0x0000, 0x0000,
  0x0000, 0x0000, 0x0000, 0x0000, 0xFFFF, 0xFFFF, 0xFFFF, 0xFFFF, 0xFFFF, 0x0000,
  0x0000, 0x0000, 0x0000, 0x0000, 0xFFFF, 0xFFFF, 0xFFFF, 0xFFFF, 0xFFFF, 0x0000,
  0x0000, 0x0000, 0x0000, 0x0000, 0xFFFF, 0xFFFF, 0xFFFF, 0xFFFF, 0xFFFF, 0x0000,
  0x0000, 0x0000, 0x0000, 0x0000, 0x0000, 0x0000, 0x0000, 0x0000, 0x0000, 0x0000,
  0x0000, 0x0000, 0x0000, 0x0000, 0x0000, 0x0000, 0x0000, 0x0000, 0x0000, 0x0000,
  0x0000, 0x0000, 0x0000, 0x0000, 0x0000, 0x0000, 0x0000, 0x0000, 0x0000, 0x0000,
  0x0000, 0x0000, 0x0000, 0x0000, 0x0000, 0xFFFF, 0xFFFF, 0xFFFF, 0xFFFF, 0xFFFF,
  0xFFFF, 0xFFFF, 0xFFFF, 0xFFFF, 0xFFFF, 0xFFFF, 0xFFFF, 0xFFFF, 0xFFFF, 0xFFFF,
  0xFFFF, 0xFFFF, 0xFFFF, 0xFFFF, 0xFFFF, 0xFFFF, 0xFFFF, 0xFFFF, 0xFFFF, 0xFFFF,
  0xFFFF, 0xFFFF, 0xFFFF, 0xFFFF, 0xFFFF, 0xFFFF, 0xFFFF, 0xFFFF, 0xFFFF, 0xFFFF,
  0xFFFF, 0xFFFF, 0xFFFF, 0xFFFF, 0xFFFF, 0xFFFF, 0xFFFF, 0xFFFF, 0xFFFF, 0xFFFF,
  0xFFFF, 0xFFFF, 0xFFFF, 0xFFFF, 0xFFFF, 0xFFFF, 0xFFFF, 0x0000, 0x0000, 0x0000,
  0x0000, 0x0000, 0x0000, 0x0000, 0x0000, 0x0000, 0x0000, 0x0000, 0x0000, 0x0000,
  0x0000, 0x0000, 0x0000, 0x0000, 0x0000, 0x0000, 0x0000, 0x0000, 0x0000, 0x0000,
  0x0000, 0x0000, 0xFFFF, 0xFFFF, 0xFFFF, 0xFFFF, 0xFFFF, 0xFFFF, 0xFFFF, 0xFFFF,
  0xFFFF, 0xFFFF, 0xFFFF, 0xFFFF, 0xFFFF, 0xFFFF, 0xFFFF, 0xFFFF, 0xFFFF, 0xFFFF,
  0xFFFF, 0xFFFF, 0xFFFF, 0x0000, 0x0000, 0x0000, 0x0000, 0x0000, 0x0000, 0x0000,
  0x0000, 0x0000, 0x0000, 0x0000, 0x0000, 0x0000, 0x0000, 0x0000, 0x0000, 0x0000,
  0x0000, 0x0000, 0x0000, 0x0000, 0x0000, 0x0000, 0x0000, 0x0000, 0x0000, 0x0000,
  0x0000, 0x0000, 0x0000, 0x0000, 0x0000, 0x0000, 0x0000, 0x0000, 0x0000, 0x0000,
  0x0000, 0x0000, 0x0000, 0x0000, 0xFFFF, 0xFFFF, 0xFFFF, 0xFFFF, 0xFFFF, 0xFFFF,
  0xFFFF, 0xFFFF, 0xFFFF, 0xFFFF, 0xFFFF, 0xFFFF, 0xFFFF, 0xFFFF, 0xFFFF, 0xFFFF,
  0xFFFF, 0xFFFF, 0xFFFF, 0xFFFF, 0xFFFF, 0xFFFF, 0xFFFF, 0xFFFF, 0xFFFF, 0xFFFF,
  0xFFFF, 0xFFFF, 0xFFFF, 0xFFFF, 0xFFFF, 0xFFFF, 0xFFFF, 0xFFFF, 0xFFFF, 0xFFFF,
  0xFFFF, 0xFFFF, 0xFFFF, 0xFFFF, 0xFFFF, 0xFFFF, 0xFFFF, 0xFFFF, 0xFFFF, 0xFFFF,
  0xFFFF, 0xFFFF, 0xFFFF, 0xFFFF, 0xFFFF, 0xFFFF, 0xFFFF, 0xFFFF, 0xFFFF, 0xFFFF,
  0xFFFF, 0xFFFF, 0xFFFF, 0xFFFF, 0xFFFF, 0xFFFF, 0xFFFF, 0xFFFF, 0xFFFF, 0xFFFF,
  0xFFFF, 0xFFFF, 0xFFFF, 0xFFFF, 0xFFFF, 0xFFFF, 0xFFFF, 0xFFFF, 0xFFFF, 0xFFFF,
  0xFFFF, 0xFFFF, 0xFFFF, 0xFFFF, 0xFFFF, 0xFFFF, 0xFFFF, 0xFFFF, 0xFFFF, 0xFFFF,
  0xFFFF, 0xFFFF, 0xFFFF, 0xFFFF, 0xFFFF, 0xFFFF, 0xFFFF, 0x0000, 0x0000, 0x0000,
  0x0000, 0x0000, 0x0000, 0x0000, 0x0000, 0x0000, 0x0000, 0x0000, 0x0000, 0x0000,
  0x0000, 0x0000, 0x0000, 0x0000, 0x0000, 0x0000, 0x0000, 0x0000, 0x0000, 0x0000,
  0x0000, 0x0000, 0xFFFF, 0xFFFF, 0xFFFF, 0xFFFF, 0xFFFF, 0xFFFF, 0xFFFF, 0xFFFF,
  0xFFFF, 0xFFFF, 0xFFFF, 0xFFFF, 0xFFFF, 0xFFFF, 0xFFFF, 0xFFFF, 0xFFFF, 0xFFFF,
  0xFFFF, 0xFFFF, 0xFFFF, 0x0000, 0x0000, 0x0000, 0x0000, 0x0000, 0x0000, 0x0000,
  0x0000, 0x0000, 0x0000, 0x0000, 0x0000, 0x0000, 0x0000, 0x0000, 0x0000, 0x0000,
  0x0000, 0x0000, 0x0000, 0x0000, 0x0000, 0x0000, 0x0000, 0x0000, 0x0000, 0x0000,
  0x0000, 0x0000, 0x0000, 0x0000, 0x0000, 0x0000, 0x0000, 0x0000, 0x0000, 0x0000,
  0x0000, 0x0000, 0x0000, 0x0000, 0xFFFF, 0xFFFF, 0xFFFF, 0xFFFF, 0xFFFF, 0xFFFF,
  0xFFFF, 0xFFFF, 0xFFFF, 0xFFFF, 0xFFFF, 0xFFFF, 0xFFFF, 0xFFFF, 0xFFFF, 0xFFFF,
  0xFFFF, 0xFFFF, 0xFFFF, 0xFFFF, 0xFFFF, 0xFFFF, 0xFFFF, 0xFFFF, 0xFFFF, 0xFFFF,
  0xFFFF, 0xFFFF, 0xFFFF, 0xFFFF, 0xFFFF, 0xFFFF, 0xFFFF, 0xFFFF, 0xFFFF, 0xFFFF,
  0xFFFF, 0xFFFF, 0xFFFF, 0xFFFF, 0xFFFF, 0xFFFF, 0xFFFF, 0xFFFF, 0xFFFF, 0xFFFF,
  0xFFFF, 0xFFFF, 0xFFFF, 0xFFFF, 0xFFFF, 0xFFFF, 0xFFFF, 0xFFFF, 0xFFFF, 0xFFFF,
  0xFFFF, 0xFFFF, 0xFFFF, 0xFFFF, 0xFFFF, 0xFFFF, 0xFFFF, 0xFFFF, 0xFFFF, 0xFFFF,
  0xFFFF, 0xFFFF, 0xFFFF, 0xFFFF, 0xFFFF, 0xFFFF, 0xFFFF, 0xFFFF, 0xFFFF, 0xFFFF,
  0xFFFF, 0xFFFF, 0xFFFF, 0xFFFF, 0xFFFF, 0xFFFF, 0xFFFF, 0xFFFF, 0xFFFF, 0xFFFF,
  0xFFFF, 0xFFFF, 0xFFFF, 0xFFFF, 0xFFFF, 0xFFFF, 0xFFFF, 0x0000, 0x0000, 0x0000,
  0x0000, 0x0000, 0x0000, 0x0000, 0x0000, 0x0000, 0x0000, 0x0000, 0x0000, 0x0000,
  0x0000, 0x0000, 0x0000, 0x0000, 0x0000, 0x0000, 0x0000, 0x0000, 0x0000, 0x0000,
  0x0000, 0x0000, 0xFFFF, 0xFFFF, 0xFFFF, 0xFFFF, 0xFFFF, 0xFFFF, 0xFFFF, 0xFFFF,
  0xFFFF, 0xFFFF, 0xFFFF, 0xFFFF, 0xFFFF, 0xFFFF, 0xFFFF, 0xFFFF, 0xFFFF, 0xFFFF,
  0xFFFF, 0xFFFF, 0xFFFF, 0x0000, 0x0000, 0x0000, 0x0000, 0x0000, 0x0000, 0x0000,
  0x0000, 0x0000, 0x0000, 0x0000, 0x0000, 0x0000, 0x0000, 0x0000, 0x0000, 0x0000,
  0x0000, 0x0000, 0x0000, 0x0000, 0x0000, 0x0000, 0x0000, 0x0000, 0x0000, 0x0000,
  0x0000, 0x0000, 0x0000, 0x0000, 0x0000, 0x0000, 0x0000, 0x0000, 0x0000, 0x0000,
  0x0000, 0x0000, 0x0000, 0x0000, 0xFFFF, 0xFFFF, 0xFFFF, 0xFFFF, 0xFFFF, 0xFFFF,
  0xFFFF, 0xFFFF, 0xFFFF, 0xFFFF, 0xFFFF, 0xFFFF, 0xFFFF, 0xFFFF, 0xFFFF, 0xFFFF,
  0xFFFF, 0xFFFF, 0xFFFF, 0xFFFF, 0xFFFF, 0xFFFF, 0xFFFF, 0xFFFF, 0xFFFF, 0xFFFF,
  0xFFFF, 0xFFFF, 0xFFFF, 0xFFFF, 0xFFFF, 0xFFFF, 0xFFFF, 0xFFFF, 0xFFFF, 0xFFFF,
  0xFFFF, 0xFFFF, 0xFFFF, 0xFFFF, 0xFFFF, 0xFFFF, 0xFFFF, 0xFFFF, 0xFFFF, 0xFFFF,
  0xFFFF, 0xFFFF, 0xFFFF, 0xFFFF, 0xFFFF, 0xFFFF, 0xFFFF, 0xFFFF, 0xFFFF, 0xFFFF,
  0xFFFF, 0xFFFF, 0xFFFF, 0xFFFF, 0xFFFF, 0xFFFF, 0xFFFF, 0xFFFF, 0xFFFF, 0xFFFF,
  0xFFFF, 0xFFFF, 0xFFFF, 0xFFFF, 0xFFFF, 0xFFFF, 0xFFFF, 0xFFFF, 0xFFFF, 0xFFFF,
  0xFFFF, 0xFFFF, 0xFFFF, 0xFFFF, 0xFFFF, 0xFFFF, 0xFFFF, 0xFFFF, 0xFFFF, 0xFFFF,
  0xFFFF, 0xFFFF, 0xFFFF, 0xFFFF, 0xFFFF, 0xFFFF, 0xFFFF, 0x0000, 0x0000, 0x0000,
  0x0000, 0x0000, 0x0000, 0x0000, 0x0000, 0x0000, 0x0000, 0x0000, 0x0000, 0x0000,
  0x0000, 0x0000, 0x0000, 0x0000, 0x0000, 0x0000, 0x0000, 0x0000, 0x0000, 0x0000,
  0x0000, 0x0000, 0xFFFF, 0xFFFF, 0xFFFF, 0xFFFF, 0xFFFF, 0xFFFF, 0xFFFF, 0xFFFF,
  0xFFFF, 0xFFFF, 0xFFFF, 0xFFFF, 0xFFFF, 0xFFFF, 0xFFFF, 0xFFFF, 0xFFFF, 0xFFFF,
  0xFFFF, 0xFFFF, 0xFFFF, 0x0000, 0x0000, 0x0000, 0x0000, 0x0000, 0x0000, 0x0000,
  0x0000, 0x0000, 0x0000, 0x0000, 0x0000, 0x0000, 0x0000, 0x0000, 0x0000, 0x0000,
  0x0000, 0x0000, 0x0000, 0x0000, 0x0000, 0x0000, 0x0000, 0x0000, 0x0000, 0x0000,
  0x0000, 0x0000, 0x0000, 0x0000, 0x0000, 0x0000, 0x0000, 0x0000, 0x0000, 0x0000,
  0x0000, 0x0000, 0x0000, 0x0000, 0xFFFF, 0xFFFF, 0xFFFF, 0xFFFF, 0xFFFF, 0xFFFF,
  0xFFFF, 0xFFFF, 0xFFFF, 0xFFFF, 0xFFFF, 0xFFFF, 0xFFFF, 0xFFFF, 0xFFFF, 0xFFFF,
  0xFFFF, 0xFFFF, 0xFFFF, 0xFFFF, 0xFFFF, 0xFFFF, 0xFFFF, 0xFFFF, 0xFFFF, 0xFFFF,
  0xFFFF, 0xFFFF, 0xFFFF, 0xFFFF, 0xFFFF, 0xFFFF, 0xFFFF, 0xFFFF, 0xFFFF, 0xFFFF,
  0xFFFF, 0xFFFF, 0xFFFF, 0xFFFF, 0xFFFF, 0xFFFF, 0xFFFF, 0xFFFF, 0xFFFF, 0xFFFF,
  0xFFFF, 0xFFFF, 0xFFFF, 0xFFFF, 0xFFFF, 0xFFFF, 0xFFFF, 0xFFFF, 0xFFFF, 0xFFFF,
  0xFFFF, 0xFFFF, 0xFFFF, 0xFFFF, 0xFFFF, 0xFFFF, 0xFFFF, 0xFFFF, 0xFFFF, 0xFFFF,
  0xFFFF, 0xFFFF, 0xFFFF, 0xFFFF, 0xFFFF, 0xFFFF, 0xFFFF, 0xFFFF, 0xFFFF, 0xFFFF,
  0xFFFF, 0xFFFF, 0xFFFF, 0xFFFF, 0xFFFF, 0xFFFF, 0xFFFF, 0xFFFF, 0xFFFF, 0xFFFF,
  0xFFFF, 0xFFFF, 0xFFFF, 0xFFFF, 0xFFFF, 0xFFFF, 0xFFFF, 0x0000, 0x0000, 0x0000,
  0x0000, 0x0000, 0x0000, 0x0000, 0x0000, 0x0000, 0x0000, 0x0000, 0x0000, 0x0000,
  0x0000, 0x0000, 0x0000, 0x0000, 0x0000, 0x0000, 0x0000, 0x0000, 0x0000, 0x0000,
  0x0000, 0x0000, 0xFFFF, 0xFFFF, 0xFFFF, 0xFFFF, 0xFFFF, 0xFFFF, 0xFFFF, 0xFFFF,
  0xFFFF, 0xFFFF, 0xFFFF, 0xFFFF, 0xFFFF, 0xFFFF, 0xFFFF, 0xFFFF, 0xFFFF, 0xFFFF,
  0xFFFF, 0xFFFF, 0xFFFF, 0x0000, 0x0000, 0x0000, 0x0000, 0x0000, 0x0000, 0x0000,
  0x0000, 0x0000, 0x0000, 0x0000, 0x0000, 0x0000, 0x0000, 0x0000, 0x0000, 0x0000,
  0x0000, 0x0000, 0x0000, 0x0000, 0x0000, 0x0000, 0x0000, 0x0000, 0x0000, 0x0000,
  0x0000, 0x0000, 0x0000, 0x0000, 0x0000, 0x0000, 0x0000, 0x0000, 0x0000, 0x0000,
  0x0000, 0x0000, 0x0000, 0x0000, 0xFFFF, 0xFFFF, 0xFFFF, 0xFFFF, 0xFFFF, 0xFFFF,
  0xFFFF, 0xFFFF, 0xFFFF, 0xFFFF, 0xFFFF, 0xFFFF, 0xFFFF, 0xFFFF, 0xFFFF, 0xFFFF,
  0xFFFF, 0xFFFF, 0xFFFF, 0xFFFF, 0xFFFF, 0xFFFF, 0xFFFF, 0xFFFF, 0xFFFF, 0xFFFF,
  0xFFFF, 0xFFFF, 0xFFFF, 0xFFFF, 0xFFFF, 0xFFFF, 0xFFFF, 0xFFFF, 0xFFFF, 0xFFFF,
  0xFFFF, 0xFFFF, 0xFFFF, 0xFFFF, 0xFFFF, 0xFFFF, 0xFFFF, 0xFFFF, 0xFFFF, 0xFFFF,
  0xFFFF, 0xFFFF, 0xFFFF, 0xFFFF, 0xFFFF, 0xFFFF, 0x0000, 0x0000, 0x0000, 0x0000,
  0x0000, 0xFFFF, 0xFFFF, 0xFFFF, 0xFFFF, 0xFFFF, 0xFFFF, 0xFFFF, 0xFFFF, 0xFFFF,
  0xFFFF, 0xFFFF, 0xFFFF, 0xFFFF, 0xFFFF, 0xFFFF, 0x0000, 0x0000, 0x0000, 0x0000,
  0x0000, 0xFFFF, 0xFFFF, 0xFFFF, 0xFFFF, 0xFFFF, 0x0000, 0x0000, 0x0000, 0x0000,
  0x0000, 0x0000, 0x0000, 0x0000, 0x0000, 0x0000, 0x0000, 0x0000, 0x0000, 0x0000,
  0x0000, 0x0000, 0xFFFF, 0xFFFF, 0xFFFF, 0xFFFF, 0xFFFF, 0x0000, 0x0000, 0x0000,
  0x0000, 0x0000, 0xFFFF, 0xFFFF, 0xFFFF, 0xFFFF, 0xFFFF, 0x0000, 0x0000, 0x0000,
  0x0000, 0x0000, 0xFFFF, 0xFFFF, 0xFFFF, 0xFFFF, 0xFFFF, 0xFFFF, 0xFFFF, 0xFFFF,
  0xFFFF, 0xFFFF, 0xFFFF, 0x0000, 0x0000, 0x0000, 0x0000, 0x0000, 0x0000, 0x0000,
  0x0000, 0x0000, 0x0000, 0x0000, 0x0000, 0x0000, 0x0000, 0x0000, 0xFFFF, 0xFFFF,
  0xFFFF, 0xFFFF, 0xFFFF, 0xFFFF, 0xFFFF, 0xFFFF, 0xFFFF, 0xFFFF, 0x0000, 0x0000,
  0x0000, 0x0000, 0x0000, 0x0000, 0x0000, 0x0000, 0x0000, 0x0000, 0x0000, 0xFFFF,
  0xFFFF, 0xFFFF, 0xFFFF, 0xFFFF, 0xFFFF, 0xFFFF, 0xFFFF, 0xFFFF, 0xFFFF, 0xFFFF,
  0xFFFF, 0xFFFF, 0xFFFF, 0xFFFF, 0x0000, 0x0000, 0x0000, 0x0000, 0x0000, 0x0000,
  0x0000, 0x0000, 0x0000, 0x0000, 0x0000, 0x0000, 0x0000, 0x0000, 0x0000, 0x0000,
  0x0000, 0x0000, 0x0000, 0x0000, 0x0000, 0x0000, 0x0000, 0x0000, 0x0000, 0x0000,
  0xFFFF, 0xFFFF, 0xFFFF, 0xFFFF, 0xFFFF, 0xFFFF, 0xFFFF, 0xFFFF, 0xFFFF, 0xFFFF,
  0x0000, 0x0000, 0x0000, 0x0000, 0x0000, 0xFFFF, 0xFFFF, 0xFFFF, 0xFFFF, 0xFFFF,
  0xFFFF, 0xFFFF, 0xFFFF, 0xFFFF, 0xFFFF, 0xFFFF, 0x0000, 0x0000, 0x0000, 0x0000,
  0x0000, 0xFFFF, 0xFFFF, 0xFFFF, 0xFFFF, 0xFFFF, 0xFFFF, 0xFFFF, 0xFFFF, 0xFFFF,
  0xFFFF, 0xFFFF, 0xFFFF, 0xFFFF, 0xFFFF, 0xFFFF, 0x0000, 0x0000, 0x0000, 0x0000,
  0x0000, 0xFFFF, 0xFFFF, 0xFFFF, 0xFFFF, 0xFFFF, 0x0000, 0x0000, 0x0000, 0x0000,
  0x0000, 0x0000, 0x0000, 0x0000, 0x0000, 0x0000, 0x0000, 0x0000, 0x0000, 0x0000,
  0x0000, 0x0000, 0xFFFF, 0xFFFF, 0xFFFF, 0xFFFF, 0xFFFF, 0x0000, 0x0000, 0x0000,
  0x0000, 0x0000, 0xFFFF, 0xFFFF, 0xFFFF, 0xFFFF, 0xFFFF, 0x0000, 0x0000, 0x0000,
  0x0000, 0x0000, 0xFFFF, 0xFFFF, 0xFFFF, 0xFFFF, 0xFFFF, 0xFFFF, 0xFFFF, 0xFFFF,
  0xFFFF, 0xFFFF, 0xFFFF, 0x0000, 0x0000, 0x0000, 0x0000, 0x0000, 0x0000, 0x0000,
  0x0000, 0x0000, 0x0000, 0x0000, 0x0000, 0x0000, 0x0000, 0x0000, 0xFFFF, 0xFFFF,
  0xFFFF, 0xFFFF, 0xFFFF, 0xFFFF, 0xFFFF, 0xFFFF, 0xFFFF, 0xFFFF, 0x0000, 0x0000,
  0x0000, 0x0000, 0x0000, 0x0000, 0x0000, 0x0000, 0x0000, 0x0000, 0x0000, 0xFFFF,
  0xFFFF, 0xFFFF, 0xFFFF, 0xFFFF, 0xFFFF, 0xFFFF, 0xFFFF, 0xFFFF, 0xFFFF, 0xFFFF,
  0xFFFF, 0xFFFF, 0xFFFF, 0xFFFF, 0x0000, 0x0000, 0x0000, 0x0000, 0x0000, 0x0000,
  0x0000, 0x0000, 0x0000, 0x0000, 0x0000, 0x0000, 0x0000, 0x0000, 0x0000, 0x0000,
  0x0000, 0x0000, 0x0000, 0x0000, 0x0000, 0x0000, 0x0000, 0x0000, 0x0000, 0x0000,
  0xFFFF, 0xFFFF, 0xFFFF, 0xFFFF, 0xFFFF, 0xFFFF, 0xFFFF, 0xFFFF, 0xFFFF, 0xFFFF,
  0x0000, 0x0000, 0x0000, 0x0000, 0x0000, 0xFFFF, 0xFFFF, 0xFFFF, 0xFFFF, 0xFFFF,
  0xFFFF, 0xFFFF, 0xFFFF, 0xFFFF, 0xFFFF, 0xFFFF, 0x0000, 0x0000, 0x0000, 0x0000,
  0x0000, 0xFFFF, 0xFFFF, 0xFFFF, 0xFFFF, 0xFFFF, 0xFFFF, 0xFFFF, 0xFFFF, 0xFFFF,
  0xFFFF, 0xFFFF, 0xFFFF, 0xFFFF, 0xFFFF, 0xFFFF, 0x0000, 0x0000, 0x0000, 0x0000,
  0x0000, 0xFFFF, 0xFFFF, 0xFFFF, 0xFFFF, 0xFFFF, 0x0000, 0x0000, 0x0000, 0x0000,
  0x0000, 0x0000, 0x0000, 0x0000, 0x0000, 0x0000, 0x0000, 0x0000, 0x0000, 0x0000,
  0x0000, 0x0000, 0xFFFF, 0xFFFF, 0xFFFF, 0xFFFF, 0xFFFF, 0x0000, 0x0000, 0x0000,
  0x0000, 0x0000, 0xFFFF, 0xFFFF, 0xFFFF, 0xFFFF, 0xFFFF, 0x0000, 0x0000, 0x0000,
  0x0000, 0x0000, 0xFFFF, 0xFFFF, 0xFFFF, 0xFFFF, 0xFFFF, 0xFFFF, 0xFFFF, 0xFFFF,
  0xFFFF, 0xFFFF, 0xFFFF, 0x0000, 0x0000, 0x0000, 0x0000, 0x0000, 0x0000, 0x0000,
  0x0000, 0x0000, 0x0000, 0x0000, 0x0000, 0x0000, 0x0000, 0x0000, 0xFFFF, 0xFFFF,
  0xFFFF, 0xFFFF, 0xFFFF, 0xFFFF, 0xFFFF, 0xFFFF, 0xFFFF, 0xFFFF, 0x0000, 0x0000,
  0x0000, 0x0000, 0x0000, 0x0000, 0x0000, 0x0000, 0x0000, 0x0000, 0x0000, 0xFFFF,
  0xFFFF, 0xFFFF, 0xFFFF, 0xFFFF, 0xFFFF, 0xFFFF, 0xFFFF, 0xFFFF, 0xFFFF, 0xFFFF,
  0xFFFF, 0xFFFF, 0xFFFF, 0xFFFF, 0x0000, 0x0000, 0x0000, 0x0000, 0x0000, 0x0000,
  0x0000, 0x0000, 0x0000, 0x0000, 0x0000, 0x0000, 0x0000, 0x0000, 0x0000, 0x0000,
  0x0000, 0x0000, 0x0000, 0x0000, 0x0000, 0x0000, 0x0000, 0x0000, 0x0000, 0x0000,
  0xFFFF, 0xFFFF, 0xFFFF, 0xFFFF, 0xFFFF, 0xFFFF, 0xFFFF, 0xFFFF, 0xFFFF, 0xFFFF,
  0x0000, 0x0000, 0x0000, 0x0000, 0x0000, 0xFFFF, 0xFFFF, 0xFFFF, 0xFFFF, 0xFFFF,
  0xFFFF, 0xFFFF, 0xFFFF, 0xFFFF, 0xFFFF, 0xFFFF, 0x0000, 0x0000, 0x0000, 0x0000,
  0x0000, 0xFFFF, 0xFFFF, 0xFFFF, 0xFFFF, 0xFFFF, 0xFFFF, 0xFFFF, 0xFFFF, 0xFFFF,
  0xFFFF, 0xFFFF, 0xFFFF, 0xFFFF, 0xFFFF, 0xFFFF, 0x0000, 0x0000, 0x0000, 0x0000,
  0x0000, 0xFFFF, 0xFFFF, 0xFFFF, 0xFFFF, 0xFFFF, 0x0000, 0x0000, 0x0000, 0x0000,
  0x0000, 0x0000, 0x0000, 0x0000, 0x0000, 0x0000, 0x0000, 0x0000, 0x0000, 0x0000,
  0x0000, 0x0000, 0xFFFF, 0xFFFF, 0xFFFF, 0xFFFF, 0xFFFF, 0x0000, 0x0000, 0x0000,
  0x0000, 0x0000, 0xFFFF, 0xFFFF, 0xFFFF, 0xFFFF, 0xFFFF, 0x0000, 0x0000, 0x0000,
  0x0000, 0x0000, 0xFFFF, 0xFFFF, 0xFFFF, 0xFFFF, 0xFFFF, 0xFFFF, 0xFFFF, 0xFFFF,
  0xFFFF, 0xFFFF, 0xFFFF, 0x0000, 0x0000, 0x0000, 0x0000, 0x0000, 0x0000, 0x0000,
  0x0000, 0x0000, 0x0000, 0x0000, 0x0000, 0x0000, 0x0000, 0x0000, 0xFFFF, 0xFFFF,
  0xFFFF, 0xFFFF, 0xFFFF, 0xFFFF, 0xFFFF, 0xFFFF, 0xFFFF, 0xFFFF, 0x0000, 0x0000,
  0x0000, 0x0000, 0x0000, 0x0000, 0x0000, 0x0000, 0x0000, 0x0000, 0x0000, 0xFFFF,
  0xFFFF, 0xFFFF, 0xFFFF, 0xFFFF, 0xFFFF, 0xFFFF, 0xFFFF, 0xFFFF, 0xFFFF, 0xFFFF,
  0xFFFF, 0xFFFF, 0xFFFF, 0xFFFF, 0x0000, 0x0000, 0x0000, 0x0000, 0x0000, 0x0000,
  0x0000, 0x0000, 0x0000, 0x0000, 0x0000, 0x0000, 0x0000, 0x0000, 0x0000, 0x0000,
  0x0000, 0x0000, 0x0000, 0x0000, 0x0000, 0x0000, 0x0000, 0x0000, 0x0000, 0x0000,
  0xFFFF, 0xFFFF, 0xFFFF, 0xFFFF, 0xFFFF, 0xFFFF, 0xFFFF, 0xFFFF, 0xFFFF, 0xFFFF,
  0x0000, 0x0000, 0x0000, 0x0000, 0x0000, 0xFFFF, 0xFFFF, 0xFFFF, 0xFFFF, 0xFFFF,
  0xFFFF, 0xFFFF, 0xFFFF, 0xFFFF, 0xFFFF, 0xFFFF, 0x0000, 0x0000, 0x0000, 0x0000,
  0x0000, 0xFFFF, 0xFFFF, 0xFFFF, 0xFFFF, 0xFFFF, 0xFFFF, 0xFFFF, 0xFFFF, 0xFFFF,
  0xFFFF, 0xFFFF, 0xFFFF, 0xFFFF, 0xFFFF, 0xFFFF, 0x0000, 0x0000, 0x0000, 0x0000,
  0x0000, 0xFFFF, 0xFFFF, 0xFFFF, 0xFFFF, 0xFFFF, 0x0000, 0x0000, 0x0000, 0x0000,
  0x0000, 0x0000, 0x0000, 0x0000, 0x0000, 0x0000, 0x0000, 0x0000, 0x0000, 0x0000,
  0x0000, 0x0000, 0xFFFF, 0xFFFF, 0xFFFF, 0xFFFF, 0xFFFF, 0x0000, 0x0000, 0x0000,
  0x0000, 0x0000, 0xFFFF, 0xFFFF, 0xFFFF, 0xFFFF, 0xFFFF, 0x0000, 0x0000, 0x0000,
  0x0000, 0x0000, 0xFFFF, 0xFFFF, 0xFFFF, 0xFFFF, 0xFFFF, 0xFFFF, 0xFFFF, 0xFFFF,
  0xFFFF, 0xFFFF, 0xFFFF, 0x0000, 0x0000, 0x0000, 0x0000, 0x0000, 0x0000, 0x0000,
  0x0000, 0x0000, 0x0000, 0x0000, 0x0000, 0x0000, 0x0000, 0x0000, 0xFFFF, 0xFFFF,
  0xFFFF, 0xFFFF, 0xFFFF, 0xFFFF, 0xFFFF, 0xFFFF, 0xFFFF, 0xFFFF, 0x0000, 0x0000,
  0x0000, 0x0000, 0x0000, 0x0000, 0x0000, 0x0000, 0x0000, 0x0000, 0x0000, 0xFFFF,
  0xFFFF, 0xFFFF, 0xFFFF, 0xFFFF, 0xFFFF, 0xFFFF, 0xFFFF, 0xFFFF, 0xFFFF, 0xFFFF,
  0xFFFF, 0xFFFF, 0xFFFF, 0xFFFF, 0x0000, 0x0000, 0x0000, 0x0000, 0x0000, 0x0000,
  0x0000, 0x0000, 0x0000, 0x0000, 0x0000, 0x0000, 0x0000, 0x0000, 0x0000, 0x0000,
  0x0000, 0x0000, 0x0000, 0x0000, 0x0000, 0x0000, 0x0000, 0x0000, 0x0000, 0x0000,
  0xFFFF, 0xFFFF, 0xFFFF, 0xFFFF, 0xFFFF, 0xFFFF, 0xFFFF, 0xFFFF, 0xFFFF, 0xFFFF,
  0x0000, 0x0000, 0x0000, 0x0000, 0x0000, 0xFFFF, 0xFFFF, 0xFFFF, 0xFFFF, 0xFFFF,
  0xFFFF, 0xFFFF, 0xFFFF, 0xFFFF, 0xFFFF, 0xFFFF, 0x0000, 0x0000, 0x0000, 0x0000,
  0x0000, 0xFFFF, 0xFFFF, 0xFFFF, 0xFFFF, 0xFFFF, 0x0000, 0x0000, 0x0000, 0x0000,
  0x0000, 0xFFFF, 0xFFFF, 0xFFFF, 0xFFFF, 0xFFFF, 0xFFFF, 0xFFFF, 0xFFFF, 0xFFFF,
  0xFFFF, 0xFFFF, 0xFFFF, 0xFFFF, 0xFFFF, 0xFFFF, 0xFFFF, 0xFFFF, 0xFFFF, 0xFFFF,
  0xFFFF, 0xFFFF, 0x0000, 0x0000, 0x0000, 0x0000, 0x0000, 0x0000, 0x0000, 0x0000,
  0x0000, 0x0000, 0xFFFF, 0xFFFF, 0xFFFF, 0xFFFF, 0xFFFF, 0xFFFF, 0xFFFF, 0xFFFF,
  0xFFFF, 0xFFFF, 0x0000, 0x0000, 0x0000, 0x0000, 0x0000, 0xFFFF, 0xFFFF, 0xFFFF,
  0xFFFF, 0xFFFF, 0xFFFF, 0xFFFF, 0xFFFF, 0xFFFF, 0xFFFF, 0xFFFF, 0x0000, 0x0000,
  0x0000, 0x0000, 0x0000, 0x0000, 0x0000, 0x0000, 0x0000, 0x0000, 0x0000, 0x0000,
  0x0000, 0x0000, 0x0000, 0x0000, 0x0000, 0x0000, 0x0000, 0x0000, 0x0000, 0x0000,
  0x0000, 0x0000, 0x0000, 0xFFFF, 0xFFFF, 0xFFFF, 0xFFFF, 0xFFFF, 0xFFFF, 0xFFFF,
  0xFFFF, 0xFFFF, 0xFFFF, 0xFFFF, 0x0000, 0x0000, 0x0000, 0x0000, 0x0000, 0xFFFF,
  0xFFFF, 0xFFFF, 0xFFFF, 0xFFFF, 0x0000, 0x0000, 0x0000, 0x0000, 0x0000, 0xFFFF,
  0xFFFF, 0xFFFF, 0xFFFF, 0xFFFF, 0x0000, 0x0000, 0x0000, 0x0000, 0x0000, 0xFFFF,
  0xFFFF, 0xFFFF, 0xFFFF, 0xFFFF, 0xFFFF, 0xFFFF, 0xFFFF, 0xFFFF, 0xFFFF, 0xFFFF,
  0xFFFF, 0xFFFF, 0xFFFF, 0xFFFF, 0xFFFF, 0x0000, 0x0000, 0x0000, 0x0000, 0x0000,
  0x0000, 0x0000, 0x0000, 0x0000, 0x0000, 0xFFFF, 0xFFFF, 0xFFFF, 0xFFFF, 0xFFFF,
  0xFFFF, 0xFFFF, 0xFFFF, 0xFFFF, 0xFFFF, 0xFFFF, 0xFFFF, 0xFFFF, 0xFFFF, 0xFFFF,
  0xFFFF, 0xFFFF, 0xFFFF, 0xFFFF, 0xFFFF, 0xFFFF, 0x0000, 0x0000, 0x0000, 0x0000,
  0x0000, 0xFFFF, 0xFFFF, 0xFFFF, 0xFFFF, 0xFFFF, 0x0000, 0x0000, 0x0000, 0x0000,
  0x0000, 0xFFFF, 0xFFFF, 0xFFFF, 0xFFFF, 0xFFFF, 0xFFFF, 0xFFFF, 0xFFFF, 0xFFFF,
  0xFFFF, 0xFFFF, 0xFFFF, 0xFFFF, 0xFFFF, 0xFFFF, 0xFFFF, 0xFFFF, 0xFFFF, 0xFFFF,
  0xFFFF, 0xFFFF, 0x0000, 0x0000, 0x0000, 0x0000, 0x0000, 0x0000, 0x0000, 0x0000,
  0x0000, 0x0000, 0xFFFF, 0xFFFF, 0xFFFF, 0xFFFF, 0xFFFF, 0xFFFF, 0xFFFF, 0xFFFF,
  0xFFFF, 0xFFFF, 0x0000, 0x0000, 0x0000, 0x0000, 0x0000, 0xFFFF, 0xFFFF, 0xFFFF,
  0xFFFF, 0xFFFF, 0xFFFF, 0xFFFF, 0xFFFF, 0xFFFF, 0xFFFF, 0xFFFF, 0x0000, 0x0000,
  0x0000, 0x0000, 0x0000, 0x0000, 0x0000, 0x0000, 0x0000, 0x0000, 0x0000, 0x0000,
  0x0000, 0x0000, 0x0000, 0x0000, 0x0000, 0x0000, 0x0000, 0x0000, 0x0000, 0x0000,
  0x0000, 0x0000, 0x0000, 0xFFFF, 0xFFFF, 0xFFFF, 0xFFFF, 0xFFFF, 0xFFFF, 0xFFFF,
  0xFFFF, 0xFFFF, 0xFFFF, 0xFFFF, 0x0000, 0x0000, 0x0000, 0x0000, 0x0000, 0xFFFF,
  0xFFFF, 0xFFFF, 0xFFFF, 0xFFFF, 0x0000, 0x0000, 0x0000, 0x0000, 0x0000, 0xFFFF,
  0xFFFF, 0xFFFF, 0xFFFF, 0xFFFF, 0x0000, 0x0000, 0x0000, 0x0000, 0x0000, 0xFFFF,
  0xFFFF, 0xFFFF, 0xFFFF, 0xFFFF, 0xFFFF, 0xFFFF, 0xFFFF, 0xFFFF, 0xFFFF, 0xFFFF,
  0xFFFF, 0xFFFF, 0xFFFF, 0xFFFF, 0xFFFF, 0x0000, 0x0000, 0x0000, 0x0000, 0x0000,
  0x0000, 0x0000, 0x0000, 0x0000, 0x0000, 0xFFFF, 0xFFFF, 0xFFFF, 0xFFFF, 0xFFFF,
  0xFFFF, 0xFFFF, 0xFFFF, 0xFFFF, 0xFFFF, 0xFFFF, 0xFFFF, 0xFFFF, 0xFFFF, 0xFFFF,
  0xFFFF, 0xFFFF, 0xFFFF, 0xFFFF, 0xFFFF, 0xFFFF, 0x0000, 0x0000, 0x0000, 0x0000,
  0x0000, 0xFFFF, 0xFFFF, 0xFFFF, 0xFFFF, 0xFFFF, 0x0000, 0x0000, 0x0000, 0x0000,
  0x0000, 0xFFFF, 0xFFFF, 0xFFFF, 0xFFFF, 0xFFFF, 0xFFFF, 0xFFFF, 0xFFFF, 0xFFFF,
  0xFFFF, 0xFFFF, 0xFFFF, 0xFFFF, 0xFFFF, 0xFFFF, 0xFFFF, 0xFFFF, 0xFFFF, 0xFFFF,
  0xFFFF, 0xFFFF, 0x0000, 0x0000, 0x0000, 0x0000, 0x0000, 0x0000, 0x0000, 0x0000,
  0x0000, 0x0000, 0xFFFF, 0xFFFF, 0xFFFF, 0xFFFF, 0xFFFF, 0xFFFF, 0xFFFF, 0xFFFF,
  0xFFFF, 0xFFFF, 0x0000, 0x0000, 0x0000, 0x0000, 0x0000, 0xFFFF, 0xFFFF, 0xFFFF,
  0xFFFF, 0xFFFF, 0xFFFF, 0xFFFF, 0xFFFF, 0xFFFF, 0xFFFF, 0xFFFF, 0x0000, 0x0000,
  0x0000, 0x0000, 0x0000, 0x0000, 0x0000, 0x0000, 0x0000, 0x0000, 0x0000, 0x0000,
  0x0000, 0x0000, 0x0000, 0x0000, 0x0000, 0x0000, 0x0000, 0x0000, 0x0000, 0x0000,
  0x0000, 0x0000, 0x0000, 0xFFFF, 0xFFFF, 0xFFFF, 0xFFFF, 0xFFFF, 0xFFFF, 0xFFFF,
  0xFFFF, 0xFFFF, 0xFFFF, 0xFFFF, 0x0000, 0x0000, 0x0000, 0x0000, 0x0000, 0xFFFF,
  0xFFFF, 0xFFFF, 0xFFFF, 0xFFFF, 0x0000, 0x0000, 0x0000, 0x0000, 0x0000, 0xFFFF,
  0xFFFF, 0xFFFF, 0xFFFF, 0xFFFF, 0x0000, 0x0000, 0x0000, 0x0000, 0x0000, 0xFFFF,
  0xFFFF, 0xFFFF, 0xFFFF, 0xFFFF, 0xFFFF, 0xFFFF, 0xFFFF, 0xFFFF, 0xFFFF, 0xFFFF,
  0xFFFF, 0xFFFF, 0xFFFF, 0xFFFF, 0xFFFF, 0x0000, 0x0000, 0x0000, 0x0000, 0x0000,
  0x0000, 0x0000, 0x0000, 0x0000, 0x0000, 0xFFFF, 0xFFFF, 0xFFFF, 0xFFFF, 0xFFFF,
  0xFFFF, 0xFFFF, 0xFFFF, 0xFFFF, 0xFFFF, 0xFFFF, 0xFFFF, 0xFFFF, 0xFFFF, 0xFFFF,
  0xFFFF, 0xFFFF, 0xFFFF, 0xFFFF, 0xFFFF, 0xFFFF, 0x0000, 0x0000, 0x0000, 0x0000,
  0x0000, 0xFFFF, 0xFFFF, 0xFFFF, 0xFFFF, 0xFFFF, 0x0000, 0x0000, 0x0000, 0x0000,
  0x0000, 0xFFFF, 0xFFFF, 0xFFFF, 0xFFFF, 0xFFFF, 0xFFFF, 0xFFFF, 0xFFFF, 0xFFFF,
  0xFFFF, 0xFFFF, 0xFFFF, 0xFFFF, 0xFFFF, 0xFFFF, 0xFFFF, 0xFFFF, 0xFFFF, 0xFFFF,
  0xFFFF, 0xFFFF, 0x0000, 0x0000, 0x0000, 0x0000, 0x0000, 0x0000, 0x0000, 0x0000,
  0x0000, 0x0000, 0xFFFF, 0xFFFF, 0xFFFF, 0xFFFF, 0xFFFF, 0xFFFF, 0xFFFF, 0xFFFF,
  0xFFFF, 0xFFFF, 0x0000, 0x0000, 0x0000, 0x0000, 0x0000, 0xFFFF, 0xFFFF, 0xFFFF,
  0xFFFF, 0xFFFF, 0xFFFF, 0xFFFF, 0xFFFF, 0xFFFF, 0xFFFF, 0xFFFF, 0x0000, 0x0000,
  0x0000, 0x0000, 0x0000, 0x0000, 0x0000, 0x0000, 0x0000, 0x0000, 0x0000, 0x0000,
  0x0000, 0x0000, 0x0000, 0x0000, 0x0000, 0x0000, 0x0000, 0x0000, 0x0000, 0x0000,
  0x0000, 0x0000, 0x0000, 0xFFFF, 0xFFFF, 0xFFFF, 0xFFFF, 0xFFFF, 0xFFFF, 0xFFFF,
  0xFFFF, 0xFFFF, 0xFFFF, 0xFFFF, 0x0000, 0x0000, 0x0000, 0x0000, 0x0000, 0xFFFF,
  0xFFFF, 0xFFFF, 0xFFFF, 0xFFFF, 0x0000, 0x0000, 0x0000, 0x0000, 0x0000, 0xFFFF,
  0xFFFF, 0xFFFF, 0xFFFF, 0xFFFF, 0x0000, 0x0000, 0x0000, 0x0000, 0x0000, 0xFFFF,
  0xFFFF, 0xFFFF, 0xFFFF, 0xFFFF, 0xFFFF, 0xFFFF, 0xFFFF, 0xFFFF, 0xFFFF, 0xFFFF,
  0xFFFF, 0xFFFF, 0xFFFF, 0xFFFF, 0xFFFF, 0x0000, 0x0000, 0x0000, 0x0000, 0x0000,
  0x0000, 0x0000, 0x0000, 0x0000, 0x0000, 0xFFFF, 0xFFFF, 0xFFFF, 0xFFFF, 0xFFFF,
  0xFFFF, 0xFFFF, 0xFFFF, 0xFFFF, 0xFFFF, 0xFFFF, 0xFFFF, 0xFFFF, 0xFFFF, 0xFFFF,
  0xFFFF, 0xFFFF, 0xFFFF, 0xFFFF, 0xFFFF, 0xFFFF, 0x0000, 0x0000, 0x0000, 0x0000,
  0x0000, 0xFFFF, 0xFFFF, 0xFFFF, 0xFFFF, 0xFFFF, 0x0000, 0x0000, 0x0000, 0x0000,
  0x0000, 0xFFFF, 0xFFFF, 0xFFFF, 0xFFFF, 0xFFFF, 0xFFFF, 0xFFFF, 0xFFFF, 0xFFFF,
  0xFFFF, 0xFFFF, 0xFFFF, 0xFFFF, 0xFFFF, 0xFFFF, 0xFFFF, 0xFFFF, 0xFFFF, 0xFFFF,
  0xFFFF, 0xFFFF, 0x0000, 0x0000, 0x0000, 0x0000, 0x0000, 0x0000, 0x0000, 0x0000,
  0x0000, 0x0000, 0xFFFF, 0xFFFF, 0xFFFF, 0xFFFF, 0xFFFF, 0xFFFF, 0xFFFF, 0xFFFF,
  0xFFFF, 0xFFFF, 0x0000, 0x0000, 0x0000, 0x0000, 0x0000, 0xFFFF, 0xFFFF, 0xFFFF,
  0xFFFF, 0xFFFF, 0xFFFF, 0xFFFF, 0xFFFF, 0xFFFF, 0xFFFF, 0xFFFF, 0x0000, 0x0000,
  0x0000, 0x0000, 0x0000, 0x0000, 0x0000, 0x0000, 0x0000, 0x0000, 0x0000, 0x0000,
  0x0000, 0x0000, 0x0000, 0x0000, 0x0000, 0x0000, 0x0000, 0x0000, 0x0000, 0x0000,
  0x0000, 0x0000, 0x0000, 0xFFFF, 0xFFFF, 0xFFFF, 0xFFFF, 0xFFFF, 0xFFFF, 0xFFFF,
  0xFFFF, 0xFFFF, 0xFFFF, 0xFFFF, 0x0000, 0x0000, 0x0000, 0x0000, 0x0000, 0xFFFF,
  0xFFFF, 0xFFFF, 0xFFFF, 0xFFFF, 0x0000, 0x0000, 0x0000, 0x0000, 0x0000, 0xFFFF,
  0xFFFF, 0xFFFF, 0xFFFF, 0xFFFF, 0x0000, 0x0000, 0x0000, 0x0000, 0x0000, 0xFFFF,
  0xFFFF, 0xFFFF, 0xFFFF, 0xFFFF, 0xFFFF, 0xFFFF, 0xFFFF, 0xFFFF, 0xFFFF, 0xFFFF,
  0xFFFF, 0xFFFF, 0xFFFF, 0xFFFF, 0xFFFF, 0x0000, 0x0000, 0x0000, 0x0000, 0x0000,
  0x0000, 0x0000, 0x0000, 0x0000, 0x0000, 0xFFFF, 0xFFFF, 0xFFFF, 0xFFFF, 0xFFFF,
  0xFFFF, 0xFFFF, 0xFFFF, 0xFFFF, 0xFFFF, 0xFFFF, 0xFFFF, 0xFFFF, 0xFFFF, 0xFFFF,
  0xFFFF, 0xFFFF, 0xFFFF, 0xFFFF, 0xFFFF, 0xFFFF, 0x0000, 0x0000, 0x0000, 0x0000,
  0x0000, 0x0000, 0x0000, 0x0000, 0x0000, 0x0000, 0x0000, 0x0000, 0x0000, 0x0000,
  0x0000, 0xFFFF, 0xFFFF, 0xFFFF, 0xFFFF, 0xFFFF, 0xFFFF, 0xFFFF, 0xFFFF, 0xFFFF,
  0xFFFF, 0x0000, 0x0000, 0x0000, 0x0000, 0x0000, 0x0000, 0x0000, 0x0000, 0x0000,
  0x0000, 0x0000, 0x0000, 0x0000, 0x0000, 0x0000, 0x0000, 0x0000, 0x0000, 0x0000,
  0x0000, 0x0000, 0xFFFF, 0xFFFF, 0xFFFF, 0xFFFF, 0xFFFF, 0x0000, 0x0000, 0x0000,
  0x0000, 0x0000, 0xFFFF, 0xFFFF, 0xFFFF, 0xFFFF, 0xFFFF, 0x0000, 0x0000, 0x0000,
  0x0000, 0x0000, 0x0000, 0x0000, 0x0000, 0x0000, 0x0000, 0x0000, 0x0000, 0x0000,
  0x0000, 0x0000, 0x0000, 0x0000, 0x0000, 0x0000, 0x0000, 0x0000, 0xFFFF, 0xFFFF,
  0xFFFF, 0xFFFF, 0xFFFF, 0xFFFF, 0xFFFF, 0xFFFF, 0xFFFF, 0xFFFF, 0x0000, 0x0000,
  0x0000, 0x0000, 0x0000, 0xFFFF, 0xFFFF, 0xFFFF, 0xFFFF, 0xFFFF, 0xFFFF, 0xFFFF,
  0xFFFF, 0xFFFF, 0xFFFF, 0xFFFF, 0xFFFF, 0xFFFF, 0xFFFF, 0xFFFF, 0xFFFF, 0xFFFF,
  0xFFFF, 0xFFFF, 0xFFFF, 0xFFFF, 0x0000, 0x0000, 0x0000, 0x0000, 0x0000, 0xFFFF,
  0xFFFF, 0xFFFF, 0xFFFF, 0xFFFF, 0x0000, 0x0000, 0x0000, 0x0000, 0x0000, 0x0000,
  0x0000, 0x0000, 0x0000, 0x0000, 0xFFFF, 0xFFFF, 0xFFFF, 0xFFFF, 0xFFFF, 0xFFFF,
  0xFFFF, 0xFFFF, 0xFFFF, 0xFFFF, 0xFFFF, 0x0000, 0x0000, 0x0000, 0x0000, 0x0000,
  0xFFFF, 0xFFFF, 0xFFFF, 0xFFFF, 0xFFFF, 0x0000, 0x0000, 0x0000, 0x0000, 0x0000,
  0xFFFF, 0xFFFF, 0xFFFF, 0xFFFF, 0xFFFF, 0xFFFF, 0xFFFF, 0xFFFF, 0xFFFF, 0xFFFF,
  0xFFFF, 0xFFFF, 0xFFFF, 0xFFFF, 0xFFFF, 0xFFFF, 0x0000, 0x0000, 0x0000, 0x0000,
  0x0000, 0x0000, 0x0000, 0x0000, 0x0000, 0x0000, 0x0000, 0x0000, 0x0000, 0x0000,
  0x0000, 0xFFFF, 0xFFFF, 0xFFFF, 0xFFFF, 0xFFFF, 0xFFFF, 0xFFFF, 0xFFFF, 0xFFFF,
  0xFFFF, 0x0000, 0x0000, 0x0000, 0x0000, 0x0000, 0x0000, 0x0000, 0x0000, 0x0000,
  0x0000, 0x0000, 0x0000, 0x0000, 0x0000, 0x0000, 0x0000, 0x0000, 0x0000, 0x0000,
  0x0000, 0x0000, 0xFFFF, 0xFFFF, 0xFFFF, 0xFFFF, 0xFFFF, 0x0000, 0x0000, 0x0000,
  0x0000, 0x0000, 0xFFFF, 0xFFFF, 0xFFFF, 0xFFFF, 0xFFFF, 0x0000, 0x0000, 0x0000,
  0x0000, 0x0000, 0x0000, 0x0000, 0x0000, 0x0000, 0x0000, 0x0000, 0x0000, 0x0000,
  0x0000, 0x0000, 0x0000, 0x0000, 0x0000, 0x0000, 0x0000, 0x0000, 0xFFFF, 0xFFFF,
  0xFFFF, 0xFFFF, 0xFFFF, 0xFFFF, 0xFFFF, 0xFFFF, 0xFFFF, 0xFFFF, 0x0000, 0x0000,
  0x0000, 0x0000, 0x0000, 0xFFFF, 0xFFFF, 0xFFFF, 0xFFFF, 0xFFFF, 0xFFFF, 0xFFFF,
  0xFFFF, 0xFFFF, 0xFFFF, 0xFFFF, 0xFFFF, 0xFFFF, 0xFFFF, 0xFFFF, 0xFFFF, 0xFFFF,
  0xFFFF, 0xFFFF, 0xFFFF, 0xFFFF, 0x0000, 0x0000, 0x0000, 0x0000, 0x0000, 0xFFFF,
  0xFFFF, 0xFFFF, 0xFFFF, 0xFFFF, 0x0000, 0x0000, 0x0000, 0x0000, 0x0000, 0x0000,
  0x0000, 0x0000, 0x0000, 0x0000, 0xFFFF, 0xFFFF, 0xFFFF, 0xFFFF, 0xFFFF, 0xFFFF,
  0xFFFF, 0xFFFF, 0xFFFF, 0xFFFF, 0xFFFF, 0x0000, 0x0000, 0x0000, 0x0000, 0x0000,
  0xFFFF, 0xFFFF, 0xFFFF, 0xFFFF, 0xFFFF, 0x0000, 0x0000, 0x0000, 0x0000, 0x0000,
  0xFFFF, 0xFFFF, 0xFFFF, 0xFFFF, 0xFFFF, 0xFFFF, 0xFFFF, 0xFFFF, 0xFFFF, 0xFFFF,
  0xFFFF, 0xFFFF, 0xFFFF, 0xFFFF, 0xFFFF, 0xFFFF, 0x0000, 0x0000, 0x0000, 0x0000,
  0x0000, 0x0000, 0x0000, 0x0000, 0x0000, 0x0000, 0x0000, 0x0000, 0x0000, 0x0000,
  0x0000, 0xFFFF, 0xFFFF, 0xFFFF, 0xFFFF, 0xFFFF, 0xFFFF, 0xFFFF, 0xFFFF, 0xFFFF,
  0xFFFF, 0x0000, 0x0000, 0x0000, 0x0000, 0x0000, 0x0000, 0x0000, 0x0000, 0x0000,
  0x0000, 0x0000, 0x0000, 0x0000, 0x0000, 0x0000, 0x0000, 0x0000, 0x0000, 0x0000,
  0x0000, 0x0000, 0xFFFF, 0xFFFF, 0xFFFF, 0xFFFF, 0xFFFF, 0x0000, 0x0000, 0x0000,
  0x0000, 0x0000, 0xFFFF, 0xFFFF, 0xFFFF, 0xFFFF, 0xFFFF, 0x0000, 0x0000, 0x0000,
  0x0000, 0x0000, 0x0000, 0x0000, 0x0000, 0x0000, 0x0000, 0x0000, 0x0000, 0x0000,
  0x0000, 0x0000, 0x0000, 0x0000, 0x0000, 0x0000, 0x0000, 0x0000, 0xFFFF, 0xFFFF,
  0xFFFF, 0xFFFF, 0xFFFF, 0xFFFF, 0xFFFF, 0xFFFF, 0xFFFF, 0xFFFF, 0x0000, 0x0000,
  0x0000, 0x0000, 0x0000, 0xFFFF, 0xFFFF, 0xFFFF, 0xFFFF, 0xFFFF, 0xFFFF, 0xFFFF,
  0xFFFF, 0xFFFF, 0xFFFF, 0xFFFF, 0xFFFF, 0xFFFF, 0xFFFF, 0xFFFF, 0xFFFF, 0xFFFF,
  0xFFFF, 0xFFFF, 0xFFFF, 0xFFFF, 0x0000, 0x0000, 0x0000, 0x0000, 0x0000, 0xFFFF,
  0xFFFF, 0xFFFF, 0xFFFF, 0xFFFF, 0x0000, 0x0000, 0x0000, 0x0000, 0x0000, 0x0000,
  0x0000, 0x0000, 0x0000, 0x0000, 0xFFFF, 0xFFFF, 0xFFFF, 0xFFFF, 0xFFFF, 0xFFFF,
  0xFFFF, 0xFFFF, 0xFFFF, 0xFFFF, 0xFFFF, 0x0000, 0x0000, 0x0000, 0x0000, 0x0000,
  0xFFFF, 0xFFFF, 0xFFFF, 0xFFFF, 0xFFFF, 0x0000, 0x0000, 0x0000, 0x0000, 0x0000,
  0xFFFF, 0xFFFF, 0xFFFF, 0xFFFF, 0xFFFF, 0xFFFF, 0xFFFF, 0xFFFF, 0xFFFF, 0xFFFF,
  0xFFFF, 0xFFFF, 0xFFFF, 0xFFFF, 0xFFFF, 0xFFFF, 0x0000, 0x0000, 0x0000, 0x0000,
  0x0000, 0x0000, 0x0000, 0x0000, 0x0000, 0x0000, 0x0000, 0x0000, 0x0000, 0x0000,
  0x0000, 0xFFFF, 0xFFFF, 0xFFFF, 0xFFFF, 0xFFFF, 0xFFFF, 0xFFFF, 0xFFFF, 0xFFFF,
  0xFFFF, 0x0000, 0x0000, 0x0000, 0x0000, 0x0000, 0x0000, 0x0000, 0x0000, 0x0000,
  0x0000, 0x0000, 0x0000, 0x0000, 0x0000, 0x0000, 0x0000, 0x0000, 0x0000, 0x0000,
  0x0000, 0x0000, 0xFFFF, 0xFFFF, 0xFFFF, 0xFFFF, 0xFFFF, 0x0000, 0x0000, 0x0000,
  0x0000, 0x0000, 0xFFFF, 0xFFFF, 0xFFFF, 0xFFFF, 0xFFFF, 0x0000, 0x0000, 0x0000,
  0x0000, 0x0000, 0x0000, 0x0000, 0x0000, 0x0000, 0x0000, 0x0000, 0x0000, 0x0000,
  0x0000, 0x0000, 0x0000, 0x0000, 0x0000, 0x0000, 0x0000, 0x0000, 0xFFFF, 0xFFFF,
  0xFFFF, 0xFFFF, 0xFFFF, 0xFFFF, 0xFFFF, 0xFFFF, 0xFFFF, 0xFFFF, 0x0000, 0x0000,
  0x0000, 0x0000, 0x0000, 0xFFFF, 0xFFFF, 0xFFFF, 0xFFFF, 0xFFFF, 0xFFFF, 0xFFFF,
  0xFFFF, 0xFFFF, 0xFFFF, 0xFFFF, 0xFFFF, 0xFFFF, 0xFFFF, 0xFFFF, 0xFFFF, 0xFFFF,
  0xFFFF, 0xFFFF, 0xFFFF, 0xFFFF, 0x0000, 0x0000, 0x0000, 0x0000, 0x0000, 0xFFFF,
  0xFFFF, 0xFFFF, 0xFFFF, 0xFFFF, 0x0000, 0x0000, 0x0000, 0x0000, 0x0000, 0x0000,
  0x0000, 0x0000, 0x0000, 0x0000, 0xFFFF, 0xFFFF, 0xFFFF, 0xFFFF, 0xFFFF, 0xFFFF,
  0xFFFF, 0xFFFF, 0xFFFF, 0xFFFF, 0xFFFF, 0x0000, 0x0000, 0x0000, 0x0000, 0x0000,
  0xFFFF, 0xFFFF, 0xFFFF, 0xFFFF, 0xFFFF, 0x0000, 0x0000, 0x0000, 0x0000, 0x0000,
  0xFFFF, 0xFFFF, 0xFFFF, 0xFFFF, 0xFFFF, 0xFFFF, 0xFFFF, 0xFFFF, 0xFFFF, 0xFFFF,
  0xFFFF, 0xFFFF, 0xFFFF, 0xFFFF, 0xFFFF, 0xFFFF, 0x0000, 0x0000, 0x0000, 0x0000,
  0x0000, 0x0000, 0x0000, 0x0000, 0x0000, 0x0000, 0x0000, 0x0000, 0x0000, 0x0000,
  0x0000, 0xFFFF, 0xFFFF, 0xFFFF, 0xFFFF, 0xFFFF, 0xFFFF, 0xFFFF, 0xFFFF, 0xFFFF,
  0xFFFF, 0x0000, 0x0000, 0x0000, 0x0000, 0x0000, 0x0000, 0x0000, 0x0000, 0x0000,
  0x0000, 0x0000, 0x0000, 0x0000, 0x0000, 0x0000, 0x0000, 0x0000, 0x0000, 0x0000,
  0x0000, 0x0000, 0xFFFF, 0xFFFF, 0xFFFF, 0xFFFF, 0xFFFF, 0x0000, 0x0000, 0x0000,
  0x0000, 0x0000, 0xFFFF, 0xFFFF, 0xFFFF, 0xFFFF, 0xFFFF, 0x0000, 0x0000, 0x0000,
  0x0000, 0x0000, 0x0000, 0x0000, 0x0000, 0x0000, 0x0000, 0x0000, 0x0000, 0x0000,
  0x0000, 0x0000, 0x0000, 0x0000, 0x0000, 0x0000, 0x0000, 0x0000, 0xFFFF, 0xFFFF,
  0xFFFF, 0xFFFF, 0xFFFF, 0xFFFF, 0xFFFF, 0xFFFF, 0xFFFF, 0xFFFF, 0x0000, 0x0000,
  0x0000, 0x0000, 0x0000, 0xFFFF, 0xFFFF, 0xFFFF, 0xFFFF, 0xFFFF, 0xFFFF, 0xFFFF,
  0xFFFF, 0xFFFF, 0xFFFF, 0xFFFF, 0xFFFF, 0xFFFF, 0xFFFF, 0xFFFF, 0xFFFF, 0xFFFF,
  0xFFFF, 0xFFFF, 0xFFFF, 0xFFFF, 0x0000, 0x0000, 0x0000, 0x0000, 0x0000, 0xFFFF,
  0xFFFF, 0xFFFF, 0xFFFF, 0xFFFF, 0x0000, 0x0000, 0x0000, 0x0000, 0x0000, 0x0000,
  0x0000, 0x0000, 0x0000, 0x0000, 0xFFFF, 0xFFFF, 0xFFFF, 0xFFFF, 0xFFFF, 0xFFFF,
  0xFFFF, 0xFFFF, 0xFFFF, 0xFFFF, 0xFFFF, 0x0000, 0x0000, 0x0000, 0x0000, 0x0000,
  0xFFFF, 0xFFFF, 0xFFFF, 0xFFFF, 0xFFFF, 0x0000, 0x0000, 0x0000, 0x0000, 0x0000,
  0xFFFF, 0xFFFF, 0xFFFF, 0xFFFF, 0xFFFF, 0xFFFF, 0xFFFF, 0xFFFF, 0xFFFF, 0xFFFF,
  0xFFFF, 0xFFFF, 0xFFFF, 0xFFFF, 0xFFFF, 0xFFFF, 0x0000, 0x0000, 0x0000, 0x0000,
  0x0000, 0xFFFF, 0xFFFF, 0xFFFF, 0xFFFF, 0xFFFF, 0x0000, 0x0000, 0x0000, 0x0000,
  0x0000, 0x0000, 0x0000, 0x0000, 0x0000, 0x0000, 0x0000, 0x0000, 0x0000, 0x0000,
  0x0000, 0xFFFF, 0xFFFF, 0xFFFF, 0xFFFF, 0xFFFF, 0xFFFF, 0xFFFF, 0xFFFF, 0xFFFF,
  0xFFFF, 0xFFFF, 0x0000, 0x0000, 0x0000, 0x0000, 0x0000, 0xFFFF, 0xFFFF, 0xFFFF,
  0xFFFF, 0xFFFF, 0xFFFF, 0xFFFF, 0xFFFF, 0xFFFF, 0xFFFF, 0x0000, 0x0000, 0x0000,
  0x0000, 0x0000, 0x0000, 0x0000, 0x0000, 0x0000, 0x0000, 0xFFFF, 0xFFFF, 0xFFFF,
  0xFFFF, 0xFFFF, 0x0000, 0x0000, 0x0000, 0x0000, 0x0000, 0x0000, 0xFFFF, 0xFFFF,
  0xFFFF, 0xFFFF, 0xFFFF, 0xFFFF, 0xFFFF, 0xFFFF, 0xFFFF, 0xFFFF, 0xFFFF, 0xFFFF,
  0xFFFF, 0xFFFF, 0xFFFF, 0xFFFF, 0xFFFF, 0xFFFF, 0xFFFF, 0xFFFF, 0xFFFF, 0xFFFF,
  0xFFFF, 0xFFFF, 0xFFFF, 0x0000, 0x0000, 0x0000, 0x0000, 0x0000, 0x0000, 0x0000,
  0x0000, 0x0000, 0x0000, 0x0000, 0xFFFF, 0xFFFF, 0xFFFF, 0xFFFF, 0xFFFF, 0x0000,
  0x0000, 0x0000, 0x0000, 0x0000, 0x0000, 0x0000, 0x0000, 0x0000, 0x0000, 0xFFFF,
  0xFFFF, 0xFFFF, 0xFFFF, 0xFFFF, 0x0000, 0x0000, 0x0000, 0x0000, 0x0000, 0xFFFF,
  0xFFFF, 0xFFFF, 0xFFFF, 0xFFFF, 0xFFFF, 0xFFFF, 0xFFFF, 0xFFFF, 0xFFFF, 0xFFFF,
  0xFFFF, 0xFFFF, 0xFFFF, 0xFFFF, 0xFFFF, 0xFFFF, 0xFFFF, 0xFFFF, 0xFFFF, 0xFFFF,
  0xFFFF, 0xFFFF, 0xFFFF, 0xFFFF, 0xFFFF, 0x0000, 0x0000, 0x0000, 0x0000, 0x0000,
  0xFFFF, 0xFFFF, 0xFFFF, 0xFFFF, 0xFFFF, 0xFFFF, 0xFFFF, 0xFFFF, 0xFFFF, 0xFFFF,
  0xFFFF, 0xFFFF, 0xFFFF, 0xFFFF, 0xFFFF, 0xFFFF, 0x0000, 0x0000, 0x0000, 0x0000,
  0x0000, 0xFFFF, 0xFFFF, 0xFFFF, 0xFFFF, 0xFFFF, 0x0000, 0x0000, 0x0000, 0x0000,
  0x0000, 0x0000, 0x0000, 0x0000, 0x0000, 0x0000, 0x0000, 0x0000, 0x0000, 0x0000,
  0x0000, 0xFFFF, 0xFFFF, 0xFFFF, 0xFFFF, 0xFFFF, 0xFFFF, 0xFFFF, 0xFFFF, 0xFFFF,
  0xFFFF, 0xFFFF, 0x0000, 0x0000, 0x0000, 0x0000, 0x0000, 0xFFFF, 0xFFFF, 0xFFFF,
  0xFFFF, 0xFFFF, 0xFFFF, 0xFFFF, 0xFFFF, 0xFFFF, 0xFFFF, 0x0000, 0x0000, 0x0000,
  0x0000, 0x0000, 0x0000, 0x0000, 0x0000, 0x0000, 0x0000, 0xFFFF, 0xFFFF, 0xFFFF,
  0xFFFF, 0xFFFF, 0x0000, 0x0000, 0x0000, 0x0000, 0x0000, 0x0000, 0xFFFF, 0xFFFF,
  0xFFFF, 0xFFFF, 0xFFFF, 0xFFFF, 0xFFFF, 0xFFFF, 0xFFFF, 0xFFFF, 0xFFFF, 0xFFFF,
  0xFFFF, 0xFFFF, 0xFFFF, 0xFFFF, 0xFFFF, 0xFFFF, 0xFFFF, 0xFFFF, 0xFFFF, 0xFFFF,
  0xFFFF, 0xFFFF, 0xFFFF, 0x0000, 0x0000, 0x0000, 0x0000, 0x0000, 0x0000, 0x0000,
  0x0000, 0x0000, 0x0000, 0x0000, 0xFFFF, 0xFFFF, 0xFFFF, 0xFFFF, 0xFFFF, 0x0000,
  0x0000, 0x0000, 0x0000, 0x0000, 0x0000, 0x0000, 0x0000, 0x0000, 0x0000, 0xFFFF,
  0xFFFF, 0xFFFF, 0xFFFF, 0xFFFF, 0x0000, 0x0000, 0x0000, 0x0000, 0x0000, 0xFFFF,
  0xFFFF, 0xFFFF, 0xFFFF, 0xFFFF, 0xFFFF, 0xFFFF, 0xFFFF, 0xFFFF, 0xFFFF, 0xFFFF,
  0xFFFF, 0xFFFF, 0xFFFF, 0xFFFF, 0xFFFF, 0xFFFF, 0xFFFF, 0xFFFF, 0xFFFF, 0xFFFF,
  0xFFFF, 0xFFFF, 0xFFFF, 0xFFFF, 0xFFFF, 0x0000, 0x0000, 0x0000, 0x0000, 0x0000,
  0xFFFF, 0xFFFF, 0xFFFF, 0xFFFF, 0xFFFF, 0xFFFF, 0xFFFF, 0xFFFF, 0xFFFF, 0xFFFF,
  0xFFFF, 0xFFFF, 0xFFFF, 0xFFFF, 0xFFFF, 0xFFFF, 0x0000, 0x0000, 0x0000, 0x0000,
  0x0000, 0xFFFF, 0xFFFF, 0xFFFF, 0xFFFF, 0xFFFF, 0x0000, 0x0000, 0x0000, 0x0000,
  0x0000, 0x0000, 0x0000, 0x0000, 0x0000, 0x0000, 0x0000, 0x0000, 0x0000, 0x0000,
  0x0000, 0xFFFF, 0xFFFF, 0xFFFF, 0xFFFF, 0xFFFF, 0xFFFF, 0xFFFF, 0xFFFF, 0xFFFF,
  0xFFFF, 0xFFFF, 0x0000, 0x0000, 0x0000, 0x0000, 0x0000, 0xFFFF, 0xFFFF, 0xFFFF,
  0xFFFF, 0xFFFF, 0xFFFF, 0xFFFF, 0xFFFF, 0xFFFF, 0xFFFF, 0x0000, 0x0000, 0x0000,
  0x0000, 0x0000, 0x0000, 0x0000, 0x0000, 0x0000, 0x0000, 0xFFFF, 0xFFFF, 0xFFFF,
  0xFFFF, 0xFFFF, 0x0000, 0x0000, 0x0000, 0x0000, 0x0000, 0x0000, 0xFFFF, 0xFFFF,
  0xFFFF, 0xFFFF, 0xFFFF, 0xFFFF, 0xFFFF, 0xFFFF, 0xFFFF, 0xFFFF, 0xFFFF, 0xFFFF,
  0xFFFF, 0xFFFF, 0xFFFF, 0xFFFF, 0xFFFF, 0xFFFF, 0xFFFF, 0xFFFF, 0xFFFF, 0xFFFF,
  0xFFFF, 0xFFFF, 0xFFFF, 0x0000, 0x0000, 0x0000, 0x0000, 0x0000, 0x0000, 0x0000,
  0x0000, 0x0000, 0x0000, 0x0000, 0xFFFF, 0xFFFF, 0xFFFF, 0xFFFF, 0xFFFF, 0x0000,
  0x0000, 0x0000, 0x0000, 0x0000, 0x0000, 0x0000, 0x0000, 0x0000, 0x0000, 0xFFFF,
  0xFFFF, 0xFFFF, 0xFFFF, 0xFFFF, 0x0000, 0x0000, 0x0000, 0x0000, 0x0000, 0xFFFF,
  0xFFFF, 0xFFFF, 0xFFFF, 0xFFFF, 0xFFFF, 0xFFFF, 0xFFFF, 0xFFFF, 0xFFFF, 0xFFFF,
  0xFFFF, 0xFFFF, 0xFFFF, 0xFFFF, 0xFFFF, 0xFFFF, 0xFFFF, 0xFFFF, 0xFFFF, 0xFFFF,
  0xFFFF, 0xFFFF, 0xFFFF, 0xFFFF, 0xFFFF, 0x0000, 0x0000, 0x0000, 0x0000, 0x0000,
  0xFFFF, 0xFFFF, 0xFFFF, 0xFFFF, 0xFFFF, 0xFFFF, 0xFFFF, 0xFFFF, 0xFFFF, 0xFFFF,
  0xFFFF, 0xFFFF, 0xFFFF, 0xFFFF, 0xFFFF, 0xFFFF, 0x0000, 0x0000, 0x0000, 0x0000,
  0x0000, 0xFFFF, 0xFFFF, 0xFFFF, 0xFFFF, 0xFFFF, 0x0000, 0x0000, 0x0000, 0x0000,
  0x0000, 0x0000, 0x0000, 0x0000, 0x0000, 0x0000, 0x0000, 0x0000, 0x0000, 0x0000,
  0x0000, 0xFFFF, 0xFFFF, 0xFFFF, 0xFFFF, 0xFFFF, 0xFFFF, 0xFFFF, 0xFFFF, 0xFFFF,
  0xFFFF, 0xFFFF, 0x0000, 0x0000, 0x0000, 0x0000, 0x0000, 0xFFFF, 0xFFFF, 0xFFFF,
  0xFFFF, 0xFFFF, 0xFFFF, 0xFFFF, 0xFFFF, 0xFFFF, 0xFFFF, 0x0000, 0x0000, 0x0000,
  0x0000, 0x0000, 0x0000, 0x0000, 0x0000, 0x0000, 0x0000, 0xFFFF, 0xFFFF, 0xFFFF,
  0xFFFF, 0xFFFF, 0x0000, 0x0000, 0x0000, 0x0000, 0x0000, 0x0000, 0xFFFF, 0xFFFF,
  0xFFFF, 0xFFFF, 0xFFFF, 0xFFFF, 0xFFFF, 0xFFFF, 0xFFFF, 0xFFFF, 0xFFFF, 0xFFFF,
  0xFFFF, 0xFFFF, 0xFFFF, 0xFFFF, 0xFFFF, 0xFFFF, 0xFFFF, 0xFFFF, 0xFFFF, 0xFFFF,
  0xFFFF, 0xFFFF, 0xFFFF, 0x0000, 0x0000, 0x0000, 0x0000, 0x0000, 0x0000, 0x0000,
  0x0000, 0x0000, 0x0000, 0x0000, 0xFFFF, 0xFFFF, 0xFFFF, 0xFFFF, 0xFFFF, 0x0000,
  0x0000, 0x0000, 0x0000, 0x0000, 0x0000, 0x0000, 0x0000, 0x0000, 0x0000, 0xFFFF,
  0xFFFF, 0xFFFF, 0xFFFF, 0xFFFF, 0x0000, 0x0000, 0x0000, 0x0000, 0x0000, 0xFFFF,
  0xFFFF, 0xFFFF, 0xFFFF, 0xFFFF, 0xFFFF, 0xFFFF, 0xFFFF, 0xFFFF, 0xFFFF, 0xFFFF,
  0xFFFF, 0xFFFF, 0xFFFF, 0xFFFF, 0xFFFF, 0xFFFF, 0xFFFF, 0xFFFF, 0xFFFF, 0xFFFF,
  0xFFFF, 0xFFFF, 0xFFFF, 0xFFFF, 0xFFFF, 0x0000, 0x0000, 0x0000, 0x0000, 0x0000,
  0xFFFF, 0xFFFF, 0xFFFF, 0xFFFF, 0xFFFF, 0xFFFF, 0xFFFF, 0xFFFF, 0xFFFF, 0xFFFF,
  0xFFFF, 0xFFFF, 0xFFFF, 0xFFFF, 0xFFFF, 0xFFFF, 0x0000, 0x0000, 0x0000, 0x0000,
  0x0000, 0xFFFF, 0xFFFF, 0xFFFF, 0xFFFF, 0xFFFF, 0x0000, 0x0000, 0x0000, 0x0000,
  0x0000, 0x0000, 0x0000, 0x0000, 0x0000, 0x0000, 0x0000, 0x0000, 0x0000, 0x0000,
  0x0000, 0xFFFF, 0xFFFF, 0xFFFF, 0xFFFF, 0xFFFF, 0xFFFF, 0xFFFF, 0xFFFF, 0xFFFF,
  0xFFFF, 0xFFFF, 0x0000, 0x0000, 0x0000, 0x0000, 0x0000, 0xFFFF, 0xFFFF, 0xFFFF,
  0xFFFF, 0xFFFF, 0xFFFF, 0xFFFF, 0xFFFF, 0xFFFF, 0xFFFF, 0x0000, 0x0000, 0x0000,
  0x0000, 0x0000, 0x0000, 0x0000, 0x0000, 0x0000, 0x0000, 0xFFFF, 0xFFFF, 0xFFFF,
  0xFFFF, 0xFFFF, 0x0000, 0x0000, 0x0000, 0x0000, 0x0000, 0x0000, 0xFFFF, 0xFFFF,
  0xFFFF, 0xFFFF, 0xFFFF, 0xFFFF, 0xFFFF, 0xFFFF, 0xFFFF, 0xFFFF, 0xFFFF, 0xFFFF,
  0xFFFF, 0xFFFF, 0xFFFF, 0xFFFF, 0xFFFF, 0xFFFF, 0xFFFF, 0xFFFF, 0xFFFF, 0xFFFF,
  0xFFFF, 0xFFFF, 0xFFFF, 0x0000, 0x0000, 0x0000, 0x0000, 0x0000, 0x0000, 0x0000,
  0x0000, 0x0000, 0x0000, 0x0000, 0xFFFF, 0xFFFF, 0xFFFF, 0xFFFF, 0xFFFF, 0x0000,
  0x0000, 0x0000, 0x0000, 0x0000, 0x0000, 0x0000, 0x0000, 0x0000, 0x0000, 0xFFFF,
  0xFFFF, 0xFFFF, 0xFFFF, 0xFFFF, 0x0000, 0x0000, 0x0000, 0x0000, 0x0000, 0xFFFF,
  0xFFFF, 0xFFFF, 0xFFFF, 0xFFFF, 0xFFFF, 0xFFFF, 0xFFFF, 0xFFFF, 0xFFFF, 0xFFFF,
  0xFFFF, 0xFFFF, 0xFFFF, 0xFFFF, 0xFFFF, 0xFFFF, 0xFFFF, 0xFFFF, 0xFFFF, 0xFFFF,
  0xFFFF, 0xFFFF, 0xFFFF, 0xFFFF, 0xFFFF, 0x0000, 0x0000, 0x0000, 0x0000, 0x0000,
  0xFFFF, 0xFFFF, 0xFFFF, 0xFFFF, 0xFFFF, 0xFFFF, 0xFFFF, 0xFFFF, 0xFFFF, 0xFFFF,
  0xFFFF, 0xFFFF, 0xFFFF, 0xFFFF, 0xFFFF, 0xFFFF, 0xFFFF, 0xFFFF, 0xFFFF, 0xFFFF,
  0xFFFF, 0xFFFF, 0xFFFF, 0xFFFF, 0xFFFF, 0xFFFF, 0x0000, 0x0000, 0x0000, 0x0000,
  0x0000, 0xFFFF, 0xFFFF, 0xFFFF, 0xFFFF, 0xFFFF, 0x0000, 0x0000, 0x0000, 0x0000,
  0x0000, 0xFFFF, 0xFFFF, 0xFFFF, 0xFFFF, 0xFFFF, 0x0000, 0x0000, 0x0000, 0x0000,
  0x0000, 0x0000, 0x0000, 0x0000, 0x0000, 0x0000, 0x0000, 0x0000, 0x0000, 0x0000,
  0x0000, 0x0000, 0x0000, 0x0000, 0x0000, 0x0000, 0x0000, 0x0000, 0x0000, 0x0000,
  0x0000, 0x0000, 0x0000, 0x0000, 0x0000, 0x0000, 0x0000, 0xFFFF, 0xFFFF, 0xFFFF,
  0xFFFF, 0xFFFF, 0x0000, 0x0000, 0x0000, 0x0000, 0x0000, 0x0000, 0xFFFF, 0xFFFF,
  0xFFFF, 0xFFFF, 0xFFFF, 0x0000, 0x0000, 0x0000, 0x0000, 0x0000, 0x0000, 0x0000,
  0x0000, 0x0000, 0x0000, 0xFFFF, 0xFFFF, 0xFFFF, 0xFFFF, 0xFFFF, 0xFFFF, 0xFFFF,
  0xFFFF, 0xFFFF, 0xFFFF, 0x0000, 0x0000, 0x0000, 0x0000, 0x0000, 0xFFFF, 0xFFFF,
  0xFFFF, 0xFFFF, 0xFFFF, 0xFFFF, 0xFFFF, 0xFFFF, 0xFFFF, 0xFFFF, 0xFFFF, 0x0000,
  0x0000, 0x0000, 0x0000, 0x0000, 0x0000, 0x0000, 0x0000, 0x0000, 0x0000, 0xFFFF,
  0xFFFF, 0xFFFF, 0xFFFF, 0xFFFF, 0xFFFF, 0xFFFF, 0xFFFF, 0xFFFF, 0xFFFF, 0x0000,
  0x0000, 0x0000, 0x0000, 0x0000, 0xFFFF, 0xFFFF, 0xFFFF, 0xFFFF, 0xFFFF, 0xFFFF,
  0x0000, 0x0000, 0x0000, 0x0000, 0x0000, 0x0000, 0x0000, 0x0000, 0x0000, 0x0000,
  0xFFFF, 0xFFFF, 0xFFFF, 0xFFFF, 0xFFFF, 0xFFFF, 0xFFFF, 0xFFFF, 0xFFFF, 0xFFFF,
  0xFFFF, 0xFFFF, 0xFFFF, 0xFFFF, 0xFFFF, 0xFFFF, 0xFFFF, 0xFFFF, 0xFFFF, 0xFFFF,
  0xFFFF, 0xFFFF, 0xFFFF, 0xFFFF, 0xFFFF, 0xFFFF, 0xFFFF, 0xFFFF, 0xFFFF, 0xFFFF,
  0xFFFF, 0xFFFF, 0xFFFF, 0xFFFF, 0xFFFF, 0xFFFF, 0x0000, 0x0000, 0x0000, 0x0000,
  0x0000, 0xFFFF, 0xFFFF, 0xFFFF, 0xFFFF, 0xFFFF, 0x0000, 0x0000, 0x0000, 0x0000,
  0x0000, 0xFFFF, 0xFFFF, 0xFFFF, 0xFFFF, 0xFFFF, 0x0000, 0x0000, 0x0000, 0x0000,
  0x0000, 0x0000, 0x0000, 0x0000, 0x0000, 0x0000, 0x0000, 0x0000, 0x0000, 0x0000,
  0x0000, 0x0000, 0x0000, 0x0000, 0x0000, 0x0000, 0x0000, 0x0000, 0x0000, 0x0000,
  0x0000, 0x0000, 0x0000, 0x0000, 0x0000, 0x0000, 0x0000, 0xFFFF, 0xFFFF, 0xFFFF,
  0xFFFF, 0xFFFF, 0x0000, 0x0000, 0x0000, 0x0000, 0x0000, 0x0000, 0xFFFF, 0xFFFF,
  0xFFFF, 0xFFFF, 0xFFFF, 0x0000, 0x0000, 0x0000, 0x0000, 0x0000, 0x0000, 0x0000,
  0x0000, 0x0000, 0x0000, 0xFFFF, 0xFFFF, 0xFFFF, 0xFFFF, 0xFFFF, 0xFFFF, 0xFFFF,
  0xFFFF, 0xFFFF, 0xFFFF, 0x0000, 0x0000, 0x0000, 0x0000, 0x0000, 0xFFFF, 0xFFFF,
  0xFFFF, 0xFFFF, 0xFFFF, 0xFFFF, 0xFFFF, 0xFFFF, 0xFFFF, 0xFFFF, 0xFFFF, 0x0000,
  0x0000, 0x0000, 0x0000, 0x0000, 0x0000, 0x0000, 0x0000, 0x0000, 0x0000, 0xFFFF,
  0xFFFF, 0xFFFF, 0xFFFF, 0xFFFF, 0xFFFF, 0xFFFF, 0xFFFF, 0xFFFF, 0xFFFF, 0x0000,
  0x0000, 0x0000, 0x0000, 0x0000, 0xFFFF, 0xFFFF, 0xFFFF, 0xFFFF, 0xFFFF, 0xFFFF,
  0x0000, 0x0000, 0x0000, 0x0000, 0x0000, 0x0000, 0x0000, 0x0000, 0x0000, 0x0000,
  0xFFFF, 0xFFFF, 0xFFFF, 0xFFFF, 0xFFFF, 0xFFFF, 0xFFFF, 0xFFFF, 0xFFFF, 0xFFFF,
  0xFFFF, 0xFFFF, 0xFFFF, 0xFFFF, 0xFFFF, 0xFFFF, 0xFFFF, 0xFFFF, 0xFFFF, 0xFFFF,
  0xFFFF, 0xFFFF, 0xFFFF, 0xFFFF, 0xFFFF, 0xFFFF, 0xFFFF, 0xFFFF, 0xFFFF, 0xFFFF,
  0xFFFF, 0xFFFF, 0xFFFF, 0xFFFF, 0xFFFF, 0xFFFF, 0x0000, 0x0000, 0x0000, 0x0000,
  0x0000, 0xFFFF, 0xFFFF, 0xFFFF, 0xFFFF, 0xFFFF, 0x0000, 0x0000, 0x0000, 0x0000,
  0x0000, 0xFFFF, 0xFFFF, 0xFFFF, 0xFFFF, 0xFFFF, 0x0000, 0x0000, 0x0000, 0x0000,
  0x0000, 0x0000, 0x0000, 0x0000, 0x0000, 0x0000, 0x0000, 0x0000, 0x0000, 0x0000,
  0x0000, 0x0000, 0x0000, 0x0000, 0x0000, 0x0000, 0x0000, 0x0000, 0x0000, 0x0000,
  0x0000, 0x0000, 0x0000, 0x0000, 0x0000, 0x0000, 0x0000, 0xFFFF, 0xFFFF, 0xFFFF,
  0xFFFF, 0xFFFF, 0x0000, 0x0000, 0x0000, 0x0000, 0x0000, 0x0000, 0xFFFF, 0xFFFF,
  0xFFFF, 0xFFFF, 0xFFFF, 0x0000, 0x0000, 0x0000, 0x0000, 0x0000, 0x0000, 0x0000,
  0x0000, 0x0000, 0x0000, 0xFFFF, 0xFFFF, 0xFFFF, 0xFFFF, 0xFFFF, 0xFFFF, 0xFFFF,
  0xFFFF, 0xFFFF, 0xFFFF, 0x0000, 0x0000, 0x0000, 0x0000, 0x0000, 0xFFFF, 0xFFFF,
  0xFFFF, 0xFFFF, 0xFFFF, 0xFFFF, 0xFFFF, 0xFFFF, 0xFFFF, 0xFFFF, 0xFFFF, 0x0000,
  0x0000, 0x0000, 0x0000, 0x0000, 0x0000, 0x0000, 0x0000, 0x0000, 0x0000, 0xFFFF,
  0xFFFF, 0xFFFF, 0xFFFF, 0xFFFF, 0xFFFF, 0xFFFF, 0xFFFF, 0xFFFF, 0xFFFF, 0x0000,
  0x0000, 0x0000, 0x0000, 0x0000, 0xFFFF, 0xFFFF, 0xFFFF, 0xFFFF, 0xFFFF, 0xFFFF,
  0x0000, 0x0000, 0x0000, 0x0000, 0x0000, 0x0000, 0x0000, 0x0000, 0x0000, 0x0000,
  0xFFFF, 0xFFFF, 0xFFFF, 0xFFFF, 0xFFFF, 0xFFFF, 0xFFFF, 0xFFFF, 0xFFFF, 0xFFFF,
  0xFFFF, 0xFFFF, 0xFFFF, 0xFFFF, 0xFFFF, 0xFFFF, 0xFFFF, 0xFFFF, 0xFFFF, 0xFFFF,
  0xFFFF, 0xFFFF, 0xFFFF, 0xFFFF, 0xFFFF, 0xFFFF, 0xFFFF, 0xFFFF, 0xFFFF, 0xFFFF,
  0xFFFF, 0xFFFF, 0xFFFF, 0xFFFF, 0xFFFF, 0xFFFF, 0x0000, 0x0000, 0x0000, 0x0000,
  0x0000, 0xFFFF, 0xFFFF, 0xFFFF, 0xFFFF, 0xFFFF, 0x0000, 0x0000, 0x0000, 0x0000,
  0x0000, 0xFFFF, 0xFFFF, 0xFFFF, 0xFFFF, 0xFFFF, 0x0000, 0x0000, 0x0000, 0x0000,
  0x0000, 0x0000, 0x0000, 0x0000, 0x0000, 0x0000, 0x0000, 0x0000, 0x0000, 0x0000,
  0x0000, 0x0000, 0x0000, 0x0000, 0x0000, 0x0000, 0x0000, 0x0000, 0x0000, 0x0000,
  0x0000, 0x0000, 0x0000, 0x0000, 0x0000, 0x0000, 0x0000, 0xFFFF, 0xFFFF, 0xFFFF,
  0xFFFF, 0xFFFF, 0x0000, 0x0000, 0x0000, 0x0000, 0x0000, 0x0000, 0xFFFF, 0xFFFF,
  0xFFFF, 0xFFFF, 0xFFFF, 0x0000, 0x0000, 0x0000, 0x0000, 0x0000, 0x0000, 0x0000,
  0x0000, 0x0000, 0x0000, 0xFFFF, 0xFFFF, 0xFFFF, 0xFFFF, 0xFFFF, 0xFFFF, 0xFFFF,
  0xFFFF, 0xFFFF, 0xFFFF, 0x0000, 0x0000, 0x0000, 0x0000, 0x0000, 0xFFFF, 0xFFFF,
  0xFFFF, 0xFFFF, 0xFFFF, 0xFFFF, 0xFFFF, 0xFFFF, 0xFFFF, 0xFFFF, 0xFFFF, 0x0000,
  0x0000, 0x0000, 0x0000, 0x0000, 0x0000, 0x0000, 0x0000, 0x0000, 0x0000, 0xFFFF,
  0xFFFF, 0xFFFF, 0xFFFF, 0xFFFF, 0xFFFF, 0xFFFF, 0xFFFF, 0xFFFF, 0xFFFF, 0x0000,
  0x0000, 0x0000, 0x0000, 0x0000, 0xFFFF, 0xFFFF, 0xFFFF, 0xFFFF, 0xFFFF, 0xFFFF,
  0x0000, 0x0000, 0x0000, 0x0000, 0x0000, 0x0000, 0x0000, 0x0000, 0x0000, 0x0000,
  0xFFFF, 0xFFFF, 0xFFFF, 0xFFFF, 0xFFFF, 0xFFFF, 0xFFFF, 0xFFFF, 0xFFFF, 0xFFFF,
  0xFFFF, 0xFFFF, 0xFFFF, 0xFFFF, 0xFFFF, 0xFFFF, 0xFFFF, 0xFFFF, 0xFFFF, 0xFFFF,
  0xFFFF, 0xFFFF, 0xFFFF, 0xFFFF, 0xFFFF, 0xFFFF, 0xFFFF, 0xFFFF, 0xFFFF, 0xFFFF,
  0xFFFF, 0xFFFF, 0xFFFF, 0xFFFF, 0xFFFF, 0xFFFF, 0x0000, 0x0000, 0x0000, 0x0000,
  0x0000, 0xFFFF, 0xFFFF, 0xFFFF, 0xFFFF, 0xFFFF, 0x0000, 0x0000, 0x0000, 0x0000,
  0x0000, 0xFFFF, 0xFFFF, 0xFFFF, 0xFFFF, 0xFFFF, 0x0000, 0x0000, 0x0000, 0x0000,
  0x0000, 0x0000, 0x0000, 0x0000, 0x0000, 0x0000, 0x0000, 0x0000, 0x0000, 0x0000,
  0x0000, 0x0000, 0x0000, 0x0000, 0x0000, 0x0000, 0x0000, 0x0000, 0x0000, 0x0000,
  0x0000, 0x0000, 0x0000, 0x0000, 0x0000, 0x0000, 0x0000, 0xFFFF, 0xFFFF, 0xFFFF,
  0xFFFF, 0xFFFF, 0x0000, 0x0000, 0x0000, 0x0000, 0x0000, 0x0000, 0xFFFF, 0xFFFF,
  0xFFFF, 0xFFFF, 0xFFFF, 0x0000, 0x0000, 0x0000, 0x0000, 0x0000, 0x0000, 0x0000,
  0x0000, 0x0000, 0x0000, 0xFFFF, 0xFFFF, 0xFFFF, 0xFFFF, 0xFFFF, 0xFFFF, 0xFFFF,
  0xFFFF, 0xFFFF, 0xFFFF, 0x0000, 0x0000, 0x0000, 0x0000, 0x0000, 0xFFFF, 0xFFFF,
  0xFFFF, 0xFFFF, 0xFFFF, 0xFFFF, 0xFFFF, 0xFFFF, 0xFFFF, 0xFFFF, 0xFFFF, 0x0000,
  0x0000, 0x0000, 0x0000, 0x0000, 0x0000, 0x0000, 0x0000, 0x0000, 0x0000, 0xFFFF,
  0xFFFF, 0xFFFF, 0xFFFF, 0xFFFF, 0xFFFF, 0xFFFF, 0xFFFF, 0xFFFF, 0xFFFF, 0x0000,
  0x0000, 0x0000, 0x0000, 0x0000, 0xFFFF, 0xFFFF, 0xFFFF, 0xFFFF, 0xFFFF, 0xFFFF,
  0x0000, 0x0000, 0x0000, 0x0000, 0x0000, 0x0000, 0x0000, 0x0000, 0x0000, 0x0000,
  0xFFFF, 0xFFFF, 0xFFFF, 0xFFFF, 0xFFFF, 0xFFFF, 0xFFFF, 0xFFFF, 0xFFFF, 0xFFFF,
  0xFFFF, 0xFFFF, 0xFFFF, 0xFFFF, 0xFFFF, 0xFFFF, 0xFFFF, 0xFFFF, 0xFFFF, 0xFFFF,
  0xFFFF, 0xFFFF, 0xFFFF, 0xFFFF, 0xFFFF, 0xFFFF, 0x0000, 0x0000, 0x0000, 0x0000,
  0x0000, 0xFFFF, 0xFFFF, 0xFFFF, 0xFFFF, 0xFFFF, 0xFFFF, 0xFFFF, 0xFFFF, 0xFFFF,
  0xFFFF, 0x0000, 0x0000, 0x0000, 0x0000, 0x0000, 0xFFFF, 0xFFFF, 0xFFFF, 0xFFFF,
  0xFFFF, 0xFFFF, 0xFFFF, 0xFFFF, 0xFFFF, 0xFFFF, 0xFFFF, 0xFFFF, 0xFFFF, 0xFFFF,
  0xFFFF, 0xFFFF, 0xFFFF, 0xFFFF, 0xFFFF, 0xFFFF, 0xFFFF, 0xFFFF, 0xFFFF, 0xFFFF,
  0xFFFF, 0xFFFF, 0xFFFF, 0xFFFF, 0xFFFF, 0xFFFF, 0xFFFF, 0x0000, 0x0000, 0x0000,
  0x0000, 0x0000, 0xFFFF, 0xFFFF, 0xFFFF, 0xFFFF, 0xFFFF, 0xFFFF, 0xFFFF, 0xFFFF,
  0xFFFF, 0xFFFF, 0x0000, 0x0000, 0x0000, 0x0000, 0x0000, 0x0000, 0x0000, 0x0000,
  0x0000, 0x0000, 0x0000, 0xFFFF, 0xFFFF, 0xFFFF, 0xFFFF, 0xFFFF, 0xFFFF, 0xFFFF,
  0xFFFF, 0xFFFF, 0xFFFF, 0xFFFF, 0xFFFF, 0xFFFF, 0xFFFF, 0xFFFF, 0x0000, 0x0000,
  0x0000, 0x0000, 0x0000, 0x0000, 0x0000, 0x0000, 0x0000, 0x0000, 0x0000, 0x0000,
  0x0000, 0x0000, 0x0000, 0x0000, 0x0000, 0x0000, 0x0000, 0x0000, 0x0000, 0xFFFF,
  0xFFFF, 0xFFFF, 0xFFFF, 0xFFFF, 0x0000, 0x0000, 0x0000, 0x0000, 0x0000, 0xFFFF,
  0xFFFF, 0xFFFF, 0xFFFF, 0xFFFF, 0xFFFF, 0xFFFF, 0xFFFF, 0xFFFF, 0xFFFF, 0xFFFF,
  0xFFFF, 0xFFFF, 0xFFFF, 0xFFFF, 0xFFFF, 0xFFFF, 0xFFFF, 0xFFFF, 0xFFFF, 0xFFFF,
  0xFFFF, 0xFFFF, 0xFFFF, 0xFFFF, 0xFFFF, 0x0000, 0x0000, 0x0000, 0x0000, 0x0000,
  0x0000, 0x0000, 0x0000, 0x0000, 0x0000, 0xFFFF, 0xFFFF, 0xFFFF, 0xFFFF, 0xFFFF,
  0xFFFF, 0xFFFF, 0xFFFF, 0xFFFF, 0xFFFF, 0xFFFF, 0xFFFF, 0xFFFF, 0xFFFF, 0xFFFF,
  0xFFFF, 0xFFFF, 0xFFFF, 0xFFFF, 0xFFFF, 0xFFFF, 0x0000, 0x0000, 0x0000, 0x0000,
  0x0000, 0xFFFF, 0xFFFF, 0xFFFF, 0xFFFF, 0xFFFF, 0xFFFF, 0xFFFF, 0xFFFF, 0xFFFF,
  0xFFFF, 0x0000, 0x0000, 0x0000, 0x0000, 0x0000, 0xFFFF, 0xFFFF, 0xFFFF, 0xFFFF,
  0xFFFF, 0xFFFF, 0xFFFF, 0xFFFF, 0xFFFF, 0xFFFF, 0xFFFF, 0xFFFF, 0xFFFF, 0xFFFF,
  0xFFFF, 0xFFFF, 0xFFFF, 0xFFFF, 0xFFFF, 0xFFFF, 0xFFFF, 0xFFFF, 0xFFFF, 0xFFFF,
  0xFFFF, 0xFFFF, 0xFFFF, 0xFFFF, 0xFFFF, 0xFFFF, 0xFFFF, 0x0000, 0x0000, 0x0000,
  0x0000, 0x0000, 0xFFFF, 0xFFFF, 0xFFFF, 0xFFFF, 0xFFFF, 0xFFFF, 0xFFFF, 0xFFFF,
  0xFFFF, 0xFFFF, 0x0000, 0x0000, 0x0000, 0x0000, 0x0000, 0x0000, 0x0000, 0x0000,
  0x0000, 0x0000, 0x0000, 0xFFFF, 0xFFFF, 0xFFFF, 0xFFFF, 0xFFFF, 0xFFFF, 0xFFFF,
  0xFFFF, 0xFFFF, 0xFFFF, 0xFFFF, 0xFFFF, 0xFFFF, 0xFFFF, 0xFFFF, 0x0000, 0x0000,
  0x0000, 0x0000, 0x0000, 0x0000, 0x0000, 0x0000, 0x0000, 0x0000, 0x0000, 0x0000,
  0x0000, 0x0000, 0x0000, 0x0000, 0x0000, 0x0000, 0x0000, 0x0000, 0x0000, 0xFFFF,
  0xFFFF, 0xFFFF, 0xFFFF, 0xFFFF, 0x0000, 0x0000, 0x0000, 0x0000, 0x0000, 0xFFFF,
  0xFFFF, 0xFFFF, 0xFFFF, 0xFFFF, 0xFFFF, 0xFFFF, 0xFFFF, 0xFFFF, 0xFFFF, 0xFFFF,
  0xFFFF, 0xFFFF, 0xFFFF, 0xFFFF, 0xFFFF, 0xFFFF, 0xFFFF, 0xFFFF, 0xFFFF, 0xFFFF,
  0xFFFF, 0xFFFF, 0xFFFF, 0xFFFF, 0xFFFF, 0x0000, 0x0000, 0x0000, 0x0000, 0x0000,
  0x0000, 0x0000, 0x0000, 0x0000, 0x0000, 0xFFFF, 0xFFFF, 0xFFFF, 0xFFFF, 0xFFFF,
  0xFFFF, 0xFFFF, 0xFFFF, 0xFFFF, 0xFFFF, 0xFFFF, 0xFFFF, 0xFFFF, 0xFFFF, 0xFFFF,
  0xFFFF, 0xFFFF, 0xFFFF, 0xFFFF, 0xFFFF, 0xFFFF, 0x0000, 0x0000, 0x0000, 0x0000,
  0x0000, 0xFFFF, 0xFFFF, 0xFFFF, 0xFFFF, 0xFFFF, 0xFFFF, 0xFFFF, 0xFFFF, 0xFFFF,
  0xFFFF, 0x0000, 0x0000, 0x0000, 0x0000, 0x0000, 0xFFFF, 0xFFFF, 0xFFFF, 0xFFFF,
  0xFFFF, 0xFFFF, 0xFFFF, 0xFFFF, 0xFFFF, 0xFFFF, 0xFFFF, 0xFFFF, 0xFFFF, 0xFFFF,
  0xFFFF, 0xFFFF, 0xFFFF, 0xFFFF, 0xFFFF, 0xFFFF, 0xFFFF, 0xFFFF, 0xFFFF, 0xFFFF,
  0xFFFF, 0xFFFF, 0xFFFF, 0xFFFF, 0xFFFF, 0xFFFF, 0xFFFF, 0x0000, 0x0000, 0x0000,
  0x0000, 0x0000, 0xFFFF, 0xFFFF, 0xFFFF, 0xFFFF, 0xFFFF, 0xFFFF, 0xFFFF, 0xFFFF,
  0xFFFF, 0xFFFF, 0x0000, 0x0000, 0x0000, 0x0000, 0x0000, 0x0000, 0x0000, 0x0000,
  0x0000, 0x0000, 0x0000, 0xFFFF, 0xFFFF, 0xFFFF, 0xFFFF, 0xFFFF, 0xFFFF, 0xFFFF,
  0xFFFF, 0xFFFF, 0xFFFF, 0xFFFF, 0xFFFF, 0xFFFF, 0xFFFF, 0xFFFF, 0x0000, 0x0000,
  0x0000, 0x0000, 0x0000, 0x0000, 0x0000, 0x0000, 0x0000, 0x0000, 0x0000, 0x0000,
  0x0000, 0x0000, 0x0000, 0x0000, 0x0000, 0x0000, 0x0000, 0x0000, 0x0000, 0xFFFF,
  0xFFFF, 0xFFFF, 0xFFFF, 0xFFFF, 0x0000, 0x0000, 0x0000, 0x0000, 0x0000, 0xFFFF,
  0xFFFF, 0xFFFF, 0xFFFF, 0xFFFF, 0xFFFF, 0xFFFF, 0xFFFF, 0xFFFF, 0xFFFF, 0xFFFF,
  0xFFFF, 0xFFFF, 0xFFFF, 0xFFFF, 0xFFFF, 0xFFFF, 0xFFFF, 0xFFFF, 0xFFFF, 0xFFFF,
  0xFFFF, 0xFFFF, 0xFFFF, 0xFFFF, 0xFFFF, 0x0000, 0x0000, 0x0000, 0x0000, 0x0000,
  0x0000, 0x0000, 0x0000, 0x0000, 0x0000, 0xFFFF, 0xFFFF, 0xFFFF, 0xFFFF, 0xFFFF,
  0xFFFF, 0xFFFF, 0xFFFF, 0xFFFF, 0xFFFF, 0xFFFF, 0xFFFF, 0xFFFF, 0xFFFF, 0xFFFF,
  0xFFFF, 0xFFFF, 0xFFFF, 0xFFFF, 0xFFFF, 0xFFFF, 0x0000, 0x0000, 0x0000, 0x0000,
  0x0000, 0xFFFF, 0xFFFF, 0xFFFF, 0xFFFF, 0xFFFF, 0xFFFF, 0xFFFF, 0xFFFF, 0xFFFF,
  0xFFFF, 0x0000, 0x0000, 0x0000, 0x0000, 0x0000, 0xFFFF, 0xFFFF, 0xFFFF, 0xFFFF,
  0xFFFF, 0xFFFF, 0xFFFF, 0xFFFF, 0xFFFF, 0xFFFF, 0xFFFF, 0xFFFF, 0xFFFF, 0xFFFF,
  0xFFFF, 0xFFFF, 0xFFFF, 0xFFFF, 0xFFFF, 0xFFFF, 0xFFFF, 0xFFFF, 0xFFFF, 0xFFFF,
  0xFFFF, 0xFFFF, 0xFFFF, 0xFFFF, 0xFFFF, 0xFFFF, 0xFFFF, 0x0000, 0x0000, 0x0000,
  0x0000, 0x0000, 0xFFFF, 0xFFFF, 0xFFFF, 0xFFFF, 0xFFFF, 0xFFFF, 0xFFFF, 0xFFFF,
  0xFFFF, 0xFFFF, 0x0000, 0x0000, 0x0000, 0x0000, 0x0000, 0x0000, 0x0000, 0x0000,
  0x0000, 0x0000, 0x0000, 0xFFFF, 0xFFFF, 0xFFFF, 0xFFFF, 0xFFFF, 0xFFFF, 0xFFFF,
  0xFFFF, 0xFFFF, 0xFFFF, 0xFFFF, 0xFFFF, 0xFFFF, 0xFFFF, 0xFFFF, 0x0000, 0x0000,
  0x0000, 0x0000, 0x0000, 0x0000, 0x0000, 0x0000, 0x0000, 0x0000, 0x0000, 0x0000,
  0x0000, 0x0000, 0x0000, 0x0000, 0x0000, 0x0000, 0x0000, 0x0000, 0x0000, 0xFFFF,
  0xFFFF, 0xFFFF, 0xFFFF, 0xFFFF, 0x0000, 0x0000, 0x0000, 0x0000, 0x0000, 0xFFFF,
  0xFFFF, 0xFFFF, 0xFFFF, 0xFFFF, 0xFFFF, 0xFFFF, 0xFFFF, 0xFFFF, 0xFFFF, 0xFFFF,
  0xFFFF, 0xFFFF, 0xFFFF, 0xFFFF, 0xFFFF, 0xFFFF, 0xFFFF, 0xFFFF, 0xFFFF, 0xFFFF,
  0xFFFF, 0xFFFF, 0xFFFF, 0xFFFF, 0xFFFF, 0x0000, 0x0000, 0x0000, 0x0000, 0x0000,
  0x0000, 0x0000, 0x0000, 0x0000, 0x0000, 0xFFFF, 0xFFFF, 0xFFFF, 0xFFFF, 0xFFFF,
  0xFFFF, 0xFFFF, 0xFFFF, 0xFFFF, 0xFFFF, 0xFFFF, 0xFFFF, 0xFFFF, 0xFFFF, 0xFFFF,
  0xFFFF, 0xFFFF, 0xFFFF, 0xFFFF, 0xFFFF, 0xFFFF, 0x0000, 0x0000, 0x0000, 0x0000,
  0x0000, 0xFFFF, 0xFFFF, 0xFFFF, 0xFFFF, 0xFFFF, 0xFFFF, 0xFFFF, 0xFFFF, 0xFFFF,
  0xFFFF, 0x0000, 0x0000, 0x0000, 0x0000, 0x0000, 0xFFFF, 0xFFFF, 0xFFFF, 0xFFFF,
  0xFFFF, 0xFFFF, 0xFFFF, 0xFFFF, 0xFFFF, 0xFFFF, 0xFFFF, 0xFFFF, 0xFFFF, 0xFFFF,
  0xFFFF, 0xFFFF, 0xFFFF, 0xFFFF, 0xFFFF, 0xFFFF, 0xFFFF, 0xFFFF, 0xFFFF, 0xFFFF,
  0xFFFF, 0xFFFF, 0xFFFF, 0xFFFF, 0xFFFF, 0xFFFF, 0xFFFF, 0x0000, 0x0000, 0x0000,
  0x0000, 0x0000, 0xFFFF, 0xFFFF, 0xFFFF, 0xFFFF, 0xFFFF, 0xFFFF, 0xFFFF, 0xFFFF,
  0xFFFF, 0xFFFF, 0x0000, 0x0000, 0x0000, 0x0000, 0x0000, 0x0000, 0x0000, 0x0000,
  0x0000, 0x0000, 0x0000, 0xFFFF, 0xFFFF, 0xFFFF, 0xFFFF, 0xFFFF, 0xFFFF, 0xFFFF,
  0xFFFF, 0xFFFF, 0xFFFF, 0xFFFF, 0xFFFF, 0xFFFF, 0xFFFF, 0xFFFF, 0x0000, 0x0000,
  0x0000, 0x0000, 0x0000, 0x0000, 0x0000, 0x0000, 0x0000, 0x0000, 0x0000, 0x0000,
  0x0000, 0x0000, 0x0000, 0x0000, 0x0000, 0x0000, 0x0000, 0x0000, 0x0000, 0xFFFF,
  0xFFFF, 0xFFFF, 0xFFFF, 0xFFFF, 0x0000, 0x0000, 0x0000, 0x0000, 0x0000, 0xFFFF,
  0xFFFF, 0xFFFF, 0xFFFF, 0xFFFF, 0xFFFF, 0xFFFF, 0xFFFF, 0xFFFF, 0xFFFF, 0xFFFF,
  0xFFFF, 0xFFFF, 0xFFFF, 0xFFFF, 0xFFFF, 0xFFFF, 0xFFFF, 0xFFFF, 0xFFFF, 0xFFFF,
  0xFFFF, 0xFFFF, 0xFFFF, 0xFFFF, 0xFFFF, 0x0000, 0x0000, 0x0000, 0x0000, 0x0000,
  0x0000, 0x0000, 0x0000, 0x0000, 0x0000, 0xFFFF, 0xFFFF, 0xFFFF, 0xFFFF, 0xFFFF,
  0xFFFF, 0xFFFF, 0xFFFF, 0xFFFF, 0xFFFF, 0xFFFF, 0xFFFF, 0xFFFF, 0xFFFF, 0xFFFF,
  0xFFFF, 0xFFFF, 0xFFFF, 0xFFFF, 0xFFFF, 0xFFFF, 0x0000, 0x0000, 0x0000, 0x0000,
  0x0000, 0xFFFF, 0xFFFF, 0xFFFF, 0xFFFF, 0xFFFF, 0xFFFF, 0xFFFF, 0xFFFF, 0xFFFF,
  0xFFFF, 0x0000, 0x0000, 0x0000, 0x0000, 0x0000, 0xFFFF, 0xFFFF, 0xFFFF, 0xFFFF,
  0xFFFF, 0xFFFF, 0xFFFF, 0xFFFF, 0xFFFF, 0xFFFF, 0xFFFF, 0xFFFF, 0xFFFF, 0xFFFF,
  0xFFFF, 0xFFFF, 0xFFFF, 0xFFFF, 0xFFFF, 0xFFFF, 0xFFFF, 0xFFFF, 0xFFFF, 0xFFFF,
  0xFFFF, 0xFFFF, 0xFFFF, 0xFFFF, 0xFFFF, 0xFFFF, 0xFFFF, 0x0000, 0x0000, 0x0000,
  0x0000, 0x0000, 0xFFFF, 0xFFFF, 0xFFFF, 0xFFFF, 0xFFFF, 0xFFFF, 0xFFFF, 0xFFFF,
  0xFFFF, 0xFFFF, 0x0000, 0x0000, 0x0000, 0x0000, 0x0000, 0x0000, 0x0000, 0x0000,
  0x0000, 0x0000, 0x0000, 0xFFFF, 0xFFFF, 0xFFFF, 0xFFFF, 0xFFFF, 0xFFFF, 0xFFFF,
  0xFFFF, 0xFFFF, 0xFFFF, 0xFFFF, 0xFFFF, 0xFFFF, 0xFFFF, 0xFFFF, 0x0000, 0x0000,
  0x0000, 0x0000, 0x0000, 0x0000, 0x0000, 0x0000, 0x0000, 0x0000, 0x0000, 0x0000,
  0x0000, 0x0000, 0x0000, 0x0000, 0x0000, 0x0000, 0x0000, 0x0000, 0x0000, 0xFFFF,
  0xFFFF, 0xFFFF, 0xFFFF, 0xFFFF, 0x0000, 0x0000, 0x0000, 0x0000, 0x0000, 0xFFFF,
  0xFFFF, 0xFFFF, 0xFFFF, 0xFFFF, 0xFFFF, 0xFFFF, 0xFFFF, 0xFFFF, 0xFFFF, 0xFFFF,
  0xFFFF, 0xFFFF, 0xFFFF, 0xFFFF, 0xFFFF, 0xFFFF, 0xFFFF, 0xFFFF, 0xFFFF, 0xFFFF,
  0xFFFF, 0xFFFF, 0xFFFF, 0xFFFF, 0xFFFF, 0x0000, 0x0000, 0x0000, 0x0000, 0x0000,
  0x0000, 0x0000, 0x0000, 0x0000, 0x0000, 0xFFFF, 0xFFFF, 0xFFFF, 0xFFFF, 0xFFFF,
  0xFFFF, 0xFFFF, 0xFFFF, 0xFFFF, 0xFFFF, 0xFFFF, 0xFFFF, 0xFFFF, 0xFFFF, 0xFFFF,
  0xFFFF, 0xFFFF, 0xFFFF, 0xFFFF, 0xFFFF, 0xFFFF, 0xFFFF, 0xFFFF, 0xFFFF, 0xFFFF,
  0xFFFF, 0x0000, 0x0000, 0x0000, 0x0000, 0x0000, 0xFFFF, 0xFFFF, 0xFFFF, 0xFFFF,
  0xFFFF, 0x0000, 0x0000, 0x0000, 0x0000, 0x0000, 0xFFFF, 0xFFFF, 0xFFFF, 0xFFFF,
  0xFFFF, 0x0000, 0x0000, 0x0000, 0x0000, 0x0000, 0x0000, 0x0000, 0x0000, 0x0000,
  0x0000, 0x0000, 0x0000, 0x0000, 0x0000, 0x0000, 0x0000, 0xFFFF, 0xFFFF, 0xFFFF,
  0xFFFF, 0xFFFF, 0xFFFF, 0xFFFF, 0xFFFF, 0xFFFF, 0xFFFF, 0xFFFF, 0xFFFF, 0xFFFF,
  0xFFFF, 0xFFFF, 0xFFFF, 0xFFFF, 0xFFFF, 0xFFFF, 0xFFFF, 0x0000, 0x0000, 0x0000,
  0x0000, 0x0000, 0x0000, 0x0000, 0x0000, 0x0000, 0x0000, 0x0000, 0xFFFF, 0xFFFF,
  0xFFFF, 0xFFFF, 0xFFFF, 0x0000, 0x0000, 0x0000, 0x0000, 0x0000, 0xFFFF, 0xFFFF,
  0xFFFF, 0xFFFF, 0xFFFF, 0x0000, 0x0000, 0x0000, 0x0000, 0x0000, 0xFFFF, 0xFFFF,
  0xFFFF, 0xFFFF, 0xFFFF, 0xFFFF, 0xFFFF, 0xFFFF, 0xFFFF, 0xFFFF, 0x0000, 0x0000,
  0x0000, 0x0000, 0x0000, 0x0000, 0xFFFF, 0xFFFF, 0xFFFF, 0xFFFF, 0xFFFF, 0xFFFF,
  0xFFFF, 0xFFFF, 0xFFFF, 0xFFFF, 0x0000, 0x0000, 0x0000, 0x0000, 0x0000, 0x0000,
  0x0000, 0x0000, 0x0000, 0x0000, 0x0000, 0x0000, 0x0000, 0x0000, 0x0000, 0x0000,
  0x0000, 0x0000, 0x0000, 0x0000, 0x0000, 0x0000, 0x0000, 0x0000, 0x0000, 0x0000,
  0x0000, 0x0000, 0x0000, 0x0000, 0x0000, 0x0000, 0x0000, 0x0000, 0x0000, 0x0000,
  0xFFFF, 0xFFFF, 0xFFFF, 0xFFFF, 0xFFFF, 0x0000, 0x0000, 0x0000, 0x0000, 0x0000,
  0xFFFF, 0xFFFF, 0xFFFF, 0xFFFF, 0xFFFF, 0xFFFF, 0xFFFF, 0xFFFF, 0xFFFF, 0xFFFF,
  0xFFFF, 0xFFFF, 0xFFFF, 0xFFFF, 0xFFFF, 0xFFFF, 0xFFFF, 0xFFFF, 0xFFFF, 0xFFFF,
  0xFFFF, 0x0000, 0x0000, 0x0000, 0x0000, 0x0000, 0xFFFF, 0xFFFF, 0xFFFF, 0xFFFF,
  0xFFFF, 0x0000, 0x0000, 0x0000, 0x0000, 0x0000, 0xFFFF, 0xFFFF, 0xFFFF, 0xFFFF,
  0xFFFF, 0x0000, 0x0000, 0x0000, 0x0000, 0x0000, 0x0000, 0x0000, 0x0000, 0x0000,
  0x0000, 0x0000, 0x0000, 0x0000, 0x0000, 0x0000, 0x0000, 0xFFFF, 0xFFFF, 0xFFFF,
  0xFFFF, 0xFFFF, 0xFFFF, 0xFFFF, 0xFFFF, 0xFFFF, 0xFFFF, 0xFFFF, 0xFFFF, 0xFFFF,
  0xFFFF, 0xFFFF, 0xFFFF, 0xFFFF, 0xFFFF, 0xFFFF, 0xFFFF, 0x0000, 0x0000, 0x0000,
  0x0000, 0x0000, 0x0000, 0x0000, 0x0000, 0x0000, 0x0000, 0x0000, 0xFFFF, 0xFFFF,
  0xFFFF, 0xFFFF, 0xFFFF, 0x0000, 0x0000, 0x0000, 0x0000, 0x0000, 0xFFFF, 0xFFFF,
  0xFFFF, 0xFFFF, 0xFFFF, 0x0000, 0x0000, 0x0000, 0x0000, 0x0000, 0xFFFF, 0xFFFF,
  0xFFFF, 0xFFFF, 0xFFFF, 0xFFFF, 0xFFFF, 0xFFFF, 0xFFFF, 0xFFFF, 0x0000, 0x0000,
  0x0000, 0x0000, 0x0000, 0x0000, 0xFFFF, 0xFFFF, 0xFFFF, 0xFFFF, 0xFFFF, 0xFFFF,
  0xFFFF, 0xFFFF, 0xFFFF, 0xFFFF, 0x0000, 0x0000, 0x0000, 0x0000, 0x0000, 0x0000,
  0x0000, 0x0000, 0x0000, 0x0000, 0x0000, 0x0000, 0x0000, 0x0000, 0x0000, 0x0000,
  0x0000, 0x0000, 0x0000, 0x0000, 0x0000, 0x0000, 0x0000, 0x0000, 0x0000, 0x0000,
  0x0000, 0x0000, 0x0000, 0x0000, 0x0000, 0x0000, 0x0000, 0x0000, 0x0000, 0x0000,
  0xFFFF, 0xFFFF, 0xFFFF, 0xFFFF, 0xFFFF, 0x0000, 0x0000, 0x0000, 0x0000, 0x0000,
  0xFFFF, 0xFFFF, 0xFFFF, 0xFFFF, 0xFFFF, 0xFFFF, 0xFFFF, 0xFFFF, 0xFFFF, 0xFFFF,
  0xFFFF, 0xFFFF, 0xFFFF, 0xFFFF, 0xFFFF, 0xFFFF, 0xFFFF, 0xFFFF, 0xFFFF, 0xFFFF,
  0xFFFF, 0x0000, 0x0000, 0x0000, 0x0000, 0x0000, 0xFFFF, 0xFFFF, 0xFFFF, 0xFFFF,
  0xFFFF, 0x0000, 0x0000, 0x0000, 0x0000, 0x0000, 0xFFFF, 0xFFFF, 0xFFFF, 0xFFFF,
  0xFFFF, 0x0000, 0x0000, 0x0000, 0x0000, 0x0000, 0x0000, 0x0000, 0x0000, 0x0000,
  0x0000, 0x0000, 0x0000, 0x0000, 0x0000, 0x0000, 0x0000, 0xFFFF, 0xFFFF, 0xFFFF,
  0xFFFF, 0xFFFF, 0xFFFF, 0xFFFF, 0xFFFF, 0xFFFF, 0xFFFF, 0xFFFF, 0xFFFF, 0xFFFF,
  0xFFFF, 0xFFFF, 0xFFFF, 0xFFFF, 0xFFFF, 0xFFFF, 0xFFFF, 0x0000, 0x0000, 0x0000,
  0x0000, 0x0000, 0x0000, 0x0000, 0x0000, 0x0000, 0x0000, 0x0000, 0xFFFF, 0xFFFF,
  0xFFFF, 0xFFFF, 0xFFFF, 0x0000, 0x0000, 0x0000, 0x0000, 0x0000, 0xFFFF, 0xFFFF,
  0xFFFF, 0xFFFF, 0xFFFF, 0x0000, 0x0000, 0x0000, 0x0000, 0x0000, 0xFFFF, 0xFFFF,
  0xFFFF, 0xFFFF, 0xFFFF, 0xFFFF, 0xFFFF, 0xFFFF, 0xFFFF, 0xFFFF, 0x0000, 0x0000,
  0x0000, 0x0000, 0x0000, 0x0000, 0xFFFF, 0xFFFF, 0xFFFF, 0xFFFF, 0xFFFF, 0xFFFF,
  0xFFFF, 0xFFFF, 0xFFFF, 0xFFFF, 0x0000, 0x0000, 0x0000, 0x0000, 0x0000, 0x0000,
  0x0000, 0x0000, 0x0000, 0x0000, 0x0000, 0x0000, 0x0000, 0x0000, 0x0000, 0x0000,
  0x0000, 0x0000, 0x0000, 0x0000, 0x0000, 0x0000, 0x0000, 0x0000, 0x0000, 0x0000,
  0x0000, 0x0000, 0x0000, 0x0000, 0x0000, 0x0000, 0x0000, 0x0000, 0x0000, 0x0000,
  0xFFFF, 0xFFFF, 0xFFFF, 0xFFFF, 0xFFFF, 0x0000, 0x0000, 0x0000, 0x0000, 0x0000,
  0xFFFF, 0xFFFF, 0xFFFF, 0xFFFF, 0xFFFF, 0xFFFF, 0xFFFF, 0xFFFF, 0xFFFF, 0xFFFF,
  0xFFFF, 0xFFFF, 0xFFFF, 0xFFFF, 0xFFFF, 0xFFFF, 0xFFFF, 0xFFFF, 0xFFFF, 0xFFFF,
  0xFFFF, 0x0000, 0x0000, 0x0000, 0x0000, 0x0000, 0xFFFF, 0xFFFF, 0xFFFF, 0xFFFF,
  0xFFFF, 0x0000, 0x0000, 0x0000, 0x0000, 0x0000, 0xFFFF, 0xFFFF, 0xFFFF, 0xFFFF,
  0xFFFF, 0x0000, 0x0000, 0x0000, 0x0000, 0x0000, 0x0000, 0x0000, 0x0000, 0x0000,
  0x0000, 0x0000, 0x0000, 0x0000, 0x0000, 0x0000, 0x0000, 0xFFFF, 0xFFFF, 0xFFFF,
  0xFFFF, 0xFFFF, 0xFFFF, 0xFFFF, 0xFFFF, 0xFFFF, 0xFFFF, 0xFFFF, 0xFFFF, 0xFFFF,
  0xFFFF, 0xFFFF, 0xFFFF, 0xFFFF, 0xFFFF, 0xFFFF, 0xFFFF, 0x0000, 0x0000, 0x0000,
  0x0000, 0x0000, 0x0000, 0x0000, 0x0000, 0x0000, 0x0000, 0x0000, 0xFFFF, 0xFFFF,
  0xFFFF, 0xFFFF, 0xFFFF, 0x0000, 0x0000, 0x0000, 0x0000, 0x0000, 0xFFFF, 0xFFFF,
  0xFFFF, 0xFFFF, 0xFFFF, 0x0000, 0x0000, 0x0000, 0x0000, 0x0000, 0xFFFF, 0xFFFF,
  0xFFFF, 0xFFFF, 0xFFFF, 0xFFFF, 0xFFFF, 0xFFFF, 0xFFFF, 0xFFFF, 0x0000, 0x0000,
  0x0000, 0x0000, 0x0000, 0x0000, 0xFFFF, 0xFFFF, 0xFFFF, 0xFFFF, 0xFFFF, 0xFFFF,
  0xFFFF, 0xFFFF, 0xFFFF, 0xFFFF, 0x0000, 0x0000, 0x0000, 0x0000, 0x0000, 0x0000,
  0x0000, 0x0000, 0x0000, 0x0000, 0x0000, 0x0000, 0x0000, 0x0000, 0x0000, 0x0000,
  0x0000, 0x0000, 0x0000, 0x0000, 0x0000, 0x0000, 0x0000, 0x0000, 0x0000, 0x0000,
  0x0000, 0x0000, 0x0000, 0x0000, 0x0000, 0x0000, 0x0000, 0x0000, 0x0000, 0x0000,
  0xFFFF, 0xFFFF, 0xFFFF, 0xFFFF, 0xFFFF, 0x0000, 0x0000, 0x0000, 0x0000, 0x0000,
  0xFFFF, 0xFFFF, 0xFFFF, 0xFFFF, 0xFFFF, 0xFFFF, 0xFFFF, 0xFFFF, 0xFFFF, 0xFFFF,
  0xFFFF, 0xFFFF, 0xFFFF, 0xFFFF, 0xFFFF, 0xFFFF, 0xFFFF, 0xFFFF, 0xFFFF, 0xFFFF,
  0xFFFF, 0x0000, 0x0000, 0x0000, 0x0000, 0x0000, 0xFFFF, 0xFFFF, 0xFFFF, 0xFFFF,
  0xFFFF, 0x0000, 0x0000, 0x0000, 0x0000, 0x0000, 0xFFFF, 0xFFFF, 0xFFFF, 0xFFFF,
  0xFFFF, 0x0000, 0x0000, 0x0000, 0x0000, 0x0000, 0x0000, 0x0000, 0x0000, 0x0000,
  0x0000, 0x0000, 0x0000, 0x0000, 0x0000, 0x0000, 0x0000, 0xFFFF, 0xFFFF, 0xFFFF,
  0xFFFF, 0xFFFF, 0xFFFF, 0xFFFF, 0xFFFF, 0xFFFF, 0xFFFF, 0xFFFF, 0xFFFF, 0xFFFF,
  0xFFFF, 0xFFFF, 0xFFFF, 0xFFFF, 0xFFFF, 0xFFFF, 0xFFFF, 0x0000, 0x0000, 0x0000,
  0x0000, 0x0000, 0x0000, 0x0000, 0x0000, 0x0000, 0x0000, 0x0000, 0xFFFF, 0xFFFF,
  0xFFFF, 0xFFFF, 0xFFFF, 0x0000, 0x0000, 0x0000, 0x0000, 0x0000, 0xFFFF, 0xFFFF,
  0xFFFF, 0xFFFF, 0xFFFF, 0x0000, 0x0000, 0x0000, 0x0000, 0x0000, 0xFFFF, 0xFFFF,
  0xFFFF, 0xFFFF, 0xFFFF, 0xFFFF, 0xFFFF, 0xFFFF, 0xFFFF, 0xFFFF, 0x0000, 0x0000,
  0x0000, 0x0000, 0x0000, 0x0000, 0xFFFF, 0xFFFF, 0xFFFF, 0xFFFF, 0xFFFF, 0xFFFF,
  0xFFFF, 0xFFFF, 0xFFFF, 0xFFFF, 0x0000, 0x0000, 0x0000, 0x0000, 0x0000, 0x0000,
  0x0000, 0x0000, 0x0000, 0x0000, 0x0000, 0x0000, 0x0000, 0x0000, 0x0000, 0x0000,
  0x0000, 0x0000, 0x0000, 0x0000, 0x0000, 0x0000, 0x0000, 0x0000, 0x0000, 0x0000,
  0x0000, 0x0000, 0x0000, 0x0000, 0x0000, 0x0000, 0x0000, 0x0000, 0x0000, 0x0000,
  0xFFFF, 0xFFFF, 0xFFFF, 0xFFFF, 0xFFFF, 0x0000, 0x0000, 0x0000, 0x0000, 0x0000,
  0xFFFF, 0xFFFF, 0xFFFF, 0xFFFF, 0xFFFF, 0xFFFF, 0xFFFF, 0xFFFF, 0xFFFF, 0xFFFF,
  0xFFFF, 0xFFFF, 0xFFFF, 0xFFFF, 0xFFFF, 0xFFFF, 0xFFFF, 0xFFFF, 0xFFFF, 0xFFFF,
  0xFFFF, 0x0000, 0x0000, 0x0000, 0x0000, 0x0000, 0x0000, 0x0000, 0x0000, 0x0000,
  0x0000, 0xFFFF, 0xFFFF, 0xFFFF, 0xFFFF, 0xFFFF, 0xFFFF, 0xFFFF, 0xFFFF, 0xFFFF,
  0xFFFF, 0xFFFF, 0xFFFF, 0xFFFF, 0xFFFF, 0xFFFF, 0xFFFF, 0xFFFF, 0xFFFF, 0xFFFF,
  0xFFFF, 0xFFFF, 0xFFFF, 0xFFFF, 0xFFFF, 0xFFFF, 0xFFFF, 0xFFFF, 0xFFFF, 0xFFFF,
  0xFFFF, 0xFFFF, 0xFFFF, 0xFFFF, 0xFFFF, 0xFFFF, 0xFFFF, 0xFFFF, 0xFFFF, 0xFFFF,
  0xFFFF, 0xFFFF, 0x0000, 0x0000, 0x0000, 0x0000, 0x0000, 0x0000, 0x0000, 0x0000,
  0x0000, 0x0000, 0xFFFF, 0xFFFF, 0xFFFF, 0xFFFF, 0xFFFF, 0xFFFF, 0xFFFF, 0xFFFF,
  0xFFFF, 0xFFFF, 0xFFFF, 0x0000, 0x0000, 0x0000, 0x0000, 0x0000, 0x0000, 0x0000,
  0x0000, 0x0000, 0x0000, 0x0000, 0x0000, 0x0000, 0x0000, 0x0000, 0x0000, 0x0000,
  0x0000, 0x0000, 0x0000, 0xFFFF, 0xFFFF, 0xFFFF, 0xFFFF, 0xFFFF, 0xFFFF, 0xFFFF,
  0xFFFF, 0xFFFF, 0xFFFF, 0xFFFF, 0x0000, 0x0000, 0x0000, 0x0000, 0x0000, 0x0000,
  0x0000, 0x0000, 0x0000, 0x0000, 0xFFFF, 0xFFFF, 0xFFFF, 0xFFFF, 0xFFFF, 0x0000,
  0x0000, 0x0000, 0x0000, 0x0000, 0x0000, 0x0000, 0x0000, 0x0000, 0x0000, 0x0000,
  0x0000, 0x0000, 0x0000, 0x0000, 0x0000, 0x0000, 0x0000, 0x0000, 0x0000, 0x0000,
  0xFFFF, 0xFFFF, 0xFFFF, 0xFFFF, 0xFFFF, 0xFFFF, 0xFFFF, 0xFFFF, 0xFFFF, 0xFFFF,
  0xFFFF, 0xFFFF, 0xFFFF, 0xFFFF, 0xFFFF, 0xFFFF, 0xFFFF, 0xFFFF, 0xFFFF, 0xFFFF,
  0xFFFF, 0xFFFF, 0xFFFF, 0xFFFF, 0xFFFF, 0xFFFF, 0xFFFF, 0xFFFF, 0xFFFF, 0xFFFF,
  0xFFFF, 0xFFFF, 0xFFFF, 0xFFFF, 0xFFFF, 0xFFFF, 0xFFFF, 0xFFFF, 0xFFFF, 0xFFFF,
  0xFFFF, 0x0000, 0x0000, 0x0000, 0x0000, 0x0000, 0x0000, 0x0000, 0x0000, 0x0000,
  0x0000, 0xFFFF, 0xFFFF, 0xFFFF, 0xFFFF, 0xFFFF, 0xFFFF, 0xFFFF, 0xFFFF, 0xFFFF,
  0xFFFF, 0xFFFF, 0xFFFF, 0xFFFF, 0xFFFF, 0xFFFF, 0xFFFF, 0xFFFF, 0xFFFF, 0xFFFF,
  0xFFFF, 0xFFFF, 0xFFFF, 0xFFFF, 0xFFFF, 0xFFFF, 0xFFFF, 0xFFFF, 0xFFFF, 0xFFFF,
  0xFFFF, 0xFFFF, 0xFFFF, 0xFFFF, 0xFFFF, 0xFFFF, 0xFFFF, 0xFFFF, 0xFFFF, 0xFFFF,
  0xFFFF, 0xFFFF, 0x0000, 0x0000, 0x0000, 0x0000, 0x0000, 0x0000, 0x0000, 0x0000,
  0x0000, 0x0000, 0xFFFF, 0xFFFF, 0xFFFF, 0xFFFF, 0xFFFF, 0xFFFF, 0xFFFF, 0xFFFF,
  0xFFFF, 0xFFFF, 0xFFFF, 0x0000, 0x0000, 0x0000, 0x0000, 0x0000, 0x0000, 0x0000,
  0x0000, 0x0000, 0x0000, 0x0000, 0x0000, 0x0000, 0x0000, 0x0000, 0x0000, 0x0000,
  0x0000, 0x0000, 0x0000, 0xFFFF, 0xFFFF, 0xFFFF, 0xFFFF, 0xFFFF, 0xFFFF, 0xFFFF,
  0xFFFF, 0xFFFF, 0xFFFF, 0xFFFF, 0x0000, 0x0000, 0x0000, 0x0000, 0x0000, 0x0000,
  0x0000, 0x0000, 0x0000, 0x0000, 0xFFFF, 0xFFFF, 0xFFFF, 0xFFFF, 0xFFFF, 0x0000,
  0x0000, 0x0000, 0x0000, 0x0000, 0x0000, 0x0000, 0x0000, 0x0000, 0x0000, 0x0000,
  0x0000, 0x0000, 0x0000, 0x0000, 0x0000, 0x0000, 0x0000, 0x0000, 0x0000, 0x0000,
  0xFFFF, 0xFFFF, 0xFFFF, 0xFFFF, 0xFFFF, 0xFFFF, 0xFFFF, 0xFFFF, 0xFFFF, 0xFFFF,
  0xFFFF, 0xFFFF, 0xFFFF, 0xFFFF, 0xFFFF, 0xFFFF, 0xFFFF, 0xFFFF, 0xFFFF, 0xFFFF,
  0xFFFF, 0xFFFF, 0xFFFF, 0xFFFF, 0xFFFF, 0xFFFF, 0xFFFF, 0xFFFF, 0xFFFF, 0xFFFF,
  0xFFFF, 0xFFFF, 0xFFFF, 0xFFFF, 0xFFFF, 0xFFFF, 0xFFFF, 0xFFFF, 0xFFFF, 0xFFFF,
  0xFFFF, 0x0000, 0x0000, 0x0000, 0x0000, 0x0000, 0x0000, 0x0000, 0x0000, 0x0000,
  0x0000, 0xFFFF, 0xFFFF, 0xFFFF, 0xFFFF, 0xFFFF, 0xFFFF, 0xFFFF, 0xFFFF, 0xFFFF,
  0xFFFF, 0xFFFF, 0xFFFF, 0xFFFF, 0xFFFF, 0xFFFF, 0xFFFF, 0xFFFF, 0xFFFF, 0xFFFF,
  0xFFFF, 0xFFFF, 0xFFFF, 0xFFFF, 0xFFFF, 0xFFFF, 0xFFFF, 0xFFFF, 0xFFFF, 0xFFFF,
  0xFFFF, 0xFFFF, 0xFFFF, 0xFFFF, 0xFFFF, 0xFFFF, 0xFFFF, 0xFFFF, 0xFFFF, 0xFFFF,
  0xFFFF, 0xFFFF, 0x0000, 0x0000, 0x0000, 0x0000, 0x0000, 0x0000, 0x0000, 0x0000,
  0x0000, 0x0000, 0xFFFF, 0xFFFF, 0xFFFF, 0xFFFF, 0xFFFF, 0xFFFF, 0xFFFF, 0xFFFF,
  0xFFFF, 0xFFFF, 0xFFFF, 0x0000, 0x0000, 0x0000, 0x0000, 0x0000, 0x0000, 0x0000,
  0x0000, 0x0000, 0x0000, 0x0000, 0x0000, 0x0000, 0x0000, 0x0000, 0x0000, 0x0000,
  0x0000, 0x0000, 0x0000, 0xFFFF, 0xFFFF, 0xFFFF, 0xFFFF, 0xFFFF, 0xFFFF, 0xFFFF,
  0xFFFF, 0xFFFF, 0xFFFF, 0xFFFF, 0x0000, 0x0000, 0x0000, 0x0000, 0x0000, 0x0000,
  0x0000, 0x0000, 0x0000, 0x0000, 0xFFFF, 0xFFFF, 0xFFFF, 0xFFFF, 0xFFFF, 0x0000,
  0x0000, 0x0000, 0x0000, 0x0000, 0x0000, 0x0000, 0x0000, 0x0000, 0x0000, 0x0000,
  0x0000, 0x0000, 0x0000, 0x0000, 0x0000, 0x0000, 0x0000, 0x0000, 0x0000, 0x0000,
  0xFFFF, 0xFFFF, 0xFFFF, 0xFFFF, 0xFFFF, 0xFFFF, 0xFFFF, 0xFFFF, 0xFFFF, 0xFFFF,
  0xFFFF, 0xFFFF, 0xFFFF, 0xFFFF, 0xFFFF, 0xFFFF, 0xFFFF, 0xFFFF, 0xFFFF, 0xFFFF,
  0xFFFF, 0xFFFF, 0xFFFF, 0xFFFF, 0xFFFF, 0xFFFF, 0xFFFF, 0xFFFF, 0xFFFF, 0xFFFF,
  0xFFFF, 0xFFFF, 0xFFFF, 0xFFFF, 0xFFFF, 0xFFFF, 0xFFFF, 0xFFFF, 0xFFFF, 0xFFFF,
  0xFFFF, 0x0000, 0x0000, 0x0000, 0x0000, 0x0000, 0x0000, 0x0000, 0x0000, 0x0000,
  0x0000, 0xFFFF, 0xFFFF, 0xFFFF, 0xFFFF, 0xFFFF, 0xFFFF, 0xFFFF, 0xFFFF, 0xFFFF,
  0xFFFF, 0xFFFF, 0xFFFF, 0xFFFF, 0xFFFF, 0xFFFF, 0xFFFF, 0xFFFF, 0xFFFF, 0xFFFF,
  0xFFFF, 0xFFFF, 0xFFFF, 0xFFFF, 0xFFFF, 0xFFFF, 0xFFFF, 0xFFFF, 0xFFFF, 0xFFFF,
  0xFFFF, 0xFFFF, 0xFFFF, 0xFFFF, 0xFFFF, 0xFFFF, 0xFFFF, 0xFFFF, 0xFFFF, 0xFFFF,
  0xFFFF, 0xFFFF, 0x0000, 0x0000, 0x0000, 0x0000, 0x0000, 0x0000, 0x0000, 0x0000,
  0x0000, 0x0000, 0xFFFF, 0xFFFF, 0xFFFF, 0xFFFF, 0xFFFF, 0xFFFF, 0xFFFF, 0xFFFF,
  0xFFFF, 0xFFFF, 0xFFFF, 0x0000, 0x0000, 0x0000, 0x0000, 0x0000, 0x0000, 0x0000,
  0x0000, 0x0000, 0x0000, 0x0000, 0x0000, 0x0000, 0x0000, 0x0000, 0x0000, 0x0000,
  0x0000, 0x0000, 0x0000, 0xFFFF, 0xFFFF, 0xFFFF, 0xFFFF, 0xFFFF, 0xFFFF, 0xFFFF,
  0xFFFF, 0xFFFF, 0xFFFF, 0xFFFF, 0x0000, 0x0000, 0x0000, 0x0000, 0x0000, 0x0000,
  0x0000, 0x0000, 0x0000, 0x0000, 0xFFFF, 0xFFFF, 0xFFFF, 0xFFFF, 0xFFFF, 0x0000,
  0x0000, 0x0000, 0x0000, 0x0000, 0x0000, 0x0000, 0x0000, 0x0000, 0x0000, 0x0000,
  0x0000, 0x0000, 0x0000, 0x0000, 0x0000, 0x0000, 0x0000, 0x0000, 0x0000, 0x0000,
  0xFFFF, 0xFFFF, 0xFFFF, 0xFFFF, 0xFFFF, 0xFFFF, 0xFFFF, 0xFFFF, 0xFFFF, 0xFFFF,
  0xFFFF, 0xFFFF, 0xFFFF, 0xFFFF, 0xFFFF, 0xFFFF, 0xFFFF, 0xFFFF, 0xFFFF, 0xFFFF,
  0xFFFF, 0xFFFF, 0xFFFF, 0xFFFF, 0xFFFF, 0xFFFF, 0xFFFF, 0xFFFF, 0xFFFF, 0xFFFF,
  0xFFFF, 0xFFFF, 0xFFFF, 0xFFFF, 0xFFFF, 0xFFFF, 0xFFFF, 0xFFFF, 0xFFFF, 0xFFFF,
  0xFFFF, 0x0000, 0x0000, 0x0000, 0x0000, 0x0000, 0x0000, 0x0000, 0x0000, 0x0000,
  0x0000, 0xFFFF, 0xFFFF, 0xFFFF, 0xFFFF, 0xFFFF, 0xFFFF, 0xFFFF, 0xFFFF, 0xFFFF,
  0xFFFF, 0xFFFF, 0xFFFF, 0xFFFF, 0xFFFF, 0xFFFF, 0xFFFF, 0xFFFF, 0xFFFF, 0xFFFF,
  0xFFFF, 0xFFFF, 0xFFFF, 0xFFFF, 0xFFFF, 0xFFFF, 0xFFFF, 0xFFFF, 0xFFFF, 0xFFFF,
  0xFFFF, 0xFFFF, 0xFFFF, 0xFFFF, 0xFFFF, 0xFFFF, 0xFFFF, 0xFFFF, 0xFFFF, 0xFFFF,
  0xFFFF, 0xFFFF, 0x0000, 0x0000, 0x0000, 0x0000, 0x0000, 0x0000, 0x0000, 0x0000,
  0x0000, 0x0000, 0xFFFF, 0xFFFF, 0xFFFF, 0xFFFF, 0xFFFF, 0xFFFF, 0xFFFF, 0xFFFF,
  0xFFFF, 0xFFFF, 0xFFFF, 0x0000, 0x0000, 0x0000, 0x0000, 0x0000, 0x0000, 0x0000,
  0x0000, 0x0000, 0x0000, 0x0000, 0x0000, 0x0000, 0x0000, 0x0000, 0x0000, 0x0000,
  0x0000, 0x0000, 0x0000, 0xFFFF, 0xFFFF, 0xFFFF, 0xFFFF, 0xFFFF, 0xFFFF, 0xFFFF,
  0xFFFF, 0xFFFF, 0xFFFF, 0xFFFF, 0x0000, 0x0000, 0x0000, 0x0000, 0x0000, 0x0000,
  0x0000, 0x0000, 0x0000, 0x0000, 0xFFFF, 0xFFFF, 0xFFFF, 0xFFFF, 0xFFFF, 0x0000,
  0x0000, 0x0000, 0x0000, 0x0000, 0x0000, 0x0000, 0x0000, 0x0000, 0x0000, 0x0000,
  0x0000, 0x0000, 0x0000, 0x0000, 0x0000, 0x0000, 0x0000, 0x0000, 0x0000, 0x0000,
  0xFFFF, 0xFFFF, 0xFFFF, 0xFFFF, 0xFFFF, 0xFFFF, 0xFFFF, 0xFFFF, 0xFFFF, 0xFFFF,
  0xFFFF, 0xFFFF, 0xFFFF, 0xFFFF, 0xFFFF, 0xFFFF, 0xFFFF, 0xFFFF, 0xFFFF, 0xFFFF,
  0xFFFF, 0xFFFF, 0xFFFF, 0xFFFF, 0xFFFF, 0xFFFF, 0xFFFF, 0xFFFF, 0xFFFF, 0xFFFF,
  0xFFFF, 0xFFFF, 0xFFFF, 0xFFFF, 0xFFFF, 0xFFFF, 0x0000, 0x0000, 0x0000, 0x0000,
  0x0000, 0x0000, 0x0000, 0x0000, 0x0000, 0x0000, 0xFFFF, 0xFFFF, 0xFFFF, 0xFFFF,
  0xFFFF, 0xFFFF, 0xFFFF, 0xFFFF, 0xFFFF, 0xFFFF, 0xFFFF, 0xFFFF, 0xFFFF, 0xFFFF,
  0xFFFF, 0xFFFF, 0xFFFF, 0xFFFF, 0xFFFF, 0xFFFF, 0x0000, 0x0000, 0x0000, 0x0000,
  0x0000, 0x0000, 0x0000, 0x0000, 0x0000, 0x0000, 0x0000, 0xFFFF, 0xFFFF, 0xFFFF,
  0xFFFF, 0xFFFF, 0xFFFF, 0xFFFF, 0xFFFF, 0xFFFF, 0xFFFF, 0xFFFF, 0xFFFF, 0xFFFF,
  0xFFFF, 0xFFFF, 0x0000, 0x0000, 0x0000, 0x0000, 0x0000, 0xFFFF, 0xFFFF, 0xFFFF,
  0xFFFF, 0xFFFF, 0xFFFF, 0xFFFF, 0xFFFF, 0xFFFF, 0xFFFF, 0xFFFF, 0x0000, 0x0000,
  0x0000, 0x0000, 0x0000, 0xFFFF, 0xFFFF, 0xFFFF, 0xFFFF, 0xFFFF, 0xFFFF, 0xFFFF,
  0xFFFF, 0xFFFF, 0xFFFF, 0x0000, 0x0000, 0x0000, 0x0000, 0x0000, 0xFFFF, 0xFFFF,
  0xFFFF, 0xFFFF, 0xFFFF, 0x0000, 0x0000, 0x0000, 0x0000, 0x0000, 0x0000, 0x0000,
  0x0000, 0x0000, 0x0000, 0x0000, 0x0000, 0x0000, 0x0000, 0x0000, 0x0000, 0x0000,
  0x0000, 0x0000, 0x0000, 0x0000, 0x0000, 0x0000, 0x0000, 0x0000, 0x0000, 0x0000,
  0x0000, 0x0000, 0x0000, 0x0000, 0xFFFF, 0xFFFF, 0xFFFF, 0xFFFF, 0xFFFF, 0x0000,
  0x0000, 0x0000, 0x0000, 0x0000, 0xFFFF, 0xFFFF, 0xFFFF, 0xFFFF, 0xFFFF, 0xFFFF,
  0x0000, 0x0000, 0x0000, 0x0000, 0x0000, 0xFFFF, 0xFFFF, 0xFFFF, 0xFFFF, 0xFFFF,
  0xFFFF, 0xFFFF, 0xFFFF, 0xFFFF, 0xFFFF, 0x0000, 0x0000, 0x0000, 0x0000, 0x0000,
  0xFFFF, 0xFFFF, 0xFFFF, 0xFFFF, 0xFFFF, 0xFFFF, 0xFFFF, 0xFFFF, 0xFFFF, 0xFFFF,
  0xFFFF, 0xFFFF, 0xFFFF, 0xFFFF, 0xFFFF, 0xFFFF, 0x0000, 0x0000, 0x0000, 0x0000,
  0x0000, 0x0000, 0x0000, 0x0000, 0x0000, 0x0000, 0xFFFF, 0xFFFF, 0xFFFF, 0xFFFF,
  0xFFFF, 0xFFFF, 0xFFFF, 0xFFFF, 0xFFFF, 0xFFFF, 0xFFFF, 0xFFFF, 0xFFFF, 0xFFFF,
  0xFFFF, 0xFFFF, 0xFFFF, 0xFFFF, 0xFFFF, 0xFFFF, 0x0000, 0x0000, 0x0000, 0x0000,
  0x0000, 0x0000, 0x0000, 0x0000, 0x0000, 0x0000, 0x0000, 0xFFFF, 0xFFFF, 0xFFFF,
  0xFFFF, 0xFFFF, 0xFFFF, 0xFFFF, 0xFFFF, 0xFFFF, 0xFFFF, 0xFFFF, 0xFFFF, 0xFFFF,
  0xFFFF, 0xFFFF, 0x0000, 0x0000, 0x0000, 0x0000, 0x0000, 0xFFFF, 0xFFFF, 0xFFFF,
  0xFFFF, 0xFFFF, 0xFFFF, 0xFFFF, 0xFFFF, 0xFFFF, 0xFFFF, 0xFFFF, 0x0000, 0x0000,
  0x0000, 0x0000, 0x0000, 0xFFFF, 0xFFFF, 0xFFFF, 0xFFFF, 0xFFFF, 0xFFFF, 0xFFFF,
  0xFFFF, 0xFFFF, 0xFFFF, 0x0000, 0x0000, 0x0000, 0x0000, 0x0000, 0xFFFF, 0xFFFF,
  0xFFFF, 0xFFFF, 0xFFFF, 0x0000, 0x0000, 0x0000, 0x0000, 0x0000, 0x0000, 0x0000,
  0x0000, 0x0000, 0x0000, 0x0000, 0x0000, 0x0000, 0x0000, 0x0000, 0x0000, 0x0000,
  0x0000, 0x0000, 0x0000, 0x0000, 0x0000, 0x0000, 0x0000, 0x0000, 0x0000, 0x0000,
  0x0000, 0x0000, 0x0000, 0x0000, 0xFFFF, 0xFFFF, 0xFFFF, 0xFFFF, 0xFFFF, 0x0000,
  0x0000, 0x0000, 0x0000, 0x0000, 0xFFFF, 0xFFFF, 0xFFFF, 0xFFFF, 0xFFFF, 0xFFFF,
  0x0000, 0x0000, 0x0000, 0x0000, 0x0000, 0xFFFF, 0xFFFF, 0xFFFF, 0xFFFF, 0xFFFF,
  0xFFFF, 0xFFFF, 0xFFFF, 0xFFFF, 0xFFFF, 0x0000, 0x0000, 0x0000, 0x0000, 0x0000,
  0xFFFF, 0xFFFF, 0xFFFF, 0xFFFF, 0xFFFF, 0xFFFF, 0xFFFF, 0xFFFF, 0xFFFF, 0xFFFF,
  0xFFFF, 0xFFFF, 0xFFFF, 0xFFFF, 0xFFFF, 0xFFFF, 0x0000, 0x0000, 0x0000, 0x0000,
  0x0000, 0x0000, 0x0000, 0x0000, 0x0000, 0x0000, 0xFFFF, 0xFFFF, 0xFFFF, 0xFFFF,
  0xFFFF, 0xFFFF, 0xFFFF, 0xFFFF, 0xFFFF, 0xFFFF, 0xFFFF, 0xFFFF, 0xFFFF, 0xFFFF,
  0xFFFF, 0xFFFF, 0xFFFF, 0xFFFF, 0xFFFF, 0xFFFF, 0x0000, 0x0000, 0x0000, 0x0000,
  0x0000, 0x0000, 0x0000, 0x0000, 0x0000, 0x0000, 0x0000, 0xFFFF, 0xFFFF, 0xFFFF,
  0xFFFF, 0xFFFF, 0xFFFF, 0xFFFF, 0xFFFF, 0xFFFF, 0xFFFF, 0xFFFF, 0xFFFF, 0xFFFF,
  0xFFFF, 0xFFFF, 0x0000, 0x0000, 0x0000, 0x0000, 0x0000, 0xFFFF, 0xFFFF, 0xFFFF,
  0xFFFF, 0xFFFF, 0xFFFF, 0xFFFF, 0xFFFF, 0xFFFF, 0xFFFF, 0xFFFF, 0x0000, 0x0000,
  0x0000, 0x0000, 0x0000, 0xFFFF, 0xFFFF, 0xFFFF, 0xFFFF, 0xFFFF, 0xFFFF, 0xFFFF,
  0xFFFF, 0xFFFF, 0xFFFF, 0x0000, 0x0000, 0x0000, 0x0000, 0x0000, 0xFFFF, 0xFFFF,
  0xFFFF, 0xFFFF, 0xFFFF, 0x0000, 0x0000, 0x0000, 0x0000, 0x0000, 0x0000, 0x0000,
  0x0000, 0x0000, 0x0000, 0x0000, 0x0000, 0x0000, 0x0000, 0x0000, 0x0000, 0x0000,
  0x0000, 0x0000, 0x0000, 0x0000, 0x0000, 0x0000, 0x0000, 0x0000, 0x0000, 0x0000,
  0x0000, 0x0000, 0x0000, 0x0000, 0xFFFF, 0xFFFF, 0xFFFF, 0xFFFF, 0xFFFF, 0x0000,
  0x0000, 0x0000, 0x0000, 0x0000, 0xFFFF, 0xFFFF, 0xFFFF, 0xFFFF, 0xFFFF, 0xFFFF,
  0x0000, 0x0000, 0x0000, 0x0000, 0x0000, 0xFFFF, 0xFFFF, 0xFFFF, 0xFFFF, 0xFFFF,
  0xFFFF, 0xFFFF, 0xFFFF, 0xFFFF, 0xFFFF, 0x0000, 0x0000, 0x0000, 0x0000, 0x0000,
  0xFFFF, 0xFFFF, 0xFFFF, 0xFFFF, 0xFFFF, 0xFFFF, 0xFFFF, 0xFFFF, 0xFFFF, 0xFFFF,
  0xFFFF, 0xFFFF, 0xFFFF, 0xFFFF, 0xFFFF, 0xFFFF, 0x0000, 0x0000, 0x0000, 0x0000,
  0x0000, 0x0000, 0x0000, 0x0000, 0x0000, 0x0000, 0xFFFF, 0xFFFF, 0xFFFF, 0xFFFF,
  0xFFFF, 0xFFFF, 0xFFFF, 0xFFFF, 0xFFFF, 0xFFFF, 0xFFFF, 0xFFFF, 0xFFFF, 0xFFFF,
  0xFFFF, 0xFFFF, 0xFFFF, 0xFFFF, 0xFFFF, 0xFFFF, 0x0000, 0x0000, 0x0000, 0x0000,
  0x0000, 0x0000, 0x0000, 0x0000, 0x0000, 0x0000, 0x0000, 0xFFFF, 0xFFFF, 0xFFFF,
  0xFFFF, 0xFFFF, 0xFFFF, 0xFFFF, 0xFFFF, 0xFFFF, 0xFFFF, 0xFFFF, 0xFFFF, 0xFFFF,
  0xFFFF, 0xFFFF, 0x0000, 0x0000, 0x0000, 0x0000, 0x0000, 0xFFFF, 0xFFFF, 0xFFFF,
  0xFFFF, 0xFFFF, 0xFFFF, 0xFFFF, 0xFFFF, 0xFFFF, 0xFFFF, 0xFFFF, 0x0000, 0x0000,
  0x0000, 0x0000, 0x0000, 0xFFFF, 0xFFFF, 0xFFFF, 0xFFFF, 0xFFFF, 0xFFFF, 0xFFFF,
  0xFFFF, 0xFFFF, 0xFFFF, 0x0000, 0x0000, 0x0000, 0x0000, 0x0000, 0xFFFF, 0xFFFF,
  0xFFFF, 0xFFFF, 0xFFFF, 0x0000, 0x0000, 0x0000, 0x0000, 0x0000, 0x0000, 0x0000,
  0x0000, 0x0000, 0x0000, 0x0000, 0x0000, 0x0000, 0x0000, 0x0000, 0x0000, 0x0000,
  0x0000, 0x0000, 0x0000, 0x0000, 0x0000, 0x0000, 0x0000, 0x0000, 0x0000, 0x0000,
  0x0000, 0x0000, 0x0000, 0x0000, 0xFFFF, 0xFFFF, 0xFFFF, 0xFFFF, 0xFFFF, 0x0000,
  0x0000, 0x0000, 0x0000, 0x0000, 0xFFFF, 0xFFFF, 0xFFFF, 0xFFFF, 0xFFFF, 0xFFFF,
  0x0000, 0x0000, 0x0000, 0x0000, 0x0000, 0xFFFF, 0xFFFF, 0xFFFF, 0xFFFF, 0xFFFF,
  0xFFFF, 0xFFFF, 0xFFFF, 0xFFFF, 0xFFFF, 0x0000, 0x0000, 0x0000, 0x0000, 0x0000,
  0xFFFF, 0xFFFF, 0xFFFF, 0xFFFF, 0xFFFF, 0xFFFF, 0xFFFF, 0xFFFF, 0xFFFF, 0xFFFF,
  0xFFFF, 0xFFFF, 0xFFFF, 0xFFFF, 0xFFFF, 0xFFFF, 0x0000, 0x0000, 0x0000, 0x0000,
  0x0000, 0x0000, 0x0000, 0x0000, 0x0000, 0x0000, 0xFFFF, 0xFFFF, 0xFFFF, 0xFFFF,
  0xFFFF, 0xFFFF, 0xFFFF, 0xFFFF, 0xFFFF, 0xFFFF, 0xFFFF, 0xFFFF, 0xFFFF, 0xFFFF,
  0xFFFF, 0xFFFF, 0xFFFF, 0xFFFF, 0xFFFF, 0xFFFF, 0x0000, 0x0000, 0x0000, 0x0000,
  0x0000, 0x0000, 0x0000, 0x0000, 0x0000, 0x0000, 0x0000, 0xFFFF, 0xFFFF, 0xFFFF,
  0xFFFF, 0xFFFF, 0xFFFF, 0xFFFF, 0xFFFF, 0xFFFF, 0xFFFF, 0xFFFF, 0xFFFF, 0xFFFF,
  0xFFFF, 0xFFFF, 0x0000, 0x0000, 0x0000, 0x0000, 0x0000, 0xFFFF, 0xFFFF, 0xFFFF,
  0xFFFF, 0xFFFF, 0xFFFF, 0xFFFF, 0xFFFF, 0xFFFF, 0xFFFF, 0xFFFF, 0x0000, 0x0000,
  0x0000, 0x0000, 0x0000, 0xFFFF, 0xFFFF, 0xFFFF, 0xFFFF, 0xFFFF, 0xFFFF, 0xFFFF,
  0xFFFF, 0xFFFF, 0xFFFF, 0x0000, 0x0000, 0x0000, 0x0000, 0x0000, 0xFFFF, 0xFFFF,
  0xFFFF, 0xFFFF, 0xFFFF, 0x0000, 0x0000, 0x0000, 0x0000, 0x0000, 0x0000, 0x0000,
  0x0000, 0x0000, 0x0000, 0x0000, 0x0000, 0x0000, 0x0000, 0x0000, 0x0000, 0x0000,
  0x0000, 0x0000, 0x0000, 0x0000, 0x0000, 0x0000, 0x0000, 0x0000, 0x0000, 0x0000,
  0x0000, 0x0000, 0x0000, 0x0000, 0xFFFF, 0xFFFF, 0xFFFF, 0xFFFF, 0xFFFF, 0x0000,
  0x0000, 0x0000, 0x0000, 0x0000, 0xFFFF, 0xFFFF, 0xFFFF, 0xFFFF, 0xFFFF, 0xFFFF,
  0x0000, 0x0000, 0x0000, 0x0000, 0x0000, 0xFFFF, 0xFFFF, 0xFFFF, 0xFFFF, 0xFFFF,
  0xFFFF, 0xFFFF, 0xFFFF, 0xFFFF, 0xFFFF, 0x0000, 0x0000, 0x0000, 0x0000, 0x0000,
  0xFFFF, 0xFFFF, 0xFFFF, 0xFFFF, 0xFFFF, 0xFFFF, 0xFFFF, 0xFFFF, 0xFFFF, 0xFFFF,
  0xFFFF, 0xFFFF, 0xFFFF, 0xFFFF, 0xFFFF, 0xFFFF, 0x0000, 0x0000, 0x0000, 0x0000,
  0x0000, 0x0000, 0x0000, 0x0000, 0x0000, 0x0000, 0x0000, 0x0000, 0x0000, 0x0000,
  0x0000, 0xFFFF, 0xFFFF, 0xFFFF, 0xFFFF, 0xFFFF, 0xFFFF, 0xFFFF, 0xFFFF, 0xFFFF,
  0xFFFF, 0xFFFF, 0xFFFF, 0xFFFF, 0xFFFF, 0xFFFF, 0xFFFF, 0xFFFF, 0xFFFF, 0xFFFF,
  0xFFFF, 0xFFFF, 0xFFFF, 0xFFFF, 0xFFFF, 0xFFFF, 0xFFFF, 0xFFFF, 0xFFFF, 0xFFFF,
  0xFFFF, 0xFFFF, 0x0000, 0x0000, 0x0000, 0x0000, 0x0000, 0xFFFF, 0xFFFF, 0xFFFF,
  0xFFFF, 0xFFFF, 0xFFFF, 0xFFFF, 0xFFFF, 0xFFFF, 0xFFFF, 0xFFFF, 0xFFFF, 0xFFFF,
  0xFFFF, 0xFFFF, 0x0000, 0x0000, 0x0000, 0x0000, 0x0000, 0x0000, 0xFFFF, 0xFFFF,
  0xFFFF, 0xFFFF, 0xFFFF, 0x0000, 0x0000, 0x0000, 0x0000, 0x0000, 0xFFFF, 0xFFFF,
  0xFFFF, 0xFFFF, 0xFFFF, 0xFFFF, 0xFFFF, 0xFFFF, 0xFFFF, 0xFFFF, 0x0000, 0x0000,
  0x0000, 0x0000, 0x0000, 0xFFFF, 0xFFFF, 0xFFFF, 0xFFFF, 0xFFFF, 0xFFFF, 0xFFFF,
  0xFFFF, 0xFFFF, 0xFFFF, 0xFFFF, 0xFFFF, 0xFFFF, 0xFFFF, 0xFFFF, 0xFFFF, 0xFFFF,
  0xFFFF, 0xFFFF, 0xFFFF, 0xFFFF, 0x0000, 0x0000, 0x0000, 0x0000, 0x0000, 0xFFFF,
  0xFFFF, 0xFFFF, 0xFFFF, 0xFFFF, 0x0000, 0x0000, 0x0000, 0x0000, 0x0000, 0xFFFF,
  0xFFFF, 0xFFFF, 0xFFFF, 0xFFFF, 0xFFFF, 0xFFFF, 0xFFFF, 0xFFFF, 0xFFFF, 0xFFFF,
  0xFFFF, 0xFFFF, 0xFFFF, 0xFFFF, 0xFFFF, 0x0000, 0x0000, 0x0000, 0x0000, 0x0000,
  0x0000, 0x0000, 0x0000, 0x0000, 0x0000, 0x0000, 0x0000, 0x0000, 0x0000, 0x0000,
  0xFFFF, 0xFFFF, 0xFFFF, 0xFFFF, 0xFFFF, 0xFFFF, 0xFFFF, 0xFFFF, 0xFFFF, 0xFFFF,
  0xFFFF, 0xFFFF, 0xFFFF, 0xFFFF, 0xFFFF, 0xFFFF, 0x0000, 0x0000, 0x0000, 0x0000,
  0x0000, 0x0000, 0x0000, 0x0000, 0x0000, 0x0000, 0x0000, 0x0000, 0x0000, 0x0000,
  0x0000, 0xFFFF, 0xFFFF, 0xFFFF, 0xFFFF, 0xFFFF, 0xFFFF, 0xFFFF, 0xFFFF, 0xFFFF,
  0xFFFF, 0xFFFF, 0xFFFF, 0xFFFF, 0xFFFF, 0xFFFF, 0xFFFF, 0xFFFF, 0xFFFF, 0xFFFF,
  0xFFFF, 0xFFFF, 0xFFFF, 0xFFFF, 0xFFFF, 0xFFFF, 0xFFFF, 0xFFFF, 0xFFFF, 0xFFFF,
  0xFFFF, 0xFFFF, 0x0000, 0x0000, 0x0000, 0x0000, 0x0000, 0xFFFF, 0xFFFF, 0xFFFF,
  0xFFFF, 0xFFFF, 0xFFFF, 0xFFFF, 0xFFFF, 0xFFFF, 0xFFFF, 0xFFFF, 0xFFFF, 0xFFFF,
  0xFFFF, 0xFFFF, 0x0000, 0x0000, 0x0000, 0x0000, 0x0000, 0x0000, 0xFFFF, 0xFFFF,
  0xFFFF, 0xFFFF, 0xFFFF, 0x0000, 0x0000, 0x0000, 0x0000, 0x0000, 0xFFFF, 0xFFFF,
  0xFFFF, 0xFFFF, 0xFFFF, 0xFFFF, 0xFFFF, 0xFFFF, 0xFFFF, 0xFFFF, 0x0000, 0x0000,
  0x0000, 0x0000, 0x0000, 0xFFFF, 0xFFFF, 0xFFFF, 0xFFFF, 0xFFFF, 0xFFFF, 0xFFFF,
  0xFFFF, 0xFFFF, 0xFFFF, 0xFFFF, 0xFFFF, 0xFFFF, 0xFFFF, 0xFFFF, 0xFFFF, 0xFFFF,
  0xFFFF, 0xFFFF, 0xFFFF, 0xFFFF, 0x0000, 0x0000, 0x0000, 0x0000, 0x0000, 0xFFFF,
  0xFFFF, 0xFFFF, 0xFFFF, 0xFFFF, 0x0000, 0x0000, 0x0000, 0x0000, 0x0000, 0xFFFF,
  0xFFFF, 0xFFFF, 0xFFFF, 0xFFFF, 0xFFFF, 0xFFFF, 0xFFFF, 0xFFFF, 0xFFFF, 0xFFFF,
  0xFFFF, 0xFFFF, 0xFFFF, 0xFFFF, 0xFFFF, 0x0000, 0x0000, 0x0000, 0x0000, 0x0000,
  0x0000, 0x0000, 0x0000, 0x0000, 0x0000, 0x0000, 0x0000, 0x0000, 0x0000, 0x0000,
  0xFFFF, 0xFFFF, 0xFFFF, 0xFFFF, 0xFFFF, 0xFFFF, 0xFFFF, 0xFFFF, 0xFFFF, 0xFFFF,
  0xFFFF, 0xFFFF, 0xFFFF, 0xFFFF, 0xFFFF, 0xFFFF, 0x0000, 0x0000, 0x0000, 0x0000,
  0x0000, 0x0000, 0x0000, 0x0000, 0x0000, 0x0000, 0x0000, 0x0000, 0x0000, 0x0000,
  0x0000, 0xFFFF, 0xFFFF, 0xFFFF, 0xFFFF, 0xFFFF, 0xFFFF, 0xFFFF, 0xFFFF, 0xFFFF,
  0xFFFF, 0xFFFF, 0xFFFF, 0xFFFF, 0xFFFF, 0xFFFF, 0xFFFF, 0xFFFF, 0xFFFF, 0xFFFF,
  0xFFFF, 0xFFFF, 0xFFFF, 0xFFFF, 0xFFFF, 0xFFFF, 0xFFFF, 0xFFFF, 0xFFFF, 0xFFFF,
  0xFFFF, 0xFFFF, 0x0000, 0x0000, 0x0000, 0x0000, 0x0000, 0xFFFF, 0xFFFF, 0xFFFF,
  0xFFFF, 0xFFFF, 0xFFFF, 0xFFFF, 0xFFFF, 0xFFFF, 0xFFFF, 0xFFFF, 0xFFFF, 0xFFFF,
  0xFFFF, 0xFFFF, 0x0000, 0x0000, 0x0000, 0x0000, 0x0000, 0x0000, 0xFFFF, 0xFFFF,
  0xFFFF, 0xFFFF, 0xFFFF, 0x0000, 0x0000, 0x0000, 0x0000, 0x0000, 0xFFFF, 0xFFFF,
  0xFFFF, 0xFFFF, 0xFFFF, 0xFFFF, 0xFFFF, 0xFFFF, 0xFFFF, 0xFFFF, 0x0000, 0x0000,
  0x0000, 0x0000, 0x0000, 0xFFFF, 0xFFFF, 0xFFFF, 0xFFFF, 0xFFFF, 0xFFFF, 0xFFFF,
  0xFFFF, 0xFFFF, 0xFFFF, 0xFFFF, 0xFFFF, 0xFFFF, 0xFFFF, 0xFFFF, 0xFFFF, 0xFFFF,
  0xFFFF, 0xFFFF, 0xFFFF, 0xFFFF, 0x0000, 0x0000, 0x0000, 0x0000, 0x0000, 0xFFFF,
  0xFFFF, 0xFFFF, 0xFFFF, 0xFFFF, 0x0000, 0x0000, 0x0000, 0x0000, 0x0000, 0xFFFF,
  0xFFFF, 0xFFFF, 0xFFFF, 0xFFFF, 0xFFFF, 0xFFFF, 0xFFFF, 0xFFFF, 0xFFFF, 0xFFFF,
  0xFFFF, 0xFFFF, 0xFFFF, 0xFFFF, 0xFFFF, 0x0000, 0x0000, 0x0000, 0x0000, 0x0000,
  0x0000, 0x0000, 0x0000, 0x0000, 0x0000, 0x0000, 0x0000, 0x0000, 0x0000, 0x0000,
  0xFFFF, 0xFFFF, 0xFFFF, 0xFFFF, 0xFFFF, 0xFFFF, 0xFFFF, 0xFFFF, 0xFFFF, 0xFFFF,
  0xFFFF, 0xFFFF, 0xFFFF, 0xFFFF, 0xFFFF, 0xFFFF, 0x0000, 0x0000, 0x0000, 0x0000,
  0x0000, 0x0000, 0x0000, 0x0000, 0x0000, 0x0000, 0x0000, 0x0000, 0x0000, 0x0000,
  0x0000, 0xFFFF, 0xFFFF, 0xFFFF, 0xFFFF, 0xFFFF, 0xFFFF, 0xFFFF, 0xFFFF, 0xFFFF,
  0xFFFF, 0xFFFF, 0xFFFF, 0xFFFF, 0xFFFF, 0xFFFF, 0xFFFF, 0xFFFF, 0xFFFF, 0xFFFF,
  0xFFFF, 0xFFFF, 0xFFFF, 0xFFFF, 0xFFFF, 0xFFFF, 0xFFFF, 0xFFFF, 0xFFFF, 0xFFFF,
  0xFFFF, 0xFFFF, 0x0000, 0x0000, 0x0000, 0x0000, 0x0000, 0xFFFF, 0xFFFF, 0xFFFF,
  0xFFFF, 0xFFFF, 0xFFFF, 0xFFFF, 0xFFFF, 0xFFFF, 0xFFFF, 0xFFFF, 0xFFFF, 0xFFFF,
  0xFFFF, 0xFFFF, 0x0000, 0x0000, 0x0000, 0x0000, 0x0000, 0x0000, 0xFFFF, 0xFFFF,
  0xFFFF, 0xFFFF, 0xFFFF, 0x0000, 0x0000, 0x0000, 0x0000, 0x0000, 0xFFFF, 0xFFFF,
  0xFFFF, 0xFFFF, 0xFFFF, 0xFFFF, 0xFFFF, 0xFFFF, 0xFFFF, 0xFFFF, 0x0000, 0x0000,
  0x0000, 0x0000, 0x0000, 0xFFFF, 0xFFFF, 0xFFFF, 0xFFFF, 0xFFFF, 0xFFFF, 0xFFFF,
  0xFFFF, 0xFFFF, 0xFFFF, 0xFFFF, 0xFFFF, 0xFFFF, 0xFFFF, 0xFFFF, 0xFFFF, 0xFFFF,
  0xFFFF, 0xFFFF, 0xFFFF, 0xFFFF, 0x0000, 0x0000, 0x0000, 0x0000, 0x0000, 0xFFFF,
  0xFFFF, 0xFFFF, 0xFFFF, 0xFFFF, 0x0000, 0x0000, 0x0000, 0x0000, 0x0000, 0xFFFF,
  0xFFFF, 0xFFFF, 0xFFFF, 0xFFFF, 0xFFFF, 0xFFFF, 0xFFFF, 0xFFFF, 0xFFFF, 0xFFFF,
  0xFFFF, 0xFFFF, 0xFFFF, 0xFFFF, 0xFFFF, 0x0000, 0x0000, 0x0000, 0x0000, 0x0000,
  0x0000, 0x0000, 0x0000, 0x0000, 0x0000, 0x0000, 0x0000, 0x0000, 0x0000, 0x0000,
  0xFFFF, 0xFFFF, 0xFFFF, 0xFFFF, 0xFFFF, 0xFFFF, 0xFFFF, 0xFFFF, 0xFFFF, 0xFFFF,
  0xFFFF, 0xFFFF, 0xFFFF, 0xFFFF, 0xFFFF, 0xFFFF, 0x0000, 0x0000, 0x0000, 0x0000,
  0x0000, 0x0000, 0x0000, 0x0000, 0x0000, 0x0000, 0x0000, 0x0000, 0x0000, 0x0000,
  0x0000, 0xFFFF, 0xFFFF, 0xFFFF, 0xFFFF, 0xFFFF, 0xFFFF, 0xFFFF, 0xFFFF, 0xFFFF,
  0xFFFF, 0xFFFF, 0xFFFF, 0xFFFF, 0xFFFF, 0xFFFF, 0xFFFF, 0xFFFF, 0xFFFF, 0xFFFF,
  0xFFFF, 0xFFFF, 0xFFFF, 0xFFFF, 0xFFFF, 0xFFFF, 0xFFFF, 0xFFFF, 0xFFFF, 0xFFFF,
  0xFFFF, 0xFFFF, 0x0000, 0x0000, 0x0000, 0x0000, 0x0000, 0xFFFF, 0xFFFF, 0xFFFF,
  0xFFFF, 0xFFFF, 0xFFFF, 0xFFFF, 0xFFFF, 0xFFFF, 0xFFFF, 0xFFFF, 0xFFFF, 0xFFFF,
  0xFFFF, 0xFFFF, 0x0000, 0x0000, 0x0000, 0x0000, 0x0000, 0x0000, 0xFFFF, 0xFFFF,
  0xFFFF, 0xFFFF, 0xFFFF, 0x0000, 0x0000, 0x0000, 0x0000, 0x0000, 0xFFFF, 0xFFFF,
  0xFFFF, 0xFFFF, 0xFFFF, 0xFFFF, 0xFFFF, 0xFFFF, 0xFFFF, 0xFFFF, 0x0000, 0x0000,
  0x0000, 0x0000, 0x0000, 0xFFFF, 0xFFFF, 0xFFFF, 0xFFFF, 0xFFFF, 0xFFFF, 0xFFFF,
  0xFFFF, 0xFFFF, 0xFFFF, 0xFFFF, 0xFFFF, 0xFFFF, 0xFFFF, 0xFFFF, 0xFFFF, 0xFFFF,
  0xFFFF, 0xFFFF, 0xFFFF, 0xFFFF, 0x0000, 0x0000, 0x0000, 0x0000, 0x0000, 0xFFFF,
  0xFFFF, 0xFFFF, 0xFFFF, 0xFFFF, 0x0000, 0x0000, 0x0000, 0x0000, 0x0000, 0xFFFF,
  0xFFFF, 0xFFFF, 0xFFFF, 0xFFFF, 0xFFFF, 0xFFFF, 0xFFFF, 0xFFFF, 0xFFFF, 0xFFFF,
  0xFFFF, 0xFFFF, 0xFFFF, 0xFFFF, 0xFFFF, 0x0000, 0x0000, 0x0000, 0x0000, 0x0000,
  0x0000, 0x0000, 0x0000, 0x0000, 0x0000, 0x0000, 0x0000, 0x0000, 0x0000, 0x0000,
  0xFFFF, 0xFFFF, 0xFFFF, 0xFFFF, 0xFFFF, 0xFFFF, 0xFFFF, 0xFFFF, 0xFFFF, 0xFFFF,
  0xFFFF, 0xFFFF, 0xFFFF, 0xFFFF, 0xFFFF, 0xFFFF, 0xFFFF, 0xFFFF, 0xFFFF, 0xFFFF,
  0xFFFF, 0x0000, 0x0000, 0x0000, 0x0000, 0x0000, 0x0000, 0x0000, 0x0000, 0x0000,
  0x0000, 0xFFFF, 0xFFFF, 0xFFFF, 0xFFFF, 0xFFFF, 0x0000, 0x0000, 0x0000, 0x0000,
  0x0000, 0xFFFF, 0xFFFF, 0xFFFF, 0xFFFF, 0xFFFF, 0x0000, 0x0000, 0x0000, 0x0000,
  0x0000, 0x0000, 0x0000, 0x0000, 0x0000, 0x0000, 0x0000, 0x0000, 0x0000, 0x0000,
  0x0000, 0x0000, 0x0000, 0x0000, 0x0000, 0x0000, 0x0000, 0x0000, 0x0000, 0x0000,
  0x0000, 0x0000, 0x0000, 0x0000, 0x0000, 0x0000, 0x0000, 0xFFFF, 0xFFFF, 0xFFFF,
  0xFFFF, 0xFFFF, 0xFFFF, 0xFFFF, 0xFFFF, 0xFFFF, 0xFFFF, 0xFFFF, 0x0000, 0x0000,
  0x0000, 0x0000, 0x0000, 0x0000, 0x0000, 0x0000, 0x0000, 0x0000, 0xFFFF, 0xFFFF,
  0xFFFF, 0xFFFF, 0xFFFF, 0x0000, 0x0000, 0x0000, 0x0000, 0x0000, 0xFFFF, 0xFFFF,
  0xFFFF, 0xFFFF, 0xFFFF, 0xFFFF, 0xFFFF, 0xFFFF, 0xFFFF, 0xFFFF, 0x0000, 0x0000,
  0x0000, 0x0000, 0x0000, 0x0000, 0x0000, 0x0000, 0x0000, 0x0000, 0x0000, 0x0000,
  0x0000, 0x0000, 0x0000, 0x0000, 0x0000, 0x0000, 0x0000, 0x0000, 0x0000, 0xFFFF,
  0xFFFF, 0xFFFF, 0xFFFF, 0xFFFF, 0xFFFF, 0xFFFF, 0xFFFF, 0xFFFF, 0xFFFF, 0xFFFF,
  0xFFFF, 0xFFFF, 0xFFFF, 0xFFFF, 0x0000, 0x0000, 0x0000, 0x0000, 0x0000, 0x0000,
  0xFFFF, 0xFFFF, 0xFFFF, 0xFFFF, 0xFFFF, 0x0000, 0x0000, 0x0000, 0x0000, 0x0000,
  0xFFFF, 0xFFFF, 0xFFFF, 0xFFFF, 0xFFFF, 0xFFFF, 0xFFFF, 0xFFFF, 0xFFFF, 0xFFFF,
  0xFFFF, 0xFFFF, 0xFFFF, 0xFFFF, 0xFFFF, 0xFFFF, 0xFFFF, 0xFFFF, 0xFFFF, 0xFFFF,
  0xFFFF, 0xFFFF, 0xFFFF, 0xFFFF, 0xFFFF, 0xFFFF, 0xFFFF, 0xFFFF, 0xFFFF, 0xFFFF,
  0xFFFF, 0x0000, 0x0000, 0x0000, 0x0000, 0x0000, 0x0000, 0x0000, 0x0000, 0x0000,
  0x0000, 0xFFFF, 0xFFFF, 0xFFFF, 0xFFFF, 0xFFFF, 0x0000, 0x0000, 0x0000, 0x0000,
  0x0000, 0xFFFF, 0xFFFF, 0xFFFF, 0xFFFF, 0xFFFF, 0x0000, 0x0000, 0x0000, 0x0000,
  0x0000, 0x0000, 0x0000, 0x0000, 0x0000, 0x0000, 0x0000, 0x0000, 0x0000, 0x0000,
  0x0000, 0x0000, 0x0000, 0x0000, 0x0000, 0x0000, 0x0000, 0x0000, 0x0000, 0x0000,
  0x0000, 0x0000, 0x0000, 0x0000, 0x0000, 0x0000, 0x0000, 0xFFFF, 0xFFFF, 0xFFFF,
  0xFFFF, 0xFFFF, 0xFFFF, 0xFFFF, 0xFFFF, 0xFFFF, 0xFFFF, 0xFFFF, 0x0000, 0x0000,
  0x0000, 0x0000, 0x0000, 0x0000, 0x0000, 0x0000, 0x0000, 0x0000, 0xFFFF, 0xFFFF,
  0xFFFF, 0xFFFF, 0xFFFF, 0x0000, 0x0000, 0x0000, 0x0000, 0x0000, 0xFFFF, 0xFFFF,
  0xFFFF, 0xFFFF, 0xFFFF, 0xFFFF, 0xFFFF, 0xFFFF, 0xFFFF, 0xFFFF, 0x0000, 0x0000,
  0x0000, 0x0000, 0x0000, 0x0000, 0x0000, 0x0000, 0x0000, 0x0000, 0x0000, 0x0000,
  0x0000, 0x0000, 0x0000, 0x0000, 0x0000, 0x0000, 0x0000, 0x0000, 0x0000, 0xFFFF,
  0xFFFF, 0xFFFF, 0xFFFF, 0xFFFF, 0xFFFF, 0xFFFF, 0xFFFF, 0xFFFF, 0xFFFF, 0xFFFF,
  0xFFFF, 0xFFFF, 0xFFFF, 0xFFFF, 0x0000, 0x0000, 0x0000, 0x0000, 0x0000, 0x0000,
  0xFFFF, 0xFFFF, 0xFFFF, 0xFFFF, 0xFFFF, 0x0000, 0x0000, 0x0000, 0x0000, 0x0000,
  0xFFFF, 0xFFFF, 0xFFFF, 0xFFFF, 0xFFFF, 0xFFFF, 0xFFFF, 0xFFFF, 0xFFFF, 0xFFFF,
  0xFFFF, 0xFFFF, 0xFFFF, 0xFFFF, 0xFFFF, 0xFFFF, 0xFFFF, 0xFFFF, 0xFFFF, 0xFFFF,
  0xFFFF, 0xFFFF, 0xFFFF, 0xFFFF, 0xFFFF, 0xFFFF, 0xFFFF, 0xFFFF, 0xFFFF, 0xFFFF,
  0xFFFF, 0x0000, 0x0000, 0x0000, 0x0000, 0x0000, 0x0000, 0x0000, 0x0000, 0x0000,
  0x0000, 0xFFFF, 0xFFFF, 0xFFFF, 0xFFFF, 0xFFFF, 0x0000, 0x0000, 0x0000, 0x0000,
  0x0000, 0xFFFF, 0xFFFF, 0xFFFF, 0xFFFF, 0xFFFF, 0x0000, 0x0000, 0x0000, 0x0000,
  0x0000, 0x0000, 0x0000, 0x0000, 0x0000, 0x0000, 0x0000, 0x0000, 0x0000, 0x0000,
  0x0000, 0x0000, 0x0000, 0x0000, 0x0000, 0x0000, 0x0000, 0x0000, 0x0000, 0x0000,
  0x0000, 0x0000, 0x0000, 0x0000, 0x0000, 0x0000, 0x0000, 0xFFFF, 0xFFFF, 0xFFFF,
  0xFFFF, 0xFFFF, 0xFFFF, 0xFFFF, 0xFFFF, 0xFFFF, 0xFFFF, 0xFFFF, 0x0000, 0x0000,
  0x0000, 0x0000, 0x0000, 0x0000, 0x0000, 0x0000, 0x0000, 0x0000, 0xFFFF, 0xFFFF,
  0xFFFF, 0xFFFF, 0xFFFF, 0x0000, 0x0000, 0x0000, 0x0000, 0x0000, 0xFFFF, 0xFFFF,
  0xFFFF, 0xFFFF, 0xFFFF, 0xFFFF, 0xFFFF, 0xFFFF, 0xFFFF, 0xFFFF, 0x0000, 0x0000,
  0x0000, 0x0000, 0x0000, 0x0000, 0x0000, 0x0000, 0x0000, 0x0000, 0x0000, 0x0000,
  0x0000, 0x0000, 0x0000, 0x0000, 0x0000, 0x0000, 0x0000, 0x0000, 0x0000, 0xFFFF,
  0xFFFF, 0xFFFF, 0xFFFF, 0xFFFF, 0xFFFF, 0xFFFF, 0xFFFF, 0xFFFF, 0xFFFF, 0xFFFF,
  0xFFFF, 0xFFFF, 0xFFFF, 0xFFFF, 0x0000, 0x0000, 0x0000, 0x0000, 0x0000, 0x0000,
  0xFFFF, 0xFFFF, 0xFFFF, 0xFFFF, 0xFFFF, 0x0000, 0x0000, 0x0000, 0x0000, 0x0000,
  0xFFFF, 0xFFFF, 0xFFFF, 0xFFFF, 0xFFFF, 0xFFFF, 0xFFFF, 0xFFFF, 0xFFFF, 0xFFFF,
  0xFFFF, 0xFFFF, 0xFFFF, 0xFFFF, 0xFFFF, 0xFFFF, 0xFFFF, 0xFFFF, 0xFFFF, 0xFFFF,
  0xFFFF, 0xFFFF, 0xFFFF, 0xFFFF, 0xFFFF, 0xFFFF, 0xFFFF, 0xFFFF, 0xFFFF, 0xFFFF,
  0xFFFF, 0x0000, 0x0000, 0x0000, 0x0000, 0x0000, 0x0000, 0x0000, 0x0000, 0x0000,
  0x0000, 0xFFFF, 0xFFFF, 0xFFFF, 0xFFFF, 0xFFFF, 0x0000, 0x0000, 0x0000, 0x0000,
  0x0000, 0xFFFF, 0xFFFF, 0xFFFF, 0xFFFF, 0xFFFF, 0x0000, 0x0000, 0x0000, 0x0000,
  0x0000, 0x0000, 0x0000, 0x0000, 0x0000, 0x0000, 0x0000, 0x0000, 0x0000, 0x0000,
  0x0000, 0x0000, 0x0000, 0x0000, 0x0000, 0x0000, 0x0000, 0x0000, 0x0000, 0x0000,
  0x0000, 0x0000, 0x0000, 0x0000, 0x0000, 0x0000, 0x0000, 0xFFFF, 0xFFFF, 0xFFFF,
  0xFFFF, 0xFFFF, 0xFFFF, 0xFFFF, 0xFFFF, 0xFFFF, 0xFFFF, 0xFFFF, 0x0000, 0x0000,
  0x0000, 0x0000, 0x0000, 0x0000, 0x0000, 0x0000, 0x0000, 0x0000, 0xFFFF, 0xFFFF,
  0xFFFF, 0xFFFF, 0xFFFF, 0x0000, 0x0000, 0x0000, 0x0000, 0x0000, 0xFFFF, 0xFFFF,
  0xFFFF, 0xFFFF, 0xFFFF, 0xFFFF, 0xFFFF, 0xFFFF, 0xFFFF, 0xFFFF, 0x0000, 0x0000,
  0x0000, 0x0000, 0x0000, 0x0000, 0x0000, 0x0000, 0x0000, 0x0000, 0x0000, 0x0000,
  0x0000, 0x0000, 0x0000, 0x0000, 0x0000, 0x0000, 0x0000, 0x0000, 0x0000, 0xFFFF,
  0xFFFF, 0xFFFF, 0xFFFF, 0xFFFF, 0xFFFF, 0xFFFF, 0xFFFF, 0xFFFF, 0xFFFF, 0xFFFF,
  0xFFFF, 0xFFFF, 0xFFFF, 0xFFFF, 0x0000, 0x0000, 0x0000, 0x0000, 0x0000, 0x0000,
  0xFFFF, 0xFFFF, 0xFFFF, 0xFFFF, 0xFFFF, 0x0000, 0x0000, 0x0000, 0x0000, 0x0000,
  0xFFFF, 0xFFFF, 0xFFFF, 0xFFFF, 0xFFFF, 0xFFFF, 0xFFFF, 0xFFFF, 0xFFFF, 0xFFFF,
  0xFFFF, 0xFFFF, 0xFFFF, 0xFFFF, 0xFFFF, 0xFFFF, 0xFFFF, 0xFFFF, 0xFFFF, 0xFFFF,
  0xFFFF, 0xFFFF, 0xFFFF, 0xFFFF, 0xFFFF, 0xFFFF, 0xFFFF, 0xFFFF, 0xFFFF, 0xFFFF,
  0xFFFF, 0x0000, 0x0000, 0x0000, 0x0000, 0x0000, 0x0000, 0x0000, 0x0000, 0x0000,
  0x0000, 0xFFFF, 0xFFFF, 0xFFFF, 0xFFFF, 0xFFFF, 0x0000, 0x0000, 0x0000, 0x0000,
  0x0000, 0xFFFF, 0xFFFF, 0xFFFF, 0xFFFF, 0xFFFF, 0x0000, 0x0000, 0x0000, 0x0000,
  0x0000, 0x0000, 0x0000, 0x0000, 0x0000, 0x0000, 0x0000, 0x0000, 0x0000, 0x0000,
  0x0000, 0x0000, 0x0000, 0x0000, 0x0000, 0x0000, 0x0000, 0x0000, 0x0000, 0x0000,
  0x0000, 0x0000, 0x0000, 0x0000, 0x0000, 0x0000, 0x0000, 0xFFFF, 0xFFFF, 0xFFFF,
  0xFFFF, 0xFFFF, 0xFFFF, 0xFFFF, 0xFFFF, 0xFFFF, 0xFFFF, 0xFFFF, 0x0000, 0x0000,
  0x0000, 0x0000, 0x0000, 0x0000, 0x0000, 0x0000, 0x0000, 0x0000, 0xFFFF, 0xFFFF,
  0xFFFF, 0xFFFF, 0xFFFF, 0x0000, 0x0000, 0x0000, 0x0000, 0x0000, 0xFFFF, 0xFFFF,
  0xFFFF, 0xFFFF, 0xFFFF, 0xFFFF, 0xFFFF, 0xFFFF, 0xFFFF, 0xFFFF, 0x0000, 0x0000,
  0x0000, 0x0000, 0x0000, 0x0000, 0x0000, 0x0000, 0x0000, 0x0000, 0x0000, 0x0000,
  0x0000, 0x0000, 0x0000, 0x0000, 0x0000, 0x0000, 0x0000, 0x0000, 0x0000, 0xFFFF,
  0xFFFF, 0xFFFF, 0xFFFF, 0xFFFF, 0xFFFF, 0xFFFF, 0xFFFF, 0xFFFF, 0xFFFF, 0xFFFF,
  0xFFFF, 0xFFFF, 0xFFFF, 0xFFFF, 0x0000, 0x0000, 0x0000, 0x0000, 0x0000, 0x0000,
  0xFFFF, 0xFFFF, 0xFFFF, 0xFFFF, 0xFFFF, 0x0000, 0x0000, 0x0000, 0x0000, 0x0000,
  0xFFFF, 0xFFFF, 0xFFFF, 0xFFFF, 0xFFFF, 0xFFFF, 0xFFFF, 0xFFFF, 0xFFFF, 0xFFFF,
  0xFFFF, 0xFFFF, 0xFFFF, 0xFFFF, 0xFFFF, 0xFFFF, 0xFFFF, 0xFFFF, 0xFFFF, 0xFFFF,
  0xFFFF, 0xFFFF, 0xFFFF, 0xFFFF, 0xFFFF, 0xFFFF, 0x0000, 0x0000, 0x0000, 0x0000,
  0x0000, 0x0000, 0x0000, 0x0000, 0x0000, 0x0000, 0xFFFF, 0xFFFF, 0xFFFF, 0xFFFF,
  0xFFFF, 0x0000, 0x0000, 0x0000, 0x0000, 0x0000, 0xFFFF, 0xFFFF, 0xFFFF, 0xFFFF,
  0xFFFF, 0xFFFF, 0xFFFF, 0xFFFF, 0xFFFF, 0xFFFF, 0xFFFF, 0xFFFF, 0xFFFF, 0xFFFF,
  0xFFFF, 0xFFFF, 0x0000, 0x0000, 0x0000, 0x0000, 0x0000, 0x0000, 0x0000, 0x0000,
  0x0000, 0x0000, 0xFFFF, 0xFFFF, 0xFFFF, 0xFFFF, 0xFFFF, 0xFFFF, 0xFFFF, 0xFFFF,
  0xFFFF, 0xFFFF, 0xFFFF, 0xFFFF, 0xFFFF, 0xFFFF, 0xFFFF, 0xFFFF, 0xFFFF, 0xFFFF,
  0xFFFF, 0xFFFF, 0xFFFF, 0xFFFF, 0xFFFF, 0xFFFF, 0xFFFF, 0xFFFF, 0x0000, 0x0000,
  0x0000, 0x0000, 0x0000, 0x0000, 0x0000, 0x0000, 0x0000, 0x0000, 0xFFFF, 0xFFFF,
  0xFFFF, 0xFFFF, 0xFFFF, 0x0000, 0x0000, 0x0000, 0x0000, 0x0000, 0x0000, 0x0000,
  0x0000, 0x0000, 0x0000, 0x0000, 0x0000, 0x0000, 0x0000, 0x0000, 0x0000, 0x0000,
  0x0000, 0x0000, 0x0000, 0x0000, 0x0000, 0x0000, 0x0000, 0x0000, 0x0000, 0xFFFF,
  0xFFFF, 0xFFFF, 0xFFFF, 0xFFFF, 0x0000, 0x0000, 0x0000, 0x0000, 0x0000, 0x0000,
  0x0000, 0x0000, 0x0000, 0x0000, 0xFFFF, 0xFFFF, 0xFFFF, 0xFFFF, 0xFFFF, 0x0000,
  0x0000, 0x0000, 0x0000, 0x0000, 0x0000, 0x0000, 0x0000, 0x0000, 0x0000, 0x0000,
  0xFFFF, 0xFFFF, 0xFFFF, 0xFFFF, 0xFFFF, 0xFFFF, 0xFFFF, 0xFFFF, 0xFFFF, 0xFFFF,
  0xFFFF, 0xFFFF, 0xFFFF, 0xFFFF, 0xFFFF, 0xFFFF, 0xFFFF, 0xFFFF, 0xFFFF, 0xFFFF,
  0xFFFF, 0xFFFF, 0xFFFF, 0xFFFF, 0xFFFF, 0xFFFF, 0xFFFF, 0xFFFF, 0xFFFF, 0xFFFF,
  0xFFFF, 0xFFFF, 0xFFFF, 0xFFFF, 0xFFFF, 0xFFFF, 0x0000, 0x0000, 0x0000, 0x0000,
  0x0000, 0x0000, 0x0000, 0x0000, 0x0000, 0x0000, 0xFFFF, 0xFFFF, 0xFFFF, 0xFFFF,
  0xFFFF, 0x0000, 0x0000, 0x0000, 0x0000, 0x0000, 0xFFFF, 0xFFFF, 0xFFFF, 0xFFFF,
  0xFFFF, 0xFFFF, 0xFFFF, 0xFFFF, 0xFFFF, 0xFFFF, 0xFFFF, 0xFFFF, 0xFFFF, 0xFFFF,
  0xFFFF, 0xFFFF, 0x0000, 0x0000, 0x0000, 0x0000, 0x0000, 0x0000, 0x0000, 0x0000,
  0x0000, 0x0000, 0xFFFF, 0xFFFF, 0xFFFF, 0xFFFF, 0xFFFF, 0xFFFF, 0xFFFF, 0xFFFF,
  0xFFFF, 0xFFFF, 0xFFFF, 0xFFFF, 0xFFFF, 0xFFFF, 0xFFFF, 0xFFFF, 0xFFFF, 0xFFFF,
  0xFFFF, 0xFFFF, 0xFFFF, 0xFFFF, 0xFFFF, 0xFFFF, 0xFFFF, 0xFFFF, 0x0000, 0x0000,
  0x0000, 0x0000, 0x0000, 0x0000, 0x0000, 0x0000, 0x0000, 0x0000, 0xFFFF, 0xFFFF,
  0xFFFF, 0xFFFF, 0xFFFF, 0x0000, 0x0000, 0x0000, 0x0000, 0x0000, 0x0000, 0x0000,
  0x0000, 0x0000, 0x0000, 0x0000, 0x0000, 0x0000, 0x0000, 0x0000, 0x0000, 0x0000,
  0x0000, 0x0000, 0x0000, 0x0000, 0x0000, 0x0000, 0x0000, 0x0000, 0x0000, 0xFFFF,
  0xFFFF, 0xFFFF, 0xFFFF, 0xFFFF, 0x0000, 0x0000, 0x0000, 0x0000, 0x0000, 0x0000,
  0x0000, 0x0000, 0x0000, 0x0000, 0xFFFF, 0xFFFF, 0xFFFF, 0xFFFF, 0xFFFF, 0x0000,
  0x0000, 0x0000, 0x0000, 0x0000, 0x0000, 0x0000, 0x0000, 0x0000, 0x0000, 0x0000,
  0xFFFF, 0xFFFF, 0xFFFF, 0xFFFF, 0xFFFF, 0xFFFF, 0xFFFF, 0xFFFF, 0xFFFF, 0xFFFF,
  0xFFFF, 0xFFFF, 0xFFFF, 0xFFFF, 0xFFFF, 0xFFFF, 0xFFFF, 0xFFFF, 0xFFFF, 0xFFFF,
  0xFFFF, 0xFFFF, 0xFFFF, 0xFFFF, 0xFFFF, 0xFFFF, 0xFFFF, 0xFFFF, 0xFFFF, 0xFFFF,
  0xFFFF, 0xFFFF, 0xFFFF, 0xFFFF, 0xFFFF, 0xFFFF, 0x0000, 0x0000, 0x0000, 0x0000,
  0x0000, 0x0000, 0x0000, 0x0000, 0x0000, 0x0000, 0xFFFF, 0xFFFF, 0xFFFF, 0xFFFF,
  0xFFFF, 0x0000, 0x0000, 0x0000, 0x0000, 0x0000, 0xFFFF, 0xFFFF, 0xFFFF, 0xFFFF,
  0xFFFF, 0xFFFF, 0xFFFF, 0xFFFF, 0xFFFF, 0xFFFF, 0xFFFF, 0xFFFF, 0xFFFF, 0xFFFF,
  0xFFFF, 0xFFFF, 0x0000, 0x0000, 0x0000, 0x0000, 0x0000, 0x0000, 0x0000, 0x0000,
  0x0000, 0x0000, 0xFFFF, 0xFFFF, 0xFFFF, 0xFFFF, 0xFFFF, 0xFFFF, 0xFFFF, 0xFFFF,
  0xFFFF, 0xFFFF, 0xFFFF, 0xFFFF, 0xFFFF, 0xFFFF, 0xFFFF, 0xFFFF, 0xFFFF, 0xFFFF,
  0xFFFF, 0xFFFF, 0xFFFF, 0xFFFF, 0xFFFF, 0xFFFF, 0xFFFF, 0xFFFF, 0x0000, 0x0000,
  0x0000, 0x0000, 0x0000, 0x0000, 0x0000, 0x0000, 0x0000, 0x0000, 0xFFFF, 0xFFFF,
  0xFFFF, 0xFFFF, 0xFFFF, 0x0000, 0x0000, 0x0000, 0x0000, 0x0000, 0x0000, 0x0000,
  0x0000, 0x0000, 0x0000, 0x0000, 0x0000, 0x0000, 0x0000, 0x0000, 0x0000, 0x0000,
  0x0000, 0x0000, 0x0000, 0x0000, 0x0000, 0x0000, 0x0000, 0x0000, 0x0000, 0xFFFF,
  0xFFFF, 0xFFFF, 0xFFFF, 0xFFFF, 0x0000, 0x0000, 0x0000, 0x0000, 0x0000, 0x0000,
  0x0000, 0x0000, 0x0000, 0x0000, 0xFFFF, 0xFFFF, 0xFFFF, 0xFFFF, 0xFFFF, 0x0000,
  0x0000, 0x0000, 0x0000, 0x0000, 0x0000, 0x0000, 0x0000, 0x0000, 0x0000, 0x0000,
  0xFFFF, 0xFFFF, 0xFFFF, 0xFFFF, 0xFFFF, 0xFFFF, 0xFFFF, 0xFFFF, 0xFFFF, 0xFFFF,
  0xFFFF, 0xFFFF, 0xFFFF, 0xFFFF, 0xFFFF, 0xFFFF, 0xFFFF, 0xFFFF, 0xFFFF, 0xFFFF,
  0xFFFF, 0xFFFF, 0xFFFF, 0xFFFF, 0xFFFF, 0xFFFF, 0xFFFF, 0xFFFF, 0xFFFF, 0xFFFF,
  0xFFFF, 0xFFFF, 0xFFFF, 0xFFFF, 0xFFFF, 0xFFFF, 0x0000, 0x0000, 0x0000, 0x0000,
  0x0000, 0x0000, 0x0000, 0x0000, 0x0000, 0x0000, 0xFFFF, 0xFFFF, 0xFFFF, 0xFFFF,
  0xFFFF, 0x0000, 0x0000, 0x0000, 0x0000, 0x0000, 0xFFFF, 0xFFFF, 0xFFFF, 0xFFFF,
  0xFFFF, 0xFFFF, 0xFFFF, 0xFFFF, 0xFFFF, 0xFFFF, 0xFFFF, 0xFFFF, 0xFFFF, 0xFFFF,
  0xFFFF, 0xFFFF, 0x0000, 0x0000, 0x0000, 0x0000, 0x0000, 0x0000, 0x0000, 0x0000,
  0x0000, 0x0000, 0xFFFF, 0xFFFF, 0xFFFF, 0xFFFF, 0xFFFF, 0xFFFF, 0xFFFF, 0xFFFF,
  0xFFFF, 0xFFFF, 0xFFFF, 0xFFFF, 0xFFFF, 0xFFFF, 0xFFFF, 0xFFFF, 0xFFFF, 0xFFFF,
  0xFFFF, 0xFFFF, 0xFFFF, 0xFFFF, 0xFFFF, 0xFFFF, 0xFFFF, 0xFFFF, 0x0000, 0x0000,
  0x0000, 0x0000, 0x0000, 0x0000, 0x0000, 0x0000, 0x0000, 0x0000, 0xFFFF, 0xFFFF,
  0xFFFF, 0xFFFF, 0xFFFF, 0x0000, 0x0000, 0x0000, 0x0000, 0x0000, 0x0000, 0x0000,
  0x0000, 0x0000, 0x0000, 0x0000, 0x0000, 0x0000, 0x0000, 0x0000, 0x0000, 0x0000,
  0x0000, 0x0000, 0x0000, 0x0000, 0x0000, 0x0000, 0x0000, 0x0000, 0x0000, 0xFFFF,
  0xFFFF, 0xFFFF, 0xFFFF, 0xFFFF, 0x0000, 0x0000, 0x0000, 0x0000, 0x0000, 0x0000,
  0x0000, 0x0000, 0x0000, 0x0000, 0xFFFF, 0xFFFF, 0xFFFF, 0xFFFF, 0xFFFF, 0x0000,
  0x0000, 0x0000, 0x0000, 0x0000, 0x0000, 0x0000, 0x0000, 0x0000, 0x0000, 0x0000,
  0xFFFF, 0xFFFF, 0xFFFF, 0xFFFF, 0xFFFF, 0xFFFF, 0xFFFF, 0xFFFF, 0xFFFF, 0xFFFF,
  0xFFFF, 0xFFFF, 0xFFFF, 0xFFFF, 0xFFFF, 0xFFFF, 0xFFFF, 0xFFFF, 0xFFFF, 0xFFFF,
  0xFFFF, 0xFFFF, 0xFFFF, 0xFFFF, 0xFFFF, 0xFFFF, 0xFFFF, 0xFFFF, 0xFFFF, 0xFFFF,
  0xFFFF, 0xFFFF, 0xFFFF, 0xFFFF, 0xFFFF, 0xFFFF, 0x0000, 0x0000, 0x0000, 0x0000,
  0x0000, 0x0000, 0x0000, 0x0000, 0x0000, 0x0000, 0xFFFF, 0xFFFF, 0xFFFF, 0xFFFF,
  0xFFFF, 0x0000, 0x0000, 0x0000, 0x0000, 0x0000, 0xFFFF, 0xFFFF, 0xFFFF, 0xFFFF,
  0xFFFF, 0xFFFF, 0xFFFF, 0xFFFF, 0xFFFF, 0xFFFF, 0xFFFF, 0xFFFF, 0xFFFF, 0xFFFF,
  0xFFFF, 0xFFFF, 0x0000, 0x0000, 0x0000, 0x0000, 0x0000, 0x0000, 0x0000, 0x0000,
  0x0000, 0x0000, 0xFFFF, 0xFFFF, 0xFFFF, 0xFFFF, 0xFFFF, 0xFFFF, 0xFFFF, 0xFFFF,
  0xFFFF, 0xFFFF, 0xFFFF, 0xFFFF, 0xFFFF, 0xFFFF, 0xFFFF, 0xFFFF, 0xFFFF, 0xFFFF,
  0xFFFF, 0xFFFF, 0xFFFF, 0xFFFF, 0xFFFF, 0xFFFF, 0xFFFF, 0xFFFF, 0x0000, 0x0000,
  0x0000, 0x0000, 0x0000, 0x0000, 0x0000, 0x0000, 0x0000, 0x0000, 0xFFFF, 0xFFFF,
  0xFFFF, 0xFFFF, 0xFFFF, 0x0000, 0x0000, 0x0000, 0x0000, 0x0000, 0x0000, 0x0000,
  0x0000, 0x0000, 0x0000, 0x0000, 0x0000, 0x0000, 0x0000, 0x0000, 0x0000, 0x0000,
  0x0000, 0x0000, 0x0000, 0x0000, 0x0000, 0x0000, 0x0000, 0x0000, 0x0000, 0xFFFF,
  0xFFFF, 0xFFFF, 0xFFFF, 0xFFFF, 0x0000, 0x0000, 0x0000, 0x0000, 0x0000, 0x0000,
  0x0000, 0x0000, 0x0000, 0x0000, 0xFFFF, 0xFFFF, 0xFFFF, 0xFFFF, 0xFFFF, 0x0000,
  0x0000, 0x0000, 0x0000, 0x0000, 0x0000, 0x0000, 0x0000, 0x0000, 0x0000, 0x0000,
  0xFFFF, 0xFFFF, 0xFFFF, 0xFFFF, 0xFFFF, 0xFFFF, 0xFFFF, 0xFFFF, 0xFFFF, 0xFFFF,
  0xFFFF, 0xFFFF, 0xFFFF, 0xFFFF, 0xFFFF, 0xFFFF, 0xFFFF, 0xFFFF, 0xFFFF, 0xFFFF,
  0xFFFF, 0xFFFF, 0xFFFF, 0xFFFF, 0xFFFF, 0xFFFF, 0xFFFF, 0xFFFF, 0xFFFF, 0xFFFF,
  0xFFFF, 0xFFFF, 0xFFFF, 0xFFFF, 0xFFFF, 0xFFFF, 0x0000, 0x0000, 0x0000, 0x0000,
  0x0000, 0x0000, 0x0000, 0x0000, 0x0000, 0x0000, 0xFFFF, 0xFFFF, 0xFFFF, 0xFFFF,
  0xFFFF, 0xFFFF, 0xFFFF, 0xFFFF, 0xFFFF, 0xFFFF, 0xFFFF, 0xFFFF, 0xFFFF, 0xFFFF,
  0xFFFF, 0x0000, 0x0000, 0x0000, 0x0000, 0x0000, 0x0000, 0x0000, 0x0000, 0x0000,
  0x0000, 0x0000, 0xFFFF, 0xFFFF, 0xFFFF, 0xFFFF, 0xFFFF, 0xFFFF, 0xFFFF, 0xFFFF,
  0xFFFF, 0xFFFF, 0x0000, 0x0000, 0x0000, 0x0000, 0x0000, 0xFFFF, 0xFFFF, 0xFFFF,
  0xFFFF, 0xFFFF, 0xFFFF, 0xFFFF, 0xFFFF, 0xFFFF, 0xFFFF, 0x0000, 0x0000, 0x0000,
  0x0000, 0x0000, 0x0000, 0x0000, 0x0000, 0x0000, 0x0000, 0x0000, 0x0000, 0x0000,
  0x0000, 0x0000, 0x0000, 0xFFFF, 0xFFFF, 0xFFFF, 0xFFFF, 0xFFFF, 0xFFFF, 0xFFFF,
  0xFFFF, 0xFFFF, 0xFFFF, 0xFFFF, 0xFFFF, 0xFFFF, 0xFFFF, 0xFFFF, 0x0000, 0x0000,
  0x0000, 0x0000, 0x0000, 0xFFFF, 0xFFFF, 0xFFFF, 0xFFFF, 0xFFFF, 0x0000, 0x0000,
  0x0000, 0x0000, 0x0000, 0x0000, 0xFFFF, 0xFFFF, 0xFFFF, 0xFFFF, 0xFFFF, 0xFFFF,
  0xFFFF, 0xFFFF, 0xFFFF, 0xFFFF, 0xFFFF, 0xFFFF, 0xFFFF, 0xFFFF, 0xFFFF, 0x0000,
  0x0000, 0x0000, 0x0000, 0x0000, 0xFFFF, 0xFFFF, 0xFFFF, 0xFFFF, 0xFFFF, 0x0000,
  0x0000, 0x0000, 0x0000, 0x0000, 0xFFFF, 0xFFFF, 0xFFFF, 0xFFFF, 0xFFFF, 0xFFFF,
  0x0000, 0x0000, 0x0000, 0x0000, 0x0000, 0x0000, 0x0000, 0x0000, 0x0000, 0x0000,
  0xFFFF, 0xFFFF, 0xFFFF, 0xFFFF, 0xFFFF, 0xFFFF, 0xFFFF, 0xFFFF, 0xFFFF, 0xFFFF,
  0x0000, 0x0000, 0x0000, 0x0000, 0x0000, 0xFFFF, 0xFFFF, 0xFFFF, 0xFFFF, 0xFFFF,
  0xFFFF, 0xFFFF, 0xFFFF, 0xFFFF, 0xFFFF, 0xFFFF, 0x0000, 0x0000, 0x0000, 0x0000,
  0x0000, 0x0000, 0x0000, 0x0000, 0x0000, 0x0000, 0xFFFF, 0xFFFF, 0xFFFF, 0xFFFF,
  0xFFFF, 0xFFFF, 0xFFFF, 0xFFFF, 0xFFFF, 0xFFFF, 0xFFFF, 0xFFFF, 0xFFFF, 0xFFFF,
  0xFFFF, 0x0000, 0x0000, 0x0000, 0x0000, 0x0000, 0x0000, 0x0000, 0x0000, 0x0000,
  0x0000, 0x0000, 0xFFFF, 0xFFFF, 0xFFFF, 0xFFFF, 0xFFFF, 0xFFFF, 0xFFFF, 0xFFFF,
  0xFFFF, 0xFFFF, 0x0000, 0x0000, 0x0000, 0x0000, 0x0000, 0xFFFF, 0xFFFF, 0xFFFF,
  0xFFFF, 0xFFFF, 0xFFFF, 0xFFFF, 0xFFFF, 0xFFFF, 0xFFFF, 0x0000, 0x0000, 0x0000,
  0x0000, 0x0000, 0x0000, 0x0000, 0x0000, 0x0000, 0x0000, 0x0000, 0x0000, 0x0000,
  0x0000, 0x0000, 0x0000, 0xFFFF, 0xFFFF, 0xFFFF, 0xFFFF, 0xFFFF, 0xFFFF, 0xFFFF,
  0xFFFF, 0xFFFF, 0xFFFF, 0xFFFF, 0xFFFF, 0xFFFF, 0xFFFF, 0xFFFF, 0x0000, 0x0000,
  0x0000, 0x0000, 0x0000, 0xFFFF, 0xFFFF, 0xFFFF, 0xFFFF, 0xFFFF, 0x0000, 0x0000,
  0x0000, 0x0000, 0x0000, 0x0000, 0xFFFF, 0xFFFF, 0xFFFF, 0xFFFF, 0xFFFF, 0xFFFF,
  0xFFFF, 0xFFFF, 0xFFFF, 0xFFFF, 0xFFFF, 0xFFFF, 0xFFFF, 0xFFFF, 0xFFFF, 0x0000,
  0x0000, 0x0000, 0x0000, 0x0000, 0xFFFF, 0xFFFF, 0xFFFF, 0xFFFF, 0xFFFF, 0x0000,
  0x0000, 0x0000, 0x0000, 0x0000, 0xFFFF, 0xFFFF, 0xFFFF, 0xFFFF, 0xFFFF, 0xFFFF,
  0x0000, 0x0000, 0x0000, 0x0000, 0x0000, 0x0000, 0x0000, 0x0000, 0x0000, 0x0000,
  0xFFFF, 0xFFFF, 0xFFFF, 0xFFFF, 0xFFFF, 0xFFFF, 0xFFFF, 0xFFFF, 0xFFFF, 0xFFFF,
  0x0000, 0x0000, 0x0000, 0x0000, 0x0000, 0xFFFF, 0xFFFF, 0xFFFF, 0xFFFF, 0xFFFF,
  0xFFFF, 0xFFFF, 0xFFFF, 0xFFFF, 0xFFFF, 0xFFFF, 0x0000, 0x0000, 0x0000, 0x0000,
  0x0000, 0x0000, 0x0000, 0x0000, 0x0000, 0x0000, 0xFFFF, 0xFFFF, 0xFFFF, 0xFFFF,
  0xFFFF, 0xFFFF, 0xFFFF, 0xFFFF, 0xFFFF, 0xFFFF, 0xFFFF, 0xFFFF, 0xFFFF, 0xFFFF,
  0xFFFF, 0x0000, 0x0000, 0x0000, 0x0000, 0x0000, 0x0000, 0x0000, 0x0000, 0x0000,
  0x0000, 0x0000, 0xFFFF, 0xFFFF, 0xFFFF, 0xFFFF, 0xFFFF, 0xFFFF, 0xFFFF, 0xFFFF,
  0xFFFF, 0xFFFF, 0x0000, 0x0000, 0x0000, 0x0000, 0x0000, 0xFFFF, 0xFFFF, 0xFFFF,
  0xFFFF, 0xFFFF, 0xFFFF, 0xFFFF, 0xFFFF, 0xFFFF, 0xFFFF, 0x0000, 0x0000, 0x0000,
  0x0000, 0x0000, 0x0000, 0x0000, 0x0000, 0x0000, 0x0000, 0x0000, 0x0000, 0x0000,
  0x0000, 0x0000, 0x0000, 0xFFFF, 0xFFFF, 0xFFFF, 0xFFFF, 0xFFFF, 0xFFFF, 0xFFFF,
  0xFFFF, 0xFFFF, 0xFFFF, 0xFFFF, 0xFFFF, 0xFFFF, 0xFFFF, 0xFFFF, 0x0000, 0x0000,
  0x0000, 0x0000, 0x0000, 0xFFFF, 0xFFFF, 0xFFFF, 0xFFFF, 0xFFFF, 0x0000, 0x0000,
  0x0000, 0x0000, 0x0000, 0x0000, 0xFFFF, 0xFFFF, 0xFFFF, 0xFFFF, 0xFFFF, 0xFFFF,
  0xFFFF, 0xFFFF, 0xFFFF, 0xFFFF, 0xFFFF, 0xFFFF, 0xFFFF, 0xFFFF, 0xFFFF, 0x0000,
  0x0000, 0x0000, 0x0000, 0x0000, 0xFFFF, 0xFFFF, 0xFFFF, 0xFFFF, 0xFFFF, 0x0000,
  0x0000, 0x0000, 0x0000, 0x0000, 0xFFFF, 0xFFFF, 0xFFFF, 0xFFFF, 0xFFFF, 0xFFFF,
  0x0000, 0x0000, 0x0000, 0x0000, 0x0000, 0x0000, 0x0000, 0x0000, 0x0000, 0x0000,
  0xFFFF, 0xFFFF, 0xFFFF, 0xFFFF, 0xFFFF, 0xFFFF, 0xFFFF, 0xFFFF, 0xFFFF, 0xFFFF,
  0x0000, 0x0000, 0x0000, 0x0000, 0x0000, 0xFFFF, 0xFFFF, 0xFFFF, 0xFFFF, 0xFFFF,
  0xFFFF, 0xFFFF, 0xFFFF, 0xFFFF, 0xFFFF, 0xFFFF, 0x0000, 0x0000, 0x0000, 0x0000,
  0x0000, 0x0000, 0x0000, 0x0000, 0x0000, 0x0000, 0xFFFF, 0xFFFF, 0xFFFF, 0xFFFF,
  0xFFFF, 0xFFFF, 0xFFFF, 0xFFFF, 0xFFFF, 0xFFFF, 0xFFFF, 0xFFFF, 0xFFFF, 0xFFFF,
  0xFFFF, 0x0000, 0x0000, 0x0000, 0x0000, 0x0000, 0x0000, 0x0000, 0x0000, 0x0000,
  0x0000, 0x0000, 0xFFFF, 0xFFFF, 0xFFFF, 0xFFFF, 0xFFFF, 0xFFFF, 0xFFFF, 0xFFFF,
  0xFFFF, 0xFFFF, 0x0000, 0x0000, 0x0000, 0x0000, 0x0000, 0xFFFF, 0xFFFF, 0xFFFF,
  0xFFFF, 0xFFFF, 0xFFFF, 0xFFFF, 0xFFFF, 0xFFFF, 0xFFFF, 0x0000, 0x0000, 0x0000,
  0x0000, 0x0000, 0x0000, 0x0000, 0x0000, 0x0000, 0x0000, 0x0000, 0x0000, 0x0000,
  0x0000, 0x0000, 0x0000, 0xFFFF, 0xFFFF, 0xFFFF, 0xFFFF, 0xFFFF, 0xFFFF, 0xFFFF,
  0xFFFF, 0xFFFF, 0xFFFF, 0xFFFF, 0xFFFF, 0xFFFF, 0xFFFF, 0xFFFF, 0x0000, 0x0000,
  0x0000, 0x0000, 0x0000, 0xFFFF, 0xFFFF, 0xFFFF, 0xFFFF, 0xFFFF, 0x0000, 0x0000,
  0x0000, 0x0000, 0x0000, 0x0000, 0xFFFF, 0xFFFF, 0xFFFF, 0xFFFF, 0xFFFF, 0xFFFF,
  0xFFFF, 0xFFFF, 0xFFFF, 0xFFFF, 0xFFFF, 0xFFFF, 0xFFFF, 0xFFFF, 0xFFFF, 0x0000,
  0x0000, 0x0000, 0x0000, 0x0000, 0xFFFF, 0xFFFF, 0xFFFF, 0xFFFF, 0xFFFF, 0x0000,
  0x0000, 0x0000, 0x0000, 0x0000, 0xFFFF, 0xFFFF, 0xFFFF, 0xFFFF, 0xFFFF, 0xFFFF,
  0x0000, 0x0000, 0x0000, 0x0000, 0x0000, 0x0000, 0x0000, 0x0000, 0x0000, 0x0000,
  0xFFFF, 0xFFFF, 0xFFFF, 0xFFFF, 0xFFFF, 0xFFFF, 0xFFFF, 0xFFFF, 0xFFFF, 0xFFFF,
  0x0000, 0x0000, 0x0000, 0x0000, 0x0000, 0xFFFF, 0xFFFF, 0xFFFF, 0xFFFF, 0xFFFF,
  0xFFFF, 0xFFFF, 0xFFFF, 0xFFFF, 0xFFFF, 0xFFFF, 0x0000, 0x0000, 0x0000, 0x0000,
  0x0000, 0x0000, 0x0000, 0x0000, 0x0000, 0x0000, 0xFFFF, 0xFFFF, 0xFFFF, 0xFFFF,
  0xFFFF, 0xFFFF, 0xFFFF, 0xFFFF, 0xFFFF, 0xFFFF, 0xFFFF, 0xFFFF, 0xFFFF, 0xFFFF,
  0xFFFF, 0x0000, 0x0000, 0x0000, 0x0000, 0x0000, 0x0000, 0x0000, 0x0000, 0x0000,
  0x0000, 0x0000, 0xFFFF, 0xFFFF, 0xFFFF, 0xFFFF, 0xFFFF, 0xFFFF, 0xFFFF, 0xFFFF,
  0xFFFF, 0xFFFF, 0x0000, 0x0000, 0x0000, 0x0000, 0x0000, 0xFFFF, 0xFFFF, 0xFFFF,
  0xFFFF, 0xFFFF, 0xFFFF, 0xFFFF, 0xFFFF, 0xFFFF, 0xFFFF, 0x0000, 0x0000, 0x0000,
  0x0000, 0x0000, 0x0000, 0x0000, 0x0000, 0x0000, 0x0000, 0x0000, 0x0000, 0x0000,
  0x0000, 0x0000, 0x0000, 0xFFFF, 0xFFFF, 0xFFFF, 0xFFFF, 0xFFFF, 0xFFFF, 0xFFFF,
  0xFFFF, 0xFFFF, 0xFFFF, 0xFFFF, 0xFFFF, 0xFFFF, 0xFFFF, 0xFFFF, 0x0000, 0x0000,
  0x0000, 0x0000, 0x0000, 0xFFFF, 0xFFFF, 0xFFFF, 0xFFFF, 0xFFFF, 0x0000, 0x0000,
  0x0000, 0x0000, 0x0000, 0x0000, 0xFFFF, 0xFFFF, 0xFFFF, 0xFFFF, 0xFFFF, 0xFFFF,
  0xFFFF, 0xFFFF, 0xFFFF, 0xFFFF, 0xFFFF, 0xFFFF, 0xFFFF, 0xFFFF, 0xFFFF, 0x0000,
  0x0000, 0x0000, 0x0000, 0x0000, 0xFFFF, 0xFFFF, 0xFFFF, 0xFFFF, 0xFFFF, 0x0000,
  0x0000, 0x0000, 0x0000, 0x0000, 0xFFFF, 0xFFFF, 0xFFFF, 0xFFFF, 0xFFFF, 0xFFFF,
  0x0000, 0x0000, 0x0000, 0x0000, 0x0000, 0x0000, 0x0000, 0x0000, 0x0000, 0x0000,
  0xFFFF, 0xFFFF, 0xFFFF, 0xFFFF, 0xFFFF, 0xFFFF, 0xFFFF, 0xFFFF, 0xFFFF, 0xFFFF,
  0x0000, 0x0000, 0x0000, 0x0000, 0x0000, 0xFFFF, 0xFFFF, 0xFFFF, 0xFFFF, 0xFFFF,
  0xFFFF, 0xFFFF, 0xFFFF, 0xFFFF, 0xFFFF, 0xFFFF, 0x0000, 0x0000, 0x0000, 0x0000,
  0x0000, 0x0000, 0x0000, 0x0000, 0x0000, 0x0000, 0xFFFF, 0xFFFF, 0xFFFF, 0xFFFF,
  0xFFFF, 0xFFFF, 0xFFFF, 0xFFFF, 0xFFFF, 0xFFFF, 0xFFFF, 0xFFFF, 0xFFFF, 0xFFFF,
  0xFFFF, 0x0000, 0x0000, 0x0000, 0x0000, 0x0000, 0x0000, 0x0000, 0x0000, 0x0000,
  0x0000, 0x0000, 0xFFFF, 0xFFFF, 0xFFFF, 0xFFFF, 0xFFFF, 0xFFFF, 0xFFFF, 0xFFFF,
  0xFFFF, 0xFFFF, 0x0000, 0x0000, 0x0000, 0x0000, 0x0000, 0xFFFF, 0xFFFF, 0xFFFF,
  0xFFFF, 0xFFFF, 0xFFFF, 0xFFFF, 0xFFFF, 0xFFFF, 0xFFFF, 0x0000, 0x0000, 0x0000,
  0x0000, 0x0000, 0x0000, 0x0000, 0x0000, 0x0000, 0x0000, 0x0000, 0x0000, 0x0000,
  0x0000, 0x0000, 0x0000, 0xFFFF, 0xFFFF, 0xFFFF, 0xFFFF, 0xFFFF, 0xFFFF, 0xFFFF,
  0xFFFF, 0xFFFF, 0xFFFF, 0xFFFF, 0xFFFF, 0xFFFF, 0xFFFF, 0xFFFF, 0x0000, 0x0000,
  0x0000, 0x0000, 0x0000, 0xFFFF, 0xFFFF, 0xFFFF, 0xFFFF, 0xFFFF, 0x0000, 0x0000,
  0x0000, 0x0000, 0x0000, 0x0000, 0xFFFF, 0xFFFF, 0xFFFF, 0xFFFF, 0xFFFF, 0xFFFF,
  0xFFFF, 0xFFFF, 0xFFFF, 0xFFFF, 0xFFFF, 0xFFFF, 0xFFFF, 0xFFFF, 0xFFFF, 0x0000,
  0x0000, 0x0000, 0x0000, 0x0000, 0xFFFF, 0xFFFF, 0xFFFF, 0xFFFF, 0xFFFF, 0x0000,
  0x0000, 0x0000, 0x0000, 0x0000, 0xFFFF, 0xFFFF, 0xFFFF, 0xFFFF, 0xFFFF, 0xFFFF,
  0x0000, 0x0000, 0x0000, 0x0000, 0x0000, 0x0000, 0x0000, 0x0000, 0x0000, 0x0000,
  0xFFFF, 0xFFFF, 0xFFFF, 0xFFFF, 0xFFFF, 0xFFFF, 0xFFFF, 0xFFFF, 0xFFFF, 0xFFFF,
  0x0000, 0x0000, 0x0000, 0x0000, 0x0000, 0xFFFF, 0xFFFF, 0xFFFF, 0xFFFF, 0xFFFF,
  0xFFFF, 0xFFFF, 0xFFFF, 0xFFFF, 0xFFFF, 0xFFFF, 0x0000, 0x0000, 0x0000, 0x0000,
  0x0000, 0xFFFF, 0xFFFF, 0xFFFF, 0xFFFF, 0xFFFF, 0x0000, 0x0000, 0x0000, 0x0000,
  0x0000, 0x0000, 0x0000, 0x0000, 0x0000, 0x0000, 0xFFFF, 0xFFFF, 0xFFFF, 0xFFFF,
  0xFFFF, 0x0000, 0x0000, 0x0000, 0x0000, 0x0000, 0xFFFF, 0xFFFF, 0xFFFF, 0xFFFF,
  0xFFFF, 0xFFFF, 0x0000, 0x0000, 0x0000, 0x0000, 0x0000, 0xFFFF, 0xFFFF, 0xFFFF,
  0xFFFF, 0xFFFF, 0x0000, 0x0000, 0x0000, 0x0000, 0x0000, 0xFFFF, 0xFFFF, 0xFFFF,
  0xFFFF, 0xFFFF, 0xFFFF, 0xFFFF, 0xFFFF, 0xFFFF, 0xFFFF, 0x0000, 0x0000, 0x0000,
  0x0000, 0x0000, 0xFFFF, 0xFFFF, 0xFFFF, 0xFFFF, 0xFFFF, 0xFFFF, 0x0000, 0x0000,
  0x0000, 0x0000, 0x0000, 0xFFFF, 0xFFFF, 0xFFFF, 0xFFFF, 0xFFFF, 0x0000, 0x0000,
  0x0000, 0x0000, 0x0000, 0x0000, 0x0000, 0x0000, 0x0000, 0x0000, 0xFFFF, 0xFFFF,
  0xFFFF, 0xFFFF, 0xFFFF, 0x0000, 0x0000, 0x0000, 0x0000, 0x0000, 0xFFFF, 0xFFFF,
  0xFFFF, 0xFFFF, 0xFFFF, 0xFFFF, 0xFFFF, 0xFFFF, 0xFFFF, 0xFFFF, 0xFFFF, 0x0000,
  0x0000, 0x0000, 0x0000, 0x0000, 0x0000, 0x0000, 0x0000, 0x0000, 0x0000, 0xFFFF,
  0xFFFF, 0xFFFF, 0xFFFF, 0xFFFF, 0x0000, 0x0000, 0x0000, 0x0000, 0x0000, 0xFFFF,
  0xFFFF, 0xFFFF, 0xFFFF, 0xFFFF, 0x0000, 0x0000, 0x0000, 0x0000, 0x0000, 0x0000,
  0xFFFF, 0xFFFF, 0xFFFF, 0xFFFF, 0xFFFF, 0x0000, 0x0000, 0x0000, 0x0000, 0x0000,
  0xFFFF, 0xFFFF, 0xFFFF, 0xFFFF, 0xFFFF, 0x0000, 0x0000, 0x0000, 0x0000, 0x0000,
  0xFFFF, 0xFFFF, 0xFFFF, 0xFFFF, 0xFFFF, 0xFFFF, 0xFFFF, 0xFFFF, 0xFFFF, 0xFFFF,
  0xFFFF, 0xFFFF, 0xFFFF, 0xFFFF, 0xFFFF, 0xFFFF, 0x0000, 0x0000, 0x0000, 0x0000,
  0x0000, 0xFFFF, 0xFFFF, 0xFFFF, 0xFFFF, 0xFFFF, 0x0000, 0x0000, 0x0000, 0x0000,
  0x0000, 0x0000, 0x0000, 0x0000, 0x0000, 0x0000, 0xFFFF, 0xFFFF, 0xFFFF, 0xFFFF,
  0xFFFF, 0x0000, 0x0000, 0x0000, 0x0000, 0x0000, 0xFFFF, 0xFFFF, 0xFFFF, 0xFFFF,
  0xFFFF, 0xFFFF, 0x0000, 0x0000, 0x0000, 0x0000, 0x0000, 0xFFFF, 0xFFFF, 0xFFFF,
  0xFFFF, 0xFFFF, 0x0000, 0x0000, 0x0000, 0x0000, 0x0000, 0xFFFF, 0xFFFF, 0xFFFF,
  0xFFFF, 0xFFFF, 0xFFFF, 0xFFFF, 0xFFFF, 0xFFFF, 0xFFFF, 0x0000, 0x0000, 0x0000,
  0x0000, 0x0000, 0xFFFF, 0xFFFF, 0xFFFF, 0xFFFF, 0xFFFF, 0xFFFF, 0x0000, 0x0000,
  0x0000, 0x0000, 0x0000, 0xFFFF, 0xFFFF, 0xFFFF, 0xFFFF, 0xFFFF, 0x0000, 0x0000,
  0x0000, 0x0000, 0x0000, 0x0000, 0x0000, 0x0000, 0x0000, 0x0000, 0xFFFF, 0xFFFF,
  0xFFFF, 0xFFFF, 0xFFFF, 0x0000, 0x0000, 0x0000, 0x0000, 0x0000, 0xFFFF, 0xFFFF,
  0xFFFF, 0xFFFF, 0xFFFF, 0xFFFF, 0xFFFF, 0xFFFF, 0xFFFF, 0xFFFF, 0xFFFF, 0x0000,
  0x0000, 0x0000, 0x0000, 0x0000, 0x0000, 0x0000, 0x0000, 0x0000, 0x0000, 0xFFFF,
  0xFFFF, 0xFFFF, 0xFFFF, 0xFFFF, 0x0000, 0x0000, 0x0000, 0x0000, 0x0000, 0xFFFF,
  0xFFFF, 0xFFFF, 0xFFFF, 0xFFFF, 0x0000, 0x0000, 0x0000, 0x0000, 0x0000, 0x0000,
  0xFFFF, 0xFFFF, 0xFFFF, 0xFFFF, 0xFFFF, 0x0000, 0x0000, 0x0000, 0x0000, 0x0000,
  0xFFFF, 0xFFFF, 0xFFFF, 0xFFFF, 0xFFFF, 0x0000, 0x0000, 0x0000, 0x0000, 0x0000,
  0xFFFF, 0xFFFF, 0xFFFF, 0xFFFF, 0xFFFF, 0xFFFF, 0xFFFF, 0xFFFF, 0xFFFF, 0xFFFF,
  0xFFFF, 0xFFFF, 0xFFFF, 0xFFFF, 0xFFFF, 0xFFFF, 0x0000, 0x0000, 0x0000, 0x0000,
  0x0000, 0xFFFF, 0xFFFF, 0xFFFF, 0xFFFF, 0xFFFF, 0x0000, 0x0000, 0x0000, 0x0000,
  0x0000, 0x0000, 0x0000, 0x0000, 0x0000, 0x0000, 0xFFFF, 0xFFFF, 0xFFFF, 0xFFFF,
  0xFFFF, 0x0000, 0x0000, 0x0000, 0x0000, 0x0000, 0xFFFF, 0xFFFF, 0xFFFF, 0xFFFF,
  0xFFFF, 0xFFFF, 0x0000, 0x0000, 0x0000, 0x0000, 0x0000, 0xFFFF, 0xFFFF, 0xFFFF,
  0xFFFF, 0xFFFF, 0x0000, 0x0000, 0x0000, 0x0000, 0x0000, 0xFFFF, 0xFFFF, 0xFFFF,
  0xFFFF, 0xFFFF, 0xFFFF, 0xFFFF, 0xFFFF, 0xFFFF, 0xFFFF, 0x0000, 0x0000, 0x0000,
  0x0000, 0x0000, 0xFFFF, 0xFFFF, 0xFFFF, 0xFFFF, 0xFFFF, 0xFFFF, 0x0000, 0x0000,
  0x0000, 0x0000, 0x0000, 0xFFFF, 0xFFFF, 0xFFFF, 0xFFFF, 0xFFFF, 0x0000, 0x0000,
  0x0000, 0x0000, 0x0000, 0x0000, 0x0000, 0x0000, 0x0000, 0x0000, 0xFFFF, 0xFFFF,
  0xFFFF, 0xFFFF, 0xFFFF, 0x0000, 0x0000, 0x0000, 0x0000, 0x0000, 0xFFFF, 0xFFFF,
  0xFFFF, 0xFFFF, 0xFFFF, 0xFFFF, 0xFFFF, 0xFFFF, 0xFFFF, 0xFFFF, 0xFFFF, 0x0000,
  0x0000, 0x0000, 0x0000, 0x0000, 0x0000, 0x0000, 0x0000, 0x0000, 0x0000, 0xFFFF,
  0xFFFF, 0xFFFF, 0xFFFF, 0xFFFF, 0x0000, 0x0000, 0x0000, 0x0000, 0x0000, 0xFFFF,
  0xFFFF, 0xFFFF, 0xFFFF, 0xFFFF, 0x0000, 0x0000, 0x0000, 0x0000, 0x0000, 0x0000,
  0xFFFF, 0xFFFF, 0xFFFF, 0xFFFF, 0xFFFF, 0x0000, 0x0000, 0x0000, 0x0000, 0x0000,
  0xFFFF, 0xFFFF, 0xFFFF, 0xFFFF, 0xFFFF, 0x0000, 0x0000, 0x0000, 0x0000, 0x0000,
  0xFFFF, 0xFFFF, 0xFFFF, 0xFFFF, 0xFFFF, 0xFFFF, 0xFFFF, 0xFFFF, 0xFFFF, 0xFFFF,
  0xFFFF, 0xFFFF, 0xFFFF, 0xFFFF, 0xFFFF, 0xFFFF, 0x0000, 0x0000, 0x0000, 0x0000,
  0x0000, 0xFFFF, 0xFFFF, 0xFFFF, 0xFFFF, 0xFFFF, 0x0000, 0x0000, 0x0000, 0x0000,
  0x0000, 0x0000, 0x0000, 0x0000, 0x0000, 0x0000, 0xFFFF, 0xFFFF, 0xFFFF, 0xFFFF,
  0xFFFF, 0x0000, 0x0000, 0x0000, 0x0000, 0x0000, 0xFFFF, 0xFFFF, 0xFFFF, 0xFFFF,
  0xFFFF, 0xFFFF, 0x0000, 0x0000, 0x0000, 0x0000, 0x0000, 0xFFFF, 0xFFFF, 0xFFFF,
  0xFFFF, 0xFFFF, 0x0000, 0x0000, 0x0000, 0x0000, 0x0000, 0xFFFF, 0xFFFF, 0xFFFF,
  0xFFFF, 0xFFFF, 0xFFFF, 0xFFFF, 0xFFFF, 0xFFFF, 0xFFFF, 0x0000, 0x0000, 0x0000,
  0x0000, 0x0000, 0xFFFF, 0xFFFF, 0xFFFF, 0xFFFF, 0xFFFF, 0xFFFF, 0x0000, 0x0000,
  0x0000, 0x0000, 0x0000, 0xFFFF, 0xFFFF, 0xFFFF, 0xFFFF, 0xFFFF, 0x0000, 0x0000,
  0x0000, 0x0000, 0x0000, 0x0000, 0x0000, 0x0000, 0x0000, 0x0000, 0xFFFF, 0xFFFF,
  0xFFFF, 0xFFFF, 0xFFFF, 0x0000, 0x0000, 0x0000, 0x0000, 0x0000, 0xFFFF, 0xFFFF,
  0xFFFF, 0xFFFF, 0xFFFF, 0xFFFF, 0xFFFF, 0xFFFF, 0xFFFF, 0xFFFF, 0xFFFF, 0x0000,
  0x0000, 0x0000, 0x0000, 0x0000, 0x0000, 0x0000, 0x0000, 0x0000, 0x0000, 0xFFFF,
  0xFFFF, 0xFFFF, 0xFFFF, 0xFFFF, 0x0000, 0x0000, 0x0000, 0x0000, 0x0000, 0xFFFF,
  0xFFFF, 0xFFFF, 0xFFFF, 0xFFFF, 0x0000, 0x0000, 0x0000, 0x0000, 0x0000, 0x0000,
  0xFFFF, 0xFFFF, 0xFFFF, 0xFFFF, 0xFFFF, 0x0000, 0x0000, 0x0000, 0x0000, 0x0000,
  0xFFFF, 0xFFFF, 0xFFFF, 0xFFFF, 0xFFFF, 0x0000, 0x0000, 0x0000, 0x0000, 0x0000,
  0xFFFF, 0xFFFF, 0xFFFF, 0xFFFF, 0xFFFF, 0xFFFF, 0xFFFF, 0xFFFF, 0xFFFF, 0xFFFF,
  0xFFFF, 0xFFFF, 0xFFFF, 0xFFFF, 0xFFFF, 0xFFFF, 0x0000, 0x0000, 0x0000, 0x0000,
  0x0000, 0xFFFF, 0xFFFF, 0xFFFF, 0xFFFF, 0xFFFF, 0x0000, 0x0000, 0x0000, 0x0000,
  0x0000, 0x0000, 0x0000, 0x0000, 0x0000, 0x0000, 0xFFFF, 0xFFFF, 0xFFFF, 0xFFFF,
  0xFFFF, 0x0000, 0x0000, 0x0000, 0x0000, 0x0000, 0xFFFF, 0xFFFF, 0xFFFF, 0xFFFF,
  0xFFFF, 0xFFFF, 0x0000, 0x0000, 0x0000, 0x0000, 0x0000, 0xFFFF, 0xFFFF, 0xFFFF,
  0xFFFF, 0xFFFF, 0x0000, 0x0000, 0x0000, 0x0000, 0x0000, 0xFFFF, 0xFFFF, 0xFFFF,
  0xFFFF, 0xFFFF, 0xFFFF, 0xFFFF, 0xFFFF, 0xFFFF, 0xFFFF, 0x0000, 0x0000, 0x0000,
  0x0000, 0x0000, 0xFFFF, 0xFFFF, 0xFFFF, 0xFFFF, 0xFFFF, 0xFFFF, 0x0000, 0x0000,
  0x0000, 0x0000, 0x0000, 0xFFFF, 0xFFFF, 0xFFFF, 0xFFFF, 0xFFFF, 0x0000, 0x0000,
  0x0000, 0x0000, 0x0000, 0x0000, 0x0000, 0x0000, 0x0000, 0x0000, 0xFFFF, 0xFFFF,
  0xFFFF, 0xFFFF, 0xFFFF, 0x0000, 0x0000, 0x0000, 0x0000, 0x0000, 0xFFFF, 0xFFFF,
  0xFFFF, 0xFFFF, 0xFFFF, 0xFFFF, 0xFFFF, 0xFFFF, 0xFFFF, 0xFFFF, 0xFFFF, 0x0000,
  0x0000, 0x0000, 0x0000, 0x0000, 0x0000, 0x0000, 0x0000, 0x0000, 0x0000, 0xFFFF,
  0xFFFF, 0xFFFF, 0xFFFF, 0xFFFF, 0x0000, 0x0000, 0x0000, 0x0000, 0x0000, 0xFFFF,
  0xFFFF, 0xFFFF, 0xFFFF, 0xFFFF, 0x0000, 0x0000, 0x0000, 0x0000, 0x0000, 0x0000,
  0xFFFF, 0xFFFF, 0xFFFF, 0xFFFF, 0xFFFF, 0x0000, 0x0000, 0x0000, 0x0000, 0x0000,
  0xFFFF, 0xFFFF, 0xFFFF, 0xFFFF, 0xFFFF, 0x0000, 0x0000, 0x0000, 0x0000, 0x0000,
  0xFFFF, 0xFFFF, 0xFFFF, 0xFFFF, 0xFFFF, 0xFFFF, 0xFFFF, 0xFFFF, 0xFFFF, 0xFFFF,
  0xFFFF, 0xFFFF, 0xFFFF, 0xFFFF, 0xFFFF, 0xFFFF, 0xFFFF, 0xFFFF, 0xFFFF, 0xFFFF,
  0xFFFF, 0xFFFF, 0xFFFF, 0xFFFF, 0xFFFF, 0xFFFF, 0x0000, 0x0000, 0x0000, 0x0000,
  0x0000, 0x0000, 0x0000, 0x0000, 0x0000, 0x0000, 0x0000, 0x0000, 0x0000, 0x0000,
  0x0000, 0x0000, 0x0000, 0x0000, 0x0000, 0x0000, 0x0000, 0x0000, 0x0000, 0x0000,
  0x0000, 0x0000, 0xFFFF, 0xFFFF, 0xFFFF, 0xFFFF, 0xFFFF, 0x0000, 0x0000, 0x0000,
  0x0000, 0x0000, 0xFFFF, 0xFFFF, 0xFFFF, 0xFFFF, 0xFFFF, 0x0000, 0x0000, 0x0000,
  0x0000, 0x0000, 0xFFFF, 0xFFFF, 0xFFFF, 0xFFFF, 0xFFFF, 0x0000, 0x0000, 0x0000,
  0x0000, 0x0000, 0xFFFF, 0xFFFF, 0xFFFF, 0xFFFF, 0xFFFF, 0xFFFF, 0xFFFF, 0xFFFF,
  0xFFFF, 0xFFFF, 0xFFFF, 0xFFFF, 0xFFFF, 0xFFFF, 0xFFFF, 0xFFFF, 0x0000, 0x0000,
  0x0000, 0x0000, 0x0000, 0x0000, 0x0000, 0x0000, 0x0000, 0x0000, 0x0000, 0x0000,
  0x0000, 0x0000, 0x0000, 0x0000, 0x0000, 0x0000, 0x0000, 0x0000, 0xFFFF, 0xFFFF,
  0xFFFF, 0xFFFF, 0xFFFF, 0xFFFF, 0xFFFF, 0xFFFF, 0xFFFF, 0xFFFF, 0xFFFF, 0x0000,
  0x0000, 0x0000, 0x0000, 0x0000, 0x0000, 0x0000, 0x0000, 0x0000, 0x0000, 0x0000,
  0x0000, 0x0000, 0x0000, 0x0000, 0x0000, 0x0000, 0x0000, 0x0000, 0x0000, 0xFFFF,
  0xFFFF, 0xFFFF, 0xFFFF, 0xFFFF, 0xFFFF, 0xFFFF, 0xFFFF, 0xFFFF, 0xFFFF, 0xFFFF,
  0xFFFF, 0xFFFF, 0xFFFF, 0xFFFF, 0xFFFF, 0xFFFF, 0xFFFF, 0xFFFF, 0xFFFF, 0xFFFF,
  0x0000, 0x0000, 0x0000, 0x0000, 0x0000, 0x0000, 0x0000, 0x0000, 0x0000, 0x0000,
  0xFFFF, 0xFFFF, 0xFFFF, 0xFFFF, 0xFFFF, 0xFFFF, 0xFFFF, 0xFFFF, 0xFFFF, 0xFFFF,
  0xFFFF, 0xFFFF, 0xFFFF, 0xFFFF, 0xFFFF, 0xFFFF, 0xFFFF, 0xFFFF, 0xFFFF, 0xFFFF,
  0xFFFF, 0xFFFF, 0xFFFF, 0xFFFF, 0xFFFF, 0xFFFF, 0x0000, 0x0000, 0x0000, 0x0000,
  0x0000, 0x0000, 0x0000, 0x0000, 0x0000, 0x0000, 0x0000, 0x0000, 0x0000, 0x0000,
  0x0000, 0x0000, 0x0000, 0x0000, 0x0000, 0x0000, 0x0000, 0x0000, 0x0000, 0x0000,
  0x0000, 0x0000, 0xFFFF, 0xFFFF, 0xFFFF, 0xFFFF, 0xFFFF, 0x0000, 0x0000, 0x0000,
  0x0000, 0x0000, 0xFFFF, 0xFFFF, 0xFFFF, 0xFFFF, 0xFFFF, 0x0000, 0x0000, 0x0000,
  0x0000, 0x0000, 0xFFFF, 0xFFFF, 0xFFFF, 0xFFFF, 0xFFFF, 0x0000, 0x0000, 0x0000,
  0x0000, 0x0000, 0xFFFF, 0xFFFF, 0xFFFF, 0xFFFF, 0xFFFF, 0xFFFF, 0xFFFF, 0xFFFF,
  0xFFFF, 0xFFFF, 0xFFFF, 0xFFFF, 0xFFFF, 0xFFFF, 0xFFFF, 0xFFFF, 0x0000, 0x0000,
  0x0000, 0x0000, 0x0000, 0x0000, 0x0000, 0x0000, 0x0000, 0x0000, 0x0000, 0x0000,
  0x0000, 0x0000, 0x0000, 0x0000, 0x0000, 0x0000, 0x0000, 0x0000, 0xFFFF, 0xFFFF,
  0xFFFF, 0xFFFF, 0xFFFF, 0xFFFF, 0xFFFF, 0xFFFF, 0xFFFF, 0xFFFF, 0xFFFF, 0x0000,
  0x0000, 0x0000, 0x0000, 0x0000, 0x0000, 0x0000, 0x0000, 0x0000, 0x0000, 0x0000,
  0x0000, 0x0000, 0x0000, 0x0000, 0x0000, 0x0000, 0x0000, 0x0000, 0x0000, 0xFFFF,
  0xFFFF, 0xFFFF, 0xFFFF, 0xFFFF, 0xFFFF, 0xFFFF, 0xFFFF, 0xFFFF, 0xFFFF, 0xFFFF,
  0xFFFF, 0xFFFF, 0xFFFF, 0xFFFF, 0xFFFF, 0xFFFF, 0xFFFF, 0xFFFF, 0xFFFF, 0xFFFF,
  0x0000, 0x0000, 0x0000, 0x0000, 0x0000, 0x0000, 0x0000, 0x0000, 0x0000, 0x0000,
  0xFFFF, 0xFFFF, 0xFFFF, 0xFFFF, 0xFFFF, 0xFFFF, 0xFFFF, 0xFFFF, 0xFFFF, 0xFFFF,
  0xFFFF, 0xFFFF, 0xFFFF, 0xFFFF, 0xFFFF, 0xFFFF, 0xFFFF, 0xFFFF, 0xFFFF, 0xFFFF,
  0xFFFF, 0xFFFF, 0xFFFF, 0xFFFF, 0xFFFF, 0xFFFF, 0x0000, 0x0000, 0x0000, 0x0000,
  0x0000, 0x0000, 0x0000, 0x0000, 0x0000, 0x0000, 0x0000, 0x0000, 0x0000, 0x0000,
  0x0000, 0x0000, 0x0000, 0x0000, 0x0000, 0x0000, 0x0000, 0x0000, 0x0000, 0x0000,
  0x0000, 0x0000, 0xFFFF, 0xFFFF, 0xFFFF, 0xFFFF, 0xFFFF, 0x0000, 0x0000, 0x0000,
  0x0000, 0x0000, 0xFFFF, 0xFFFF, 0xFFFF, 0xFFFF, 0xFFFF, 0x0000, 0x0000, 0x0000,
  0x0000, 0x0000, 0xFFFF, 0xFFFF, 0xFFFF, 0xFFFF, 0xFFFF, 0x0000, 0x0000, 0x0000,
  0x0000, 0x0000, 0xFFFF, 0xFFFF, 0xFFFF, 0xFFFF, 0xFFFF, 0xFFFF, 0xFFFF, 0xFFFF,
  0xFFFF, 0xFFFF, 0xFFFF, 0xFFFF, 0xFFFF, 0xFFFF, 0xFFFF, 0xFFFF, 0x0000, 0x0000,
  0x0000, 0x0000, 0x0000, 0x0000, 0x0000, 0x0000, 0x0000, 0x0000, 0x0000, 0x0000,
  0x0000, 0x0000, 0x0000, 0x0000, 0x0000, 0x0000, 0x0000, 0x0000, 0xFFFF, 0xFFFF,
  0xFFFF, 0xFFFF, 0xFFFF, 0xFFFF, 0xFFFF, 0xFFFF, 0xFFFF, 0xFFFF, 0xFFFF, 0x0000,
  0x0000, 0x0000, 0x0000, 0x0000, 0x0000, 0x0000, 0x0000, 0x0000, 0x0000, 0x0000,
  0x0000, 0x0000, 0x0000, 0x0000, 0x0000, 0x0000, 0x0000, 0x0000, 0x0000, 0xFFFF,
  0xFFFF, 0xFFFF, 0xFFFF, 0xFFFF, 0xFFFF, 0xFFFF, 0xFFFF, 0xFFFF, 0xFFFF, 0xFFFF,
  0xFFFF, 0xFFFF, 0xFFFF, 0xFFFF, 0xFFFF, 0xFFFF, 0xFFFF, 0xFFFF, 0xFFFF, 0xFFFF,
  0x0000, 0x0000, 0x0000, 0x0000, 0x0000, 0x0000, 0x0000, 0x0000, 0x0000, 0x0000,
  0xFFFF, 0xFFFF, 0xFFFF, 0xFFFF, 0xFFFF, 0xFFFF, 0xFFFF, 0xFFFF, 0xFFFF, 0xFFFF,
  0xFFFF, 0xFFFF, 0xFFFF, 0xFFFF, 0xFFFF, 0xFFFF, 0xFFFF, 0xFFFF, 0xFFFF, 0xFFFF,
  0xFFFF, 0xFFFF, 0xFFFF, 0xFFFF, 0xFFFF, 0xFFFF, 0x0000, 0x0000, 0x0000, 0x0000,
  0x0000, 0x0000, 0x0000, 0x0000, 0x0000, 0x0000, 0x0000, 0x0000, 0x0000, 0x0000,
  0x0000, 0x0000, 0x0000, 0x0000, 0x0000, 0x0000, 0x0000, 0x0000, 0x0000, 0x0000,
  0x0000, 0x0000, 0xFFFF, 0xFFFF, 0xFFFF, 0xFFFF, 0xFFFF, 0x0000, 0x0000, 0x0000,
  0x0000, 0x0000, 0xFFFF, 0xFFFF, 0xFFFF, 0xFFFF, 0xFFFF, 0x0000, 0x0000, 0x0000,
  0x0000, 0x0000, 0xFFFF, 0xFFFF, 0xFFFF, 0xFFFF, 0xFFFF, 0x0000, 0x0000, 0x0000,
  0x0000, 0x0000, 0xFFFF, 0xFFFF, 0xFFFF, 0xFFFF, 0xFFFF, 0xFFFF, 0xFFFF, 0xFFFF,
  0xFFFF, 0xFFFF, 0xFFFF, 0xFFFF, 0xFFFF, 0xFFFF, 0xFFFF, 0xFFFF, 0x0000, 0x0000,
  0x0000, 0x0000, 0x0000, 0x0000, 0x0000, 0x0000, 0x0000, 0x0000, 0x0000, 0x0000,
  0x0000, 0x0000, 0x0000, 0x0000, 0x0000, 0x0000, 0x0000, 0x0000, 0xFFFF, 0xFFFF,
  0xFFFF, 0xFFFF, 0xFFFF, 0xFFFF, 0xFFFF, 0xFFFF, 0xFFFF, 0xFFFF, 0xFFFF, 0x0000,
  0x0000, 0x0000, 0x0000, 0x0000, 0x0000, 0x0000, 0x0000, 0x0000, 0x0000, 0x0000,
  0x0000, 0x0000, 0x0000, 0x0000, 0x0000, 0x0000, 0x0000, 0x0000, 0x0000, 0xFFFF,
  0xFFFF, 0xFFFF, 0xFFFF, 0xFFFF, 0xFFFF, 0xFFFF, 0xFFFF, 0xFFFF, 0xFFFF, 0xFFFF,
  0xFFFF, 0xFFFF, 0xFFFF, 0xFFFF, 0xFFFF, 0xFFFF, 0xFFFF, 0xFFFF, 0xFFFF, 0xFFFF,
  0x0000, 0x0000, 0x0000, 0x0000, 0x0000, 0x0000, 0x0000, 0x0000, 0x0000, 0x0000,
  0xFFFF, 0xFFFF, 0xFFFF, 0xFFFF, 0xFFFF, 0xFFFF, 0xFFFF, 0xFFFF, 0xFFFF, 0xFFFF,
  0xFFFF, 0xFFFF, 0xFFFF, 0xFFFF, 0xFFFF, 0xFFFF, 0xFFFF, 0xFFFF, 0xFFFF, 0xFFFF,
  0xFFFF, 0xFFFF, 0xFFFF, 0xFFFF, 0xFFFF, 0xFFFF, 0x0000, 0x0000, 0x0000, 0x0000,
  0x0000, 0x0000, 0x0000, 0x0000, 0x0000, 0x0000, 0x0000, 0x0000, 0x0000, 0x0000,
  0x0000, 0x0000, 0x0000, 0x0000, 0x0000, 0x0000, 0x0000, 0x0000, 0x0000, 0x0000,
  0x0000, 0x0000, 0xFFFF, 0xFFFF, 0xFFFF, 0xFFFF, 0xFFFF, 0x0000, 0x0000, 0x0000,
  0x0000, 0x0000, 0xFFFF, 0xFFFF, 0xFFFF, 0xFFFF, 0xFFFF, 0x0000, 0x0000, 0x0000,
  0x0000, 0x0000, 0xFFFF, 0xFFFF, 0xFFFF, 0xFFFF, 0xFFFF, 0x0000, 0x0000, 0x0000,
  0x0000, 0x0000, 0xFFFF, 0xFFFF, 0xFFFF, 0xFFFF, 0xFFFF, 0xFFFF, 0xFFFF, 0xFFFF,
  0xFFFF, 0xFFFF, 0xFFFF, 0xFFFF, 0xFFFF, 0xFFFF, 0xFFFF, 0xFFFF, 0x0000, 0x0000,
  0x0000, 0x0000, 0x0000, 0x0000, 0x0000, 0x0000, 0x0000, 0x0000, 0x0000, 0x0000,
  0x0000, 0x0000, 0x0000, 0x0000, 0x0000, 0x0000, 0x0000, 0x0000, 0xFFFF, 0xFFFF,
  0xFFFF, 0xFFFF, 0xFFFF, 0xFFFF, 0xFFFF, 0xFFFF, 0xFFFF, 0xFFFF, 0xFFFF, 0x0000,
  0x0000, 0x0000, 0x0000, 0x0000, 0x0000, 0x0000, 0x0000, 0x0000, 0x0000, 0x0000,
  0x0000, 0x0000, 0x0000, 0x0000, 0x0000, 0x0000, 0x0000, 0x0000, 0x0000, 0xFFFF,
  0xFFFF, 0xFFFF, 0xFFFF, 0xFFFF, 0xFFFF, 0xFFFF, 0xFFFF, 0xFFFF, 0xFFFF, 0xFFFF,
  0xFFFF, 0xFFFF, 0xFFFF, 0xFFFF, 0xFFFF, 0xFFFF, 0xFFFF, 0xFFFF, 0xFFFF, 0xFFFF,
  0x0000, 0x0000, 0x0000, 0x0000, 0x0000, 0x0000, 0x0000, 0x0000, 0x0000, 0x0000,
  0xFFFF, 0xFFFF, 0xFFFF, 0xFFFF, 0xFFFF, 0xFFFF, 0xFFFF, 0xFFFF, 0xFFFF, 0xFFFF,
  0xFFFF, 0xFFFF, 0xFFFF, 0xFFFF, 0xFFFF, 0xFFFF, 0xFFFF, 0xFFFF, 0xFFFF, 0xFFFF,
  0xFFFF, 0xFFFF, 0xFFFF, 0xFFFF, 0xFFFF, 0xFFFF, 0x0000, 0x0000, 0x0000, 0x0000,
  0x0000, 0x0000, 0x0000, 0x0000, 0x0000, 0x0000, 0xFFFF, 0xFFFF, 0xFFFF, 0xFFFF,
  0xFFFF, 0x0000, 0x0000, 0x0000, 0x0000, 0x0000, 0xFFFF, 0xFFFF, 0xFFFF, 0xFFFF,
  0xFFFF, 0xFFFF, 0x0000, 0x0000, 0x0000, 0x0000, 0x0000, 0x0000, 0x0000, 0x0000,
  0x0000, 0x0000, 0xFFFF, 0xFFFF, 0xFFFF, 0xFFFF, 0xFFFF, 0x0000, 0x0000, 0x0000,
  0x0000, 0x0000, 0xFFFF, 0xFFFF, 0xFFFF, 0xFFFF, 0xFFFF, 0xFFFF, 0xFFFF, 0xFFFF,
  0xFFFF, 0xFFFF, 0xFFFF, 0xFFFF, 0xFFFF, 0xFFFF, 0xFFFF, 0xFFFF, 0x0000, 0x0000,
  0x0000, 0x0000, 0x0000, 0xFFFF, 0xFFFF, 0xFFFF, 0xFFFF, 0xFFFF, 0xFFFF, 0xFFFF,
  0xFFFF, 0xFFFF, 0xFFFF, 0x0000, 0x0000, 0x0000, 0x0000, 0x0000, 0x0000, 0x0000,
  0x0000, 0x0000, 0x0000, 0x0000, 0x0000, 0x0000, 0x0000, 0x0000, 0x0000, 0x0000,
  0x0000, 0x0000, 0x0000, 0x0000, 0x0000, 0x0000, 0x0000, 0x0000, 0x0000, 0xFFFF,
  0xFFFF, 0xFFFF, 0xFFFF, 0xFFFF, 0x0000, 0x0000, 0x0000, 0x0000, 0x0000, 0x0000,
  0x0000, 0x0000, 0x0000, 0x0000, 0x0000, 0x0000, 0x0000, 0x0000, 0x0000, 0x0000,
  0x0000, 0x0000, 0x0000, 0x0000, 0x0000, 0x0000, 0x0000, 0x0000, 0x0000, 0x0000,
  0x0000, 0x0000, 0x0000, 0x0000, 0x0000, 0xFFFF, 0xFFFF, 0xFFFF, 0xFFFF, 0xFFFF,
  0xFFFF, 0xFFFF, 0xFFFF, 0xFFFF, 0xFFFF, 0x0000, 0x0000, 0x0000, 0x0000, 0x0000,
  0xFFFF, 0xFFFF, 0xFFFF, 0xFFFF, 0xFFFF, 0xFFFF, 0xFFFF, 0xFFFF, 0xFFFF, 0xFFFF,
  0xFFFF, 0xFFFF, 0xFFFF, 0xFFFF, 0xFFFF, 0xFFFF, 0xFFFF, 0xFFFF, 0xFFFF, 0xFFFF,
  0xFFFF, 0xFFFF, 0xFFFF, 0xFFFF, 0xFFFF, 0xFFFF, 0x0000, 0x0000, 0x0000, 0x0000,
  0x0000, 0x0000, 0x0000, 0x0000, 0x0000, 0x0000, 0xFFFF, 0xFFFF, 0xFFFF, 0xFFFF,
  0xFFFF, 0x0000, 0x0000, 0x0000, 0x0000, 0x0000, 0xFFFF, 0xFFFF, 0xFFFF, 0xFFFF,
  0xFFFF, 0xFFFF, 0x0000, 0x0000, 0x0000, 0x0000, 0x0000, 0x0000, 0x0000, 0x0000,
  0x0000, 0x0000, 0xFFFF, 0xFFFF, 0xFFFF, 0xFFFF, 0xFFFF, 0x0000, 0x0000, 0x0000,
  0x0000, 0x0000, 0xFFFF, 0xFFFF, 0xFFFF, 0xFFFF, 0xFFFF, 0xFFFF, 0xFFFF, 0xFFFF,
  0xFFFF, 0xFFFF, 0xFFFF, 0xFFFF, 0xFFFF, 0xFFFF, 0xFFFF, 0xFFFF, 0x0000, 0x0000,
  0x0000, 0x0000, 0x0000, 0xFFFF, 0xFFFF, 0xFFFF, 0xFFFF, 0xFFFF, 0xFFFF, 0xFFFF,
  0xFFFF, 0xFFFF, 0xFFFF, 0x0000, 0x0000, 0x0000, 0x0000, 0x0000, 0x0000, 0x0000,
  0x0000, 0x0000, 0x0000, 0x0000, 0x0000, 0x0000, 0x0000, 0x0000, 0x0000, 0x0000,
  0x0000, 0x0000, 0x0000, 0x0000, 0x0000, 0x0000, 0x0000, 0x0000, 0x0000, 0xFFFF,
  0xFFFF, 0xFFFF, 0xFFFF, 0xFFFF, 0x0000, 0x0000, 0x0000, 0x0000, 0x0000, 0x0000,
  0x0000, 0x0000, 0x0000, 0x0000, 0x0000, 0x0000, 0x0000, 0x0000, 0x0000, 0x0000,
  0x0000, 0x0000, 0x0000, 0x0000, 0x0000, 0x0000, 0x0000, 0x0000, 0x0000, 0x0000,
  0x0000, 0x0000, 0x0000, 0x0000, 0x0000, 0xFFFF, 0xFFFF, 0xFFFF, 0xFFFF, 0xFFFF,
  0xFFFF, 0xFFFF, 0xFFFF, 0xFFFF, 0xFFFF, 0x0000, 0x0000, 0x0000, 0x0000, 0x0000,
  0xFFFF, 0xFFFF, 0xFFFF, 0xFFFF, 0xFFFF, 0xFFFF, 0xFFFF, 0xFFFF, 0xFFFF, 0xFFFF,
  0xFFFF, 0xFFFF, 0xFFFF, 0xFFFF, 0xFFFF, 0xFFFF, 0xFFFF, 0xFFFF, 0xFFFF, 0xFFFF,
  0xFFFF, 0xFFFF, 0xFFFF, 0xFFFF, 0xFFFF, 0xFFFF, 0x0000, 0x0000, 0x0000, 0x0000,
  0x0000, 0x0000, 0x0000, 0x0000, 0x0000, 0x0000, 0xFFFF, 0xFFFF, 0xFFFF, 0xFFFF,
  0xFFFF, 0x0000, 0x0000, 0x0000, 0x0000, 0x0000, 0xFFFF, 0xFFFF, 0xFFFF, 0xFFFF,
  0xFFFF, 0xFFFF, 0x0000, 0x0000, 0x0000, 0x0000, 0x0000, 0x0000, 0x0000, 0x0000,
  0x0000, 0x0000, 0xFFFF, 0xFFFF, 0xFFFF, 0xFFFF, 0xFFFF, 0x0000, 0x0000, 0x0000,
  0x0000, 0x0000, 0xFFFF, 0xFFFF, 0xFFFF, 0xFFFF, 0xFFFF, 0xFFFF, 0xFFFF, 0xFFFF,
  0xFFFF, 0xFFFF, 0xFFFF, 0xFFFF, 0xFFFF, 0xFFFF, 0xFFFF, 0xFFFF, 0x0000, 0x0000,
  0x0000, 0x0000, 0x0000, 0xFFFF, 0xFFFF, 0xFFFF, 0xFFFF, 0xFFFF, 0xFFFF, 0xFFFF,
  0xFFFF, 0xFFFF, 0xFFFF, 0x0000, 0x0000, 0x0000, 0x0000, 0x0000, 0x0000, 0x0000,
  0x0000, 0x0000, 0x0000, 0x0000, 0x0000, 0x0000, 0x0000, 0x0000, 0x0000, 0x0000,
  0x0000, 0x0000, 0x0000, 0x0000, 0x0000, 0x0000, 0x0000, 0x0000, 0x0000, 0xFFFF,
  0xFFFF, 0xFFFF, 0xFFFF, 0xFFFF, 0x0000, 0x0000, 0x0000, 0x0000, 0x0000, 0x0000,
  0x0000, 0x0000, 0x0000, 0x0000, 0x0000, 0x0000, 0x0000, 0x0000, 0x0000, 0x0000,
  0x0000, 0x0000, 0x0000, 0x0000, 0x0000, 0x0000, 0x0000, 0x0000, 0x0000, 0x0000,
  0x0000, 0x0000, 0x0000, 0x0000, 0x0000, 0xFFFF, 0xFFFF, 0xFFFF, 0xFFFF, 0xFFFF,
  0xFFFF, 0xFFFF, 0xFFFF, 0xFFFF, 0xFFFF, 0x0000, 0x0000, 0x0000, 0x0000, 0x0000,
  0xFFFF, 0xFFFF, 0xFFFF, 0xFFFF, 0xFFFF, 0xFFFF, 0xFFFF, 0xFFFF, 0xFFFF, 0xFFFF,
  0xFFFF, 0xFFFF, 0xFFFF, 0xFFFF, 0xFFFF, 0xFFFF, 0xFFFF, 0xFFFF, 0xFFFF, 0xFFFF,
  0xFFFF, 0xFFFF, 0xFFFF, 0xFFFF, 0xFFFF, 0xFFFF, 0x0000, 0x0000, 0x0000, 0x0000,
  0x0000, 0x0000, 0x0000, 0x0000, 0x0000, 0x0000, 0xFFFF, 0xFFFF, 0xFFFF, 0xFFFF,
  0xFFFF, 0x0000, 0x0000, 0x0000, 0x0000, 0x0000, 0xFFFF, 0xFFFF, 0xFFFF, 0xFFFF,
  0xFFFF, 0xFFFF, 0x0000, 0x0000, 0x0000, 0x0000, 0x0000, 0x0000, 0x0000, 0x0000,
  0x0000, 0x0000, 0xFFFF, 0xFFFF, 0xFFFF, 0xFFFF, 0xFFFF, 0x0000, 0x0000, 0x0000,
  0x0000, 0x0000, 0xFFFF, 0xFFFF, 0xFFFF, 0xFFFF, 0xFFFF, 0xFFFF, 0xFFFF, 0xFFFF,
  0xFFFF, 0xFFFF, 0xFFFF, 0xFFFF, 0xFFFF, 0xFFFF, 0xFFFF, 0xFFFF, 0x0000, 0x0000,
  0x0000, 0x0000, 0x0000, 0xFFFF, 0xFFFF, 0xFFFF, 0xFFFF, 0xFFFF, 0xFFFF, 0xFFFF,
  0xFFFF, 0xFFFF, 0xFFFF, 0x0000, 0x0000, 0x0000, 0x0000, 0x0000, 0x0000, 0x0000,
  0x0000, 0x0000, 0x0000, 0x0000, 0x0000, 0x0000, 0x0000, 0x0000, 0x0000, 0x0000,
  0x0000, 0x0000, 0x0000, 0x0000, 0x0000, 0x0000, 0x0000, 0x0000, 0x0000, 0xFFFF,
  0xFFFF, 0xFFFF, 0xFFFF, 0xFFFF, 0x0000, 0x0000, 0x0000, 0x0000, 0x0000, 0x0000,
  0x0000, 0x0000, 0x0000, 0x0000, 0x0000, 0x0000, 0x0000, 0x0000, 0x0000, 0x0000,
  0x0000, 0x0000, 0x0000, 0x0000, 0x0000, 0x0000, 0x0000, 0x0000, 0x0000, 0x0000,
  0x0000, 0x0000, 0x0000, 0x0000, 0x0000, 0xFFFF, 0xFFFF, 0xFFFF, 0xFFFF, 0xFFFF,
  0xFFFF, 0xFFFF, 0xFFFF, 0xFFFF, 0xFFFF, 0x0000, 0x0000, 0x0000, 0x0000, 0x0000,
  0xFFFF, 0xFFFF, 0xFFFF, 0xFFFF, 0xFFFF, 0xFFFF, 0xFFFF, 0xFFFF, 0xFFFF, 0xFFFF,
  0xFFFF, 0xFFFF, 0xFFFF, 0xFFFF, 0xFFFF, 0xFFFF, 0xFFFF, 0xFFFF, 0xFFFF, 0xFFFF,
  0xFFFF, 0xFFFF, 0xFFFF, 0xFFFF, 0xFFFF, 0xFFFF, 0x0000, 0x0000, 0x0000, 0x0000,
  0x0000, 0x0000, 0x0000, 0x0000, 0x0000, 0x0000, 0xFFFF, 0xFFFF, 0xFFFF, 0xFFFF,
  0xFFFF, 0x0000, 0x0000, 0x0000, 0x0000, 0x0000, 0xFFFF, 0xFFFF, 0xFFFF, 0xFFFF,
  0xFFFF, 0xFFFF, 0x0000, 0x0000, 0x0000, 0x0000, 0x0000, 0x0000, 0x0000, 0x0000,
  0x0000, 0x0000, 0xFFFF, 0xFFFF, 0xFFFF, 0xFFFF, 0xFFFF, 0x0000, 0x0000, 0x0000,
  0x0000, 0x0000, 0xFFFF, 0xFFFF, 0xFFFF, 0xFFFF, 0xFFFF, 0xFFFF, 0xFFFF, 0xFFFF,
  0xFFFF, 0xFFFF, 0xFFFF, 0xFFFF, 0xFFFF, 0xFFFF, 0xFFFF, 0xFFFF, 0x0000, 0x0000,
  0x0000, 0x0000, 0x0000, 0xFFFF, 0xFFFF, 0xFFFF, 0xFFFF, 0xFFFF, 0xFFFF, 0xFFFF,
  0xFFFF, 0xFFFF, 0xFFFF, 0x0000, 0x0000, 0x0000, 0x0000, 0x0000, 0x0000, 0x0000,
  0x0000, 0x0000, 0x0000, 0x0000, 0x0000, 0x0000, 0x0000, 0x0000, 0x0000, 0x0000,
  0x0000, 0x0000, 0x0000, 0x0000, 0x0000, 0x0000, 0x0000, 0x0000, 0x0000, 0xFFFF,
  0xFFFF, 0xFFFF, 0xFFFF, 0xFFFF, 0x0000, 0x0000, 0x0000, 0x0000, 0x0000, 0x0000,
  0x0000, 0x0000, 0x0000, 0x0000, 0x0000, 0x0000, 0x0000, 0x0000, 0x0000, 0x0000,
  0x0000, 0x0000, 0x0000, 0x0000, 0x0000, 0x0000, 0x0000, 0x0000, 0x0000, 0x0000,
  0x0000, 0x0000, 0x0000, 0x0000, 0x0000, 0xFFFF, 0xFFFF, 0xFFFF, 0xFFFF, 0xFFFF,
  0xFFFF, 0xFFFF, 0xFFFF, 0xFFFF, 0xFFFF, 0x0000, 0x0000, 0x0000, 0x0000, 0x0000,
  0xFFFF, 0xFFFF, 0xFFFF, 0xFFFF, 0xFFFF, 0xFFFF, 0xFFFF, 0xFFFF, 0xFFFF, 0xFFFF,
  0xFFFF, 0xFFFF, 0xFFFF, 0xFFFF, 0xFFFF, 0xFFFF, 0x0000, 0x0000, 0x0000, 0x0000,
  0x0000, 0x0000, 0x0000, 0x0000, 0x0000, 0x0000, 0x0000, 0x0000, 0x0000, 0x0000,
  0x0000, 0x0000, 0x0000, 0x0000, 0x0000, 0x0000, 0xFFFF, 0xFFFF, 0xFFFF, 0xFFFF,
  0xFFFF, 0x0000, 0x0000, 0x0000, 0x0000, 0x0000, 0x0000, 0x0000, 0x0000, 0x0000,
  0x0000, 0x0000, 0x0000, 0x0000, 0x0000, 0x0000, 0x0000, 0x0000, 0x0000, 0x0000,
  0x0000, 0x0000, 0xFFFF, 0xFFFF, 0xFFFF, 0xFFFF, 0xFFFF, 0xFFFF, 0xFFFF, 0xFFFF,
  0xFFFF, 0xFFFF, 0xFFFF, 0xFFFF, 0xFFFF, 0xFFFF, 0xFFFF, 0xFFFF, 0xFFFF, 0xFFFF,
  0xFFFF, 0xFFFF, 0x0000, 0x0000, 0x0000, 0x0000, 0x0000, 0x0000, 0x0000, 0x0000,
  0x0000, 0x0000, 0x0000, 0x0000, 0x0000, 0x0000, 0x0000, 0x0000, 0xFFFF, 0xFFFF,
  0xFFFF, 0xFFFF, 0xFFFF, 0x0000, 0x0000, 0x0000, 0x0000, 0x0000, 0xFFFF, 0xFFFF,
  0xFFFF, 0xFFFF, 0xFFFF, 0xFFFF, 0xFFFF, 0xFFFF, 0xFFFF, 0xFFFF, 0x0000, 0x0000,
  0x0000, 0x0000, 0x0000, 0x0000, 0x0000, 0x0000, 0x0000, 0x0000, 0x0000, 0x0000,
  0x0000, 0x0000, 0x0000, 0x0000, 0x0000, 0x0000, 0x0000, 0x0000, 0x0000, 0x0000,
  0x0000, 0x0000, 0x0000, 0x0000, 0x0000, 0x0000, 0x0000, 0x0000, 0x0000, 0x0000,
  0x0000, 0x0000, 0x0000, 0x0000, 0x0000, 0x0000, 0x0000, 0x0000, 0x0000, 0x0000,
  0x0000, 0x0000, 0x0000, 0x0000, 0x0000, 0x0000, 0x0000, 0x0000, 0x0000, 0x0000,
  0xFFFF, 0xFFFF, 0xFFFF, 0xFFFF, 0xFFFF, 0xFFFF, 0xFFFF, 0xFFFF, 0xFFFF, 0xFFFF,
  0xFFFF, 0xFFFF, 0xFFFF, 0xFFFF, 0xFFFF, 0xFFFF, 0xFFFF, 0xFFFF, 0xFFFF, 0xFFFF,
  0xFFFF, 0xFFFF, 0xFFFF, 0xFFFF, 0xFFFF, 0xFFFF, 0x0000, 0x0000, 0x0000, 0x0000,
  0x0000, 0x0000, 0x0000, 0x0000, 0x0000, 0x0000, 0x0000, 0x0000, 0x0000, 0x0000,
  0x0000, 0x0000, 0x0000, 0x0000, 0x0000, 0x0000, 0xFFFF, 0xFFFF, 0xFFFF, 0xFFFF,
  0xFFFF, 0x0000, 0x0000, 0x0000, 0x0000, 0x0000, 0x0000, 0x0000, 0x0000, 0x0000,
  0x0000, 0x0000, 0x0000, 0x0000, 0x0000, 0x0000, 0x0000, 0x0000, 0x0000, 0x0000,
  0x0000, 0x0000, 0xFFFF, 0xFFFF, 0xFFFF, 0xFFFF, 0xFFFF, 0xFFFF, 0xFFFF, 0xFFFF,
  0xFFFF, 0xFFFF, 0xFFFF, 0xFFFF, 0xFFFF, 0xFFFF, 0xFFFF, 0xFFFF, 0xFFFF, 0xFFFF,
  0xFFFF, 0xFFFF, 0x0000, 0x0000, 0x0000, 0x0000, 0x0000, 0x0000, 0x0000, 0x0000,
  0x0000, 0x0000, 0x0000, 0x0000, 0x0000, 0x0000, 0x0000, 0x0000, 0xFFFF, 0xFFFF,
  0xFFFF, 0xFFFF, 0xFFFF, 0x0000, 0x0000, 0x0000, 0x0000, 0x0000, 0xFFFF, 0xFFFF,
  0xFFFF, 0xFFFF, 0xFFFF, 0xFFFF, 0xFFFF, 0xFFFF, 0xFFFF, 0xFFFF, 0x0000, 0x0000,
  0x0000, 0x0000, 0x0000, 0x0000, 0x0000, 0x0000, 0x0000, 0x0000, 0x0000, 0x0000,
  0x0000, 0x0000, 0x0000, 0x0000, 0x0000, 0x0000, 0x0000, 0x0000, 0x0000, 0x0000,
  0x0000, 0x0000, 0x0000, 0x0000, 0x0000, 0x0000, 0x0000, 0x0000, 0x0000, 0x0000,
  0x0000, 0x0000, 0x0000, 0x0000, 0x0000, 0x0000, 0x0000, 0x0000, 0x0000, 0x0000,
  0x0000, 0x0000, 0x0000, 0x0000, 0x0000, 0x0000, 0x0000, 0x0000, 0x0000, 0x0000,
  0xFFFF, 0xFFFF, 0xFFFF, 0xFFFF, 0xFFFF, 0xFFFF, 0xFFFF, 0xFFFF, 0xFFFF, 0xFFFF,
  0xFFFF, 0xFFFF, 0xFFFF, 0xFFFF, 0xFFFF, 0xFFFF, 0xFFFF, 0xFFFF, 0xFFFF, 0xFFFF,
  0xFFFF, 0xFFFF, 0xFFFF, 0xFFFF, 0xFFFF, 0xFFFF, 0x0000, 0x0000, 0x0000, 0x0000,
  0x0000, 0x0000, 0x0000, 0x0000, 0x0000, 0x0000, 0x0000, 0x0000, 0x0000, 0x0000,
  0x0000, 0x0000, 0x0000, 0x0000, 0x0000, 0x0000, 0xFFFF, 0xFFFF, 0xFFFF, 0xFFFF,
  0xFFFF, 0x0000, 0x0000, 0x0000, 0x0000, 0x0000, 0x0000, 0x0000, 0x0000, 0x0000,
  0x0000, 0x0000, 0x0000, 0x0000, 0x0000, 0x0000, 0x0000, 0x0000, 0x0000, 0x0000,
  0x0000, 0x0000, 0xFFFF, 0xFFFF, 0xFFFF, 0xFFFF, 0xFFFF, 0xFFFF, 0xFFFF, 0xFFFF,
  0xFFFF, 0xFFFF, 0xFFFF, 0xFFFF, 0xFFFF, 0xFFFF, 0xFFFF, 0xFFFF, 0xFFFF, 0xFFFF,
  0xFFFF, 0xFFFF, 0x0000, 0x0000, 0x0000, 0x0000, 0x0000, 0x0000, 0x0000, 0x0000,
  0x0000, 0x0000, 0x0000, 0x0000, 0x0000, 0x0000, 0x0000, 0x0000, 0xFFFF, 0xFFFF,
  0xFFFF, 0xFFFF, 0xFFFF, 0x0000, 0x0000, 0x0000, 0x0000, 0x0000, 0xFFFF, 0xFFFF,
  0xFFFF, 0xFFFF, 0xFFFF, 0xFFFF, 0xFFFF, 0xFFFF, 0xFFFF, 0xFFFF, 0x0000, 0x0000,
  0x0000, 0x0000, 0x0000, 0x0000, 0x0000, 0x0000, 0x0000, 0x0000, 0x0000, 0x0000,
  0x0000, 0x0000, 0x0000, 0x0000, 0x0000, 0x0000, 0x0000, 0x0000, 0x0000, 0x0000,
  0x0000, 0x0000, 0x0000, 0x0000, 0x0000, 0x0000, 0x0000, 0x0000, 0x0000, 0x0000,
  0x0000, 0x0000, 0x0000, 0x0000, 0x0000, 0x0000, 0x0000, 0x0000, 0x0000, 0x0000,
  0x0000, 0x0000, 0x0000, 0x0000, 0x0000, 0x0000, 0x0000, 0x0000, 0x0000, 0x0000,
  0xFFFF, 0xFFFF, 0xFFFF, 0xFFFF, 0xFFFF, 0xFFFF, 0xFFFF, 0xFFFF, 0xFFFF, 0xFFFF,
  0xFFFF, 0xFFFF, 0xFFFF, 0xFFFF, 0xFFFF, 0xFFFF, 0xFFFF, 0xFFFF, 0xFFFF, 0xFFFF,
  0xFFFF, 0xFFFF, 0xFFFF, 0xFFFF, 0xFFFF, 0xFFFF, 0x0000, 0x0000, 0x0000, 0x0000,
  0x0000, 0x0000, 0x0000, 0x0000, 0x0000, 0x0000, 0x0000, 0x0000, 0x0000, 0x0000,
  0x0000, 0x0000, 0x0000, 0x0000, 0x0000, 0x0000, 0xFFFF, 0xFFFF, 0xFFFF, 0xFFFF,
  0xFFFF, 0x0000, 0x0000, 0x0000, 0x0000, 0x0000, 0x0000, 0x0000, 0x0000, 0x0000,
  0x0000, 0x0000, 0x0000, 0x0000, 0x0000, 0x0000, 0x0000, 0x0000, 0x0000, 0x0000,
  0x0000, 0x0000, 0xFFFF, 0xFFFF, 0xFFFF, 0xFFFF, 0xFFFF, 0xFFFF, 0xFFFF, 0xFFFF,
  0xFFFF, 0xFFFF, 0xFFFF, 0xFFFF, 0xFFFF, 0xFFFF, 0xFFFF, 0xFFFF, 0xFFFF, 0xFFFF,
  0xFFFF, 0xFFFF, 0x0000, 0x0000, 0x0000, 0x0000, 0x0000, 0x0000, 0x0000, 0x0000,
  0x0000, 0x0000, 0x0000, 0x0000, 0x0000, 0x0000, 0x0000, 0x0000, 0xFFFF, 0xFFFF,
  0xFFFF, 0xFFFF, 0xFFFF, 0x0000, 0x0000, 0x0000, 0x0000, 0x0000, 0xFFFF, 0xFFFF,
  0xFFFF, 0xFFFF, 0xFFFF, 0xFFFF, 0xFFFF, 0xFFFF, 0xFFFF, 0xFFFF, 0x0000, 0x0000,
  0x0000, 0x0000, 0x0000, 0x0000, 0x0000, 0x0000, 0x0000, 0x0000, 0x0000, 0x0000,
  0x0000, 0x0000, 0x0000, 0x0000, 0x0000, 0x0000, 0x0000, 0x0000, 0x0000, 0x0000,
  0x0000, 0x0000, 0x0000, 0x0000, 0x0000, 0x0000, 0x0000, 0x0000, 0x0000, 0x0000,
  0x0000, 0x0000, 0x0000, 0x0000, 0x0000, 0x0000, 0x0000, 0x0000, 0x0000, 0x0000,
  0x0000, 0x0000, 0x0000, 0x0000, 0x0000, 0x0000, 0x0000, 0x0000, 0x0000, 0x0000,
  0xFFFF, 0xFFFF, 0xFFFF, 0xFFFF, 0xFFFF, 0xFFFF, 0xFFFF, 0xFFFF, 0xFFFF, 0xFFFF,
  0xFFFF, 0xFFFF, 0xFFFF, 0xFFFF, 0xFFFF, 0xFFFF, 0xFFFF, 0xFFFF, 0xFFFF, 0xFFFF,
  0xFFFF, 0xFFFF, 0xFFFF, 0xFFFF, 0xFFFF, 0xFFFF, 0x0000, 0x0000, 0x0000, 0x0000,
  0x0000, 0x0000, 0x0000, 0x0000, 0x0000, 0x0000, 0x0000, 0x0000, 0x0000, 0x0000,
  0x0000, 0x0000, 0x0000, 0x0000, 0x0000, 0x0000, 0xFFFF, 0xFFFF, 0xFFFF, 0xFFFF,
  0xFFFF, 0x0000, 0x0000, 0x0000, 0x0000, 0x0000, 0x0000, 0x0000, 0x0000, 0x0000,
  0x0000, 0x0000, 0x0000, 0x0000, 0x0000, 0x0000, 0x0000, 0x0000, 0x0000, 0x0000,
  0x0000, 0x0000, 0xFFFF, 0xFFFF, 0xFFFF, 0xFFFF, 0xFFFF, 0xFFFF, 0xFFFF, 0xFFFF,
  0xFFFF, 0xFFFF, 0xFFFF, 0xFFFF, 0xFFFF, 0xFFFF, 0xFFFF, 0xFFFF, 0xFFFF, 0xFFFF,
  0xFFFF, 0xFFFF, 0x0000, 0x0000, 0x0000, 0x0000, 0x0000, 0x0000, 0x0000, 0x0000,
  0x0000, 0x0000, 0x0000, 0x0000, 0x0000, 0x0000, 0x0000, 0x0000, 0xFFFF, 0xFFFF,
  0xFFFF, 0xFFFF, 0xFFFF, 0x0000, 0x0000, 0x0000, 0x0000, 0x0000, 0xFFFF, 0xFFFF,
  0xFFFF, 0xFFFF, 0xFFFF, 0xFFFF, 0xFFFF, 0xFFFF, 0xFFFF, 0xFFFF, 0x0000, 0x0000,
  0x0000, 0x0000, 0x0000, 0x0000, 0x0000, 0x0000, 0x0000, 0x0000, 0x0000, 0x0000,
  0x0000, 0x0000, 0x0000, 0x0000, 0x0000, 0x0000, 0x0000, 0x0000, 0x0000, 0x0000,
  0x0000, 0x0000, 0x0000, 0x0000, 0x0000, 0x0000, 0x0000, 0x0000, 0x0000, 0x0000,
  0x0000, 0x0000, 0x0000, 0x0000, 0x0000, 0x0000, 0x0000, 0x0000, 0x0000, 0x0000,
  0x0000, 0x0000, 0x0000, 0x0000, 0x0000, 0x0000, 0x0000, 0x0000, 0x0000, 0x0000,
  0xFFFF, 0xFFFF, 0xFFFF, 0xFFFF, 0xFFFF, 0xFFFF, 0xFFFF, 0xFFFF, 0xFFFF, 0xFFFF,
  0xFFFF, 0xFFFF, 0xFFFF, 0xFFFF, 0xFFFF, 0xFFFF, 0xFFFF, 0xFFFF, 0xFFFF, 0xFFFF,
  0xFFFF, 0xFFFF, 0xFFFF, 0xFFFF, 0xFFFF, 0xFFFF, 0xFFFF, 0xFFFF, 0xFFFF, 0xFFFF,
  0xFFFF, 0xFFFF, 0xFFFF, 0xFFFF, 0xFFFF, 0xFFFF, 0xFFFF, 0xFFFF, 0xFFFF, 0xFFFF,
  0xFFFF, 0xFFFF, 0xFFFF, 0xFFFF, 0xFFFF, 0xFFFF, 0xFFFF, 0xFFFF, 0xFFFF, 0xFFFF,
  0xFFFF, 0xFFFF, 0xFFFF, 0xFFFF, 0xFFFF, 0xFFFF, 0xFFFF, 0xFFFF, 0xFFFF, 0xFFFF,
  0xFFFF, 0xFFFF, 0xFFFF, 0xFFFF, 0xFFFF, 0xFFFF, 0xFFFF, 0x0000, 0x0000, 0x0000,
  0x0000, 0x0000, 0x0000, 0x0000, 0x0000, 0x0000, 0x0000, 0x0000, 0x0000, 0x0000,
  0x0000, 0x0000, 0xFFFF, 0xFFFF, 0xFFFF, 0xFFFF, 0xFFFF, 0xFFFF, 0xFFFF, 0xFFFF,
  0xFFFF, 0xFFFF, 0xFFFF, 0xFFFF, 0xFFFF, 0xFFFF, 0xFFFF, 0xFFFF, 0xFFFF, 0xFFFF,
  0xFFFF, 0xFFFF, 0xFFFF, 0x0000, 0x0000, 0x0000, 0x0000, 0x0000, 0x0000, 0x0000,
  0x0000, 0x0000, 0x0000, 0x0000, 0x0000, 0x0000, 0x0000, 0x0000, 0x0000, 0x0000,
  0x0000, 0x0000, 0x0000, 0xFFFF, 0xFFFF, 0xFFFF, 0xFFFF, 0xFFFF, 0x0000, 0x0000,
  0x0000, 0x0000, 0x0000, 0x0000, 0x0000, 0x0000, 0x0000, 0x0000, 0x0000, 0xFFFF,
  0xFFFF, 0xFFFF, 0xFFFF, 0xFFFF, 0x0000, 0x0000, 0x0000, 0x0000, 0x0000, 0x0000,
  0x0000, 0x0000, 0x0000, 0x0000, 0xFFFF, 0xFFFF, 0xFFFF, 0xFFFF, 0xFFFF, 0xFFFF,
  0xFFFF, 0xFFFF, 0xFFFF, 0xFFFF, 0xFFFF, 0xFFFF, 0xFFFF, 0xFFFF, 0xFFFF, 0xFFFF,
  0x0000, 0x0000, 0x0000, 0x0000, 0x0000, 0xFFFF, 0xFFFF, 0xFFFF, 0xFFFF, 0xFFFF,
  0x0000, 0x0000, 0x0000, 0x0000, 0x0000, 0x0000, 0x0000, 0x0000, 0x0000, 0x0000,
  0xFFFF, 0xFFFF, 0xFFFF, 0xFFFF, 0xFFFF, 0xFFFF, 0xFFFF, 0xFFFF, 0xFFFF, 0xFFFF,
  0xFFFF, 0xFFFF, 0xFFFF, 0xFFFF, 0xFFFF, 0xFFFF, 0xFFFF, 0xFFFF, 0xFFFF, 0xFFFF,
  0xFFFF, 0xFFFF, 0xFFFF, 0xFFFF, 0xFFFF, 0xFFFF, 0xFFFF, 0xFFFF, 0xFFFF, 0xFFFF,
  0xFFFF, 0xFFFF, 0xFFFF, 0xFFFF, 0xFFFF, 0xFFFF, 0xFFFF, 0xFFFF, 0xFFFF, 0xFFFF,
  0xFFFF, 0xFFFF, 0xFFFF, 0xFFFF, 0xFFFF, 0xFFFF, 0xFFFF, 0xFFFF, 0xFFFF, 0xFFFF,
  0xFFFF, 0xFFFF, 0xFFFF, 0xFFFF, 0xFFFF, 0xFFFF, 0xFFFF, 0x0000, 0x0000, 0x0000,
  0x0000, 0x0000, 0x0000, 0x0000, 0x0000, 0x0000, 0x0000, 0x0000, 0x0000, 0x0000,
  0x0000, 0x0000, 0xFFFF, 0xFFFF, 0xFFFF, 0xFFFF, 0xFFFF, 0xFFFF, 0xFFFF, 0xFFFF,
  0xFFFF, 0xFFFF, 0xFFFF, 0xFFFF, 0xFFFF, 0xFFFF, 0xFFFF, 0xFFFF, 0xFFFF, 0xFFFF,
  0xFFFF, 0xFFFF, 0xFFFF, 0x0000, 0x0000, 0x0000, 0x0000, 0x0000, 0x0000, 0x0000,
  0x0000, 0x0000, 0x0000, 0x0000, 0x0000, 0x0000, 0x0000, 0x0000, 0x0000, 0x0000,
  0x0000, 0x0000, 0x0000, 0xFFFF, 0xFFFF, 0xFFFF, 0xFFFF, 0xFFFF, 0x0000, 0x0000,
  0x0000, 0x0000, 0x0000, 0x0000, 0x0000, 0x0000, 0x0000, 0x0000, 0x0000, 0xFFFF,
  0xFFFF, 0xFFFF, 0xFFFF, 0xFFFF, 0x0000, 0x0000, 0x0000, 0x0000, 0x0000, 0x0000,
  0x0000, 0x0000, 0x0000, 0x0000, 0xFFFF, 0xFFFF, 0xFFFF, 0xFFFF, 0xFFFF, 0xFFFF,
  0xFFFF, 0xFFFF, 0xFFFF, 0xFFFF, 0xFFFF, 0xFFFF, 0xFFFF, 0xFFFF, 0xFFFF, 0xFFFF,
  0x0000, 0x0000, 0x0000, 0x0000, 0x0000, 0xFFFF, 0xFFFF, 0xFFFF, 0xFFFF, 0xFFFF,
  0x0000, 0x0000, 0x0000, 0x0000, 0x0000, 0x0000, 0x0000, 0x0000, 0x0000, 0x0000,
  0xFFFF, 0xFFFF, 0xFFFF, 0xFFFF, 0xFFFF, 0xFFFF, 0xFFFF, 0xFFFF, 0xFFFF, 0xFFFF,
  0xFFFF, 0xFFFF, 0xFFFF, 0xFFFF, 0xFFFF, 0xFFFF, 0xFFFF, 0xFFFF, 0xFFFF, 0xFFFF,
  0xFFFF, 0xFFFF, 0xFFFF, 0xFFFF, 0xFFFF, 0xFFFF, 0xFFFF, 0xFFFF, 0xFFFF, 0xFFFF,
  0xFFFF, 0xFFFF, 0xFFFF, 0xFFFF, 0xFFFF, 0xFFFF, 0xFFFF, 0xFFFF, 0xFFFF, 0xFFFF,
  0xFFFF, 0xFFFF, 0xFFFF, 0xFFFF, 0xFFFF, 0xFFFF, 0xFFFF, 0xFFFF, 0xFFFF, 0xFFFF,
  0xFFFF, 0xFFFF, 0xFFFF, 0xFFFF, 0xFFFF, 0xFFFF, 0xFFFF, 0x0000, 0x0000, 0x0000,
  0x0000, 0x0000, 0x0000, 0x0000, 0x0000, 0x0000, 0x0000, 0x0000, 0x0000, 0x0000,
  0x0000, 0x0000, 0xFFFF, 0xFFFF, 0xFFFF, 0xFFFF, 0xFFFF, 0xFFFF, 0xFFFF, 0xFFFF,
  0xFFFF, 0xFFFF, 0xFFFF, 0xFFFF, 0xFFFF, 0xFFFF, 0xFFFF, 0xFFFF, 0xFFFF, 0xFFFF,
  0xFFFF, 0xFFFF, 0xFFFF, 0x0000, 0x0000, 0x0000, 0x0000, 0x0000, 0x0000, 0x0000,
  0x0000, 0x0000, 0x0000, 0x0000, 0x0000, 0x0000, 0x0000, 0x0000, 0x0000, 0x0000,
  0x0000, 0x0000, 0x0000, 0xFFFF, 0xFFFF, 0xFFFF, 0xFFFF, 0xFFFF, 0x0000, 0x0000,
  0x0000, 0x0000, 0x0000, 0x0000, 0x0000, 0x0000, 0x0000, 0x0000, 0x0000, 0xFFFF,
  0xFFFF, 0xFFFF, 0xFFFF, 0xFFFF, 0x0000, 0x0000, 0x0000, 0x0000, 0x0000, 0x0000,
  0x0000, 0x0000, 0x0000, 0x0000, 0xFFFF, 0xFFFF, 0xFFFF, 0xFFFF, 0xFFFF, 0xFFFF,
  0xFFFF, 0xFFFF, 0xFFFF, 0xFFFF, 0xFFFF, 0xFFFF, 0xFFFF, 0xFFFF, 0xFFFF, 0xFFFF,
  0x0000, 0x0000, 0x0000, 0x0000, 0x0000, 0xFFFF, 0xFFFF, 0xFFFF, 0xFFFF, 0xFFFF,
  0x0000, 0x0000, 0x0000, 0x0000, 0x0000, 0x0000, 0x0000, 0x0000, 0x0000, 0x0000,
  0xFFFF, 0xFFFF, 0xFFFF, 0xFFFF, 0xFFFF, 0xFFFF, 0xFFFF, 0xFFFF, 0xFFFF, 0xFFFF,
  0xFFFF, 0xFFFF, 0xFFFF, 0xFFFF, 0xFFFF, 0xFFFF, 0xFFFF, 0xFFFF, 0xFFFF, 0xFFFF,
  0xFFFF, 0xFFFF, 0xFFFF, 0xFFFF, 0xFFFF, 0xFFFF, 0xFFFF, 0xFFFF, 0xFFFF, 0xFFFF,
  0xFFFF, 0xFFFF, 0xFFFF, 0xFFFF, 0xFFFF, 0xFFFF, 0xFFFF, 0xFFFF, 0xFFFF, 0xFFFF,
  0xFFFF, 0xFFFF, 0xFFFF, 0xFFFF, 0xFFFF, 0xFFFF, 0xFFFF, 0xFFFF, 0xFFFF, 0xFFFF,
  0xFFFF, 0xFFFF, 0xFFFF, 0xFFFF, 0xFFFF, 0xFFFF, 0xFFFF, 0x0000, 0x0000, 0x0000,
  0x0000, 0x0000, 0x0000, 0x0000, 0x0000, 0x0000, 0x0000, 0x0000, 0x0000, 0x0000,
  0x0000, 0x0000, 0xFFFF, 0xFFFF, 0xFFFF, 0xFFFF, 0xFFFF, 0xFFFF, 0xFFFF, 0xFFFF,
  0xFFFF, 0xFFFF, 0xFFFF, 0xFFFF, 0xFFFF, 0xFFFF, 0xFFFF, 0xFFFF, 0xFFFF, 0xFFFF,
  0xFFFF, 0xFFFF, 0xFFFF, 0x0000, 0x0000, 0x0000, 0x0000, 0x0000, 0x0000, 0x0000,
  0x0000, 0x0000, 0x0000, 0x0000, 0x0000, 0x0000, 0x0000, 0x0000, 0x0000, 0x0000,
  0x0000, 0x0000, 0x0000, 0xFFFF, 0xFFFF, 0xFFFF, 0xFFFF, 0xFFFF, 0x0000, 0x0000,
  0x0000, 0x0000, 0x0000, 0x0000, 0x0000, 0x0000, 0x0000, 0x0000, 0x0000, 0xFFFF,
  0xFFFF, 0xFFFF, 0xFFFF, 0xFFFF, 0x0000, 0x0000, 0x0000, 0x0000, 0x0000, 0x0000,
  0x0000, 0x0000, 0x0000, 0x0000, 0xFFFF, 0xFFFF, 0xFFFF, 0xFFFF, 0xFFFF, 0xFFFF,
  0xFFFF, 0xFFFF, 0xFFFF, 0xFFFF, 0xFFFF, 0xFFFF, 0xFFFF, 0xFFFF, 0xFFFF, 0xFFFF,
  0x0000, 0x0000, 0x0000, 0x0000, 0x0000, 0xFFFF, 0xFFFF, 0xFFFF, 0xFFFF, 0xFFFF,
  0x0000, 0x0000, 0x0000, 0x0000, 0x0000, 0x0000, 0x0000, 0x0000, 0x0000, 0x0000,
  0xFFFF, 0xFFFF, 0xFFFF, 0xFFFF, 0xFFFF, 0xFFFF, 0xFFFF, 0xFFFF, 0xFFFF, 0xFFFF,
  0xFFFF, 0xFFFF, 0xFFFF, 0xFFFF, 0xFFFF, 0xFFFF, 0xFFFF, 0xFFFF, 0xFFFF, 0xFFFF,
  0xFFFF, 0xFFFF, 0xFFFF, 0xFFFF, 0xFFFF, 0xFFFF, 0xFFFF, 0xFFFF, 0xFFFF, 0xFFFF,
  0xFFFF, 0xFFFF, 0xFFFF, 0xFFFF, 0xFFFF, 0xFFFF, 0xFFFF, 0xFFFF, 0xFFFF, 0xFFFF,
  0xFFFF, 0xFFFF, 0xFFFF, 0xFFFF, 0xFFFF, 0xFFFF, 0xFFFF, 0xFFFF, 0xFFFF, 0xFFFF,
  0xFFFF, 0xFFFF, 0xFFFF, 0xFFFF, 0xFFFF, 0xFFFF, 0xFFFF, 0x0000, 0x0000, 0x0000,
  0x0000, 0x0000, 0x0000, 0x0000, 0x0000, 0x0000, 0x0000, 0x0000, 0x0000, 0x0000,
  0x0000, 0x0000, 0xFFFF, 0xFFFF, 0xFFFF, 0xFFFF, 0xFFFF, 0xFFFF, 0xFFFF, 0xFFFF,
  0xFFFF, 0xFFFF, 0xFFFF, 0xFFFF, 0xFFFF, 0xFFFF, 0xFFFF, 0xFFFF, 0xFFFF, 0xFFFF,
  0xFFFF, 0xFFFF, 0xFFFF, 0x0000, 0x0000, 0x0000, 0x0000, 0x0000, 0x0000, 0x0000,
  0x0000, 0x0000, 0x0000, 0x0000, 0x0000, 0x0000, 0x0000, 0x0000, 0x0000, 0x0000,
  0x0000, 0x0000, 0x0000, 0xFFFF, 0xFFFF, 0xFFFF, 0xFFFF, 0xFFFF, 0x0000, 0x0000,
  0x0000, 0x0000, 0x0000, 0x0000, 0x0000, 0x0000, 0x0000, 0x0000, 0x0000, 0xFFFF,
  0xFFFF, 0xFFFF, 0xFFFF, 0xFFFF, 0x0000, 0x0000, 0x0000, 0x0000, 0x0000, 0x0000,
  0x0000, 0x0000, 0x0000, 0x0000, 0xFFFF, 0xFFFF, 0xFFFF, 0xFFFF, 0xFFFF, 0xFFFF,
  0xFFFF, 0xFFFF, 0xFFFF, 0xFFFF, 0xFFFF, 0xFFFF, 0xFFFF, 0xFFFF, 0xFFFF, 0xFFFF,
  0x0000, 0x0000, 0x0000, 0x0000, 0x0000, 0xFFFF, 0xFFFF, 0xFFFF, 0xFFFF, 0xFFFF,
  0x0000, 0x0000, 0x0000, 0x0000, 0x0000, 0x0000, 0x0000, 0x0000, 0x0000, 0x0000,
  0xFFFF, 0xFFFF, 0xFFFF, 0xFFFF, 0xFFFF, 0xFFFF, 0xFFFF, 0xFFFF, 0xFFFF, 0xFFFF,
  0xFFFF, 0xFFFF, 0xFFFF, 0xFFFF, 0xFFFF, 0xFFFF, 0x0000, 0x0000, 0x0000, 0x0000,
  0x0000, 0x0000, 0x0000, 0x0000, 0x0000, 0x0000, 0x0000, 0x0000, 0x0000, 0x0000,
  0x0000, 0x0000, 0x0000, 0x0000, 0x0000, 0x0000, 0x0000, 0x0000, 0x0000, 0x0000,
  0x0000, 0x0000, 0x0000, 0x0000, 0x0000, 0x0000, 0x0000, 0x0000, 0x0000, 0x0000,
  0x0000, 0x0000, 0xFFFF, 0xFFFF, 0xFFFF, 0xFFFF, 0xFFFF, 0x0000, 0x0000, 0x0000,
  0x0000, 0x0000, 0x0000, 0x0000, 0x0000, 0x0000, 0x0000, 0x0000, 0x0000, 0x0000,
  0x0000, 0x0000, 0x0000, 0x0000, 0x0000, 0x0000, 0x0000, 0x0000, 0x0000, 0x0000,
  0x0000, 0x0000, 0x0000, 0x0000, 0x0000, 0x0000, 0x0000, 0x0000, 0xFFFF, 0xFFFF,
  0xFFFF, 0xFFFF, 0xFFFF, 0x0000, 0x0000, 0x0000, 0x0000, 0x0000, 0x0000, 0x0000,
  0x0000, 0x0000, 0x0000, 0xFFFF, 0xFFFF, 0xFFFF, 0xFFFF, 0xFFFF, 0x0000, 0x0000,
  0x0000, 0x0000, 0x0000, 0xFFFF, 0xFFFF, 0xFFFF, 0xFFFF, 0xFFFF, 0x0000, 0x0000,
  0x0000, 0x0000, 0x0000, 0x0000, 0xFFFF, 0xFFFF, 0xFFFF, 0xFFFF, 0xFFFF, 0xFFFF,
  0xFFFF, 0xFFFF, 0xFFFF, 0xFFFF, 0xFFFF, 0xFFFF, 0xFFFF, 0xFFFF, 0xFFFF, 0x0000,
  0x0000, 0x0000, 0x0000, 0x0000, 0xFFFF, 0xFFFF, 0xFFFF, 0xFFFF, 0xFFFF, 0x0000,
  0x0000, 0x0000, 0x0000, 0x0000, 0xFFFF, 0xFFFF, 0xFFFF, 0xFFFF, 0xFFFF, 0xFFFF,
  0x0000, 0x0000, 0x0000, 0x0000, 0x0000, 0x0000, 0x0000, 0x0000, 0x0000, 0x0000,
  0xFFFF, 0xFFFF, 0xFFFF, 0xFFFF, 0xFFFF, 0x0000, 0x0000, 0x0000, 0x0000, 0x0000,
  0xFFFF, 0xFFFF, 0xFFFF, 0xFFFF, 0xFFFF, 0xFFFF, 0xFFFF, 0xFFFF, 0xFFFF, 0xFFFF,
  0xFFFF, 0xFFFF, 0xFFFF, 0xFFFF, 0xFFFF, 0xFFFF, 0x0000, 0x0000, 0x0000, 0x0000,
  0x0000, 0x0000, 0x0000, 0x0000, 0x0000, 0x0000, 0x0000, 0x0000, 0x0000, 0x0000,
  0x0000, 0x0000, 0x0000, 0x0000, 0x0000, 0x0000, 0x0000, 0x0000, 0x0000, 0x0000,
  0x0000, 0x0000, 0x0000, 0x0000, 0x0000, 0x0000, 0x0000, 0x0000, 0x0000, 0x0000,
  0x0000, 0x0000, 0xFFFF, 0xFFFF, 0xFFFF, 0xFFFF, 0xFFFF, 0x0000, 0x0000, 0x0000,
  0x0000, 0x0000, 0x0000, 0x0000, 0x0000, 0x0000, 0x0000, 0x0000, 0x0000, 0x0000,
  0x0000, 0x0000, 0x0000, 0x0000, 0x0000, 0x0000, 0x0000, 0x0000, 0x0000, 0x0000,
  0x0000, 0x0000, 0x0000, 0x0000, 0x0000, 0x0000, 0x0000, 0x0000, 0xFFFF, 0xFFFF,
  0xFFFF, 0xFFFF, 0xFFFF, 0x0000, 0x0000, 0x0000, 0x0000, 0x0000, 0x0000, 0x0000,
  0x0000, 0x0000, 0x0000, 0xFFFF, 0xFFFF, 0xFFFF, 0xFFFF, 0xFFFF, 0x0000, 0x0000,
  0x0000, 0x0000, 0x0000, 0xFFFF, 0xFFFF, 0xFFFF, 0xFFFF, 0xFFFF, 0x0000, 0x0000,
  0x0000, 0x0000, 0x0000, 0x0000, 0xFFFF, 0xFFFF, 0xFFFF, 0xFFFF, 0xFFFF, 0xFFFF,
  0xFFFF, 0xFFFF, 0xFFFF, 0xFFFF, 0xFFFF, 0xFFFF, 0xFFFF, 0xFFFF, 0xFFFF, 0x0000,
  0x0000, 0x0000, 0x0000, 0x0000, 0xFFFF, 0xFFFF, 0xFFFF, 0xFFFF, 0xFFFF, 0x0000,
  0x0000, 0x0000, 0x0000, 0x0000, 0xFFFF, 0xFFFF, 0xFFFF, 0xFFFF, 0xFFFF, 0xFFFF,
  0x0000, 0x0000, 0x0000, 0x0000, 0x0000, 0x0000, 0x0000, 0x0000, 0x0000, 0x0000,
  0xFFFF, 0xFFFF, 0xFFFF, 0xFFFF, 0xFFFF, 0x0000, 0x0000, 0x0000, 0x0000, 0x0000,
  0xFFFF, 0xFFFF, 0xFFFF, 0xFFFF, 0xFFFF, 0xFFFF, 0xFFFF, 0xFFFF, 0xFFFF, 0xFFFF,
  0xFFFF, 0xFFFF, 0xFFFF, 0xFFFF, 0xFFFF, 0xFFFF, 0x0000, 0x0000, 0x0000, 0x0000,
  0x0000, 0x0000, 0x0000, 0x0000, 0x0000, 0x0000, 0x0000, 0x0000, 0x0000, 0x0000,
  0x0000, 0x0000, 0x0000, 0x0000, 0x0000, 0x0000, 0x0000, 0x0000, 0x0000, 0x0000,
  0x0000, 0x0000, 0x0000, 0x0000, 0x0000, 0x0000, 0x0000, 0x0000, 0x0000, 0x0000,
  0x0000, 0x0000, 0xFFFF, 0xFFFF, 0xFFFF, 0xFFFF, 0xFFFF, 0x0000, 0x0000, 0x0000,
  0x0000, 0x0000, 0x0000, 0x0000, 0x0000, 0x0000, 0x0000, 0x0000, 0x0000, 0x0000,
  0x0000, 0x0000, 0x0000, 0x0000, 0x0000, 0x0000, 0x0000, 0x0000, 0x0000, 0x0000,
  0x0000, 0x0000, 0x0000, 0x0000, 0x0000, 0x0000, 0x0000, 0x0000, 0xFFFF, 0xFFFF,
  0xFFFF, 0xFFFF, 0xFFFF, 0x0000, 0x0000, 0x0000, 0x0000, 0x0000, 0x0000, 0x0000,
  0x0000, 0x0000, 0x0000, 0xFFFF, 0xFFFF, 0xFFFF, 0xFFFF, 0xFFFF, 0x0000, 0x0000,
  0x0000, 0x0000, 0x0000, 0xFFFF, 0xFFFF, 0xFFFF, 0xFFFF, 0xFFFF, 0x0000, 0x0000,
  0x0000, 0x0000, 0x0000, 0x0000, 0xFFFF, 0xFFFF, 0xFFFF, 0xFFFF, 0xFFFF, 0xFFFF,
  0xFFFF, 0xFFFF, 0xFFFF, 0xFFFF, 0xFFFF, 0xFFFF, 0xFFFF, 0xFFFF, 0xFFFF, 0x0000,
  0x0000, 0x0000, 0x0000, 0x0000, 0xFFFF, 0xFFFF, 0xFFFF, 0xFFFF, 0xFFFF, 0x0000,
  0x0000, 0x0000, 0x0000, 0x0000, 0xFFFF, 0xFFFF, 0xFFFF, 0xFFFF, 0xFFFF, 0xFFFF,
  0x0000, 0x0000, 0x0000, 0x0000, 0x0000, 0x0000, 0x0000, 0x0000, 0x0000, 0x0000,
  0xFFFF, 0xFFFF, 0xFFFF, 0xFFFF, 0xFFFF, 0x0000, 0x0000, 0x0000, 0x0000, 0x0000,
  0xFFFF, 0xFFFF, 0xFFFF, 0xFFFF, 0xFFFF, 0xFFFF, 0xFFFF, 0xFFFF, 0xFFFF, 0xFFFF,
  0xFFFF, 0xFFFF, 0xFFFF, 0xFFFF, 0xFFFF, 0xFFFF, 0x0000, 0x0000, 0x0000, 0x0000,
  0x0000, 0x0000, 0x0000, 0x0000, 0x0000, 0x0000, 0x0000, 0x0000, 0x0000, 0x0000,
  0x0000, 0x0000, 0x0000, 0x0000, 0x0000, 0x0000, 0x0000, 0x0000, 0x0000, 0x0000,
  0x0000, 0x0000, 0x0000, 0x0000, 0x0000, 0x0000, 0x0000, 0x0000, 0x0000, 0x0000,
  0x0000, 0x0000, 0xFFFF, 0xFFFF, 0xFFFF, 0xFFFF, 0xFFFF, 0x0000, 0x0000, 0x0000,
  0x0000, 0x0000, 0x0000, 0x0000, 0x0000, 0x0000, 0x0000, 0x0000, 0x0000, 0x0000,
  0x0000, 0x0000, 0x0000, 0x0000, 0x0000, 0x0000, 0x0000, 0x0000, 0x0000, 0x0000,
  0x0000, 0x0000, 0x0000, 0x0000, 0x0000, 0x0000, 0x0000, 0x0000, 0xFFFF, 0xFFFF,
  0xFFFF, 0xFFFF, 0xFFFF, 0x0000, 0x0000, 0x0000, 0x0000, 0x0000, 0x0000, 0x0000,
  0x0000, 0x0000, 0x0000, 0xFFFF, 0xFFFF, 0xFFFF, 0xFFFF, 0xFFFF, 0x0000, 0x0000,
  0x0000, 0x0000, 0x0000, 0xFFFF, 0xFFFF, 0xFFFF, 0xFFFF, 0xFFFF, 0x0000, 0x0000,
  0x0000, 0x0000, 0x0000, 0x0000, 0xFFFF, 0xFFFF, 0xFFFF, 0xFFFF, 0xFFFF, 0xFFFF,
  0xFFFF, 0xFFFF, 0xFFFF, 0xFFFF, 0xFFFF, 0xFFFF, 0xFFFF, 0xFFFF, 0xFFFF, 0x0000,
  0x0000, 0x0000, 0x0000, 0x0000, 0xFFFF, 0xFFFF, 0xFFFF, 0xFFFF, 0xFFFF, 0x0000,
  0x0000, 0x0000, 0x0000, 0x0000, 0xFFFF, 0xFFFF, 0xFFFF, 0xFFFF, 0xFFFF, 0xFFFF,
  0x0000, 0x0000, 0x0000, 0x0000, 0x0000, 0x0000, 0x0000, 0x0000, 0x0000, 0x0000,
  0xFFFF, 0xFFFF, 0xFFFF, 0xFFFF, 0xFFFF, 0x0000, 0x0000, 0x0000, 0x0000, 0x0000,
  0xFFFF, 0xFFFF, 0xFFFF, 0xFFFF, 0xFFFF, 0xFFFF, 0xFFFF, 0xFFFF, 0xFFFF, 0xFFFF,
  0xFFFF, 0xFFFF, 0xFFFF, 0xFFFF, 0xFFFF, 0xFFFF, 0x0000, 0x0000, 0x0000, 0x0000,
  0x0000, 0x0000, 0x0000, 0x0000, 0x0000, 0x0000, 0x0000, 0x0000, 0x0000, 0x0000,
  0x0000, 0x0000, 0x0000, 0x0000, 0x0000, 0x0000, 0x0000, 0x0000, 0x0000, 0x0000,
  0x0000, 0x0000, 0x0000, 0x0000, 0x0000, 0x0000, 0x0000, 0x0000, 0x0000, 0x0000,
  0x0000, 0x0000, 0xFFFF, 0xFFFF, 0xFFFF, 0xFFFF, 0xFFFF, 0x0000, 0x0000, 0x0000,
  0x0000, 0x0000, 0x0000, 0x0000, 0x0000, 0x0000, 0x0000, 0x0000, 0x0000, 0x0000,
  0x0000, 0x0000, 0x0000, 0x0000, 0x0000, 0x0000, 0x0000, 0x0000, 0x0000, 0x0000,
  0x0000, 0x0000, 0x0000, 0x0000, 0x0000, 0x0000, 0x0000, 0x0000, 0xFFFF, 0xFFFF,
  0xFFFF, 0xFFFF, 0xFFFF, 0x0000, 0x0000, 0x0000, 0x0000, 0x0000, 0x0000, 0x0000,
  0x0000, 0x0000, 0x0000, 0xFFFF, 0xFFFF, 0xFFFF, 0xFFFF, 0xFFFF, 0x0000, 0x0000,
  0x0000, 0x0000, 0x0000, 0xFFFF, 0xFFFF, 0xFFFF, 0xFFFF, 0xFFFF, 0x0000, 0x0000,
  0x0000, 0x0000, 0x0000, 0x0000, 0xFFFF, 0xFFFF, 0xFFFF, 0xFFFF, 0xFFFF, 0xFFFF,
  0xFFFF, 0xFFFF, 0xFFFF, 0xFFFF, 0xFFFF, 0xFFFF, 0xFFFF, 0xFFFF, 0xFFFF, 0x0000,
  0x0000, 0x0000, 0x0000, 0x0000, 0xFFFF, 0xFFFF, 0xFFFF, 0xFFFF, 0xFFFF, 0x0000,
  0x0000, 0x0000, 0x0000, 0x0000, 0xFFFF, 0xFFFF, 0xFFFF, 0xFFFF, 0xFFFF, 0xFFFF,
  0x0000, 0x0000, 0x0000, 0x0000, 0x0000, 0x0000, 0x0000, 0x0000, 0x0000, 0x0000,
  0xFFFF, 0xFFFF, 0xFFFF, 0xFFFF, 0xFFFF, 0x0000, 0x0000, 0x0000, 0x0000, 0x0000,
  0xFFFF, 0xFFFF, 0xFFFF, 0xFFFF, 0xFFFF, 0xFFFF, 0xFFFF, 0xFFFF, 0xFFFF, 0xFFFF,
  0xFFFF, 0xFFFF, 0xFFFF, 0xFFFF, 0xFFFF, 0xFFFF, 0x0000, 0x0000, 0x0000, 0x0000,
  0x0000, 0xFFFF, 0xFFFF, 0xFFFF, 0xFFFF, 0xFFFF, 0xFFFF, 0xFFFF, 0xFFFF, 0xFFFF,
  0xFFFF, 0xFFFF, 0xFFFF, 0xFFFF, 0xFFFF, 0xFFFF, 0xFFFF, 0xFFFF, 0xFFFF, 0xFFFF,
  0xFFFF, 0xFFFF, 0xFFFF, 0xFFFF, 0xFFFF, 0xFFFF, 0x0000, 0x0000, 0x0000, 0x0000,
  0x0000, 0x0000, 0xFFFF, 0xFFFF, 0xFFFF, 0xFFFF, 0xFFFF, 0xFFFF, 0xFFFF, 0xFFFF,
  0xFFFF, 0xFFFF, 0xFFFF, 0xFFFF, 0xFFFF, 0xFFFF, 0xFFFF, 0xFFFF, 0xFFFF, 0xFFFF,
  0xFFFF, 0xFFFF, 0x0000, 0x0000, 0x0000, 0x0000, 0x0000, 0x0000, 0x0000, 0x0000,
  0x0000, 0x0000, 0x0000, 0x0000, 0x0000, 0x0000, 0x0000, 0x0000, 0x0000, 0x0000,
  0x0000, 0x0000, 0x0000, 0xFFFF, 0xFFFF, 0xFFFF, 0xFFFF, 0xFFFF, 0x0000, 0x0000,
  0x0000, 0x0000, 0x0000, 0xFFFF, 0xFFFF, 0xFFFF, 0xFFFF, 0xFFFF, 0xFFFF, 0xFFFF,
  0xFFFF, 0xFFFF, 0xFFFF, 0xFFFF, 0xFFFF, 0xFFFF, 0xFFFF, 0xFFFF, 0x0000, 0x0000,
  0x0000, 0x0000, 0x0000, 0x0000, 0xFFFF, 0xFFFF, 0xFFFF, 0xFFFF, 0xFFFF, 0x0000,
  0x0000, 0x0000, 0x0000, 0x0000, 0xFFFF, 0xFFFF, 0xFFFF, 0xFFFF, 0xFFFF, 0x0000,
  0x0000, 0x0000, 0x0000, 0x0000, 0xFFFF, 0xFFFF, 0xFFFF, 0xFFFF, 0xFFFF, 0xFFFF,
  0xFFFF, 0xFFFF, 0xFFFF, 0xFFFF, 0xFFFF, 0xFFFF, 0xFFFF, 0xFFFF, 0xFFFF, 0xFFFF,
  0x0000, 0x0000, 0x0000, 0x0000, 0x0000, 0xFFFF, 0xFFFF, 0xFFFF, 0xFFFF, 0xFFFF,
  0xFFFF, 0xFFFF, 0xFFFF, 0xFFFF, 0xFFFF, 0x0000, 0x0000, 0x0000, 0x0000, 0x0000,
  0xFFFF, 0xFFFF, 0xFFFF, 0xFFFF, 0xFFFF, 0xFFFF, 0xFFFF, 0xFFFF, 0xFFFF, 0xFFFF,
  0xFFFF, 0xFFFF, 0xFFFF, 0xFFFF, 0xFFFF, 0xFFFF, 0x0000, 0x0000, 0x0000, 0x0000,
  0x0000, 0xFFFF, 0xFFFF, 0xFFFF, 0xFFFF, 0xFFFF, 0xFFFF, 0xFFFF, 0xFFFF, 0xFFFF,
  0xFFFF, 0xFFFF, 0xFFFF, 0xFFFF, 0xFFFF, 0xFFFF, 0xFFFF, 0xFFFF, 0xFFFF, 0xFFFF,
  0xFFFF, 0xFFFF, 0xFFFF, 0xFFFF, 0xFFFF, 0xFFFF, 0x0000, 0x0000, 0x0000, 0x0000,
  0x0000, 0x0000, 0xFFFF, 0xFFFF, 0xFFFF, 0xFFFF, 0xFFFF, 0xFFFF, 0xFFFF, 0xFFFF,
  0xFFFF, 0xFFFF, 0xFFFF, 0xFFFF, 0xFFFF, 0xFFFF, 0xFFFF, 0xFFFF, 0xFFFF, 0xFFFF,
  0xFFFF, 0xFFFF, 0x0000, 0x0000, 0x0000, 0x0000, 0x0000, 0x0000, 0x0000, 0x0000,
  0x0000, 0x0000, 0x0000, 0x0000, 0x0000, 0x0000, 0x0000, 0x0000, 0x0000, 0x0000,
  0x0000, 0x0000, 0x0000, 0xFFFF, 0xFFFF, 0xFFFF, 0xFFFF, 0xFFFF, 0x0000, 0x0000,
  0x0000, 0x0000, 0x0000, 0xFFFF, 0xFFFF, 0xFFFF, 0xFFFF, 0xFFFF, 0xFFFF, 0xFFFF,
  0xFFFF, 0xFFFF, 0xFFFF, 0xFFFF, 0xFFFF, 0xFFFF, 0xFFFF, 0xFFFF, 0x0000, 0x0000,
  0x0000, 0x0000, 0x0000, 0x0000, 0xFFFF, 0xFFFF, 0xFFFF, 0xFFFF, 0xFFFF, 0x0000,
  0x0000, 0x0000, 0x0000, 0x0000, 0xFFFF, 0xFFFF, 0xFFFF, 0xFFFF, 0xFFFF, 0x0000,
  0x0000, 0x0000, 0x0000, 0x0000, 0xFFFF, 0xFFFF, 0xFFFF, 0xFFFF, 0xFFFF, 0xFFFF,
  0xFFFF, 0xFFFF, 0xFFFF, 0xFFFF, 0xFFFF, 0xFFFF, 0xFFFF, 0xFFFF, 0xFFFF, 0xFFFF,
  0x0000, 0x0000, 0x0000, 0x0000, 0x0000, 0xFFFF, 0xFFFF, 0xFFFF, 0xFFFF, 0xFFFF,
  0xFFFF, 0xFFFF, 0xFFFF, 0xFFFF, 0xFFFF, 0x0000, 0x0000, 0x0000, 0x0000, 0x0000,
  0xFFFF, 0xFFFF, 0xFFFF, 0xFFFF, 0xFFFF, 0xFFFF, 0xFFFF, 0xFFFF, 0xFFFF, 0xFFFF,
  0xFFFF, 0xFFFF, 0xFFFF, 0xFFFF, 0xFFFF, 0xFFFF, 0x0000, 0x0000, 0x0000, 0x0000,
  0x0000, 0xFFFF, 0xFFFF, 0xFFFF, 0xFFFF, 0xFFFF, 0xFFFF, 0xFFFF, 0xFFFF, 0xFFFF,
  0xFFFF, 0xFFFF, 0xFFFF, 0xFFFF, 0xFFFF, 0xFFFF, 0xFFFF, 0xFFFF, 0xFFFF, 0xFFFF,
  0xFFFF, 0xFFFF, 0xFFFF, 0xFFFF, 0xFFFF, 0xFFFF, 0x0000, 0x0000, 0x0000, 0x0000,
  0x0000, 0x0000, 0xFFFF, 0xFFFF, 0xFFFF, 0xFFFF, 0xFFFF, 0xFFFF, 0xFFFF, 0xFFFF,
  0xFFFF, 0xFFFF, 0xFFFF, 0xFFFF, 0xFFFF, 0xFFFF, 0xFFFF, 0xFFFF, 0xFFFF, 0xFFFF,
  0xFFFF, 0xFFFF, 0x0000, 0x0000, 0x0000, 0x0000, 0x0000, 0x0000, 0x0000, 0x0000,
  0x0000, 0x0000, 0x0000, 0x0000, 0x0000, 0x0000, 0x0000, 0x0000, 0x0000, 0x0000,
  0x0000, 0x0000, 0x0000, 0xFFFF, 0xFFFF, 0xFFFF, 0xFFFF, 0xFFFF, 0x0000, 0x0000,
  0x0000, 0x0000, 0x0000, 0xFFFF, 0xFFFF, 0xFFFF, 0xFFFF, 0xFFFF, 0xFFFF, 0xFFFF,
  0xFFFF, 0xFFFF, 0xFFFF, 0xFFFF, 0xFFFF, 0xFFFF, 0xFFFF, 0xFFFF, 0x0000, 0x0000,
  0x0000, 0x0000, 0x0000, 0x0000, 0xFFFF, 0xFFFF, 0xFFFF, 0xFFFF, 0xFFFF, 0x0000,
  0x0000, 0x0000, 0x0000, 0x0000, 0xFFFF, 0xFFFF, 0xFFFF, 0xFFFF, 0xFFFF, 0x0000,
  0x0000, 0x0000, 0x0000, 0x0000, 0xFFFF, 0xFFFF, 0xFFFF, 0xFFFF, 0xFFFF, 0xFFFF,
  0xFFFF, 0xFFFF, 0xFFFF, 0xFFFF, 0xFFFF, 0xFFFF, 0xFFFF, 0xFFFF, 0xFFFF, 0xFFFF,
  0x0000, 0x0000, 0x0000, 0x0000, 0x0000, 0xFFFF, 0xFFFF, 0xFFFF, 0xFFFF, 0xFFFF,
  0xFFFF, 0xFFFF, 0xFFFF, 0xFFFF, 0xFFFF, 0x0000, 0x0000, 0x0000, 0x0000, 0x0000,
  0xFFFF, 0xFFFF, 0xFFFF, 0xFFFF, 0xFFFF, 0xFFFF, 0xFFFF, 0xFFFF, 0xFFFF, 0xFFFF,
  0xFFFF, 0xFFFF, 0xFFFF, 0xFFFF, 0xFFFF, 0xFFFF, 0x0000, 0x0000, 0x0000, 0x0000,
  0x0000, 0xFFFF, 0xFFFF, 0xFFFF, 0xFFFF, 0xFFFF, 0xFFFF, 0xFFFF, 0xFFFF, 0xFFFF,
  0xFFFF, 0xFFFF, 0xFFFF, 0xFFFF, 0xFFFF, 0xFFFF, 0xFFFF, 0xFFFF, 0xFFFF, 0xFFFF,
  0xFFFF, 0xFFFF, 0xFFFF, 0xFFFF, 0xFFFF, 0xFFFF, 0x0000, 0x0000, 0x0000, 0x0000,
  0x0000, 0x0000, 0xFFFF, 0xFFFF, 0xFFFF, 0xFFFF, 0xFFFF, 0xFFFF, 0xFFFF, 0xFFFF,
  0xFFFF, 0xFFFF, 0xFFFF, 0xFFFF, 0xFFFF, 0xFFFF, 0xFFFF, 0xFFFF, 0xFFFF, 0xFFFF,
  0xFFFF, 0xFFFF, 0x0000, 0x0000, 0x0000, 0x0000, 0x0000, 0x0000, 0x0000, 0x0000,
  0x0000, 0x0000, 0x0000, 0x0000, 0x0000, 0x0000, 0x0000, 0x0000, 0x0000, 0x0000,
  0x0000, 0x0000, 0x0000, 0xFFFF, 0xFFFF, 0xFFFF, 0xFFFF, 0xFFFF, 0x0000, 0x0000,
  0x0000, 0x0000, 0x0000, 0xFFFF, 0xFFFF, 0xFFFF, 0xFFFF, 0xFFFF, 0xFFFF, 0xFFFF,
  0xFFFF, 0xFFFF, 0xFFFF, 0xFFFF, 0xFFFF, 0xFFFF, 0xFFFF, 0xFFFF, 0x0000, 0x0000,
  0x0000, 0x0000, 0x0000, 0x0000, 0xFFFF, 0xFFFF, 0xFFFF, 0xFFFF, 0xFFFF, 0x0000,
  0x0000, 0x0000, 0x0000, 0x0000, 0xFFFF, 0xFFFF, 0xFFFF, 0xFFFF, 0xFFFF, 0x0000,
  0x0000, 0x0000, 0x0000, 0x0000, 0xFFFF, 0xFFFF, 0xFFFF, 0xFFFF, 0xFFFF, 0xFFFF,
  0xFFFF, 0xFFFF, 0xFFFF, 0xFFFF, 0xFFFF, 0xFFFF, 0xFFFF, 0xFFFF, 0xFFFF, 0xFFFF,
  0x0000, 0x0000, 0x0000, 0x0000, 0x0000, 0xFFFF, 0xFFFF, 0xFFFF, 0xFFFF, 0xFFFF,
  0xFFFF, 0xFFFF, 0xFFFF, 0xFFFF, 0xFFFF, 0x0000, 0x0000, 0x0000, 0x0000, 0x0000,
  0xFFFF, 0xFFFF, 0xFFFF, 0xFFFF, 0xFFFF, 0xFFFF, 0xFFFF, 0xFFFF, 0xFFFF, 0xFFFF,
  0xFFFF, 0xFFFF, 0xFFFF, 0xFFFF, 0xFFFF, 0xFFFF, 0x0000, 0x0000, 0x0000, 0x0000,
  0x0000, 0xFFFF, 0xFFFF, 0xFFFF, 0xFFFF, 0xFFFF, 0xFFFF, 0xFFFF, 0xFFFF, 0xFFFF,
  0xFFFF, 0xFFFF, 0xFFFF, 0xFFFF, 0xFFFF, 0xFFFF, 0xFFFF, 0xFFFF, 0xFFFF, 0xFFFF,
  0xFFFF, 0xFFFF, 0xFFFF, 0xFFFF, 0xFFFF, 0xFFFF, 0x0000, 0x0000, 0x0000, 0x0000,
  0x0000, 0x0000, 0xFFFF, 0xFFFF, 0xFFFF, 0xFFFF, 0xFFFF, 0xFFFF, 0xFFFF, 0xFFFF,
  0xFFFF, 0xFFFF, 0xFFFF, 0xFFFF, 0xFFFF, 0xFFFF, 0xFFFF, 0xFFFF, 0xFFFF, 0xFFFF,
  0xFFFF, 0xFFFF, 0x0000, 0x0000, 0x0000, 0x0000, 0x0000, 0x0000, 0x0000, 0x0000,
  0x0000, 0x0000, 0x0000, 0x0000, 0x0000, 0x0000, 0x0000, 0x0000, 0x0000, 0x0000,
  0x0000, 0x0000, 0x0000, 0xFFFF, 0xFFFF, 0xFFFF, 0xFFFF, 0xFFFF, 0x0000, 0x0000,
  0x0000, 0x0000, 0x0000, 0xFFFF, 0xFFFF, 0xFFFF, 0xFFFF, 0xFFFF, 0xFFFF, 0xFFFF,
  0xFFFF, 0xFFFF, 0xFFFF, 0xFFFF, 0xFFFF, 0xFFFF, 0xFFFF, 0xFFFF, 0x0000, 0x0000,
  0x0000, 0x0000, 0x0000, 0x0000, 0xFFFF, 0xFFFF, 0xFFFF, 0xFFFF, 0xFFFF, 0x0000,
  0x0000, 0x0000, 0x0000, 0x0000, 0xFFFF, 0xFFFF, 0xFFFF, 0xFFFF, 0xFFFF, 0x0000,
  0x0000, 0x0000, 0x0000, 0x0000, 0xFFFF, 0xFFFF, 0xFFFF, 0xFFFF, 0xFFFF, 0xFFFF,
  0xFFFF, 0xFFFF, 0xFFFF, 0xFFFF, 0xFFFF, 0xFFFF, 0xFFFF, 0xFFFF, 0xFFFF, 0xFFFF,
  0x0000, 0x0000, 0x0000, 0x0000, 0x0000, 0xFFFF, 0xFFFF, 0xFFFF, 0xFFFF, 0xFFFF,
  0xFFFF, 0xFFFF, 0xFFFF, 0xFFFF, 0xFFFF, 0x0000, 0x0000, 0x0000, 0x0000, 0x0000,
  0xFFFF, 0xFFFF, 0xFFFF, 0xFFFF, 0xFFFF, 0xFFFF, 0xFFFF, 0xFFFF, 0xFFFF, 0xFFFF,
  0xFFFF, 0xFFFF, 0xFFFF, 0xFFFF, 0xFFFF, 0xFFFF, 0x0000, 0x0000, 0x0000, 0x0000,
  0x0000, 0xFFFF, 0xFFFF, 0xFFFF, 0xFFFF, 0xFFFF, 0xFFFF, 0xFFFF, 0xFFFF, 0xFFFF,
  0xFFFF, 0xFFFF, 0xFFFF, 0xFFFF, 0xFFFF, 0xFFFF, 0xFFFF, 0xFFFF, 0xFFFF, 0xFFFF,
  0xFFFF, 0xFFFF, 0xFFFF, 0xFFFF, 0xFFFF, 0xFFFF, 0x0000, 0x0000, 0x0000, 0x0000,
  0x0000, 0x0000, 0xFFFF, 0xFFFF, 0xFFFF, 0xFFFF, 0xFFFF, 0xFFFF, 0xFFFF, 0xFFFF,
  0xFFFF, 0xFFFF, 0xFFFF, 0xFFFF, 0xFFFF, 0xFFFF, 0xFFFF, 0xFFFF, 0xFFFF, 0xFFFF,
  0xFFFF, 0xFFFF, 0x0000, 0x0000, 0x0000, 0x0000, 0x0000, 0x0000, 0x0000, 0x0000,
  0x0000, 0x0000, 0x0000, 0x0000, 0x0000, 0x0000, 0x0000, 0x0000, 0x0000, 0x0000,
  0x0000, 0x0000, 0x0000, 0xFFFF, 0xFFFF, 0xFFFF, 0xFFFF, 0xFFFF, 0x0000, 0x0000,
  0x0000, 0x0000, 0x0000, 0xFFFF, 0xFFFF, 0xFFFF, 0xFFFF, 0xFFFF, 0xFFFF, 0xFFFF,
  0xFFFF, 0xFFFF, 0xFFFF, 0xFFFF, 0xFFFF, 0xFFFF, 0xFFFF, 0xFFFF, 0x0000, 0x0000,
  0x0000, 0x0000, 0x0000, 0x0000, 0xFFFF, 0xFFFF, 0xFFFF, 0xFFFF, 0xFFFF, 0x0000,
  0x0000, 0x0000, 0x0000, 0x0000, 0xFFFF, 0xFFFF, 0xFFFF, 0xFFFF, 0xFFFF, 0x0000,
  0x0000, 0x0000, 0x0000, 0x0000, 0xFFFF, 0xFFFF, 0xFFFF, 0xFFFF, 0xFFFF, 0xFFFF,
  0xFFFF, 0xFFFF, 0xFFFF, 0xFFFF, 0xFFFF, 0xFFFF, 0xFFFF, 0xFFFF, 0xFFFF, 0xFFFF,
  0x0000, 0x0000, 0x0000, 0x0000, 0x0000, 0xFFFF, 0xFFFF, 0xFFFF, 0xFFFF, 0xFFFF,
  0xFFFF, 0xFFFF, 0xFFFF, 0xFFFF, 0xFFFF, 0x0000, 0x0000, 0x0000, 0x0000, 0x0000,
  0xFFFF, 0xFFFF, 0xFFFF, 0xFFFF, 0xFFFF, 0xFFFF, 0xFFFF, 0xFFFF, 0xFFFF, 0xFFFF,
  0xFFFF, 0xFFFF, 0xFFFF, 0xFFFF, 0xFFFF, 0xFFFF, 0x0000, 0x0000, 0x0000, 0x0000,
  0x0000, 0xFFFF, 0xFFFF, 0xFFFF, 0xFFFF, 0xFFFF, 0x0000, 0x0000, 0x0000, 0x0000,
  0x0000, 0x0000, 0x0000, 0x0000, 0x0000, 0x0000, 0x0000, 0x0000, 0x0000, 0x0000,
  0x0000, 0xFFFF, 0xFFFF, 0xFFFF, 0xFFFF, 0xFFFF, 0x0000, 0x0000, 0x0000, 0x0000,
  0x0000, 0x0000, 0xFFFF, 0xFFFF, 0xFFFF, 0xFFFF, 0xFFFF, 0x0000, 0x0000, 0x0000,
  0x0000, 0x0000, 0xFFFF, 0xFFFF, 0xFFFF, 0xFFFF, 0xFFFF, 0x0000, 0x0000, 0x0000,
  0x0000, 0x0000, 0x0000, 0x0000, 0x0000, 0x0000, 0x0000, 0x0000, 0x0000, 0x0000,
  0x0000, 0x0000, 0x0000, 0x0000, 0x0000, 0x0000, 0x0000, 0x0000, 0xFFFF, 0xFFFF,
  0xFFFF, 0xFFFF, 0xFFFF, 0xFFFF, 0xFFFF, 0xFFFF, 0xFFFF, 0xFFFF, 0x0000, 0x0000,
  0x0000, 0x0000, 0x0000, 0xFFFF, 0xFFFF, 0xFFFF, 0xFFFF, 0xFFFF, 0xFFFF, 0xFFFF,
  0xFFFF, 0xFFFF, 0xFFFF, 0xFFFF, 0xFFFF, 0xFFFF, 0xFFFF, 0xFFFF, 0xFFFF, 0xFFFF,
  0xFFFF, 0xFFFF, 0xFFFF, 0xFFFF, 0xFFFF, 0xFFFF, 0xFFFF, 0xFFFF, 0xFFFF, 0x0000,
  0x0000, 0x0000, 0x0000, 0x0000, 0xFFFF, 0xFFFF, 0xFFFF, 0xFFFF, 0xFFFF, 0x0000,
  0x0000, 0x0000, 0x0000, 0x0000, 0x0000, 0x0000, 0x0000, 0x0000, 0x0000, 0x0000,
  0x0000, 0x0000, 0x0000, 0x0000, 0x0000, 0x0000, 0x0000, 0x0000, 0x0000, 0x0000,
  0x0000, 0x0000, 0x0000, 0x0000, 0x0000, 0x0000, 0x0000, 0x0000, 0x0000, 0x0000,
  0xFFFF, 0xFFFF, 0xFFFF, 0xFFFF, 0xFFFF, 0xFFFF, 0xFFFF, 0xFFFF, 0xFFFF, 0xFFFF,
  0x0000, 0x0000, 0x0000, 0x0000, 0x0000, 0xFFFF, 0xFFFF, 0xFFFF, 0xFFFF, 0xFFFF,
  0xFFFF, 0xFFFF, 0xFFFF, 0xFFFF, 0xFFFF, 0xFFFF, 0x0000, 0x0000, 0x0000, 0x0000,
  0x0000, 0xFFFF, 0xFFFF, 0xFFFF, 0xFFFF, 0xFFFF, 0x0000, 0x0000, 0x0000, 0x0000,
  0x0000, 0x0000, 0x0000, 0x0000, 0x0000, 0x0000, 0x0000, 0x0000, 0x0000, 0x0000,
  0x0000, 0xFFFF, 0xFFFF, 0xFFFF, 0xFFFF, 0xFFFF, 0x0000, 0x0000, 0x0000, 0x0000,
  0x0000, 0x0000, 0xFFFF, 0xFFFF, 0xFFFF, 0xFFFF, 0xFFFF, 0x0000, 0x0000, 0x0000,
  0x0000, 0x0000, 0xFFFF, 0xFFFF, 0xFFFF, 0xFFFF, 0xFFFF, 0x0000, 0x0000, 0x0000,
  0x0000, 0x0000, 0x0000, 0x0000, 0x0000, 0x0000, 0x0000, 0x0000, 0x0000, 0x0000,
  0x0000, 0x0000, 0x0000, 0x0000, 0x0000, 0x0000, 0x0000, 0x0000, 0xFFFF, 0xFFFF,
  0xFFFF, 0xFFFF, 0xFFFF, 0xFFFF, 0xFFFF, 0xFFFF, 0xFFFF, 0xFFFF, 0x0000, 0x0000,
  0x0000, 0x0000, 0x0000, 0xFFFF, 0xFFFF, 0xFFFF, 0xFFFF, 0xFFFF, 0xFFFF, 0xFFFF,
  0xFFFF, 0xFFFF, 0xFFFF, 0xFFFF, 0xFFFF, 0xFFFF, 0xFFFF, 0xFFFF, 0xFFFF, 0xFFFF,
  0xFFFF, 0xFFFF, 0xFFFF, 0xFFFF, 0xFFFF, 0xFFFF, 0xFFFF, 0xFFFF, 0xFFFF, 0x0000,
  0x0000, 0x0000, 0x0000, 0x0000, 0xFFFF, 0xFFFF, 0xFFFF, 0xFFFF, 0xFFFF, 0x0000,
  0x0000, 0x0000, 0x0000, 0x0000, 0x0000, 0x0000, 0x0000, 0x0000, 0x0000, 0x0000,
  0x0000, 0x0000, 0x0000, 0x0000, 0x0000, 0x0000, 0x0000, 0x0000, 0x0000, 0x0000,
  0x0000, 0x0000, 0x0000, 0x0000, 0x0000, 0x0000, 0x0000, 0x0000, 0x0000, 0x0000,
  0xFFFF, 0xFFFF, 0xFFFF, 0xFFFF, 0xFFFF, 0xFFFF, 0xFFFF, 0xFFFF, 0xFFFF, 0xFFFF,
  0x0000, 0x0000, 0x0000, 0x0000, 0x0000, 0xFFFF, 0xFFFF, 0xFFFF, 0xFFFF, 0xFFFF,
  0xFFFF, 0xFFFF, 0xFFFF, 0xFFFF, 0xFFFF, 0xFFFF, 0x0000, 0x0000, 0x0000, 0x0000,
  0x0000, 0xFFFF, 0xFFFF, 0xFFFF, 0xFFFF, 0xFFFF, 0x0000, 0x0000, 0x0000, 0x0000,
  0x0000, 0x0000, 0x0000, 0x0000, 0x0000, 0x0000, 0x0000, 0x0000, 0x0000, 0x0000,
  0x0000, 0xFFFF, 0xFFFF, 0xFFFF, 0xFFFF, 0xFFFF, 0x0000, 0x0000, 0x0000, 0x0000,
  0x0000, 0x0000, 0xFFFF, 0xFFFF, 0xFFFF, 0xFFFF, 0xFFFF, 0x0000, 0x0000, 0x0000,
  0x0000, 0x0000, 0xFFFF, 0xFFFF, 0xFFFF, 0xFFFF, 0xFFFF, 0x0000, 0x0000, 0x0000,
  0x0000, 0x0000, 0x0000, 0x0000, 0x0000, 0x0000, 0x0000, 0x0000, 0x0000, 0x0000,
  0x0000, 0x0000, 0x0000, 0x0000, 0x0000, 0x0000, 0x0000, 0x0000, 0xFFFF, 0xFFFF,
  0xFFFF, 0xFFFF, 0xFFFF, 0xFFFF, 0xFFFF, 0xFFFF, 0xFFFF, 0xFFFF, 0x0000, 0x0000,
  0x0000, 0x0000, 0x0000, 0xFFFF, 0xFFFF, 0xFFFF, 0xFFFF, 0xFFFF, 0xFFFF, 0xFFFF,
  0xFFFF, 0xFFFF, 0xFFFF, 0xFFFF, 0xFFFF, 0xFFFF, 0xFFFF, 0xFFFF, 0xFFFF, 0xFFFF,
  0xFFFF, 0xFFFF, 0xFFFF, 0xFFFF, 0xFFFF, 0xFFFF, 0xFFFF, 0xFFFF, 0xFFFF, 0x0000,
  0x0000, 0x0000, 0x0000, 0x0000, 0xFFFF, 0xFFFF, 0xFFFF, 0xFFFF, 0xFFFF, 0x0000,
  0x0000, 0x0000, 0x0000, 0x0000, 0x0000, 0x0000, 0x0000, 0x0000, 0x0000, 0x0000,
  0x0000, 0x0000, 0x0000, 0x0000, 0x0000, 0x0000, 0x0000, 0x0000, 0x0000, 0x0000,
  0x0000, 0x0000, 0x0000, 0x0000, 0x0000, 0x0000, 0x0000, 0x0000, 0x0000, 0x0000,
  0xFFFF, 0xFFFF, 0xFFFF, 0xFFFF, 0xFFFF, 0xFFFF, 0xFFFF, 0xFFFF, 0xFFFF, 0xFFFF,
  0x0000, 0x0000, 0x0000, 0x0000, 0x0000, 0xFFFF, 0xFFFF, 0xFFFF, 0xFFFF, 0xFFFF,
  0xFFFF, 0xFFFF, 0xFFFF, 0xFFFF, 0xFFFF, 0xFFFF, 0x0000, 0x0000, 0x0000, 0x0000,
  0x0000, 0xFFFF, 0xFFFF, 0xFFFF, 0xFFFF, 0xFFFF, 0x0000, 0x0000, 0x0000, 0x0000,
  0x0000, 0x0000, 0x0000, 0x0000, 0x0000, 0x0000, 0x0000, 0x0000, 0x0000, 0x0000,
  0x0000, 0xFFFF, 0xFFFF, 0xFFFF, 0xFFFF, 0xFFFF, 0x0000, 0x0000, 0x0000, 0x0000,
  0x0000, 0x0000, 0xFFFF, 0xFFFF, 0xFFFF, 0xFFFF, 0xFFFF, 0x0000, 0x0000, 0x0000,
  0x0000, 0x0000, 0xFFFF, 0xFFFF, 0xFFFF, 0xFFFF, 0xFFFF, 0x0000, 0x0000, 0x0000,
  0x0000, 0x0000, 0x0000, 0x0000, 0x0000, 0x0000, 0x0000, 0x0000, 0x0000, 0x0000,
  0x0000, 0x0000, 0x0000, 0x0000, 0x0000, 0x0000, 0x0000, 0x0000, 0xFFFF, 0xFFFF,
  0xFFFF, 0xFFFF, 0xFFFF, 0xFFFF, 0xFFFF, 0xFFFF, 0xFFFF, 0xFFFF, 0x0000, 0x0000,
  0x0000, 0x0000, 0x0000, 0xFFFF, 0xFFFF, 0xFFFF, 0xFFFF, 0xFFFF, 0xFFFF, 0xFFFF,
  0xFFFF, 0xFFFF, 0xFFFF, 0xFFFF, 0xFFFF, 0xFFFF, 0xFFFF, 0xFFFF, 0xFFFF, 0xFFFF,
  0xFFFF, 0xFFFF, 0xFFFF, 0xFFFF, 0xFFFF, 0xFFFF, 0xFFFF, 0xFFFF, 0xFFFF, 0x0000,
  0x0000, 0x0000, 0x0000, 0x0000, 0xFFFF, 0xFFFF, 0xFFFF, 0xFFFF, 0xFFFF, 0x0000,
  0x0000, 0x0000, 0x0000, 0x0000, 0x0000, 0x0000, 0x0000, 0x0000, 0x0000, 0x0000,
  0x0000, 0x0000, 0x0000, 0x0000, 0x0000, 0x0000, 0x0000, 0x0000, 0x0000, 0x0000,
  0x0000, 0x0000, 0x0000, 0x0000, 0x0000, 0x0000, 0x0000, 0x0000, 0x0000, 0x0000,
  0xFFFF, 0xFFFF, 0xFFFF, 0xFFFF, 0xFFFF, 0xFFFF, 0xFFFF, 0xFFFF, 0xFFFF, 0xFFFF,
  0x0000, 0x0000, 0x0000, 0x0000, 0x0000, 0xFFFF, 0xFFFF, 0xFFFF, 0xFFFF, 0xFFFF,
  0xFFFF, 0xFFFF, 0xFFFF, 0xFFFF, 0xFFFF, 0xFFFF, 0x0000, 0x0000, 0x0000, 0x0000,
  0x0000, 0xFFFF, 0xFFFF, 0xFFFF, 0xFFFF, 0xFFFF, 0x0000, 0x0000, 0x0000, 0x0000,
  0x0000, 0x0000, 0x0000, 0x0000, 0x0000, 0x0000, 0x0000, 0x0000, 0x0000, 0x0000,
  0x0000, 0xFFFF, 0xFFFF, 0xFFFF, 0xFFFF, 0xFFFF, 0x0000, 0x0000, 0x0000, 0x0000,
  0x0000, 0x0000, 0xFFFF, 0xFFFF, 0xFFFF, 0xFFFF, 0xFFFF, 0x0000, 0x0000, 0x0000,
  0x0000, 0x0000, 0xFFFF, 0xFFFF, 0xFFFF, 0xFFFF, 0xFFFF, 0x0000, 0x0000, 0x0000,
  0x0000, 0x0000, 0x0000, 0x0000, 0x0000, 0x0000, 0x0000, 0x0000, 0x0000, 0x0000,
  0x0000, 0x0000, 0x0000, 0x0000, 0x0000, 0x0000, 0x0000, 0x0000, 0xFFFF, 0xFFFF,
  0xFFFF, 0xFFFF, 0xFFFF, 0xFFFF, 0xFFFF, 0xFFFF, 0xFFFF, 0xFFFF, 0x0000, 0x0000,
  0x0000, 0x0000, 0x0000, 0xFFFF, 0xFFFF, 0xFFFF, 0xFFFF, 0xFFFF, 0xFFFF, 0xFFFF,
  0xFFFF, 0xFFFF, 0xFFFF, 0xFFFF, 0xFFFF, 0xFFFF, 0xFFFF, 0xFFFF, 0xFFFF, 0xFFFF,
  0xFFFF, 0xFFFF, 0xFFFF, 0xFFFF, 0xFFFF, 0xFFFF, 0xFFFF, 0xFFFF, 0xFFFF, 0x0000,
  0x0000, 0x0000, 0x0000, 0x0000, 0xFFFF, 0xFFFF, 0xFFFF, 0xFFFF, 0xFFFF, 0x0000,
  0x0000, 0x0000, 0x0000, 0x0000, 0x0000, 0x0000, 0x0000, 0x0000, 0x0000, 0x0000,
  0x0000, 0x0000, 0x0000, 0x0000, 0x0000, 0x0000, 0x0000, 0x0000, 0x0000, 0x0000,
  0x0000, 0x0000, 0x0000, 0x0000, 0x0000, 0x0000, 0x0000, 0x0000, 0x0000, 0x0000,
  0xFFFF, 0xFFFF, 0xFFFF, 0xFFFF, 0xFFFF, 0xFFFF, 0xFFFF, 0xFFFF, 0xFFFF, 0xFFFF,
  0x0000, 0x0000, 0x0000, 0x0000, 0x0000, 0xFFFF, 0xFFFF, 0xFFFF, 0xFFFF, 0xFFFF,
  0xFFFF, 0xFFFF, 0xFFFF, 0xFFFF, 0xFFFF, 0xFFFF, 0x0000, 0x0000, 0x0000, 0x0000,
  0x0000, 0xFFFF, 0xFFFF, 0xFFFF, 0xFFFF, 0xFFFF, 0x0000, 0x0000, 0x0000, 0x0000,
  0x0000, 0x0000, 0x0000, 0x0000, 0x0000, 0x0000, 0x0000, 0x0000, 0x0000, 0x0000,
  0x0000, 0xFFFF, 0xFFFF, 0xFFFF, 0xFFFF, 0xFFFF, 0x0000, 0x0000, 0x0000, 0x0000,
  0x0000, 0x0000, 0xFFFF, 0xFFFF, 0xFFFF, 0xFFFF, 0xFFFF, 0xFFFF, 0xFFFF, 0xFFFF,
  0xFFFF, 0xFFFF, 0x0000, 0x0000, 0x0000, 0x0000, 0x0000, 0x0000, 0x0000, 0x0000,
  0x0000, 0x0000, 0xFFFF, 0xFFFF, 0xFFFF, 0xFFFF, 0xFFFF, 0xFFFF, 0xFFFF, 0xFFFF,
  0xFFFF, 0xFFFF, 0x0000, 0x0000, 0x0000, 0x0000, 0x0000, 0x0000, 0x0000, 0x0000,
  0x0000, 0x0000, 0x0000, 0xFFFF, 0xFFFF, 0xFFFF, 0xFFFF, 0xFFFF, 0xFFFF, 0xFFFF,
  0xFFFF, 0xFFFF, 0xFFFF, 0x0000, 0x0000, 0x0000, 0x0000, 0x0000, 0x0000, 0x0000,
  0x0000, 0x0000, 0x0000, 0x0000, 0x0000, 0x0000, 0x0000, 0x0000, 0x0000, 0x0000,
  0x0000, 0x0000, 0x0000, 0x0000, 0x0000, 0x0000, 0x0000, 0x0000, 0x0000, 0xFFFF,
  0xFFFF, 0xFFFF, 0xFFFF, 0xFFFF, 0x0000, 0x0000, 0x0000, 0x0000, 0x0000, 0x0000,
  0x0000, 0x0000, 0x0000, 0x0000, 0xFFFF, 0xFFFF, 0xFFFF, 0xFFFF, 0xFFFF, 0x0000,
  0x0000, 0x0000, 0x0000, 0x0000, 0x0000, 0x0000, 0x0000, 0x0000, 0x0000, 0x0000,
  0x0000, 0x0000, 0x0000, 0x0000, 0x0000, 0x0000, 0x0000, 0x0000, 0x0000, 0x0000,
  0x0000, 0x0000, 0x0000, 0x0000, 0x0000, 0x0000, 0x0000, 0x0000, 0x0000, 0x0000,
  0xFFFF, 0xFFFF, 0xFFFF, 0xFFFF, 0xFFFF, 0xFFFF, 0xFFFF, 0xFFFF, 0xFFFF, 0xFFFF,
  0xFFFF, 0xFFFF, 0xFFFF, 0xFFFF, 0xFFFF, 0xFFFF, 0x0000, 0x0000, 0x0000, 0x0000,
  0x0000, 0xFFFF, 0xFFFF, 0xFFFF, 0xFFFF, 0xFFFF, 0x0000, 0x0000, 0x0000, 0x0000,
  0x0000, 0x0000, 0x0000, 0x0000, 0x0000, 0x0000, 0x0000, 0x0000, 0x0000, 0x0000,
  0x0000, 0xFFFF, 0xFFFF, 0xFFFF, 0xFFFF, 0xFFFF, 0x0000, 0x0000, 0x0000, 0x0000,
  0x0000, 0x0000, 0xFFFF, 0xFFFF, 0xFFFF, 0xFFFF, 0xFFFF, 0xFFFF, 0xFFFF, 0xFFFF,
  0xFFFF, 0xFFFF, 0x0000, 0x0000, 0x0000, 0x0000, 0x0000, 0x0000, 0x0000, 0x0000,
  0x0000, 0x0000, 0xFFFF, 0xFFFF, 0xFFFF, 0xFFFF, 0xFFFF, 0xFFFF, 0xFFFF, 0xFFFF,
  0xFFFF, 0xFFFF, 0x0000, 0x0000, 0x0000, 0x0000, 0x0000, 0x0000, 0x0000, 0x0000,
  0x0000, 0x0000, 0x0000, 0xFFFF, 0xFFFF, 0xFFFF, 0xFFFF, 0xFFFF, 0xFFFF, 0xFFFF,
  0xFFFF, 0xFFFF, 0xFFFF, 0x0000, 0x0000, 0x0000, 0x0000, 0x0000, 0x0000, 0x0000,
  0x0000, 0x0000, 0x0000, 0x0000, 0x0000, 0x0000, 0x0000, 0x0000, 0x0000, 0x0000,
  0x0000, 0x0000, 0x0000, 0x0000, 0x0000, 0x0000, 0x0000, 0x0000, 0x0000, 0xFFFF,
  0xFFFF, 0xFFFF, 0xFFFF, 0xFFFF, 0x0000, 0x0000, 0x0000, 0x0000, 0x0000, 0x0000,
  0x0000, 0x0000, 0x0000, 0x0000, 0xFFFF, 0xFFFF, 0xFFFF, 0xFFFF, 0xFFFF, 0x0000,
  0x0000, 0x0000, 0x0000, 0x0000, 0x0000, 0x0000, 0x0000, 0x0000, 0x0000, 0x0000,
  0x0000, 0x0000, 0x0000, 0x0000, 0x0000, 0x0000, 0x0000, 0x0000, 0x0000, 0x0000,
  0x0000, 0x0000, 0x0000, 0x0000, 0x0000, 0x0000, 0x0000, 0x0000, 0x0000, 0x0000,
  0xFFFF, 0xFFFF, 0xFFFF, 0xFFFF, 0xFFFF, 0xFFFF, 0xFFFF, 0xFFFF, 0xFFFF, 0xFFFF,
  0xFFFF, 0xFFFF, 0xFFFF, 0xFFFF, 0xFFFF, 0xFFFF, 0x0000, 0x0000, 0x0000, 0x0000,
  0x0000, 0xFFFF, 0xFFFF, 0xFFFF, 0xFFFF, 0xFFFF, 0x0000, 0x0000, 0x0000, 0x0000,
  0x0000, 0x0000, 0x0000, 0x0000, 0x0000, 0x0000, 0x0000, 0x0000, 0x0000, 0x0000,
  0x0000, 0xFFFF, 0xFFFF, 0xFFFF, 0xFFFF, 0xFFFF, 0x0000, 0x0000, 0x0000, 0x0000,
  0x0000, 0x0000, 0xFFFF, 0xFFFF, 0xFFFF, 0xFFFF, 0xFFFF, 0xFFFF, 0xFFFF, 0xFFFF,
  0xFFFF, 0xFFFF, 0x0000, 0x0000, 0x0000, 0x0000, 0x0000, 0x0000, 0x0000, 0x0000,
  0x0000, 0x0000, 0xFFFF, 0xFFFF, 0xFFFF, 0xFFFF, 0xFFFF, 0xFFFF, 0xFFFF, 0xFFFF,
  0xFFFF, 0xFFFF, 0x0000, 0x0000, 0x0000, 0x0000, 0x0000, 0x0000, 0x0000, 0x0000,
  0x0000, 0x0000, 0x0000, 0xFFFF, 0xFFFF, 0xFFFF, 0xFFFF, 0xFFFF, 0xFFFF, 0xFFFF,
  0xFFFF, 0xFFFF, 0xFFFF, 0x0000, 0x0000, 0x0000, 0x0000, 0x0000, 0x0000, 0x0000,
  0x0000, 0x0000, 0x0000, 0x0000, 0x0000, 0x0000, 0x0000, 0x0000, 0x0000, 0x0000,
  0x0000, 0x0000, 0x0000, 0x0000, 0x0000, 0x0000, 0x0000, 0x0000, 0x0000, 0xFFFF,
  0xFFFF, 0xFFFF, 0xFFFF, 0xFFFF, 0x0000, 0x0000, 0x0000, 0x0000, 0x0000, 0x0000,
  0x0000, 0x0000, 0x0000, 0x0000, 0xFFFF, 0xFFFF, 0xFFFF, 0xFFFF, 0xFFFF, 0x0000,
  0x0000, 0x0000, 0x0000, 0x0000, 0x0000, 0x0000, 0x0000, 0x0000, 0x0000, 0x0000,
  0x0000, 0x0000, 0x0000, 0x0000, 0x0000, 0x0000, 0x0000, 0x0000, 0x0000, 0x0000,
  0x0000, 0x0000, 0x0000, 0x0000, 0x0000, 0x0000, 0x0000, 0x0000, 0x0000, 0x0000,
  0xFFFF, 0xFFFF, 0xFFFF, 0xFFFF, 0xFFFF, 0xFFFF, 0xFFFF, 0xFFFF, 0xFFFF, 0xFFFF,
  0xFFFF, 0xFFFF, 0xFFFF, 0xFFFF, 0xFFFF, 0xFFFF, 0x0000, 0x0000, 0x0000, 0x0000,
  0x0000, 0xFFFF, 0xFFFF, 0xFFFF, 0xFFFF, 0xFFFF, 0x0000, 0x0000, 0x0000, 0x0000,
  0x0000, 0x0000, 0x0000, 0x0000, 0x0000, 0x0000, 0x0000, 0x0000, 0x0000, 0x0000,
  0x0000, 0xFFFF, 0xFFFF, 0xFFFF, 0xFFFF, 0xFFFF, 0x0000, 0x0000, 0x0000, 0x0000,
  0x0000, 0x0000, 0xFFFF, 0xFFFF, 0xFFFF, 0xFFFF, 0xFFFF, 0xFFFF, 0xFFFF, 0xFFFF,
  0xFFFF, 0xFFFF, 0x0000, 0x0000, 0x0000, 0x0000, 0x0000, 0x0000, 0x0000, 0x0000,
  0x0000, 0x0000, 0xFFFF, 0xFFFF, 0xFFFF, 0xFFFF, 0xFFFF, 0xFFFF, 0xFFFF, 0xFFFF,
  0xFFFF, 0xFFFF, 0x0000, 0x0000, 0x0000, 0x0000, 0x0000, 0x0000, 0x0000, 0x0000,
  0x0000, 0x0000, 0x0000, 0xFFFF, 0xFFFF, 0xFFFF, 0xFFFF, 0xFFFF, 0xFFFF, 0xFFFF,
  0xFFFF, 0xFFFF, 0xFFFF, 0x0000, 0x0000, 0x0000, 0x0000, 0x0000, 0x0000, 0x0000,
  0x0000, 0x0000, 0x0000, 0x0000, 0x0000, 0x0000, 0x0000, 0x0000, 0x0000, 0x0000,
  0x0000, 0x0000, 0x0000, 0x0000, 0x0000, 0x0000, 0x0000, 0x0000, 0x0000, 0xFFFF,
  0xFFFF, 0xFFFF, 0xFFFF, 0xFFFF, 0x0000, 0x0000, 0x0000, 0x0000, 0x0000, 0x0000,
  0x0000, 0x0000, 0x0000, 0x0000, 0xFFFF, 0xFFFF, 0xFFFF, 0xFFFF, 0xFFFF, 0x0000,
  0x0000, 0x0000, 0x0000, 0x0000, 0x0000, 0x0000, 0x0000, 0x0000, 0x0000, 0x0000,
  0x0000, 0x0000, 0x0000, 0x0000, 0x0000, 0x0000, 0x0000, 0x0000, 0x0000, 0x0000,
  0x0000, 0x0000, 0x0000, 0x0000, 0x0000, 0x0000, 0x0000, 0x0000, 0x0000, 0x0000,
  0xFFFF, 0xFFFF, 0xFFFF, 0xFFFF, 0xFFFF, 0xFFFF, 0xFFFF, 0xFFFF, 0xFFFF, 0xFFFF,
  0xFFFF, 0xFFFF, 0xFFFF, 0xFFFF, 0xFFFF, 0xFFFF, 0x0000, 0x0000, 0x0000, 0x0000,
  0x0000, 0xFFFF, 0xFFFF, 0xFFFF, 0xFFFF, 0xFFFF, 0x0000, 0x0000, 0x0000, 0x0000,
  0x0000, 0x0000, 0x0000, 0x0000, 0x0000, 0x0000, 0x0000, 0x0000, 0x0000, 0x0000,
  0x0000, 0xFFFF, 0xFFFF, 0xFFFF, 0xFFFF, 0xFFFF, 0x0000, 0x0000, 0x0000, 0x0000,
  0x0000, 0x0000, 0xFFFF, 0xFFFF, 0xFFFF, 0xFFFF, 0xFFFF, 0xFFFF, 0xFFFF, 0xFFFF,
  0xFFFF, 0xFFFF, 0x0000, 0x0000, 0x0000, 0x0000, 0x0000, 0x0000, 0x0000, 0x0000,
  0x0000, 0x0000, 0xFFFF, 0xFFFF, 0xFFFF, 0xFFFF, 0xFFFF, 0xFFFF, 0xFFFF, 0xFFFF,
  0xFFFF, 0xFFFF, 0x0000, 0x0000, 0x0000, 0x0000, 0x0000, 0x0000, 0x0000, 0x0000,
  0x0000, 0x0000, 0x0000, 0xFFFF, 0xFFFF, 0xFFFF, 0xFFFF, 0xFFFF, 0xFFFF, 0xFFFF,
  0xFFFF, 0xFFFF, 0xFFFF, 0x0000, 0x0000, 0x0000, 0x0000, 0x0000, 0x0000, 0x0000,
  0x0000, 0x0000, 0x0000, 0x0000, 0x0000, 0x0000, 0x0000, 0x0000, 0x0000, 0x0000,
  0x0000, 0x0000, 0x0000, 0x0000, 0x0000, 0x0000, 0x0000, 0x0000, 0x0000, 0xFFFF,
  0xFFFF, 0xFFFF, 0xFFFF, 0xFFFF, 0x0000, 0x0000, 0x0000, 0x0000, 0x0000, 0x0000,
  0x0000, 0x0000, 0x0000, 0x0000, 0xFFFF, 0xFFFF, 0xFFFF, 0xFFFF, 0xFFFF, 0x0000,
  0x0000, 0x0000, 0x0000, 0x0000, 0x0000, 0x0000, 0x0000, 0x0000, 0x0000, 0x0000,
  0x0000, 0x0000, 0x0000, 0x0000, 0x0000, 0x0000, 0x0000, 0x0000, 0x0000, 0x0000,
  0x0000, 0x0000, 0x0000, 0x0000, 0x0000, 0x0000, 0x0000, 0x0000, 0x0000, 0x0000,
  0xFFFF, 0xFFFF, 0xFFFF, 0xFFFF, 0xFFFF, 0xFFFF, 0xFFFF, 0xFFFF, 0xFFFF, 0xFFFF,
  0xFFFF, 0xFFFF, 0xFFFF, 0xFFFF, 0xFFFF, 0xFFFF, 0x0000, 0x0000, 0x0000, 0x0000,
  0x0000, 0xFFFF, 0xFFFF, 0xFFFF, 0xFFFF, 0xFFFF, 0x0000, 0x0000, 0x0000, 0x0000,
  0x0000, 0x0000, 0x0000, 0x0000, 0x0000, 0x0000, 0x0000, 0x0000, 0x0000, 0x0000,
  0x0000, 0xFFFF, 0xFFFF, 0xFFFF, 0xFFFF, 0xFFFF, 0x0000, 0x0000, 0x0000, 0x0000,
  0x0000, 0x0000, 0xFFFF, 0xFFFF, 0xFFFF, 0xFFFF, 0xFFFF, 0xFFFF, 0xFFFF, 0xFFFF,
  0xFFFF, 0xFFFF, 0x0000, 0x0000, 0x0000, 0x0000, 0x0000, 0x0000, 0x0000, 0x0000,
  0x0000, 0x0000, 0xFFFF, 0xFFFF, 0xFFFF, 0xFFFF, 0xFFFF, 0xFFFF, 0xFFFF, 0xFFFF,
  0xFFFF, 0xFFFF, 0x0000, 0x0000, 0x0000, 0x0000, 0x0000, 0x0000, 0xFFFF, 0xFFFF,
  0xFFFF, 0xFFFF, 0xFFFF, 0x0000, 0x0000, 0x0000, 0x0000, 0x0000, 0xFFFF, 0xFFFF,
  0xFFFF, 0xFFFF, 0xFFFF, 0xFFFF, 0xFFFF, 0xFFFF, 0xFFFF, 0xFFFF, 0x0000, 0x0000,
  0x0000, 0x0000, 0x0000, 0xFFFF, 0xFFFF, 0xFFFF, 0xFFFF, 0xFFFF, 0x0000, 0x0000,
  0x0000, 0x0000, 0x0000, 0x0000, 0xFFFF, 0xFFFF, 0xFFFF, 0xFFFF, 0xFFFF, 0xFFFF,
  0xFFFF, 0xFFFF, 0xFFFF, 0xFFFF, 0x0000, 0x0000, 0x0000, 0x0000, 0x0000, 0x0000,
  0x0000, 0x0000, 0x0000, 0x0000, 0xFFFF, 0xFFFF, 0xFFFF, 0xFFFF, 0xFFFF, 0x0000,
  0x0000, 0x0000, 0x0000, 0x0000, 0x0000, 0x0000, 0x0000, 0x0000, 0x0000, 0x0000,
  0x0000, 0x0000, 0x0000, 0x0000, 0x0000, 0xFFFF, 0xFFFF, 0xFFFF, 0xFFFF, 0xFFFF,
  0xFFFF, 0xFFFF, 0xFFFF, 0xFFFF, 0xFFFF, 0xFFFF, 0xFFFF, 0xFFFF, 0xFFFF, 0xFFFF,
  0xFFFF, 0xFFFF, 0xFFFF, 0xFFFF, 0xFFFF, 0xFFFF, 0xFFFF, 0xFFFF, 0xFFFF, 0xFFFF,
  0xFFFF, 0xFFFF, 0xFFFF, 0xFFFF, 0xFFFF, 0xFFFF, 0x0000, 0x0000, 0x0000, 0x0000,
  0x0000, 0xFFFF, 0xFFFF, 0xFFFF, 0xFFFF, 0xFFFF, 0x0000, 0x0000, 0x0000, 0x0000,
  0x0000, 0x0000, 0x0000, 0x0000, 0x0000, 0x0000, 0x0000, 0x0000, 0x0000, 0x0000,
  0x0000, 0xFFFF, 0xFFFF, 0xFFFF, 0xFFFF, 0xFFFF, 0x0000, 0x0000, 0x0000, 0x0000,
  0x0000, 0x0000, 0xFFFF, 0xFFFF, 0xFFFF, 0xFFFF, 0xFFFF, 0xFFFF, 0xFFFF, 0xFFFF,
  0xFFFF, 0xFFFF, 0x0000, 0x0000, 0x0000, 0x0000, 0x0000, 0x0000, 0x0000, 0x0000,
  0x0000, 0x0000, 0xFFFF, 0xFFFF, 0xFFFF, 0xFFFF, 0xFFFF, 0xFFFF, 0xFFFF, 0xFFFF,
  0xFFFF, 0xFFFF, 0x0000, 0x0000, 0x0000, 0x0000, 0x0000, 0x0000, 0xFFFF, 0xFFFF,
  0xFFFF, 0xFFFF, 0xFFFF, 0x0000, 0x0000, 0x0000, 0x0000, 0x0000, 0xFFFF, 0xFFFF,
  0xFFFF, 0xFFFF, 0xFFFF, 0xFFFF, 0xFFFF, 0xFFFF, 0xFFFF, 0xFFFF, 0x0000, 0x0000,
  0x0000, 0x0000, 0x0000, 0xFFFF, 0xFFFF, 0xFFFF, 0xFFFF, 0xFFFF, 0x0000, 0x0000,
  0x0000, 0x0000, 0x0000, 0x0000, 0xFFFF, 0xFFFF, 0xFFFF, 0xFFFF, 0xFFFF, 0xFFFF,
  0xFFFF, 0xFFFF, 0xFFFF, 0xFFFF, 0x0000, 0x0000, 0x0000, 0x0000, 0x0000, 0x0000,
  0x0000, 0x0000, 0x0000, 0x0000, 0xFFFF, 0xFFFF, 0xFFFF, 0xFFFF, 0xFFFF, 0x0000,
  0x0000, 0x0000, 0x0000, 0x0000, 0x0000, 0x0000, 0x0000, 0x0000, 0x0000, 0x0000,
  0x0000, 0x0000, 0x0000, 0x0000, 0x0000, 0xFFFF, 0xFFFF, 0xFFFF, 0xFFFF, 0xFFFF,
  0xFFFF, 0xFFFF, 0xFFFF, 0xFFFF, 0xFFFF, 0xFFFF, 0xFFFF, 0xFFFF, 0xFFFF, 0xFFFF,
  0xFFFF, 0xFFFF, 0xFFFF, 0xFFFF, 0xFFFF, 0xFFFF, 0xFFFF, 0xFFFF, 0xFFFF, 0xFFFF,
  0xFFFF, 0xFFFF, 0xFFFF, 0xFFFF, 0xFFFF, 0xFFFF, 0x0000, 0x0000, 0x0000, 0x0000,
  0x0000, 0xFFFF, 0xFFFF, 0xFFFF, 0xFFFF, 0xFFFF, 0x0000, 0x0000, 0x0000, 0x0000,
  0x0000, 0x0000, 0x0000, 0x0000, 0x0000, 0x0000, 0x0000, 0x0000, 0x0000, 0x0000,
  0x0000, 0xFFFF, 0xFFFF, 0xFFFF, 0xFFFF, 0xFFFF, 0x0000, 0x0000, 0x0000, 0x0000,
  0x0000, 0x0000, 0xFFFF, 0xFFFF, 0xFFFF, 0xFFFF, 0xFFFF, 0xFFFF, 0xFFFF, 0xFFFF,
  0xFFFF, 0xFFFF, 0x0000, 0x0000, 0x0000, 0x0000, 0x0000, 0x0000, 0x0000, 0x0000,
  0x0000, 0x0000, 0xFFFF, 0xFFFF, 0xFFFF, 0xFFFF, 0xFFFF, 0xFFFF, 0xFFFF, 0xFFFF,
  0xFFFF, 0xFFFF, 0x0000, 0x0000, 0x0000, 0x0000, 0x0000, 0x0000, 0xFFFF, 0xFFFF,
  0xFFFF, 0xFFFF, 0xFFFF, 0x0000, 0x0000, 0x0000, 0x0000, 0x0000, 0xFFFF, 0xFFFF,
  0xFFFF, 0xFFFF, 0xFFFF, 0xFFFF, 0xFFFF, 0xFFFF, 0xFFFF, 0xFFFF, 0x0000, 0x0000,
  0x0000, 0x0000, 0x0000, 0xFFFF, 0xFFFF, 0xFFFF, 0xFFFF, 0xFFFF, 0x0000, 0x0000,
  0x0000, 0x0000, 0x0000, 0x0000, 0xFFFF, 0xFFFF, 0xFFFF, 0xFFFF, 0xFFFF, 0xFFFF,
  0xFFFF, 0xFFFF, 0xFFFF, 0xFFFF, 0x0000, 0x0000, 0x0000, 0x0000, 0x0000, 0x0000,
  0x0000, 0x0000, 0x0000, 0x0000, 0xFFFF, 0xFFFF, 0xFFFF, 0xFFFF, 0xFFFF, 0x0000,
  0x0000, 0x0000, 0x0000, 0x0000, 0x0000, 0x0000, 0x0000, 0x0000, 0x0000, 0x0000,
  0x0000, 0x0000, 0x0000, 0x0000, 0x0000, 0xFFFF, 0xFFFF, 0xFFFF, 0xFFFF, 0xFFFF,
  0xFFFF, 0xFFFF, 0xFFFF, 0xFFFF, 0xFFFF, 0xFFFF, 0xFFFF, 0xFFFF, 0xFFFF, 0xFFFF,
  0xFFFF, 0xFFFF, 0xFFFF, 0xFFFF, 0xFFFF, 0xFFFF, 0xFFFF, 0xFFFF, 0xFFFF, 0xFFFF,
  0xFFFF, 0xFFFF, 0xFFFF, 0xFFFF, 0xFFFF, 0xFFFF, 0x0000, 0x0000, 0x0000, 0x0000,
  0x0000, 0xFFFF, 0xFFFF, 0xFFFF, 0xFFFF, 0xFFFF, 0x0000, 0x0000, 0x0000, 0x0000,
  0x0000, 0x0000, 0x0000, 0x0000, 0x0000, 0x0000, 0x0000, 0x0000, 0x0000, 0x0000,
  0x0000, 0xFFFF, 0xFFFF, 0xFFFF, 0xFFFF, 0xFFFF, 0x0000, 0x0000, 0x0000, 0x0000,
  0x0000, 0x0000, 0xFFFF, 0xFFFF, 0xFFFF, 0xFFFF, 0xFFFF, 0xFFFF, 0xFFFF, 0xFFFF,
  0xFFFF, 0xFFFF, 0x0000, 0x0000, 0x0000, 0x0000, 0x0000, 0x0000, 0x0000, 0x0000,
  0x0000, 0x0000, 0xFFFF, 0xFFFF, 0xFFFF, 0xFFFF, 0xFFFF, 0xFFFF, 0xFFFF, 0xFFFF,
  0xFFFF, 0xFFFF, 0x0000, 0x0000, 0x0000, 0x0000, 0x0000, 0x0000, 0xFFFF, 0xFFFF,
  0xFFFF, 0xFFFF, 0xFFFF, 0x0000, 0x0000, 0x0000, 0x0000, 0x0000, 0xFFFF, 0xFFFF,
  0xFFFF, 0xFFFF, 0xFFFF, 0xFFFF, 0xFFFF, 0xFFFF, 0xFFFF, 0xFFFF, 0x0000, 0x0000,
  0x0000, 0x0000, 0x0000, 0xFFFF, 0xFFFF, 0xFFFF, 0xFFFF, 0xFFFF, 0x0000, 0x0000,
  0x0000, 0x0000, 0x0000, 0x0000, 0xFFFF, 0xFFFF, 0xFFFF, 0xFFFF, 0xFFFF, 0xFFFF,
  0xFFFF, 0xFFFF, 0xFFFF, 0xFFFF, 0x0000, 0x0000, 0x0000, 0x0000, 0x0000, 0x0000,
  0x0000, 0x0000, 0x0000, 0x0000, 0xFFFF, 0xFFFF, 0xFFFF, 0xFFFF, 0xFFFF, 0x0000,
  0x0000, 0x0000, 0x0000, 0x0000, 0x0000, 0x0000, 0x0000, 0x0000, 0x0000, 0x0000,
  0x0000, 0x0000, 0x0000, 0x0000, 0x0000, 0xFFFF, 0xFFFF, 0xFFFF, 0xFFFF, 0xFFFF,
  0xFFFF, 0xFFFF, 0xFFFF, 0xFFFF, 0xFFFF, 0xFFFF, 0xFFFF, 0xFFFF, 0xFFFF, 0xFFFF,
  0xFFFF, 0xFFFF, 0xFFFF, 0xFFFF, 0xFFFF, 0xFFFF, 0xFFFF, 0xFFFF, 0xFFFF, 0xFFFF,
  0xFFFF, 0xFFFF, 0xFFFF, 0xFFFF, 0xFFFF, 0xFFFF, 0x0000, 0x0000, 0x0000, 0x0000,
  0x0000, 0xFFFF, 0xFFFF, 0xFFFF, 0xFFFF, 0xFFFF, 0x0000, 0x0000, 0x0000, 0x0000,
  0x0000, 0x0000, 0x0000, 0x0000, 0x0000, 0x0000, 0x0000, 0x0000, 0x0000, 0x0000,
  0x0000, 0xFFFF, 0xFFFF, 0xFFFF, 0xFFFF, 0xFFFF, 0x0000, 0x0000, 0x0000, 0x0000,
  0x0000, 0x0000, 0xFFFF, 0xFFFF, 0xFFFF, 0xFFFF, 0xFFFF, 0xFFFF, 0xFFFF, 0xFFFF,
  0xFFFF, 0xFFFF, 0x0000, 0x0000, 0x0000, 0x0000, 0x0000, 0x0000, 0x0000, 0x0000,
  0x0000, 0x0000, 0xFFFF, 0xFFFF, 0xFFFF, 0xFFFF, 0xFFFF, 0xFFFF, 0xFFFF, 0xFFFF,
  0xFFFF, 0xFFFF, 0x0000, 0x0000, 0x0000, 0x0000, 0x0000, 0x0000, 0xFFFF, 0xFFFF,
  0xFFFF, 0xFFFF, 0xFFFF, 0x0000, 0x0000, 0x0000, 0x0000, 0x0000, 0xFFFF, 0xFFFF,
  0xFFFF, 0xFFFF, 0xFFFF, 0xFFFF, 0xFFFF, 0xFFFF, 0xFFFF, 0xFFFF, 0x0000, 0x0000,
  0x0000, 0x0000, 0x0000, 0xFFFF, 0xFFFF, 0xFFFF, 0xFFFF, 0xFFFF, 0x0000, 0x0000,
  0x0000, 0x0000, 0x0000, 0x0000, 0xFFFF, 0xFFFF, 0xFFFF, 0xFFFF, 0xFFFF, 0xFFFF,
  0xFFFF, 0xFFFF, 0xFFFF, 0xFFFF, 0x0000, 0x0000, 0x0000, 0x0000, 0x0000, 0x0000,
  0x0000, 0x0000, 0x0000, 0x0000, 0xFFFF, 0xFFFF, 0xFFFF, 0xFFFF, 0xFFFF, 0x0000,
  0x0000, 0x0000, 0x0000, 0x0000, 0x0000, 0x0000, 0x0000, 0x0000, 0x0000, 0x0000,
  0x0000, 0x0000, 0x0000, 0x0000, 0x0000, 0xFFFF, 0xFFFF, 0xFFFF, 0xFFFF, 0xFFFF,
  0xFFFF, 0xFFFF, 0xFFFF, 0xFFFF, 0xFFFF, 0xFFFF, 0xFFFF, 0xFFFF, 0xFFFF, 0xFFFF,
  0xFFFF, 0xFFFF, 0xFFFF, 0xFFFF, 0xFFFF, 0xFFFF, 0xFFFF, 0xFFFF, 0xFFFF, 0xFFFF,
  0xFFFF, 0xFFFF, 0xFFFF, 0xFFFF, 0xFFFF, 0xFFFF, 0x0000, 0x0000, 0x0000, 0x0000,
  0x0000, 0xFFFF, 0xFFFF, 0xFFFF, 0xFFFF, 0xFFFF, 0xFFFF, 0xFFFF, 0xFFFF, 0xFFFF,
  0xFFFF, 0xFFFF, 0xFFFF, 0xFFFF, 0xFFFF, 0xFFFF, 0xFFFF, 0xFFFF, 0xFFFF, 0xFFFF,
  0xFFFF, 0xFFFF, 0xFFFF, 0xFFFF, 0xFFFF, 0xFFFF, 0x0000, 0x0000, 0x0000, 0x0000,
  0x0000, 0x0000, 0xFFFF, 0xFFFF, 0xFFFF, 0xFFFF, 0xFFFF, 0xFFFF, 0xFFFF, 0xFFFF,
  0xFFFF, 0xFFFF, 0xFFFF, 0xFFFF, 0xFFFF, 0xFFFF, 0xFFFF, 0x0000, 0x0000, 0x0000,
  0x0000, 0x0000, 0xFFFF, 0xFFFF, 0xFFFF, 0xFFFF, 0xFFFF, 0x0000, 0x0000, 0x0000,
  0x0000, 0x0000, 0x0000, 0x0000, 0x0000, 0x0000, 0x0000, 0x0000, 0xFFFF, 0xFFFF,
  0xFFFF, 0xFFFF, 0xFFFF, 0x0000, 0x0000, 0x0000, 0x0000, 0x0000, 0x0000, 0x0000,
  0x0000, 0x0000, 0x0000, 0x0000, 0x0000, 0x0000, 0x0000, 0x0000, 0x0000, 0x0000,
  0x0000, 0x0000, 0x0000, 0xFFFF, 0xFFFF, 0xFFFF, 0xFFFF, 0xFFFF, 0xFFFF, 0xFFFF,
  0xFFFF, 0xFFFF, 0xFFFF, 0xFFFF, 0x0000, 0x0000, 0x0000, 0x0000, 0x0000, 0xFFFF,
  0xFFFF, 0xFFFF, 0xFFFF, 0xFFFF, 0x0000, 0x0000, 0x0000, 0x0000, 0x0000, 0x0000,
  0x0000, 0x0000, 0x0000, 0x0000, 0x0000, 0x0000, 0x0000, 0x0000, 0x0000, 0xFFFF,
  0xFFFF, 0xFFFF, 0xFFFF, 0xFFFF, 0xFFFF, 0xFFFF, 0xFFFF, 0xFFFF, 0xFFFF, 0xFFFF,
  0xFFFF, 0xFFFF, 0xFFFF, 0xFFFF, 0xFFFF, 0xFFFF, 0xFFFF, 0xFFFF, 0xFFFF, 0xFFFF,
  0xFFFF, 0xFFFF, 0xFFFF, 0xFFFF, 0xFFFF, 0xFFFF, 0xFFFF, 0xFFFF, 0xFFFF, 0xFFFF,
  0xFFFF, 0xFFFF, 0xFFFF, 0xFFFF, 0xFFFF, 0xFFFF, 0xFFFF, 0xFFFF, 0xFFFF, 0xFFFF,
  0xFFFF, 0xFFFF, 0xFFFF, 0xFFFF, 0xFFFF, 0xFFFF, 0x0000, 0x0000, 0x0000, 0x0000,
  0x0000, 0xFFFF, 0xFFFF, 0xFFFF, 0xFFFF, 0xFFFF, 0xFFFF, 0xFFFF, 0xFFFF, 0xFFFF,
  0xFFFF, 0xFFFF, 0xFFFF, 0xFFFF, 0xFFFF, 0xFFFF, 0xFFFF, 0xFFFF, 0xFFFF, 0xFFFF,
  0xFFFF, 0xFFFF, 0xFFFF, 0xFFFF, 0xFFFF, 0xFFFF, 0x0000, 0x0000, 0x0000, 0x0000,
  0x0000, 0x0000, 0xFFFF, 0xFFFF, 0xFFFF, 0xFFFF, 0xFFFF, 0xFFFF, 0xFFFF, 0xFFFF,
  0xFFFF, 0xFFFF, 0xFFFF, 0xFFFF, 0xFFFF, 0xFFFF, 0xFFFF, 0x0000, 0x0000, 0x0000,
  0x0000, 0x0000, 0xFFFF, 0xFFFF, 0xFFFF, 0xFFFF, 0xFFFF, 0x0000, 0x0000, 0x0000,
  0x0000, 0x0000, 0x0000, 0x0000, 0x0000, 0x0000, 0x0000, 0x0000, 0xFFFF, 0xFFFF,
  0xFFFF, 0xFFFF, 0xFFFF, 0x0000, 0x0000, 0x0000, 0x0000, 0x0000, 0x0000, 0x0000,
  0x0000, 0x0000, 0x0000, 0x0000, 0x0000, 0x0000, 0x0000, 0x0000, 0x0000, 0x0000,
  0x0000, 0x0000, 0x0000, 0xFFFF, 0xFFFF, 0xFFFF, 0xFFFF, 0xFFFF, 0xFFFF, 0xFFFF,
  0xFFFF, 0xFFFF, 0xFFFF, 0xFFFF, 0x0000, 0x0000, 0x0000, 0x0000, 0x0000, 0xFFFF,
  0xFFFF, 0xFFFF, 0xFFFF, 0xFFFF, 0x0000, 0x0000, 0x0000, 0x0000, 0x0000, 0x0000,
  0x0000, 0x0000, 0x0000, 0x0000, 0x0000, 0x0000, 0x0000, 0x0000, 0x0000, 0xFFFF,
  0xFFFF, 0xFFFF, 0xFFFF, 0xFFFF, 0xFFFF, 0xFFFF, 0xFFFF, 0xFFFF, 0xFFFF, 0xFFFF,
  0xFFFF, 0xFFFF, 0xFFFF, 0xFFFF, 0xFFFF, 0xFFFF, 0xFFFF, 0xFFFF, 0xFFFF, 0xFFFF,
  0xFFFF, 0xFFFF, 0xFFFF, 0xFFFF, 0xFFFF, 0xFFFF, 0xFFFF, 0xFFFF, 0xFFFF, 0xFFFF,
  0xFFFF, 0xFFFF, 0xFFFF, 0xFFFF, 0xFFFF, 0xFFFF, 0xFFFF, 0xFFFF, 0xFFFF, 0xFFFF,
  0xFFFF, 0xFFFF, 0xFFFF, 0xFFFF, 0xFFFF, 0xFFFF, 0x0000, 0x0000, 0x0000, 0x0000,
  0x0000, 0xFFFF, 0xFFFF, 0xFFFF, 0xFFFF, 0xFFFF, 0xFFFF, 0xFFFF, 0xFFFF, 0xFFFF,
  0xFFFF, 0xFFFF, 0xFFFF, 0xFFFF, 0xFFFF, 0xFFFF, 0xFFFF, 0xFFFF, 0xFFFF, 0xFFFF,
  0xFFFF, 0xFFFF, 0xFFFF, 0xFFFF, 0xFFFF, 0xFFFF, 0x0000, 0x0000, 0x0000, 0x0000,
  0x0000, 0x0000, 0xFFFF, 0xFFFF, 0xFFFF, 0xFFFF, 0xFFFF, 0xFFFF, 0xFFFF, 0xFFFF,
  0xFFFF, 0xFFFF, 0xFFFF, 0xFFFF, 0xFFFF, 0xFFFF, 0xFFFF, 0x0000, 0x0000, 0x0000,
  0x0000, 0x0000, 0xFFFF, 0xFFFF, 0xFFFF, 0xFFFF, 0xFFFF, 0x0000, 0x0000, 0x0000,
  0x0000, 0x0000, 0x0000, 0x0000, 0x0000, 0x0000, 0x0000, 0x0000, 0xFFFF, 0xFFFF,
  0xFFFF, 0xFFFF, 0xFFFF, 0x0000, 0x0000, 0x0000, 0x0000, 0x0000, 0x0000, 0x0000,
  0x0000, 0x0000, 0x0000, 0x0000, 0x0000, 0x0000, 0x0000, 0x0000, 0x0000, 0x0000,
  0x0000, 0x0000, 0x0000, 0xFFFF, 0xFFFF, 0xFFFF, 0xFFFF, 0xFFFF, 0xFFFF, 0xFFFF,
  0xFFFF, 0xFFFF, 0xFFFF, 0xFFFF, 0x0000, 0x0000, 0x0000, 0x0000, 0x0000, 0xFFFF,
  0xFFFF, 0xFFFF, 0xFFFF, 0xFFFF, 0x0000, 0x0000, 0x0000, 0x0000, 0x0000, 0x0000,
  0x0000, 0x0000, 0x0000, 0x0000, 0x0000, 0x0000, 0x0000, 0x0000, 0x0000, 0xFFFF,
  0xFFFF, 0xFFFF, 0xFFFF, 0xFFFF, 0xFFFF, 0xFFFF, 0xFFFF, 0xFFFF, 0xFFFF, 0xFFFF,
  0xFFFF, 0xFFFF, 0xFFFF, 0xFFFF, 0xFFFF, 0xFFFF, 0xFFFF, 0xFFFF, 0xFFFF, 0xFFFF,
  0xFFFF, 0xFFFF, 0xFFFF, 0xFFFF, 0xFFFF, 0xFFFF, 0xFFFF, 0xFFFF, 0xFFFF, 0xFFFF,
  0xFFFF, 0xFFFF, 0xFFFF, 0xFFFF, 0xFFFF, 0xFFFF, 0xFFFF, 0xFFFF, 0xFFFF, 0xFFFF,
  0xFFFF, 0xFFFF, 0xFFFF, 0xFFFF, 0xFFFF, 0xFFFF, 0x0000, 0x0000, 0x0000, 0x0000,
  0x0000, 0xFFFF, 0xFFFF, 0xFFFF, 0xFFFF, 0xFFFF, 0xFFFF, 0xFFFF, 0xFFFF, 0xFFFF,
  0xFFFF, 0xFFFF, 0xFFFF, 0xFFFF, 0xFFFF, 0xFFFF, 0xFFFF, 0xFFFF, 0xFFFF, 0xFFFF,
  0xFFFF, 0xFFFF, 0xFFFF, 0xFFFF, 0xFFFF, 0xFFFF, 0x0000, 0x0000, 0x0000, 0x0000,
  0x0000, 0x0000, 0xFFFF, 0xFFFF, 0xFFFF, 0xFFFF, 0xFFFF, 0xFFFF, 0xFFFF, 0xFFFF,
  0xFFFF, 0xFFFF, 0xFFFF, 0xFFFF, 0xFFFF, 0xFFFF, 0xFFFF, 0x0000, 0x0000, 0x0000,
  0x0000, 0x0000, 0xFFFF, 0xFFFF, 0xFFFF, 0xFFFF, 0xFFFF, 0x0000, 0x0000, 0x0000,
  0x0000, 0x0000, 0x0000, 0x0000, 0x0000, 0x0000, 0x0000, 0x0000, 0xFFFF, 0xFFFF,
  0xFFFF, 0xFFFF, 0xFFFF, 0x0000, 0x0000, 0x0000, 0x0000, 0x0000, 0x0000, 0x0000,
  0x0000, 0x0000, 0x0000, 0x0000, 0x0000, 0x0000, 0x0000, 0x0000, 0x0000, 0x0000,
  0x0000, 0x0000, 0x0000, 0xFFFF, 0xFFFF, 0xFFFF, 0xFFFF, 0xFFFF, 0xFFFF, 0xFFFF,
  0xFFFF, 0xFFFF, 0xFFFF, 0xFFFF, 0x0000, 0x0000, 0x0000, 0x0000, 0x0000, 0xFFFF,
  0xFFFF, 0xFFFF, 0xFFFF, 0xFFFF, 0x0000, 0x0000, 0x0000, 0x0000, 0x0000, 0x0000,
  0x0000, 0x0000, 0x0000, 0x0000, 0x0000, 0x0000, 0x0000, 0x0000, 0x0000, 0xFFFF,
  0xFFFF, 0xFFFF, 0xFFFF, 0xFFFF, 0xFFFF, 0xFFFF, 0xFFFF, 0xFFFF, 0xFFFF, 0xFFFF,
  0xFFFF, 0xFFFF, 0xFFFF, 0xFFFF, 0xFFFF, 0xFFFF, 0xFFFF, 0xFFFF, 0xFFFF, 0xFFFF,
  0xFFFF, 0xFFFF, 0xFFFF, 0xFFFF, 0xFFFF, 0xFFFF, 0xFFFF, 0xFFFF, 0xFFFF, 0xFFFF,
  0xFFFF, 0xFFFF, 0xFFFF, 0xFFFF, 0xFFFF, 0xFFFF, 0xFFFF, 0xFFFF, 0xFFFF, 0xFFFF,
  0xFFFF, 0xFFFF, 0xFFFF, 0xFFFF, 0xFFFF, 0xFFFF, 0x0000, 0x0000, 0x0000, 0x0000,
  0x0000, 0xFFFF, 0xFFFF, 0xFFFF, 0xFFFF, 0xFFFF, 0xFFFF, 0xFFFF, 0xFFFF, 0xFFFF,
  0xFFFF, 0xFFFF, 0xFFFF, 0xFFFF, 0xFFFF, 0xFFFF, 0xFFFF, 0xFFFF, 0xFFFF, 0xFFFF,
  0xFFFF, 0xFFFF, 0xFFFF, 0xFFFF, 0xFFFF, 0xFFFF, 0x0000, 0x0000, 0x0000, 0x0000,
  0x0000, 0x0000, 0xFFFF, 0xFFFF, 0xFFFF, 0xFFFF, 0xFFFF, 0xFFFF, 0xFFFF, 0xFFFF,
  0xFFFF, 0xFFFF, 0xFFFF, 0xFFFF, 0xFFFF, 0xFFFF, 0xFFFF, 0x0000, 0x0000, 0x0000,
  0x0000, 0x0000, 0xFFFF, 0xFFFF, 0xFFFF, 0xFFFF, 0xFFFF, 0x0000, 0x0000, 0x0000,
  0x0000, 0x0000, 0x0000, 0x0000, 0x0000, 0x0000, 0x0000, 0x0000, 0xFFFF, 0xFFFF,
  0xFFFF, 0xFFFF, 0xFFFF, 0x0000, 0x0000, 0x0000, 0x0000, 0x0000, 0x0000, 0x0000,
  0x0000, 0x0000, 0x0000, 0x0000, 0x0000, 0x0000, 0x0000, 0x0000, 0x0000, 0x0000,
  0x0000, 0x0000, 0x0000, 0xFFFF, 0xFFFF, 0xFFFF, 0xFFFF, 0xFFFF, 0xFFFF, 0xFFFF,
  0xFFFF, 0xFFFF, 0xFFFF, 0xFFFF, 0x0000, 0x0000, 0x0000, 0x0000, 0x0000, 0xFFFF,
  0xFFFF, 0xFFFF, 0xFFFF, 0xFFFF, 0x0000, 0x0000, 0x0000, 0x0000, 0x0000, 0x0000,
  0x0000, 0x0000, 0x0000, 0x0000, 0x0000, 0x0000, 0x0000, 0x0000, 0x0000, 0xFFFF,
  0xFFFF, 0xFFFF, 0xFFFF, 0xFFFF, 0xFFFF, 0xFFFF, 0xFFFF, 0xFFFF, 0xFFFF, 0xFFFF,
  0xFFFF, 0xFFFF, 0xFFFF, 0xFFFF, 0xFFFF, 0xFFFF, 0xFFFF, 0xFFFF, 0xFFFF, 0xFFFF,
  0xFFFF, 0xFFFF, 0xFFFF, 0xFFFF, 0xFFFF, 0xFFFF, 0xFFFF, 0xFFFF, 0xFFFF, 0xFFFF,
  0xFFFF, 0xFFFF, 0xFFFF, 0xFFFF, 0xFFFF, 0xFFFF, 0xFFFF, 0xFFFF, 0xFFFF, 0xFFFF,
  0xFFFF, 0xFFFF, 0xFFFF, 0xFFFF, 0xFFFF, 0xFFFF, 0x0000, 0x0000, 0x0000, 0x0000,
  0x0000, 0x0000, 0x0000, 0x0000, 0x0000, 0x0000, 0x0000, 0x0000, 0x0000, 0x0000,
  0x0000, 0x0000, 0x0000, 0x0000, 0x0000, 0x0000, 0x0000, 0x0000, 0x0000, 0x0000,
  0x0000, 0x0000, 0x0000, 0x0000, 0x0000, 0x0000, 0x0000, 0x0000, 0x0000, 0x0000,
  0x0000, 0x0000, 0xFFFF, 0xFFFF, 0xFFFF, 0xFFFF, 0xFFFF, 0x0000, 0x0000, 0x0000,
  0x0000, 0x0000, 0x0000, 0x0000, 0x0000, 0x0000, 0x0000, 0xFFFF, 0xFFFF, 0xFFFF,
  0xFFFF, 0xFFFF, 0x0000, 0x0000, 0x0000, 0x0000, 0x0000, 0xFFFF, 0xFFFF, 0xFFFF,
  0xFFFF, 0xFFFF, 0xFFFF, 0xFFFF, 0xFFFF, 0xFFFF, 0xFFFF, 0xFFFF, 0x0000, 0x0000,
  0x0000, 0x0000, 0x0000, 0xFFFF, 0xFFFF, 0xFFFF, 0xFFFF, 0xFFFF, 0x0000, 0x0000,
  0x0000, 0x0000, 0x0000, 0x0000, 0x0000, 0x0000, 0x0000, 0x0000, 0xFFFF, 0xFFFF,
  0xFFFF, 0xFFFF, 0xFFFF, 0x0000, 0x0000, 0x0000, 0x0000, 0x0000, 0x0000, 0x0000,
  0x0000, 0x0000, 0x0000, 0x0000, 0x0000, 0x0000, 0x0000, 0x0000, 0x0000, 0x0000,
  0x0000, 0x0000, 0x0000, 0x0000, 0x0000, 0x0000, 0x0000, 0x0000, 0x0000, 0x0000,
  0x0000, 0x0000, 0x0000, 0x0000, 0xFFFF, 0xFFFF, 0xFFFF, 0xFFFF, 0xFFFF, 0x0000,
  0x0000, 0x0000, 0x0000, 0x0000, 0xFFFF, 0xFFFF, 0xFFFF, 0xFFFF, 0xFFFF, 0xFFFF,
  0xFFFF, 0xFFFF, 0xFFFF, 0xFFFF, 0xFFFF, 0xFFFF, 0xFFFF, 0xFFFF, 0xFFFF, 0xFFFF,
  0xFFFF, 0xFFFF, 0xFFFF, 0xFFFF, 0xFFFF, 0xFFFF, 0xFFFF, 0xFFFF, 0xFFFF, 0xFFFF,
  0x0000, 0x0000, 0x0000, 0x0000, 0x0000, 0xFFFF, 0xFFFF, 0xFFFF, 0xFFFF, 0xFFFF,
  0xFFFF, 0xFFFF, 0xFFFF, 0xFFFF, 0xFFFF, 0xFFFF, 0x0000, 0x0000, 0x0000, 0x0000,
  0x0000, 0x0000, 0x0000, 0x0000, 0x0000, 0x0000, 0x0000, 0x0000, 0x0000, 0x0000,
  0x0000, 0x0000, 0x0000, 0x0000, 0x0000, 0x0000, 0x0000, 0x0000, 0x0000, 0x0000,
  0x0000, 0x0000, 0x0000, 0x0000, 0x0000, 0x0000, 0x0000, 0x0000, 0x0000, 0x0000,
  0x0000, 0x0000, 0xFFFF, 0xFFFF, 0xFFFF, 0xFFFF, 0xFFFF, 0x0000, 0x0000, 0x0000,
  0x0000, 0x0000, 0x0000, 0x0000, 0x0000, 0x0000, 0x0000, 0xFFFF, 0xFFFF, 0xFFFF,
  0xFFFF, 0xFFFF, 0x0000, 0x0000, 0x0000, 0x0000, 0x0000, 0xFFFF, 0xFFFF, 0xFFFF,
  0xFFFF, 0xFFFF, 0xFFFF, 0xFFFF, 0xFFFF, 0xFFFF, 0xFFFF, 0xFFFF, 0x0000, 0x0000,
  0x0000, 0x0000, 0x0000, 0xFFFF, 0xFFFF, 0xFFFF, 0xFFFF, 0xFFFF, 0x0000, 0x0000,
  0x0000, 0x0000, 0x0000, 0x0000, 0x0000, 0x0000, 0x0000, 0x0000, 0xFFFF, 0xFFFF,
  0xFFFF, 0xFFFF, 0xFFFF, 0x0000, 0x0000, 0x0000, 0x0000, 0x0000, 0x0000, 0x0000,
  0x0000, 0x0000, 0x0000, 0x0000, 0x0000, 0x0000, 0x0000, 0x0000, 0x0000, 0x0000,
  0x0000, 0x0000, 0x0000, 0x0000, 0x0000, 0x0000, 0x0000, 0x0000, 0x0000, 0x0000,
  0x0000, 0x0000, 0x0000, 0x0000, 0xFFFF, 0xFFFF, 0xFFFF, 0xFFFF, 0xFFFF, 0x0000,
  0x0000, 0x0000, 0x0000, 0x0000, 0xFFFF, 0xFFFF, 0xFFFF, 0xFFFF, 0xFFFF, 0xFFFF,
  0xFFFF, 0xFFFF, 0xFFFF, 0xFFFF, 0xFFFF, 0xFFFF, 0xFFFF, 0xFFFF, 0xFFFF, 0xFFFF,
  0xFFFF, 0xFFFF, 0xFFFF, 0xFFFF, 0xFFFF, 0xFFFF, 0xFFFF, 0xFFFF, 0xFFFF, 0xFFFF,
  0x0000, 0x0000, 0x0000, 0x0000, 0x0000, 0xFFFF, 0xFFFF, 0xFFFF, 0xFFFF, 0xFFFF,
  0xFFFF, 0xFFFF, 0xFFFF, 0xFFFF, 0xFFFF, 0xFFFF, 0x0000, 0x0000, 0x0000, 0x0000,
  0x0000, 0x0000, 0x0000, 0x0000, 0x0000, 0x0000, 0x0000, 0x0000, 0x0000, 0x0000,
  0x0000, 0x0000, 0x0000, 0x0000, 0x0000, 0x0000, 0x0000, 0x0000, 0x0000, 0x0000,
  0x0000, 0x0000, 0x0000, 0x0000, 0x0000, 0x0000, 0x0000, 0x0000, 0x0000, 0x0000,
  0x0000, 0x0000, 0xFFFF, 0xFFFF, 0xFFFF, 0xFFFF, 0xFFFF, 0x0000, 0x0000, 0x0000,
  0x0000, 0x0000, 0x0000, 0x0000, 0x0000, 0x0000, 0x0000, 0xFFFF, 0xFFFF, 0xFFFF,
  0xFFFF, 0xFFFF, 0x0000, 0x0000, 0x0000, 0x0000, 0x0000, 0xFFFF, 0xFFFF, 0xFFFF,
  0xFFFF, 0xFFFF, 0xFFFF, 0xFFFF, 0xFFFF, 0xFFFF, 0xFFFF, 0xFFFF, 0x0000, 0x0000,
  0x0000, 0x0000, 0x0000, 0xFFFF, 0xFFFF, 0xFFFF, 0xFFFF, 0xFFFF, 0x0000, 0x0000,
  0x0000, 0x0000, 0x0000, 0x0000, 0x0000, 0x0000, 0x0000, 0x0000, 0xFFFF, 0xFFFF,
  0xFFFF, 0xFFFF, 0xFFFF, 0x0000, 0x0000, 0x0000, 0x0000, 0x0000, 0x0000, 0x0000,
  0x0000, 0x0000, 0x0000, 0x0000, 0x0000, 0x0000, 0x0000, 0x0000, 0x0000, 0x0000,
  0x0000, 0x0000, 0x0000, 0x0000, 0x0000, 0x0000, 0x0000, 0x0000, 0x0000, 0x0000,
  0x0000, 0x0000, 0x0000, 0x0000, 0xFFFF, 0xFFFF, 0xFFFF, 0xFFFF, 0xFFFF, 0x0000,
  0x0000, 0x0000, 0x0000, 0x0000, 0xFFFF, 0xFFFF, 0xFFFF, 0xFFFF, 0xFFFF, 0xFFFF,
  0xFFFF, 0xFFFF, 0xFFFF, 0xFFFF, 0xFFFF, 0xFFFF, 0xFFFF, 0xFFFF, 0xFFFF, 0xFFFF,
  0xFFFF, 0xFFFF, 0xFFFF, 0xFFFF, 0xFFFF, 0xFFFF, 0xFFFF, 0xFFFF, 0xFFFF, 0xFFFF,
  0x0000, 0x0000, 0x0000, 0x0000, 0x0000, 0xFFFF, 0xFFFF, 0xFFFF, 0xFFFF, 0xFFFF,
  0xFFFF, 0xFFFF, 0xFFFF, 0xFFFF, 0xFFFF, 0xFFFF, 0x0000, 0x0000, 0x0000, 0x0000,
  0x0000, 0x0000, 0x0000, 0x0000, 0x0000, 0x0000, 0x0000, 0x0000, 0x0000, 0x0000,
  0x0000, 0x0000, 0x0000, 0x0000, 0x0000, 0x0000, 0x0000, 0x0000, 0x0000, 0x0000,
  0x0000, 0x0000, 0x0000, 0x0000, 0x0000, 0x0000, 0x0000, 0x0000, 0x0000, 0x0000,
  0x0000, 0x0000, 0xFFFF, 0xFFFF, 0xFFFF, 0xFFFF, 0xFFFF, 0x0000, 0x0000, 0x0000,
  0x0000, 0x0000, 0x0000, 0x0000, 0x0000, 0x0000, 0x0000, 0xFFFF, 0xFFFF, 0xFFFF,
  0xFFFF, 0xFFFF, 0x0000, 0x0000, 0x0000, 0x0000, 0x0000, 0xFFFF, 0xFFFF, 0xFFFF,
  0xFFFF, 0xFFFF, 0xFFFF, 0xFFFF, 0xFFFF, 0xFFFF, 0xFFFF, 0xFFFF, 0x0000, 0x0000,
  0x0000, 0x0000, 0x0000, 0xFFFF, 0xFFFF, 0xFFFF, 0xFFFF, 0xFFFF, 0x0000, 0x0000,
  0x0000, 0x0000, 0x0000, 0x0000, 0x0000, 0x0000, 0x0000, 0x0000, 0xFFFF, 0xFFFF,
  0xFFFF, 0xFFFF, 0xFFFF, 0x0000, 0x0000, 0x0000, 0x0000, 0x0000, 0x0000, 0x0000,
  0x0000, 0x0000, 0x0000, 0x0000, 0x0000, 0x0000, 0x0000, 0x0000, 0x0000, 0x0000,
  0x0000, 0x0000, 0x0000, 0x0000, 0x0000, 0x0000, 0x0000, 0x0000, 0x0000, 0x0000,
  0x0000, 0x0000, 0x0000, 0x0000, 0xFFFF, 0xFFFF, 0xFFFF, 0xFFFF, 0xFFFF, 0x0000,
  0x0000, 0x0000, 0x0000, 0x0000, 0xFFFF, 0xFFFF, 0xFFFF, 0xFFFF, 0xFFFF, 0xFFFF,
  0xFFFF, 0xFFFF, 0xFFFF, 0xFFFF, 0xFFFF, 0xFFFF, 0xFFFF, 0xFFFF, 0xFFFF, 0xFFFF,
  0xFFFF, 0xFFFF, 0xFFFF, 0xFFFF, 0xFFFF, 0xFFFF, 0xFFFF, 0xFFFF, 0xFFFF, 0xFFFF,
  0x0000, 0x0000, 0x0000, 0x0000, 0x0000, 0xFFFF, 0xFFFF, 0xFFFF, 0xFFFF, 0xFFFF,
  0xFFFF, 0xFFFF, 0xFFFF, 0xFFFF, 0xFFFF, 0xFFFF, 0x0000, 0x0000, 0x0000, 0x0000,
  0x0000, 0x0000, 0x0000, 0x0000, 0x0000, 0x0000, 0x0000, 0x0000, 0x0000, 0x0000,
  0x0000, 0x0000, 0x0000, 0x0000, 0x0000, 0x0000, 0x0000, 0x0000, 0x0000, 0x0000,
  0x0000, 0x0000, 0x0000, 0x0000, 0x0000, 0x0000, 0x0000, 0x0000, 0x0000, 0x0000,
  0x0000, 0x0000, 0xFFFF, 0xFFFF, 0xFFFF, 0xFFFF, 0xFFFF, 0x0000, 0x0000, 0x0000,
  0x0000, 0x0000, 0x0000, 0x0000, 0x0000, 0x0000, 0x0000, 0xFFFF, 0xFFFF, 0xFFFF,
  0xFFFF, 0xFFFF, 0x0000, 0x0000, 0x0000, 0x0000, 0x0000, 0xFFFF, 0xFFFF, 0xFFFF,
  0xFFFF, 0xFFFF, 0xFFFF, 0xFFFF, 0xFFFF, 0xFFFF, 0xFFFF, 0xFFFF, 0x0000, 0x0000,
  0x0000, 0x0000, 0x0000, 0xFFFF, 0xFFFF, 0xFFFF, 0xFFFF, 0xFFFF, 0x0000, 0x0000,
  0x0000, 0x0000, 0x0000, 0x0000, 0x0000, 0x0000, 0x0000, 0x0000, 0xFFFF, 0xFFFF,
  0xFFFF, 0xFFFF, 0xFFFF, 0x0000, 0x0000, 0x0000, 0x0000, 0x0000, 0x0000, 0x0000,
  0x0000, 0x0000, 0x0000, 0x0000, 0x0000, 0x0000, 0x0000, 0x0000, 0x0000, 0x0000,
  0x0000, 0x0000, 0x0000, 0x0000, 0x0000, 0x0000, 0x0000, 0x0000, 0x0000, 0x0000,
  0x0000, 0x0000, 0x0000, 0x0000, 0xFFFF, 0xFFFF, 0xFFFF, 0xFFFF, 0xFFFF, 0x0000,
  0x0000, 0x0000, 0x0000, 0x0000, 0xFFFF, 0xFFFF, 0xFFFF, 0xFFFF, 0xFFFF, 0xFFFF,
  0xFFFF, 0xFFFF, 0xFFFF, 0xFFFF, 0xFFFF, 0xFFFF, 0xFFFF, 0xFFFF, 0xFFFF, 0xFFFF,
  0xFFFF, 0xFFFF, 0xFFFF, 0xFFFF, 0xFFFF, 0xFFFF, 0xFFFF, 0xFFFF, 0xFFFF, 0xFFFF,
  0x0000, 0x0000, 0x0000, 0x0000, 0x0000, 0xFFFF, 0xFFFF, 0xFFFF, 0xFFFF, 0xFFFF,
  0xFFFF, 0xFFFF, 0xFFFF, 0xFFFF, 0xFFFF, 0xFFFF, 0xFFFF, 0xFFFF, 0xFFFF, 0xFFFF,
  0xFFFF, 0xFFFF, 0xFFFF, 0xFFFF, 0xFFFF, 0xFFFF, 0xFFFF, 0xFFFF, 0xFFFF, 0xFFFF,
  0xFFFF, 0xFFFF, 0xFFFF, 0xFFFF, 0xFFFF, 0xFFFF, 0xFFFF, 0xFFFF, 0xFFFF, 0xFFFF,
  0xFFFF, 0xFFFF, 0xFFFF, 0xFFFF, 0xFFFF, 0xFFFF, 0xFFFF, 0xFFFF, 0xFFFF, 0xFFFF,
  0xFFFF, 0xFFFF, 0xFFFF, 0xFFFF, 0xFFFF, 0xFFFF, 0xFFFF, 0xFFFF, 0xFFFF, 0xFFFF,
  0xFFFF, 0xFFFF, 0xFFFF, 0xFFFF, 0xFFFF, 0xFFFF, 0xFFFF, 0xFFFF, 0xFFFF, 0xFFFF,
  0xFFFF, 0xFFFF, 0xFFFF, 0xFFFF, 0xFFFF, 0xFFFF, 0xFFFF, 0xFFFF, 0xFFFF, 0xFFFF,
  0xFFFF, 0xFFFF, 0xFFFF, 0xFFFF, 0xFFFF, 0xFFFF, 0xFFFF, 0xFFFF, 0xFFFF, 0xFFFF,
  0xFFFF, 0xFFFF, 0xFFFF, 0xFFFF, 0xFFFF, 0xFFFF, 0xFFFF, 0xFFFF, 0xFFFF, 0xFFFF,
  0xFFFF, 0xFFFF, 0xFFFF, 0xFFFF, 0xFFFF, 0xFFFF, 0xFFFF, 0xFFFF, 0xFFFF, 0xFFFF,
  0xFFFF, 0xFFFF, 0xFFFF, 0xFFFF, 0xFFFF, 0xFFFF, 0xFFFF, 0xFFFF, 0xFFFF, 0xFFFF,
  0xFFFF, 0xFFFF, 0xFFFF, 0xFFFF, 0xFFFF, 0xFFFF, 0xFFFF, 0xFFFF, 0xFFFF, 0xFFFF,
  0xFFFF, 0xFFFF, 0xFFFF, 0xFFFF, 0xFFFF, 0xFFFF, 0xFFFF, 0xFFFF, 0xFFFF, 0xFFFF,
  0xFFFF, 0xFFFF, 0xFFFF, 0xFFFF, 0xFFFF, 0xFFFF, 0xFFFF, 0xFFFF, 0xFFFF, 0xFFFF,
  0xFFFF, 0xFFFF, 0xFFFF, 0xFFFF, 0xFFFF, 0xFFFF, 0xFFFF, 0xFFFF, 0xFFFF, 0xFFFF,
  0xFFFF, 0xFFFF, 0xFFFF, 0xFFFF, 0xFFFF, 0xFFFF, 0xFFFF, 0xFFFF, 0xFFFF, 0xFFFF,
  0xFFFF, 0xFFFF, 0xFFFF, 0xFFFF, 0xFFFF, 0xFFFF, 0xFFFF, 0xFFFF, 0xFFFF, 0xFFFF,
  0xFFFF, 0xFFFF, 0xFFFF, 0xFFFF, 0xFFFF, 0xFFFF, 0xFFFF, 0xFFFF, 0xFFFF, 0xFFFF,
  0xFFFF, 0xFFFF, 0xFFFF, 0xFFFF, 0xFFFF, 0xFFFF, 0xFFFF, 0xFFFF, 0xFFFF, 0xFFFF,
  0xFFFF, 0xFFFF, 0xFFFF, 0xFFFF, 0xFFFF, 0xFFFF, 0xFFFF, 0xFFFF, 0xFFFF, 0xFFFF,
  0xFFFF, 0xFFFF, 0xFFFF, 0xFFFF, 0xFFFF, 0xFFFF, 0xFFFF, 0xFFFF, 0xFFFF, 0xFFFF,
  0xFFFF, 0xFFFF, 0xFFFF, 0xFFFF, 0xFFFF, 0xFFFF, 0xFFFF, 0xFFFF, 0xFFFF, 0xFFFF,
  0xFFFF, 0xFFFF, 0xFFFF, 0xFFFF, 0xFFFF, 0xFFFF, 0xFFFF, 0xFFFF, 0xFFFF, 0xFFFF,
  0xFFFF, 0xFFFF, 0xFFFF, 0xFFFF, 0xFFFF, 0xFFFF, 0xFFFF, 0xFFFF, 0xFFFF, 0xFFFF,
  0xFFFF, 0xFFFF, 0xFFFF, 0xFFFF, 0xFFFF, 0xFFFF, 0xFFFF, 0xFFFF, 0xFFFF, 0xFFFF,
  0xFFFF, 0xFFFF, 0xFFFF, 0xFFFF, 0xFFFF, 0xFFFF, 0xFFFF, 0xFFFF, 0xFFFF, 0xFFFF,
  0xFFFF, 0xFFFF, 0xFFFF, 0xFFFF, 0xFFFF, 0xFFFF, 0xFFFF, 0xFFFF, 0xFFFF, 0xFFFF,
  0xFFFF, 0xFFFF, 0xFFFF, 0xFFFF, 0xFFFF, 0xFFFF, 0xFFFF, 0xFFFF, 0xFFFF, 0xFFFF,
  0xFFFF, 0xFFFF, 0xFFFF, 0xFFFF, 0xFFFF, 0xFFFF, 0xFFFF, 0xFFFF, 0xFFFF, 0xFFFF,
  0xFFFF, 0xFFFF, 0xFFFF, 0xFFFF, 0xFFFF, 0xFFFF, 0xFFFF, 0xFFFF, 0xFFFF, 0xFFFF,
  0xFFFF, 0xFFFF, 0xFFFF, 0xFFFF, 0xFFFF, 0xFFFF, 0xFFFF, 0xFFFF, 0xFFFF, 0xFFFF,
  0xFFFF, 0xFFFF, 0xFFFF, 0xFFFF, 0xFFFF, 0xFFFF, 0xFFFF, 0xFFFF, 0xFFFF, 0xFFFF,
  0xFFFF, 0xFFFF, 0xFFFF, 0xFFFF, 0xFFFF, 0xFFFF, 0xFFFF, 0xFFFF, 0xFFFF, 0xFFFF,
  0xFFFF, 0xFFFF, 0xFFFF, 0xFFFF, 0xFFFF, 0xFFFF, 0xFFFF, 0xFFFF, 0xFFFF, 0xFFFF,
  0xFFFF, 0xFFFF, 0xFFFF, 0xFFFF, 0xFFFF, 0xFFFF, 0xFFFF, 0xFFFF, 0xFFFF, 0xFFFF,
  0xFFFF, 0xFFFF, 0xFFFF, 0xFFFF, 0xFFFF, 0xFFFF, 0xFFFF, 0xFFFF, 0xFFFF, 0xFFFF,
  0xFFFF, 0xFFFF, 0xFFFF, 0xFFFF, 0xFFFF, 0xFFFF, 0xFFFF, 0xFFFF, 0xFFFF, 0xFFFF,
  0xFFFF, 0xFFFF, 0xFFFF, 0xFFFF, 0xFFFF, 0xFFFF, 0xFFFF, 0xFFFF, 0xFFFF, 0xFFFF,
  0xFFFF, 0xFFFF, 0xFFFF, 0xFFFF, 0xFFFF, 0xFFFF, 0xFFFF, 0xFFFF, 0xFFFF, 0xFFFF,
  0xFFFF, 0xFFFF, 0xFFFF, 0xFFFF, 0xFFFF, 0xFFFF, 0xFFFF, 0xFFFF, 0xFFFF, 0xFFFF,
  0xFFFF, 0xFFFF, 0xFFFF, 0xFFFF, 0xFFFF, 0xFFFF, 0xFFFF, 0xFFFF, 0xFFFF, 0xFFFF,
  0xFFFF, 0xFFFF, 0xFFFF, 0xFFFF, 0xFFFF, 0xFFFF, 0xFFFF, 0xFFFF, 0xFFFF, 0xFFFF,
  0xFFFF, 0xFFFF, 0xFFFF, 0xFFFF, 0xFFFF, 0xFFFF, 0xFFFF, 0xFFFF, 0xFFFF, 0xFFFF,
  0xFFFF, 0xFFFF, 0xFFFF, 0xFFFF, 0xFFFF, 0xFFFF, 0xFFFF, 0xFFFF, 0xFFFF, 0xFFFF,
  0xFFFF, 0xFFFF, 0xFFFF, 0xFFFF, 0xFFFF, 0xFFFF, 0xFFFF, 0xFFFF, 0xFFFF, 0xFFFF,
  0xFFFF, 0xFFFF, 0xFFFF, 0xFFFF, 0xFFFF, 0xFFFF, 0xFFFF, 0xFFFF, 0xFFFF, 0xFFFF,
  0xFFFF, 0xFFFF, 0xFFFF, 0xFFFF, 0xFFFF, 0xFFFF, 0xFFFF, 0xFFFF, 0xFFFF, 0xFFFF,
  0xFFFF, 0xFFFF, 0xFFFF, 0xFFFF, 0xFFFF, 0xFFFF, 0xFFFF, 0xFFFF, 0xFFFF, 0xFFFF,
  0xFFFF, 0xFFFF, 0xFFFF, 0xFFFF, 0xFFFF, 0xFFFF, 0xFFFF, 0xFFFF, 0xFFFF, 0xFFFF,
  0xFFFF, 0xFFFF, 0xFFFF, 0xFFFF, 0xFFFF, 0xFFFF, 0xFFFF, 0xFFFF, 0xFFFF, 0xFFFF,
  0xFFFF, 0xFFFF, 0xFFFF, 0xFFFF, 0xFFFF, 0xFFFF, 0xFFFF, 0xFFFF, 0xFFFF, 0xFFFF,
  0xFFFF, 0xFFFF, 0xFFFF, 0xFFFF, 0xFFFF, 0xFFFF, 0xFFFF, 0xFFFF, 0xFFFF, 0xFFFF,
  0xFFFF, 0xFFFF, 0xFFFF, 0xFFFF, 0xFFFF, 0xFFFF, 0xFFFF, 0xFFFF, 0xFFFF, 0xFFFF,
  0xFFFF, 0xFFFF, 0xFFFF, 0xFFFF, 0xFFFF, 0xFFFF, 0xFFFF, 0xFFFF, 0xFFFF, 0xFFFF,
  0xFFFF, 0xFFFF, 0xFFFF, 0xFFFF, 0xFFFF, 0xFFFF, 0xFFFF, 0xFFFF, 0xFFFF, 0xFFFF,
  0xFFFF, 0xFFFF, 0xFFFF, 0xFFFF, 0xFFFF, 0xFFFF, 0xFFFF, 0xFFFF, 0xFFFF, 0xFFFF,
  0xFFFF, 0xFFFF, 0xFFFF, 0xFFFF, 0xFFFF, 0xFFFF, 0xFFFF, 0xFFFF, 0xFFFF, 0xFFFF,
  0xFFFF, 0xFFFF, 0xFFFF, 0xFFFF, 0xFFFF, 0xFFFF, 0xFFFF, 0xFFFF, 0xFFFF, 0xFFFF,
  0xFFFF, 0xFFFF, 0xFFFF, 0xFFFF, 0xFFFF, 0xFFFF, 0xFFFF, 0xFFFF, 0xFFFF, 0xFFFF,
  0xFFFF, 0xFFFF, 0xFFFF, 0xFFFF, 0xFFFF, 0xFFFF, 0xFFFF, 0xFFFF, 0xFFFF, 0xFFFF,
  0xFFFF, 0xFFFF, 0xFFFF, 0xFFFF, 0xFFFF, 0xFFFF, 0xFFFF, 0xFFFF, 0xFFFF, 0xFFFF,
  0xFFFF, 0xFFFF, 0xFFFF, 0xFFFF, 0xFFFF, 0xFFFF, 0xFFFF, 0xFFFF, 0xFFFF, 0xFFFF,
  0xFFFF, 0xFFFF, 0xFFFF, 0xFFFF, 0xFFFF, 0xFFFF, 0xFFFF, 0xFFFF, 0xFFFF, 0xFFFF,
  0xFFFF, 0xFFFF, 0xFFFF, 0xFFFF, 0xFFFF, 0xFFFF, 0xFFFF, 0xFFFF, 0xFFFF, 0xFFFF,
  0xFFFF, 0xFFFF, 0xFFFF, 0xFFFF, 0xFFFF, 0xFFFF, 0xFFFF, 0xFFFF, 0xFFFF, 0xFFFF,
  0xFFFF, 0xFFFF, 0xFFFF, 0xFFFF, 0xFFFF, 0xFFFF, 0xFFFF, 0xFFFF, 0xFFFF, 0xFFFF,
  0xFFFF, 0xFFFF, 0xFFFF, 0xFFFF, 0xFFFF, 0xFFFF, 0xFFFF, 0xFFFF, 0xFFFF, 0xFFFF,
  0xFFFF, 0xFFFF, 0xFFFF, 0xFFFF, 0xFFFF, 0xFFFF, 0xFFFF, 0xFFFF, 0xFFFF, 0xFFFF,
  0xFFFF, 0xFFFF, 0xFFFF, 0xFFFF, 0xFFFF, 0xFFFF, 0xFFFF, 0xFFFF, 0xFFFF, 0xFFFF,
  0xFFFF, 0xFFFF, 0xFFFF, 0xFFFF, 0xFFFF, 0xFFFF, 0xFFFF, 0xFFFF, 0xFFFF, 0xFFFF,
  0xFFFF, 0xFFFF, 0xFFFF, 0xFFFF, 0xFFFF, 0xFFFF, 0xFFFF, 0xFFFF, 0xFFFF, 0xFFFF,
  0xFFFF, 0xFFFF, 0xFFFF, 0xFFFF, 0xFFFF, 0xFFFF, 0xFFFF, 0xFFFF, 0xFFFF, 0xFFFF,
  0xFFFF, 0xFFFF, 0xFFFF, 0xFFFF, 0xFFFF, 0xFFFF, 0xFFFF, 0xFFFF, 0xFFFF, 0xFFFF,
  0xFFFF, 0xFFFF, 0xFFFF, 0xFFFF, 0xFFFF, 0xFFFF, 0xFFFF, 0xFFFF, 0xFFFF, 0xFFFF,
  0xFFFF, 0xFFFF, 0xFFFF, 0xFFFF, 0xFFFF, 0xFFFF, 0xFFFF, 0xFFFF, 0xFFFF, 0xFFFF,
  0xFFFF, 0xFFFF, 0xFFFF, 0xFFFF, 0xFFFF, 0xFFFF, 0xFFFF, 0xFFFF, 0xFFFF, 0xFFFF,
  0xFFFF, 0xFFFF, 0xFFFF, 0xFFFF, 0xFFFF, 0xFFFF, 0xFFFF, 0xFFFF, 0xFFFF, 0xFFFF,
  0xFFFF, 0xFFFF, 0xFFFF, 0xFFFF, 0xFFFF, 0xFFFF, 0xFFFF, 0xFFFF, 0xFFFF, 0xFFFF,
  0xFFFF, 0xFFFF, 0xFFFF, 0xFFFF, 0xFFFF, 0xFFFF, 0xFFFF, 0xFFFF, 0xFFFF, 0xFFFF,
  0xFFFF, 0xFFFF, 0xFFFF, 0xFFFF, 0xFFFF, 0xFFFF, 0xFFFF, 0xFFFF, 0xFFFF, 0xFFFF,
  0xFFFF, 0xFFFF, 0xFFFF, 0xFFFF, 0xFFFF, 0xFFFF, 0xFFFF, 0xFFFF, 0xFFFF, 0xFFFF,
  0xFFFF, 0xFFFF, 0xFFFF, 0xFFFF, 0xFFFF, 0xFFFF, 0xFFFF, 0xFFFF, 0xFFFF, 0xFFFF,
  0xFFFF, 0xFFFF, 0xFFFF, 0xFFFF, 0xFFFF, 0xFFFF, 0xFFFF, 0xFFFF, 0xFFFF, 0xFFFF,
  0xFFFF, 0xFFFF, 0xFFFF, 0xFFFF, 0xFFFF, 0xFFFF, 0xFFFF, 0xFFFF, 0xFFFF, 0xFFFF,
  0xFFFF, 0xFFFF, 0xFFFF, 0xFFFF, 0xFFFF, 0xFFFF, 0xFFFF, 0xFFFF, 0xFFFF, 0xFFFF,
  0xFFFF, 0xFFFF, 0xFFFF, 0xFFFF, 0xFFFF, 0xFFFF, 0xFFFF, 0xFFFF, 0xFFFF, 0xFFFF,
  0xFFFF, 0xFFFF, 0xFFFF, 0xFFFF, 0xFFFF, 0xFFFF, 0xFFFF, 0xFFFF, 0xFFFF, 0xFFFF,
  0xFFFF, 0xFFFF, 0xFFFF, 0xFFFF, 0xFFFF, 0xFFFF, 0xFFFF, 0xFFFF, 0xFFFF, 0xFFFF,
  0xFFFF, 0xFFFF, 0xFFFF, 0xFFFF, 0xFFFF, 0xFFFF, 0xFFFF, 0xFFFF, 0xFFFF, 0xFFFF,
  0xFFFF, 0xFFFF, 0xFFFF, 0xFFFF, 0xFFFF, 0xFFFF, 0xFFFF, 0xFFFF, 0xFFFF, 0xFFFF,
};

const uint16_t kRemoteJsonQrPixels[] PROGMEM = {
  0xFFFF, 0xFFFF, 0xFFFF, 0xFFFF, 0xFFFF, 0xFFFF, 0xFFFF, 0xFFFF, 0xFFFF, 0xFFFF,
  0xFFFF, 0xFFFF, 0xFFFF, 0xFFFF, 0xFFFF, 0xFFFF, 0xFFFF, 0xFFFF, 0xFFFF, 0xFFFF,
  0xFFFF, 0xFFFF, 0xFFFF, 0xFFFF, 0xFFFF, 0xFFFF, 0xFFFF, 0xFFFF, 0xFFFF, 0xFFFF,
  0xFFFF, 0xFFFF, 0xFFFF, 0xFFFF, 0xFFFF, 0xFFFF, 0xFFFF, 0xFFFF, 0xFFFF, 0xFFFF,
  0xFFFF, 0xFFFF, 0xFFFF, 0xFFFF, 0xFFFF, 0xFFFF, 0xFFFF, 0xFFFF, 0xFFFF, 0xFFFF,
  0xFFFF, 0xFFFF, 0xFFFF, 0xFFFF, 0xFFFF, 0xFFFF, 0xFFFF, 0xFFFF, 0xFFFF, 0xFFFF,
  0xFFFF, 0xFFFF, 0xFFFF, 0xFFFF, 0xFFFF, 0xFFFF, 0xFFFF, 0xFFFF, 0xFFFF, 0xFFFF,
  0xFFFF, 0xFFFF, 0xFFFF, 0xFFFF, 0xFFFF, 0xFFFF, 0xFFFF, 0xFFFF, 0xFFFF, 0xFFFF,
  0xFFFF, 0xFFFF, 0xFFFF, 0xFFFF, 0xFFFF, 0xFFFF, 0xFFFF, 0xFFFF, 0xFFFF, 0xFFFF,
  0xFFFF, 0xFFFF, 0xFFFF, 0xFFFF, 0xFFFF, 0xFFFF, 0xFFFF, 0xFFFF, 0xFFFF, 0xFFFF,
  0xFFFF, 0xFFFF, 0xFFFF, 0xFFFF, 0xFFFF, 0xFFFF, 0xFFFF, 0xFFFF, 0xFFFF, 0xFFFF,
  0xFFFF, 0xFFFF, 0xFFFF, 0xFFFF, 0xFFFF, 0xFFFF, 0xFFFF, 0xFFFF, 0xFFFF, 0xFFFF,
  0xFFFF, 0xFFFF, 0xFFFF, 0xFFFF, 0xFFFF, 0xFFFF, 0xFFFF, 0xFFFF, 0xFFFF, 0xFFFF,
  0xFFFF, 0xFFFF, 0xFFFF, 0xFFFF, 0xFFFF, 0xFFFF, 0xFFFF, 0xFFFF, 0xFFFF, 0xFFFF,
  0xFFFF, 0xFFFF, 0xFFFF, 0xFFFF, 0xFFFF, 0xFFFF, 0xFFFF, 0xFFFF, 0xFFFF, 0xFFFF,
  0xFFFF, 0xFFFF, 0xFFFF, 0xFFFF, 0xFFFF, 0xFFFF, 0xFFFF, 0xFFFF, 0xFFFF, 0xFFFF,
  0xFFFF, 0xFFFF, 0xFFFF, 0xFFFF, 0xFFFF, 0xFFFF, 0xFFFF, 0xFFFF, 0xFFFF, 0xFFFF,
  0xFFFF, 0xFFFF, 0xFFFF, 0xFFFF, 0xFFFF, 0xFFFF, 0xFFFF, 0xFFFF, 0xFFFF, 0xFFFF,
  0xFFFF, 0xFFFF, 0xFFFF, 0xFFFF, 0xFFFF, 0xFFFF, 0xFFFF, 0xFFFF, 0xFFFF, 0xFFFF,
  0xFFFF, 0xFFFF, 0xFFFF, 0xFFFF, 0xFFFF, 0xFFFF, 0xFFFF, 0xFFFF, 0xFFFF, 0xFFFF,
  0xFFFF, 0xFFFF, 0xFFFF, 0xFFFF, 0xFFFF, 0xFFFF, 0xFFFF, 0xFFFF, 0xFFFF, 0xFFFF,
  0xFFFF, 0xFFFF, 0xFFFF, 0xFFFF, 0xFFFF, 0xFFFF, 0xFFFF, 0xFFFF, 0xFFFF, 0xFFFF,
  0xFFFF, 0xFFFF, 0xFFFF, 0xFFFF, 0xFFFF, 0xFFFF, 0xFFFF, 0xFFFF, 0xFFFF, 0xFFFF,
  0xFFFF, 0xFFFF, 0xFFFF, 0xFFFF, 0xFFFF, 0xFFFF, 0xFFFF, 0xFFFF, 0xFFFF, 0xFFFF,
  0xFFFF, 0xFFFF, 0xFFFF, 0xFFFF, 0xFFFF, 0xFFFF, 0xFFFF, 0xFFFF, 0xFFFF, 0xFFFF,
  0xFFFF, 0xFFFF, 0xFFFF, 0xFFFF, 0xFFFF, 0xFFFF, 0xFFFF, 0xFFFF, 0xFFFF, 0xFFFF,
  0xFFFF, 0xFFFF, 0xFFFF, 0xFFFF, 0xFFFF, 0xFFFF, 0xFFFF, 0xFFFF, 0xFFFF, 0xFFFF,
  0xFFFF, 0xFFFF, 0xFFFF, 0xFFFF, 0xFFFF, 0xFFFF, 0xFFFF, 0xFFFF, 0xFFFF, 0xFFFF,
  0xFFFF, 0xFFFF, 0xFFFF, 0xFFFF, 0xFFFF, 0xFFFF, 0xFFFF, 0xFFFF, 0xFFFF, 0xFFFF,
  0xFFFF, 0xFFFF, 0xFFFF, 0xFFFF, 0xFFFF, 0xFFFF, 0xFFFF, 0xFFFF, 0xFFFF, 0xFFFF,
  0xFFFF, 0xFFFF, 0xFFFF, 0xFFFF, 0xFFFF, 0xFFFF, 0xFFFF, 0xFFFF, 0xFFFF, 0xFFFF,
  0xFFFF, 0xFFFF, 0xFFFF, 0xFFFF, 0xFFFF, 0xFFFF, 0xFFFF, 0xFFFF, 0xFFFF, 0xFFFF,
  0xFFFF, 0xFFFF, 0xFFFF, 0xFFFF, 0xFFFF, 0xFFFF, 0xFFFF, 0xFFFF, 0xFFFF, 0xFFFF,
  0xFFFF, 0xFFFF, 0xFFFF, 0xFFFF, 0xFFFF, 0xFFFF, 0xFFFF, 0xFFFF, 0xFFFF, 0xFFFF,
  0xFFFF, 0xFFFF, 0xFFFF, 0xFFFF, 0xFFFF, 0xFFFF, 0xFFFF, 0xFFFF, 0xFFFF, 0xFFFF,
  0xFFFF, 0xFFFF, 0xFFFF, 0xFFFF, 0xFFFF, 0xFFFF, 0xFFFF, 0xFFFF, 0xFFFF, 0xFFFF,
  0xFFFF, 0xFFFF, 0xFFFF, 0xFFFF, 0xFFFF, 0xFFFF, 0xFFFF, 0xFFFF, 0xFFFF, 0xFFFF,
  0xFFFF, 0xFFFF, 0xFFFF, 0xFFFF, 0xFFFF, 0xFFFF, 0xFFFF, 0xFFFF, 0xFFFF, 0xFFFF,
  0xFFFF, 0xFFFF, 0xFFFF, 0xFFFF, 0xFFFF, 0xFFFF, 0xFFFF, 0xFFFF, 0xFFFF, 0xFFFF,
  0xFFFF, 0xFFFF, 0xFFFF, 0xFFFF, 0xFFFF, 0xFFFF, 0xFFFF, 0xFFFF, 0xFFFF, 0xFFFF,
  0xFFFF, 0xFFFF, 0xFFFF, 0xFFFF, 0xFFFF, 0xFFFF, 0xFFFF, 0xFFFF, 0xFFFF, 0xFFFF,
  0xFFFF, 0xFFFF, 0xFFFF, 0xFFFF, 0xFFFF, 0xFFFF, 0xFFFF, 0xFFFF, 0xFFFF, 0xFFFF,
  0xFFFF, 0xFFFF, 0xFFFF, 0xFFFF, 0xFFFF, 0xFFFF, 0xFFFF, 0xFFFF, 0xFFFF, 0xFFFF,
  0xFFFF, 0xFFFF, 0xFFFF, 0xFFFF, 0xFFFF, 0xFFFF, 0xFFFF, 0xFFFF, 0xFFFF, 0xFFFF,
  0xFFFF, 0xFFFF, 0xFFFF, 0xFFFF, 0xFFFF, 0xFFFF, 0xFFFF, 0xFFFF, 0xFFFF, 0xFFFF,
  0xFFFF, 0xFFFF, 0xFFFF, 0xFFFF, 0xFFFF, 0xFFFF, 0xFFFF, 0xFFFF, 0xFFFF, 0xFFFF,
  0xFFFF, 0xFFFF, 0xFFFF, 0xFFFF, 0xFFFF, 0xFFFF, 0xFFFF, 0xFFFF, 0xFFFF, 0xFFFF,
  0xFFFF, 0xFFFF, 0xFFFF, 0xFFFF, 0xFFFF, 0xFFFF, 0xFFFF, 0xFFFF, 0xFFFF, 0xFFFF,
  0xFFFF, 0xFFFF, 0xFFFF, 0xFFFF, 0xFFFF, 0xFFFF, 0xFFFF, 0xFFFF, 0xFFFF, 0xFFFF,
  0xFFFF, 0xFFFF, 0xFFFF, 0xFFFF, 0xFFFF, 0xFFFF, 0xFFFF, 0xFFFF, 0xFFFF, 0xFFFF,
  0xFFFF, 0xFFFF, 0xFFFF, 0xFFFF, 0xFFFF, 0xFFFF, 0xFFFF, 0xFFFF, 0xFFFF, 0xFFFF,
  0xFFFF, 0xFFFF, 0xFFFF, 0xFFFF, 0xFFFF, 0xFFFF, 0xFFFF, 0xFFFF, 0xFFFF, 0xFFFF,
  0xFFFF, 0xFFFF, 0xFFFF, 0xFFFF, 0xFFFF, 0xFFFF, 0xFFFF, 0xFFFF, 0xFFFF, 0xFFFF,
  0xFFFF, 0xFFFF, 0xFFFF, 0xFFFF, 0xFFFF, 0xFFFF, 0xFFFF, 0xFFFF, 0xFFFF, 0xFFFF,
  0xFFFF, 0xFFFF, 0xFFFF, 0xFFFF, 0xFFFF, 0xFFFF, 0xFFFF, 0xFFFF, 0xFFFF, 0xFFFF,
  0xFFFF, 0xFFFF, 0xFFFF, 0xFFFF, 0xFFFF, 0xFFFF, 0xFFFF, 0xFFFF, 0xFFFF, 0xFFFF,
  0xFFFF, 0xFFFF, 0xFFFF, 0xFFFF, 0xFFFF, 0xFFFF, 0xFFFF, 0xFFFF, 0xFFFF, 0xFFFF,
  0xFFFF, 0xFFFF, 0xFFFF, 0xFFFF, 0xFFFF, 0xFFFF, 0xFFFF, 0xFFFF, 0xFFFF, 0xFFFF,
  0xFFFF, 0xFFFF, 0xFFFF, 0xFFFF, 0xFFFF, 0xFFFF, 0xFFFF, 0xFFFF, 0xFFFF, 0xFFFF,
  0xFFFF, 0xFFFF, 0xFFFF, 0xFFFF, 0xFFFF, 0xFFFF, 0xFFFF, 0xFFFF, 0xFFFF, 0xFFFF,
  0xFFFF, 0xFFFF, 0xFFFF, 0xFFFF, 0xFFFF, 0xFFFF, 0xFFFF, 0xFFFF, 0xFFFF, 0xFFFF,
  0xFFFF, 0xFFFF, 0xFFFF, 0xFFFF, 0xFFFF, 0xFFFF, 0xFFFF, 0xFFFF, 0xFFFF, 0xFFFF,
  0xFFFF, 0xFFFF, 0xFFFF, 0xFFFF, 0xFFFF, 0xFFFF, 0xFFFF, 0xFFFF, 0xFFFF, 0xFFFF,
  0xFFFF, 0xFFFF, 0xFFFF, 0xFFFF, 0xFFFF, 0xFFFF, 0xFFFF, 0xFFFF, 0xFFFF, 0xFFFF,
  0xFFFF, 0xFFFF, 0xFFFF, 0xFFFF, 0xFFFF, 0xFFFF, 0xFFFF, 0xFFFF, 0xFFFF, 0xFFFF,
  0xFFFF, 0xFFFF, 0xFFFF, 0xFFFF, 0xFFFF, 0xFFFF, 0xFFFF, 0xFFFF, 0xFFFF, 0xFFFF,
  0xFFFF, 0xFFFF, 0xFFFF, 0xFFFF, 0xFFFF, 0xFFFF, 0xFFFF, 0xFFFF, 0xFFFF, 0xFFFF,
  0xFFFF, 0xFFFF, 0xFFFF, 0xFFFF, 0xFFFF, 0xFFFF, 0xFFFF, 0xFFFF, 0xFFFF, 0xFFFF,
  0xFFFF, 0xFFFF, 0xFFFF, 0xFFFF, 0xFFFF, 0xFFFF, 0xFFFF, 0xFFFF, 0xFFFF, 0xFFFF,
  0xFFFF, 0xFFFF, 0xFFFF, 0xFFFF, 0xFFFF, 0xFFFF, 0xFFFF, 0xFFFF, 0xFFFF, 0xFFFF,
  0xFFFF, 0xFFFF, 0xFFFF, 0xFFFF, 0xFFFF, 0xFFFF, 0xFFFF, 0xFFFF, 0xFFFF, 0xFFFF,
  0xFFFF, 0xFFFF, 0xFFFF, 0xFFFF, 0xFFFF, 0xFFFF, 0xFFFF, 0xFFFF, 0xFFFF, 0xFFFF,
  0xFFFF, 0xFFFF, 0xFFFF, 0xFFFF, 0xFFFF, 0xFFFF, 0xFFFF, 0xFFFF, 0xFFFF, 0xFFFF,
  0xFFFF, 0xFFFF, 0xFFFF, 0xFFFF, 0xFFFF, 0xFFFF, 0xFFFF, 0xFFFF, 0xFFFF, 0xFFFF,
  0xFFFF, 0xFFFF, 0xFFFF, 0xFFFF, 0xFFFF, 0xFFFF, 0xFFFF, 0xFFFF, 0xFFFF, 0xFFFF,
  0xFFFF, 0xFFFF, 0xFFFF, 0xFFFF, 0xFFFF, 0xFFFF, 0xFFFF, 0xFFFF, 0xFFFF, 0xFFFF,
  0xFFFF, 0xFFFF, 0xFFFF, 0xFFFF, 0xFFFF, 0xFFFF, 0xFFFF, 0xFFFF, 0xFFFF, 0xFFFF,
  0xFFFF, 0xFFFF, 0xFFFF, 0xFFFF, 0xFFFF, 0xFFFF, 0xFFFF, 0xFFFF, 0xFFFF, 0xFFFF,
  0xFFFF, 0xFFFF, 0xFFFF, 0xFFFF, 0xFFFF, 0xFFFF, 0xFFFF, 0xFFFF, 0xFFFF, 0xFFFF,
  0xFFFF, 0xFFFF, 0xFFFF, 0xFFFF, 0xFFFF, 0xFFFF, 0xFFFF, 0xFFFF, 0xFFFF, 0xFFFF,
  0xFFFF, 0xFFFF, 0xFFFF, 0xFFFF, 0xFFFF, 0xFFFF, 0xFFFF, 0xFFFF, 0xFFFF, 0xFFFF,
  0xFFFF, 0xFFFF, 0xFFFF, 0xFFFF, 0xFFFF, 0xFFFF, 0xFFFF, 0xFFFF, 0xFFFF, 0xFFFF,
  0xFFFF, 0xFFFF, 0xFFFF, 0xFFFF, 0xFFFF, 0xFFFF, 0xFFFF, 0xFFFF, 0xFFFF, 0xFFFF,
  0xFFFF, 0xFFFF, 0xFFFF, 0xFFFF, 0xFFFF, 0xFFFF, 0xFFFF, 0xFFFF, 0xFFFF, 0xFFFF,
  0xFFFF, 0xFFFF, 0xFFFF, 0xFFFF, 0xFFFF, 0xFFFF, 0xFFFF, 0xFFFF, 0xFFFF, 0xFFFF,
  0xFFFF, 0xFFFF, 0xFFFF, 0xFFFF, 0xFFFF, 0xFFFF, 0xFFFF, 0xFFFF, 0xFFFF, 0xFFFF,
  0xFFFF, 0xFFFF, 0xFFFF, 0xFFFF, 0xFFFF, 0xFFFF, 0xFFFF, 0xFFFF, 0xFFFF, 0xFFFF,
  0xFFFF, 0xFFFF, 0xFFFF, 0xFFFF, 0xFFFF, 0xFFFF, 0xFFFF, 0xFFFF, 0xFFFF, 0xFFFF,
  0xFFFF, 0xFFFF, 0xFFFF, 0xFFFF, 0xFFFF, 0xFFFF, 0xFFFF, 0xFFFF, 0xFFFF, 0xFFFF,
  0xFFFF, 0xFFFF, 0xFFFF, 0xFFFF, 0xFFFF, 0xFFFF, 0xFFFF, 0xFFFF, 0xFFFF, 0xFFFF,
  0x0000, 0x0000, 0x0000, 0x0000, 0x0000, 0x0000, 0x0000, 0x0000, 0x0000, 0x0000,
  0x0000, 0x0000, 0x0000, 0x0000, 0x0000, 0x0000, 0x0000, 0x0000, 0x0000, 0x0000,
  0x0000, 0x0000, 0x0000, 0x0000, 0x0000, 0x0000, 0x0000, 0x0000, 0x0000, 0x0000,
  0x0000, 0x0000, 0xFFFF, 0xFFFF, 0xFFFF, 0xFFFF, 0xFFFF, 0x0000, 0x0000, 0x0000,
  0x0000, 0x0000, 0xFFFF, 0xFFFF, 0xFFFF, 0xFFFF, 0x0000, 0x0000, 0x0000, 0x0000,
  0x0000, 0xFFFF, 0xFFFF, 0xFFFF, 0xFFFF, 0xFFFF, 0xFFFF, 0xFFFF, 0xFFFF, 0xFFFF,
  0xFFFF, 0xFFFF, 0xFFFF, 0xFFFF, 0xFFFF, 0xFFFF, 0xFFFF, 0xFFFF, 0xFFFF, 0x0000,
  0x0000, 0x0000, 0x0000, 0x0000, 0x0000, 0x0000, 0x0000, 0x0000, 0x0000, 0xFFFF,
  0xFFFF, 0xFFFF, 0xFFFF, 0x0000, 0x0000, 0x0000, 0x0000, 0x0000, 0x0000, 0x0000,
  0x0000, 0x0000, 0xFFFF, 0xFFFF, 0xFFFF, 0xFFFF, 0xFFFF, 0x0000, 0x0000, 0x0000,
  0x0000, 0x0000, 0xFFFF, 0xFFFF, 0xFFFF, 0xFFFF, 0xFFFF, 0xFFFF, 0xFFFF, 0xFFFF,
  0xFFFF, 0x0000, 0x0000, 0x0000, 0x0000, 0x0000, 0x0000, 0x0000, 0x0000, 0x0000,
  0x0000, 0x0000, 0x0000, 0x0000, 0x0000, 0x0000, 0x0000, 0x0000, 0x0000, 0x0000,
  0x0000, 0x0000, 0x0000, 0x0000, 0xFFFF, 0xFFFF, 0xFFFF, 0xFFFF, 0xFFFF, 0x0000,
  0x0000, 0x0000, 0x0000, 0x0000, 0x0000, 0x0000, 0x0000, 0x0000, 0x0000, 0x0000,
  0x0000, 0x0000, 0x0000, 0x0000, 0x0000, 0x0000, 0x0000, 0x0000, 0x0000, 0x0000,
  0x0000, 0x0000, 0x0000, 0x0000, 0x0000, 0x0000, 0x0000, 0x0000, 0x0000, 0x0000,
  0xFFFF, 0xFFFF, 0xFFFF, 0xFFFF, 0xFFFF, 0xFFFF, 0xFFFF, 0xFFFF, 0xFFFF, 0x0000,
  0x0000, 0x0000, 0x0000, 0x0000, 0x0000, 0x0000, 0x0000, 0x0000, 0x0000, 0x0000,
  0x0000, 0x0000, 0x0000, 0x0000, 0x0000, 0x0000, 0x0000, 0x0000, 0x0000, 0x0000,
  0x0000, 0x0000, 0x0000, 0x0000, 0x0000, 0x0000, 0x0000, 0x0000, 0x0000, 0x0000,
  0x0000, 0xFFFF, 0xFFFF, 0xFFFF, 0xFFFF, 0xFFFF, 0x0000, 0x0000, 0x0000, 0x0000,
  0x0000, 0xFFFF, 0xFFFF, 0xFFFF, 0xFFFF, 0x0000, 0x0000, 0x0000, 0x0000, 0x0000,
  0xFFFF, 0xFFFF, 0xFFFF, 0xFFFF, 0xFFFF, 0xFFFF, 0xFFFF, 0xFFFF, 0xFFFF, 0xFFFF,
  0xFFFF, 0xFFFF, 0xFFFF, 0xFFFF, 0xFFFF, 0xFFFF, 0xFFFF, 0xFFFF, 0x0000, 0x0000,
  0x0000, 0x0000, 0x0000, 0x0000, 0x0000, 0x0000, 0x0000, 0x0000, 0xFFFF, 0xFFFF,
  0xFFFF, 0xFFFF, 0x0000, 0x0000, 0x0000, 0x0000, 0x0000, 0x0000, 0x0000, 0x0000,
  0x0000, 0xFFFF, 0xFFFF, 0xFFFF, 0xFFFF, 0xFFFF, 0x0000, 0x0000, 0x0000, 0x0000,
  0x0000, 0xFFFF, 0xFFFF, 0xFFFF, 0xFFFF, 0xFFFF, 0xFFFF, 0xFFFF, 0xFFFF, 0xFFFF,
  0x0000, 0x0000, 0x0000, 0x0000, 0x0000, 0x0000, 0x0000, 0x0000, 0x0000, 0x0000,
  0x0000, 0x0000, 0x0000, 0x0000, 0x0000, 0x0000, 0x0000, 0x0000, 0x0000, 0x0000,
  0x0000, 0x0000, 0x0000, 0xFFFF, 0xFFFF, 0xFFFF, 0xFFFF, 0xFFFF, 0x0000, 0x0000,
  0x0000, 0x0000, 0x0000, 0x0000, 0x0000, 0x0000, 0x0000, 0x0000, 0x0000, 0x0000,
  0x0000, 0x0000, 0x0000, 0x0000, 0x0000, 0x0000, 0x0000, 0x0000, 0x0000, 0x0000,
  0x0000, 0x0000, 0x0000, 0x0000, 0x0000, 0x0000, 0x0000, 0x0000, 0x0000, 0xFFFF,
  0xFFFF, 0xFFFF, 0xFFFF, 0xFFFF, 0xFFFF, 0xFFFF, 0xFFFF, 0xFFFF, 0x0000, 0x0000,
  0x0000, 0x0000, 0x0000, 0x0000, 0x0000, 0x0000, 0x0000, 0x0000, 0x0000, 0x0000,
  0x0000, 0x0000, 0x0000, 0x0000, 0x0000, 0x0000, 0x0000, 0x0000, 0x0000, 0x0000,
  0x0000, 0x0000, 0x0000, 0x0000, 0x0000, 0x0000, 0x0000, 0x0000, 0x0000, 0x0000,
  0xFFFF, 0xFFFF, 0xFFFF, 0xFFFF, 0xFFFF, 0x0000, 0x0000, 0x0000, 0x0000, 0x0000,
  0xFFFF, 0xFFFF, 0xFFFF, 0xFFFF, 0x0000, 0x0000, 0x0000, 0x0000, 0x0000, 0xFFFF,
  0xFFFF, 0xFFFF, 0xFFFF, 0xFFFF, 0xFFFF, 0xFFFF, 0xFFFF, 0xFFFF, 0xFFFF, 0xFFFF,
  0xFFFF, 0xFFFF, 0xFFFF, 0xFFFF, 0xFFFF, 0xFFFF, 0xFFFF, 0x0000, 0x0000, 0x0000,
  0x0000, 0x0000, 0x0000, 0x0000, 0x0000, 0x0000, 0x0000, 0xFFFF, 0xFFFF, 0xFFFF,
  0xFFFF, 0x0000, 0x0000, 0x0000, 0x0000, 0x0000, 0x0000, 0x0000, 0x0000, 0x0000,
  0xFFFF, 0xFFFF, 0xFFFF, 0xFFFF, 0xFFFF, 0x0000, 0x0000, 0x0000, 0x0000, 0x0000,
  0xFFFF, 0xFFFF, 0xFFFF, 0xFFFF, 0xFFFF, 0xFFFF, 0xFFFF, 0xFFFF, 0xFFFF, 0x0000,
  0x0000, 0x0000, 0x0000, 0x0000, 0x0000, 0x0000, 0x0000, 0x0000, 0x0000, 0x0000,
  0x0000, 0x0000, 0x0000, 0x0000, 0x0000, 0x0000, 0x0000, 0x0000, 0x0000, 0x0000,
  0x0000, 0x0000, 0xFFFF, 0xFFFF, 0xFFFF, 0xFFFF, 0xFFFF, 0x0000, 0x0000, 0x0000,
  0x0000, 0x0000, 0x0000, 0x0000, 0x0000, 0x0000, 0x0000, 0x0000, 0x0000, 0x0000,
  0x0000, 0x0000, 0x0000, 0x0000, 0x0000, 0x0000, 0x0000, 0x0000, 0x0000, 0x0000,
  0x0000, 0x0000, 0x0000, 0x0000, 0x0000, 0x0000, 0x0000, 0x0000, 0xFFFF, 0xFFFF,
  0xFFFF, 0xFFFF, 0xFFFF, 0xFFFF, 0xFFFF, 0xFFFF, 0xFFFF, 0x0000, 0x0000, 0x0000,
  0x0000, 0x0000, 0x0000, 0x0000, 0x0000, 0x0000, 0x0000, 0x0000, 0x0000, 0x0000,
  0x0000, 0x0000, 0x0000, 0x0000, 0x0000, 0x0000, 0x0000, 0x0000, 0x0000, 0x0000,
  0x0000, 0x0000, 0x0000, 0x0000, 0x0000, 0x0000, 0x0000, 0x0000, 0x0000, 0xFFFF,
  0xFFFF, 0xFFFF, 0xFFFF, 0xFFFF, 0x0000, 0x0000, 0x0000, 0x0000, 0x0000, 0xFFFF,
  0xFFFF, 0xFFFF, 0xFFFF, 0x0000, 0x0000, 0x0000, 0x0000, 0x0000, 0xFFFF, 0xFFFF,
  0xFFFF, 0xFFFF, 0xFFFF, 0xFFFF, 0xFFFF, 0xFFFF, 0xFFFF, 0xFFFF, 0xFFFF, 0xFFFF,
  0xFFFF, 0xFFFF, 0xFFFF, 0xFFFF, 0xFFFF, 0xFFFF, 0x0000, 0x0000, 0x0000, 0x0000,
  0x0000, 0x0000, 0x0000, 0x0000, 0x0000, 0x0000, 0xFFFF, 0xFFFF, 0xFFFF, 0xFFFF,
  0x0000, 0x0000, 0x0000, 0x0000, 0x0000, 0x0000, 0x0000, 0x0000, 0x0000, 0xFFFF,
  0xFFFF, 0xFFFF, 0xFFFF, 0xFFFF, 0x0000, 0x0000, 0x0000, 0x0000, 0x0000, 0xFFFF,
  0xFFFF, 0xFFFF, 0xFFFF, 0xFFFF, 0xFFFF, 0xFFFF, 0xFFFF, 0xFFFF, 0x0000, 0x0000,
  0x0000, 0x0000, 0x0000, 0x0000, 0x0000, 0x0000, 0x0000, 0x0000, 0x0000, 0x0000,
  0x0000, 0x0000, 0x0000, 0x0000, 0x0000, 0x0000, 0x0000, 0x0000, 0x0000, 0x0000,
  0x0000, 0xFFFF, 0xFFFF, 0xFFFF, 0xFFFF, 0xFFFF, 0x0000, 0x0000, 0x0000, 0x0000,
  0x0000, 0x0000, 0x0000, 0x0000, 0x0000, 0x0000, 0x0000, 0x0000, 0x0000, 0x0000,
  0x0000, 0x0000, 0x0000, 0x0000, 0x0000, 0x0000, 0x0000, 0x0000, 0x0000, 0x0000,
  0x0000, 0x0000, 0x0000, 0x0000, 0x0000, 0x0000, 0x0000, 0xFFFF, 0xFFFF, 0xFFFF,
  0xFFFF, 0xFFFF, 0xFFFF, 0xFFFF, 0xFFFF, 0xFFFF, 0x0000, 0x0000, 0x0000, 0x0000,
  0x0000, 0x0000, 0x0000, 0x0000, 0x0000, 0x0000, 0x0000, 0x0000, 0x0000, 0x0000,
  0x0000, 0x0000, 0x0000, 0x0000, 0x0000, 0x0000, 0x0000, 0x0000, 0x0000, 0x0000,
  0x0000, 0x0000, 0x0000, 0x0000, 0x0000, 0x0000, 0x0000, 0x0000, 0xFFFF, 0xFFFF,
  0xFFFF, 0xFFFF, 0xFFFF, 0x0000, 0x0000, 0x0000, 0x0000, 0x0000, 0xFFFF, 0xFFFF,
  0xFFFF, 0xFFFF, 0x0000, 0x0000, 0x0000, 0x0000, 0x0000, 0xFFFF, 0xFFFF, 0xFFFF,
  0xFFFF, 0xFFFF, 0xFFFF, 0xFFFF, 0xFFFF, 0xFFFF, 0xFFFF, 0xFFFF, 0xFFFF, 0xFFFF,
  0xFFFF, 0xFFFF, 0xFFFF, 0xFFFF, 0xFFFF, 0x0000, 0x0000, 0x0000, 0x0000, 0x0000,
  0x0000, 0x0000, 0x0000, 0x0000, 0x0000, 0xFFFF, 0xFFFF, 0xFFFF, 0xFFFF, 0x0000,
  0x0000, 0x0000, 0x0000, 0x0000, 0x0000, 0x0000, 0x0000, 0x0000, 0xFFFF, 0xFFFF,
  0xFFFF, 0xFFFF, 0xFFFF, 0x0000, 0x0000, 0x0000, 0x0000, 0x0000, 0xFFFF, 0xFFFF,
  0xFFFF, 0xFFFF, 0xFFFF, 0xFFFF, 0xFFFF, 0xFFFF, 0xFFFF, 0x0000, 0x0000, 0x0000,
  0x0000, 0x0000, 0x0000, 0x0000, 0x0000, 0x0000, 0x0000, 0x0000, 0x0000, 0x0000,
  0x0000, 0x0000, 0x0000, 0x0000, 0x0000, 0x0000, 0x0000, 0x0000, 0x0000, 0x0000,
  0xFFFF, 0xFFFF, 0xFFFF, 0xFFFF, 0xFFFF, 0x0000, 0x0000, 0x0000, 0x0000, 0x0000,
  0x0000, 0x0000, 0x0000, 0x0000, 0x0000, 0x0000, 0x0000, 0x0000, 0x0000, 0x0000,
  0x0000, 0x0000, 0x0000, 0x0000, 0x0000, 0x0000, 0x0000, 0x0000, 0x0000, 0x0000,
  0x0000, 0x0000, 0x0000, 0x0000, 0x0000, 0x0000, 0xFFFF, 0xFFFF, 0xFFFF, 0xFFFF,
  0xFFFF, 0xFFFF, 0xFFFF, 0xFFFF, 0xFFFF, 0x0000, 0x0000, 0x0000, 0x0000, 0x0000,
  0xFFFF, 0xFFFF, 0xFFFF, 0xFFFF, 0xFFFF, 0xFFFF, 0xFFFF, 0xFFFF, 0xFFFF, 0xFFFF,
  0xFFFF, 0xFFFF, 0xFFFF, 0xFFFF, 0xFFFF, 0xFFFF, 0xFFFF, 0xFFFF, 0xFFFF, 0xFFFF,
  0xFFFF, 0xFFFF, 0xFFFF, 0x0000, 0x0000, 0x0000, 0x0000, 0xFFFF, 0xFFFF, 0xFFFF,
  0xFFFF, 0xFFFF, 0xFFFF, 0xFFFF, 0xFFFF, 0xFFFF, 0xFFFF, 0xFFFF, 0xFFFF, 0xFFFF,
  0xFFFF, 0x0000, 0x0000, 0x0000, 0x0000, 0x0000, 0x0000, 0x0000, 0x0000, 0x0000,
  0x0000, 0x0000, 0x0000, 0x0000, 0x0000, 0x0000, 0x0000, 0x0000, 0x0000, 0x0000,
  0xFFFF, 0xFFFF, 0xFFFF, 0xFFFF, 0x0000, 0x0000, 0x0000, 0x0000, 0x0000, 0xFFFF,
  0xFFFF, 0xFFFF, 0xFFFF, 0xFFFF, 0xFFFF, 0xFFFF, 0xFFFF, 0xFFFF, 0xFFFF, 0xFFFF,
  0xFFFF, 0xFFFF, 0xFFFF, 0xFFFF, 0xFFFF, 0xFFFF, 0xFFFF, 0x0000, 0x0000, 0x0000,
  0x0000, 0x0000, 0x0000, 0x0000, 0x0000, 0x0000, 0x0000, 0x0000, 0x0000, 0x0000,
  0x0000, 0xFFFF, 0xFFFF, 0xFFFF, 0xFFFF, 0xFFFF, 0x0000, 0x0000, 0x0000, 0x0000,
  0xFFFF, 0xFFFF, 0xFFFF, 0xFFFF, 0xFFFF, 0x0000, 0x0000, 0x0000, 0x0000, 0x0000,
  0xFFFF, 0xFFFF, 0xFFFF, 0xFFFF, 0x0000, 0x0000, 0x0000, 0x0000, 0x0000, 0xFFFF,
  0xFFFF, 0xFFFF, 0xFFFF, 0xFFFF, 0x0000, 0x0000, 0x0000, 0x0000, 0xFFFF, 0xFFFF,
  0xFFFF, 0xFFFF, 0xFFFF, 0xFFFF, 0xFFFF, 0xFFFF, 0xFFFF, 0xFFFF, 0xFFFF, 0xFFFF,
  0xFFFF, 0xFFFF, 0xFFFF, 0xFFFF, 0xFFFF, 0xFFFF, 0xFFFF, 0xFFFF, 0xFFFF, 0xFFFF,
  0xFFFF, 0x0000, 0x0000, 0x0000, 0x0000, 0xFFFF, 0xFFFF, 0xFFFF, 0xFFFF, 0xFFFF,
  0xFFFF, 0xFFFF, 0xFFFF, 0xFFFF, 0x0000, 0x0000, 0x0000, 0x0000, 0x0000, 0xFFFF,
  0xFFFF, 0xFFFF, 0xFFFF, 0xFFFF, 0xFFFF, 0xFFFF, 0xFFFF, 0xFFFF, 0xFFFF, 0xFFFF,
  0xFFFF, 0xFFFF, 0xFFFF, 0xFFFF, 0xFFFF, 0xFFFF, 0xFFFF, 0xFFFF, 0xFFFF, 0xFFFF,
  0xFFFF, 0xFFFF, 0x0000, 0x0000, 0x0000, 0x0000, 0xFFFF, 0xFFFF, 0xFFFF, 0xFFFF,
  0xFFFF, 0xFFFF, 0xFFFF, 0xFFFF, 0xFFFF, 0xFFFF, 0xFFFF, 0xFFFF, 0xFFFF, 0xFFFF,
  0x0000, 0x0000, 0x0000, 0x0000, 0x0000, 0x0000, 0x0000, 0x0000, 0x0000, 0x0000,
  0x0000, 0x0000, 0x0000, 0x0000, 0x0000, 0x0000, 0x0000, 0x0000, 0x0000, 0xFFFF,
  0xFFFF, 0xFFFF, 0xFFFF, 0x0000, 0x0000, 0x0000, 0x0000, 0x0000, 0xFFFF, 0xFFFF,
  0xFFFF, 0xFFFF, 0xFFFF, 0xFFFF, 0xFFFF, 0xFFFF, 0xFFFF, 0xFFFF, 0xFFFF, 0xFFFF,
  0xFFFF, 0xFFFF, 0xFFFF, 0xFFFF, 0xFFFF, 0xFFFF, 0x0000, 0x0000, 0x0000, 0x0000,
  0x0000, 0x0000, 0x0000, 0x0000, 0x0000, 0x0000, 0x0000, 0x0000, 0x0000, 0x0000,
  0xFFFF, 0xFFFF, 0xFFFF, 0xFFFF, 0xFFFF, 0x0000, 0x0000, 0x0000, 0x0000, 0xFFFF,
  0xFFFF, 0xFFFF, 0xFFFF, 0xFFFF, 0x0000, 0x0000, 0x0000, 0x0000, 0x0000, 0xFFFF,
  0xFFFF, 0xFFFF, 0xFFFF, 0x0000, 0x0000, 0x0000, 0x0000, 0x0000, 0xFFFF, 0xFFFF,
  0xFFFF, 0xFFFF, 0xFFFF, 0x0000, 0x0000, 0x0000, 0x0000, 0xFFFF, 0xFFFF, 0xFFFF,
  0xFFFF, 0xFFFF, 0xFFFF, 0xFFFF, 0xFFFF, 0xFFFF, 0xFFFF, 0xFFFF, 0xFFFF, 0xFFFF,
  0xFFFF, 0xFFFF, 0xFFFF, 0xFFFF, 0xFFFF, 0xFFFF, 0xFFFF, 0xFFFF, 0xFFFF, 0xFFFF,
  0x0000, 0x0000, 0x0000, 0x0000, 0xFFFF, 0xFFFF, 0xFFFF, 0xFFFF, 0xFFFF, 0xFFFF,
  0xFFFF, 0xFFFF, 0xFFFF, 0x0000, 0x0000, 0x0000, 0x0000, 0x0000, 0xFFFF, 0xFFFF,
  0xFFFF, 0xFFFF, 0xFFFF, 0xFFFF, 0xFFFF, 0xFFFF, 0xFFFF, 0xFFFF, 0xFFFF, 0xFFFF,
  0xFFFF, 0xFFFF, 0xFFFF, 0xFFFF, 0xFFFF, 0xFFFF, 0xFFFF, 0xFFFF, 0xFFFF, 0xFFFF,
  0xFFFF, 0x0000, 0x0000, 0x0000, 0x0000, 0xFFFF, 0xFFFF, 0xFFFF, 0xFFFF, 0xFFFF,
  0xFFFF, 0xFFFF, 0xFFFF, 0xFFFF, 0xFFFF, 0xFFFF, 0xFFFF, 0xFFFF, 0xFFFF, 0x0000,
  0x0000, 0x0000, 0x0000, 0x0000, 0x0000, 0x0000, 0x0000, 0x0000, 0x0000, 0x0000,
  0x0000, 0x0000, 0x0000, 0x0000, 0x0000, 0x0000, 0x0000, 0x0000, 0xFFFF, 0xFFFF,
  0xFFFF, 0xFFFF, 0x0000, 0x0000, 0x0000, 0x0000, 0x0000, 0xFFFF, 0xFFFF, 0xFFFF,
  0xFFFF, 0xFFFF, 0xFFFF, 0xFFFF, 0xFFFF, 0xFFFF, 0xFFFF, 0xFFFF, 0xFFFF, 0xFFFF,
  0xFFFF, 0xFFFF, 0xFFFF, 0xFFFF, 0xFFFF, 0x0000, 0x0000, 0x0000, 0x0000, 0x0000,
  0x0000, 0x0000, 0x0000, 0x0000, 0x0000, 0x0000, 0x0000, 0x0000, 0x0000, 0xFFFF,
  0xFFFF, 0xFFFF, 0xFFFF, 0xFFFF, 0x0000, 0x0000, 0x0000, 0x0000, 0xFFFF, 0xFFFF,
  0xFFFF, 0xFFFF, 0xFFFF, 0x0000, 0x0000, 0x0000, 0x0000, 0x0000, 0xFFFF, 0xFFFF,
  0xFFFF, 0xFFFF, 0x0000, 0x0000, 0x0000, 0x0000, 0x0000, 0xFFFF, 0xFFFF, 0xFFFF,
  0xFFFF, 0xFFFF, 0x0000, 0x0000, 0x0000, 0x0000, 0xFFFF, 0xFFFF, 0xFFFF, 0xFFFF,
  0xFFFF, 0xFFFF, 0xFFFF, 0xFFFF, 0xFFFF, 0xFFFF, 0xFFFF, 0xFFFF, 0xFFFF, 0xFFFF,
  0xFFFF, 0xFFFF, 0xFFFF, 0xFFFF, 0xFFFF, 0xFFFF, 0xFFFF, 0xFFFF, 0xFFFF, 0x0000,
  0x0000, 0x0000, 0x0000, 0xFFFF, 0xFFFF, 0xFFFF, 0xFFFF, 0xFFFF, 0xFFFF, 0xFFFF,
  0xFFFF, 0xFFFF, 0x0000, 0x0000, 0x0000, 0x0000, 0x0000, 0xFFFF, 0xFFFF, 0xFFFF,
  0xFFFF, 0xFFFF, 0xFFFF, 0xFFFF, 0xFFFF, 0xFFFF, 0xFFFF, 0xFFFF, 0xFFFF, 0xFFFF,
  0xFFFF, 0xFFFF, 0xFFFF, 0xFFFF, 0xFFFF, 0xFFFF, 0xFFFF, 0xFFFF, 0xFFFF, 0xFFFF,
  0x0000, 0x0000, 0x0000, 0x0000, 0xFFFF, 0xFFFF, 0xFFFF, 0xFFFF, 0xFFFF, 0xFFFF,
  0xFFFF, 0xFFFF, 0xFFFF, 0xFFFF, 0xFFFF, 0xFFFF, 0xFFFF, 0xFFFF, 0x0000, 0x0000,
  0x0000, 0x0000, 0x0000, 0x0000, 0x0000, 0x0000, 0x0000, 0x0000, 0x0000, 0x0000,
  0x0000, 0x0000, 0x0000, 0x0000, 0x0000, 0x0000, 0x0000, 0xFFFF, 0xFFFF, 0xFFFF,
  0xFFFF, 0x0000, 0x0000, 0x0000, 0x0000, 0x0000, 0xFFFF, 0xFFFF, 0xFFFF, 0xFFFF,
  0xFFFF, 0xFFFF, 0xFFFF, 0xFFFF, 0xFFFF, 0xFFFF, 0xFFFF, 0xFFFF, 0xFFFF, 0xFFFF,
  0xFFFF, 0xFFFF, 0xFFFF, 0xFFFF, 0x0000, 0x0000, 0x0000, 0x0000, 0x0000, 0x0000,
  0x0000, 0x0000, 0x0000, 0x0000, 0x0000, 0x0000, 0x0000, 0x0000, 0xFFFF, 0xFFFF,
  0xFFFF, 0xFFFF, 0xFFFF, 0x0000, 0x0000, 0x0000, 0x0000, 0xFFFF, 0xFFFF, 0xFFFF,
  0xFFFF, 0xFFFF, 0x0000, 0x0000, 0x0000, 0x0000, 0x0000, 0xFFFF, 0xFFFF, 0xFFFF,
  0xFFFF, 0x0000, 0x0000, 0x0000, 0x0000, 0x0000, 0xFFFF, 0xFFFF, 0xFFFF, 0xFFFF,
  0xFFFF, 0x0000, 0x0000, 0x0000, 0x0000, 0xFFFF, 0xFFFF, 0xFFFF, 0xFFFF, 0xFFFF,
  0xFFFF, 0xFFFF, 0xFFFF, 0xFFFF, 0xFFFF, 0xFFFF, 0xFFFF, 0xFFFF, 0xFFFF, 0xFFFF,
  0xFFFF, 0xFFFF, 0xFFFF, 0xFFFF, 0xFFFF, 0xFFFF, 0xFFFF, 0xFFFF, 0x0000, 0x0000,
  0x0000, 0x0000, 0xFFFF, 0xFFFF, 0xFFFF, 0xFFFF, 0xFFFF, 0xFFFF, 0xFFFF, 0xFFFF,
  0xFFFF, 0x0000, 0x0000, 0x0000, 0x0000, 0x0000, 0xFFFF, 0xFFFF, 0xFFFF, 0xFFFF,
  0x0000, 0x0000, 0x0000, 0x0000, 0x0000, 0x0000, 0x0000, 0x0000, 0x0000, 0x0000,
  0x0000, 0x0000, 0x0000, 0x0000, 0xFFFF, 0xFFFF, 0xFFFF, 0xFFFF, 0xFFFF, 0x0000,
  0x0000, 0x0000, 0x0000, 0xFFFF, 0xFFFF, 0xFFFF, 0xFFFF, 0xFFFF, 0xFFFF, 0xFFFF,
  0xFFFF, 0xFFFF, 0xFFFF, 0x0000, 0x0000, 0x0000, 0x0000, 0xFFFF, 0xFFFF, 0xFFFF,
  0xFFFF, 0xFFFF, 0x0000, 0x0000, 0x0000, 0x0000, 0xFFFF, 0xFFFF, 0xFFFF, 0xFFFF,
  0xFFFF, 0x0000, 0x0000, 0x0000, 0x0000, 0x0000, 0xFFFF, 0xFFFF, 0xFFFF, 0xFFFF,
  0x0000, 0x0000, 0x0000, 0x0000, 0x0000, 0x0000, 0x0000, 0x0000, 0x0000, 0x0000,
  0x0000, 0x0000, 0x0000, 0x0000, 0xFFFF, 0xFFFF, 0xFFFF, 0xFFFF, 0xFFFF, 0x0000,
  0x0000, 0x0000, 0x0000, 0x0000, 0x0000, 0x0000, 0x0000, 0x0000, 0x0000, 0x0000,
  0x0000, 0x0000, 0x0000, 0xFFFF, 0xFFFF, 0xFFFF, 0xFFFF, 0xFFFF, 0xFFFF, 0xFFFF,
  0xFFFF, 0xFFFF, 0x0000, 0x0000, 0x0000, 0x0000, 0xFFFF, 0xFFFF, 0xFFFF, 0xFFFF,
  0xFFFF, 0x0000, 0x0000, 0x0000, 0x0000, 0x0000, 0x0000, 0x0000, 0x0000, 0x0000,
  0xFFFF, 0xFFFF, 0xFFFF, 0xFFFF, 0xFFFF, 0xFFFF, 0xFFFF, 0xFFFF, 0xFFFF, 0xFFFF,
  0x0000, 0x0000, 0x0000, 0x0000, 0xFFFF, 0xFFFF, 0xFFFF, 0xFFFF, 0xFFFF, 0x0000,
  0x0000, 0x0000, 0x0000, 0x0000, 0x0000, 0x0000, 0x0000, 0x0000, 0x0000, 0x0000,
  0x0000, 0x0000, 0x0000, 0xFFFF, 0xFFFF, 0xFFFF, 0xFFFF, 0x0000, 0x0000, 0x0000,
  0x0000, 0xFFFF, 0xFFFF, 0xFFFF, 0xFFFF, 0xFFFF, 0xFFFF, 0xFFFF, 0xFFFF, 0xFFFF,
  0x0000, 0x0000, 0x0000, 0x0000, 0x0000, 0xFFFF, 0xFFFF, 0xFFFF, 0xFFFF, 0x0000,
  0x0000, 0x0000, 0x0000, 0x0000, 0x0000, 0x0000, 0x0000, 0x0000, 0x0000, 0x0000,
  0x0000, 0x0000, 0x0000, 0xFFFF, 0xFFFF, 0xFFFF, 0xFFFF, 0xFFFF, 0x0000, 0x0000,
  0x0000, 0x0000, 0xFFFF, 0xFFFF, 0xFFFF, 0xFFFF, 0xFFFF, 0xFFFF, 0xFFFF, 0xFFFF,
  0xFFFF, 0xFFFF, 0x0000, 0x0000, 0x0000, 0x0000, 0xFFFF, 0xFFFF, 0xFFFF, 0xFFFF,
  0xFFFF, 0x0000, 0x0000, 0x0000, 0x0000, 0xFFFF, 0xFFFF, 0xFFFF, 0xFFFF, 0xFFFF,
  0x0000, 0x0000, 0x0000, 0x0000, 0x0000, 0xFFFF, 0xFFFF, 0xFFFF, 0xFFFF, 0x0000,
  0x0000, 0x0000, 0x0000, 0x0000, 0x0000, 0x0000, 0x0000, 0x0000, 0x0000, 0x0000,
  0x0000, 0x0000, 0x0000, 0xFFFF, 0xFFFF, 0xFFFF, 0xFFFF, 0xFFFF, 0x0000, 0x0000,
  0x0000, 0x0000, 0x0000, 0x0000, 0x0000, 0x0000, 0x0000, 0x0000, 0x0000, 0x0000,
  0x0000, 0x0000, 0xFFFF, 0xFFFF, 0xFFFF, 0xFFFF, 0xFFFF, 0xFFFF, 0xFFFF, 0xFFFF,
  0xFFFF, 0x0000, 0x0000, 0x0000, 0x0000, 0xFFFF, 0xFFFF, 0xFFFF, 0xFFFF, 0xFFFF,
  0x0000, 0x0000, 0x0000, 0x0000, 0x0000, 0x0000, 0x0000, 0x0000, 0x0000, 0xFFFF,
  0xFFFF, 0xFFFF, 0xFFFF, 0xFFFF, 0xFFFF, 0xFFFF, 0xFFFF, 0xFFFF, 0xFFFF, 0x0000,
  0x0000, 0x0000, 0x0000, 0xFFFF, 0xFFFF, 0xFFFF, 0xFFFF, 0xFFFF, 0x0000, 0x0000,
  0x0000, 0x0000, 0x0000, 0x0000, 0x0000, 0x0000, 0x0000, 0x0000, 0x0000, 0x0000,
  0x0000, 0x0000, 0xFFFF, 0xFFFF, 0xFFFF, 0xFFFF, 0x0000, 0x0000, 0x0000, 0x0000,
  0xFFFF, 0xFFFF, 0xFFFF, 0xFFFF, 0xFFFF, 0xFFFF, 0xFFFF, 0xFFFF, 0xFFFF, 0x0000,
  0x0000, 0x0000, 0x0000, 0x0000, 0xFFFF, 0xFFFF, 0xFFFF, 0xFFFF, 0x0000, 0x0000,
  0x0000, 0x0000, 0x0000, 0x0000, 0x0000, 0x0000, 0x0000, 0x0000, 0x0000, 0x0000,
  0x0000, 0x0000, 0xFFFF, 0xFFFF, 0xFFFF, 0xFFFF, 0xFFFF, 0x0000, 0x0000, 0x0000,
  0x0000, 0xFFFF, 0xFFFF, 0xFFFF, 0xFFFF, 0xFFFF, 0xFFFF, 0xFFFF, 0xFFFF, 0xFFFF,
  0xFFFF, 0x0000, 0x0000, 0x0000, 0x0000, 0xFFFF, 0xFFFF, 0xFFFF, 0xFFFF, 0xFFFF,
  0x0000, 0x0000, 0x0000, 0x0000, 0xFFFF, 0xFFFF, 0xFFFF, 0xFFFF, 0xFFFF, 0x0000,
  0x0000, 0x0000, 0x0000, 0x0000, 0xFFFF, 0xFFFF, 0xFFFF, 0xFFFF, 0x0000, 0x0000,
  0x0000, 0x0000, 0x0000, 0x0000, 0x0000, 0x0000, 0x0000, 0x0000, 0x0000, 0x0000,
  0x0000, 0x0000, 0xFFFF, 0xFFFF, 0xFFFF, 0xFFFF, 0xFFFF, 0x0000, 0x0000, 0x0000,
  0x0000, 0x0000, 0x0000, 0x0000, 0x0000, 0x0000, 0x0000, 0x0000, 0x0000, 0x0000,
  0x0000, 0xFFFF, 0xFFFF, 0xFFFF, 0xFFFF, 0xFFFF, 0xFFFF, 0xFFFF, 0xFFFF, 0xFFFF,
  0x0000, 0x0000, 0x0000, 0x0000, 0xFFFF, 0xFFFF, 0xFFFF, 0xFFFF, 0xFFFF, 0x0000,
  0x0000, 0x0000, 0x0000, 0x0000, 0x0000, 0x0000, 0x0000, 0x0000, 0xFFFF, 0xFFFF,
  0xFFFF, 0xFFFF, 0xFFFF, 0xFFFF, 0xFFFF, 0xFFFF, 0xFFFF, 0xFFFF, 0x0000, 0x0000,
  0x0000, 0x0000, 0xFFFF, 0xFFFF, 0xFFFF, 0xFFFF, 0xFFFF, 0x0000, 0x0000, 0x0000,
  0x0000, 0x0000, 0x0000, 0x0000, 0x0000, 0x0000, 0x0000, 0x0000, 0x0000, 0x0000,
  0x0000, 0xFFFF, 0xFFFF, 0xFFFF, 0xFFFF, 0x0000, 0x0000, 0x0000, 0x0000, 0xFFFF,
  0xFFFF, 0xFFFF, 0xFFFF, 0xFFFF, 0xFFFF, 0xFFFF, 0xFFFF, 0xFFFF, 0x0000, 0x0000,
  0x0000, 0x0000, 0x0000, 0xFFFF, 0xFFFF, 0xFFFF, 0xFFFF, 0x0000, 0x0000, 0x0000,
  0x0000, 0x0000, 0x0000, 0x0000, 0x0000, 0x0000, 0x0000, 0x0000, 0x0000, 0x0000,
  0x0000, 0xFFFF, 0xFFFF, 0xFFFF, 0xFFFF, 0xFFFF, 0x0000, 0x0000, 0x0000, 0x0000,
  0xFFFF, 0xFFFF, 0xFFFF, 0xFFFF, 0xFFFF, 0xFFFF, 0xFFFF, 0xFFFF, 0xFFFF, 0xFFFF,
  0x0000, 0x0000, 0x0000, 0x0000, 0xFFFF, 0xFFFF, 0xFFFF, 0xFFFF, 0xFFFF, 0x0000,
  0x0000, 0x0000, 0x0000, 0xFFFF, 0xFFFF, 0xFFFF, 0xFFFF, 0xFFFF, 0x0000, 0x0000,
  0x0000, 0x0000, 0x0000, 0xFFFF, 0xFFFF, 0xFFFF, 0xFFFF, 0x0000, 0x0000, 0x0000,
  0x0000, 0x0000, 0x0000, 0x0000, 0x0000, 0x0000, 0x0000, 0x0000, 0x0000, 0x0000,
  0x0000, 0xFFFF, 0xFFFF, 0xFFFF, 0xFFFF, 0xFFFF, 0x0000, 0x0000, 0x0000, 0x0000,
  0x0000, 0x0000, 0x0000, 0x0000, 0x0000, 0x0000, 0x0000, 0x0000, 0x0000, 0x0000,
  0xFFFF, 0xFFFF, 0xFFFF, 0xFFFF, 0xFFFF, 0xFFFF, 0xFFFF, 0xFFFF, 0xFFFF, 0x0000,
  0x0000, 0x0000, 0x0000, 0xFFFF, 0xFFFF, 0xFFFF, 0xFFFF, 0xFFFF, 0x0000, 0x0000,
  0x0000, 0x0000, 0x0000, 0x0000, 0x0000, 0x0000, 0x0000, 0xFFFF, 0xFFFF, 0xFFFF,
  0xFFFF, 0xFFFF, 0xFFFF, 0xFFFF, 0xFFFF, 0xFFFF, 0xFFFF, 0x0000, 0x0000, 0x0000,
  0x0000, 0xFFFF, 0xFFFF, 0xFFFF, 0xFFFF, 0xFFFF, 0x0000, 0x0000, 0x0000, 0x0000,
  0x0000, 0x0000, 0x0000, 0x0000, 0x0000, 0x0000, 0x0000, 0x0000, 0x0000, 0x0000,
  0xFFFF, 0xFFFF, 0xFFFF, 0xFFFF, 0x0000, 0x0000, 0x0000, 0x0000, 0xFFFF, 0xFFFF,
  0xFFFF, 0xFFFF, 0xFFFF, 0xFFFF, 0xFFFF, 0xFFFF, 0xFFFF, 0x0000, 0x0000, 0x0000,
  0x0000, 0x0000, 0xFFFF, 0xFFFF, 0xFFFF, 0xFFFF, 0x0000, 0x0000, 0x0000, 0x0000,
  0x0000, 0x0000, 0x0000, 0x0000, 0x0000, 0x0000, 0x0000, 0x0000, 0x0000, 0x0000,
  0xFFFF, 0xFFFF, 0xFFFF, 0xFFFF, 0xFFFF, 0x0000, 0x0000, 0x0000, 0x0000, 0xFFFF,
  0xFFFF, 0xFFFF, 0xFFFF, 0xFFFF, 0xFFFF, 0xFFFF, 0xFFFF, 0xFFFF, 0xFFFF, 0x0000,
  0x0000, 0x0000, 0x0000, 0xFFFF, 0xFFFF, 0xFFFF, 0xFFFF, 0xFFFF, 0x0000, 0x0000,
  0x0000, 0x0000, 0xFFFF, 0xFFFF, 0xFFFF, 0xFFFF, 0xFFFF, 0x0000, 0x0000, 0x0000,
  0x0000, 0x0000, 0xFFFF, 0xFFFF, 0xFFFF, 0xFFFF, 0x0000, 0x0000, 0x0000, 0x0000,
  0x0000, 0x0000, 0x0000, 0x0000, 0x0000, 0x0000, 0x0000, 0x0000, 0x0000, 0x0000,
  0xFFFF, 0xFFFF, 0xFFFF, 0xFFFF, 0xFFFF, 0x0000, 0x0000, 0x0000, 0x0000, 0x0000,
  0x0000, 0x0000, 0x0000, 0x0000, 0x0000, 0x0000, 0x0000, 0x0000, 0x0000, 0xFFFF,
  0xFFFF, 0xFFFF, 0xFFFF, 0xFFFF, 0xFFFF, 0xFFFF, 0xFFFF, 0xFFFF, 0x0000, 0x0000,
  0x0000, 0x0000, 0xFFFF, 0xFFFF, 0xFFFF, 0xFFFF, 0xFFFF, 0x0000, 0x0000, 0x0000,
  0x0000, 0x0000, 0x0000, 0x0000, 0x0000, 0x0000, 0xFFFF, 0xFFFF, 0xFFFF, 0xFFFF,
  0xFFFF, 0xFFFF, 0xFFFF, 0xFFFF, 0xFFFF, 0xFFFF, 0x0000, 0x0000, 0x0000, 0x0000,
  0xFFFF, 0xFFFF, 0xFFFF, 0xFFFF, 0xFFFF, 0x0000, 0x0000, 0x0000, 0x0000, 0x0000,
  0x0000, 0x0000, 0x0000, 0x0000, 0x0000, 0x0000, 0x0000, 0x0000, 0x0000, 0xFFFF,
  0xFFFF, 0xFFFF, 0xFFFF, 0x0000, 0x0000, 0x0000, 0x0000, 0xFFFF, 0xFFFF, 0xFFFF,
  0xFFFF, 0xFFFF, 0xFFFF, 0xFFFF, 0xFFFF, 0xFFFF, 0x0000, 0x0000, 0x0000, 0x0000,
  0x0000, 0xFFFF, 0xFFFF, 0xFFFF, 0xFFFF, 0x0000, 0x0000, 0x0000, 0x0000, 0x0000,
  0x0000, 0x0000, 0x0000, 0x0000, 0x0000, 0x0000, 0x0000, 0x0000, 0x0000, 0xFFFF,
  0xFFFF, 0xFFFF, 0xFFFF, 0xFFFF, 0x0000, 0x0000, 0x0000, 0x0000, 0xFFFF, 0xFFFF,
  0xFFFF, 0xFFFF, 0xFFFF, 0x0000, 0x0000, 0x0000, 0x0000, 0x0000, 0x0000, 0x0000,
  0x0000, 0x0000, 0xFFFF, 0xFFFF, 0xFFFF, 0xFFFF, 0xFFFF, 0xFFFF, 0xFFFF, 0xFFFF,
  0xFFFF, 0x0000, 0x0000, 0x0000, 0x0000, 0x0000, 0x0000, 0x0000, 0x0000, 0x0000,
  0x0000, 0x0000, 0x0000, 0x0000, 0x0000, 0xFFFF, 0xFFFF, 0xFFFF, 0xFFFF, 0xFFFF,
  0x0000, 0x0000, 0x0000, 0x0000, 0x0000, 0xFFFF, 0xFFFF, 0xFFFF, 0xFFFF, 0x0000,
  0x0000, 0x0000, 0x0000, 0x0000, 0x0000, 0x0000, 0x0000, 0x0000, 0x0000, 0x0000,
  0x0000, 0x0000, 0x0000, 0xFFFF, 0xFFFF, 0xFFFF, 0xFFFF, 0xFFFF, 0xFFFF, 0xFFFF,
  0xFFFF, 0xFFFF, 0xFFFF, 0xFFFF, 0xFFFF, 0xFFFF, 0xFFFF, 0xFFFF, 0xFFFF, 0xFFFF,
  0xFFFF, 0x0000, 0x0000, 0x0000, 0x0000, 0x0000, 0x0000, 0x0000, 0x0000, 0x0000,
  0x0000, 0x0000, 0x0000, 0x0000, 0x0000, 0x0000, 0x0000, 0x0000, 0x0000, 0x0000,
  0xFFFF, 0xFFFF, 0xFFFF, 0xFFFF, 0xFFFF, 0x0000, 0x0000, 0x0000, 0x0000, 0xFFFF,
  0xFFFF, 0xFFFF, 0xFFFF, 0xFFFF, 0x0000, 0x0000, 0x0000, 0x0000, 0x0000, 0x0000,
  0x0000, 0x0000, 0x0000, 0x0000, 0x0000, 0x0000, 0x0000, 0x0000, 0xFFFF, 0xFFFF,
  0xFFFF, 0xFFFF, 0x0000, 0x0000, 0x0000, 0x0000, 0xFFFF, 0xFFFF, 0xFFFF, 0xFFFF,
  0xFFFF, 0xFFFF, 0xFFFF, 0xFFFF, 0xFFFF, 0x0000, 0x0000, 0x0000, 0x0000, 0x0000,
  0xFFFF, 0xFFFF, 0xFFFF, 0xFFFF, 0x0000, 0x0000, 0x0000, 0x0000, 0x0000, 0x0000,
  0x0000, 0x0000, 0x0000, 0x0000, 0x0000, 0x0000, 0x0000, 0x0000, 0xFFFF, 0xFFFF,
  0xFFFF, 0xFFFF, 0xFFFF, 0x0000, 0x0000, 0x0000, 0x0000, 0xFFFF, 0xFFFF, 0xFFFF,
  0xFFFF, 0xFFFF, 0x0000, 0x0000, 0x0000, 0x0000, 0x0000, 0x0000, 0x0000, 0x0000,
  0x0000, 0xFFFF, 0xFFFF, 0xFFFF, 0xFFFF, 0xFFFF, 0xFFFF, 0xFFFF, 0xFFFF, 0xFFFF,
  0x0000, 0x0000, 0x0000, 0x0000, 0x0000, 0x0000, 0x0000, 0x0000, 0x0000, 0x0000,
  0x0000, 0x0000, 0x0000, 0x0000, 0xFFFF, 0xFFFF, 0xFFFF, 0xFFFF, 0xFFFF, 0x0000,
  0x0000, 0x0000, 0x0000, 0x0000, 0xFFFF, 0xFFFF, 0xFFFF, 0xFFFF, 0x0000, 0x0000,
  0x0000, 0x0000, 0x0000, 0x0000, 0x0000, 0x0000, 0x0000, 0x0000, 0x0000, 0x0000,
  0x0000, 0x0000, 0xFFFF, 0xFFFF, 0xFFFF, 0xFFFF, 0xFFFF, 0xFFFF, 0xFFFF, 0xFFFF,
  0xFFFF, 0xFFFF, 0xFFFF, 0xFFFF, 0xFFFF, 0xFFFF, 0xFFFF, 0xFFFF, 0xFFFF, 0xFFFF,
  0x0000, 0x0000, 0x0000, 0x0000, 0x0000, 0x0000, 0x0000, 0x0000, 0x0000, 0x0000,
  0x0000, 0x0000, 0x0000, 0x0000, 0x0000, 0x0000, 0x0000, 0x0000, 0x0000, 0xFFFF,
  0xFFFF, 0xFFFF, 0xFFFF, 0xFFFF, 0x0000, 0x0000, 0x0000, 0x0000, 0xFFFF, 0xFFFF,
  0xFFFF, 0xFFFF, 0xFFFF, 0x0000, 0x0000, 0x0000, 0x0000, 0x0000, 0x0000, 0x0000,
  0x0000, 0x0000, 0x0000, 0x0000, 0x0000, 0x0000, 0x0000, 0xFFFF, 0xFFFF, 0xFFFF,
  0xFFFF, 0x0000, 0x0000, 0x0000, 0x0000, 0xFFFF, 0xFFFF, 0xFFFF, 0xFFFF, 0xFFFF,
  0xFFFF, 0xFFFF, 0xFFFF, 0xFFFF, 0x0000, 0x0000, 0x0000, 0x0000, 0x0000, 0xFFFF,
  0xFFFF, 0xFFFF, 0xFFFF, 0x0000, 0x0000, 0x0000, 0x0000, 0x0000, 0x0000, 0x0000,
  0x0000, 0x0000, 0x0000, 0x0000, 0x0000, 0x0000, 0x0000, 0xFFFF, 0xFFFF, 0xFFFF,
  0xFFFF, 0xFFFF, 0x0000, 0x0000, 0x0000, 0x0000, 0xFFFF, 0xFFFF, 0xFFFF, 0xFFFF,
  0xFFFF, 0x0000, 0x0000, 0x0000, 0x0000, 0x0000, 0x0000, 0x0000, 0x0000, 0x0000,
  0xFFFF, 0xFFFF, 0xFFFF, 0xFFFF, 0xFFFF, 0xFFFF, 0xFFFF, 0xFFFF, 0xFFFF, 0x0000,
  0x0000, 0x0000, 0x0000, 0x0000, 0x0000, 0x0000, 0x0000, 0x0000, 0x0000, 0x0000,
  0x0000, 0x0000, 0x0000, 0xFFFF, 0xFFFF, 0xFFFF, 0xFFFF, 0xFFFF, 0x0000, 0x0000,
  0x0000, 0x0000, 0x0000, 0xFFFF, 0xFFFF, 0xFFFF, 0xFFFF, 0x0000, 0x0000, 0x0000,
  0x0000, 0x0000, 0x0000, 0x0000, 0x0000, 0x0000, 0x0000, 0x0000, 0x0000, 0x0000,
  0x0000, 0xFFFF, 0xFFFF, 0xFFFF, 0xFFFF, 0xFFFF, 0xFFFF, 0xFFFF, 0xFFFF, 0xFFFF,
  0xFFFF, 0xFFFF, 0xFFFF, 0xFFFF, 0xFFFF, 0xFFFF, 0xFFFF, 0xFFFF, 0xFFFF, 0x0000,
  0x0000, 0x0000, 0x0000, 0x0000, 0x0000, 0x0000, 0x0000, 0x0000, 0x0000, 0x0000,
  0x0000, 0x0000, 0x0000, 0x0000, 0x0000, 0x0000, 0x0000, 0x0000, 0xFFFF, 0xFFFF,
  0xFFFF, 0xFFFF, 0xFFFF, 0x0000, 0x0000, 0x0000, 0x0000, 0xFFFF, 0xFFFF, 0xFFFF,
  0xFFFF, 0xFFFF, 0x0000, 0x0000, 0x0000, 0x0000, 0x0000, 0x0000, 0x0000, 0x0000,
  0x0000, 0x0000, 0x0000, 0x0000, 0x0000, 0x0000, 0xFFFF, 0xFFFF, 0xFFFF, 0xFFFF,
  0x0000, 0x0000, 0x0000, 0x0000, 0xFFFF, 0xFFFF, 0xFFFF, 0xFFFF, 0xFFFF, 0xFFFF,
  0xFFFF, 0xFFFF, 0xFFFF, 0x0000, 0x0000, 0x0000, 0x0000, 0x0000, 0xFFFF, 0xFFFF,
  0xFFFF, 0xFFFF, 0x0000, 0x0000, 0x0000, 0x0000, 0x0000, 0x0000, 0x0000, 0x0000,
  0x0000, 0x0000, 0x0000, 0x0000, 0x0000, 0x0000, 0xFFFF, 0xFFFF, 0xFFFF, 0xFFFF,
  0xFFFF, 0x0000, 0x0000, 0x0000, 0x0000, 0xFFFF, 0xFFFF, 0xFFFF, 0xFFFF, 0xFFFF,
  0x0000, 0x0000, 0x0000, 0x0000, 0x0000, 0x0000, 0x0000, 0x0000, 0x0000, 0xFFFF,
  0xFFFF, 0xFFFF, 0xFFFF, 0xFFFF, 0xFFFF, 0xFFFF, 0xFFFF, 0xFFFF, 0x0000, 0x0000,
  0x0000, 0x0000, 0x0000, 0x0000, 0x0000, 0x0000, 0x0000, 0x0000, 0x0000, 0x0000,
  0x0000, 0x0000, 0xFFFF, 0xFFFF, 0xFFFF, 0xFFFF, 0xFFFF, 0x0000, 0x0000, 0x0000,
  0x0000, 0x0000, 0xFFFF, 0xFFFF, 0xFFFF, 0xFFFF, 0x0000, 0x0000, 0x0000, 0x0000,
  0x0000, 0x0000, 0x0000, 0x0000, 0x0000, 0x0000, 0x0000, 0x0000, 0x0000, 0x0000,
  0xFFFF, 0xFFFF, 0xFFFF, 0xFFFF, 0xFFFF, 0xFFFF, 0xFFFF, 0xFFFF, 0xFFFF, 0xFFFF,
  0xFFFF, 0xFFFF, 0xFFFF, 0xFFFF, 0xFFFF, 0xFFFF, 0xFFFF, 0xFFFF, 0x0000, 0x0000,
  0x0000, 0x0000, 0x0000, 0x0000, 0x0000, 0x0000, 0x0000, 0x0000, 0x0000, 0x0000,
  0x0000, 0x0000, 0x0000, 0x0000, 0x0000, 0x0000, 0x0000, 0xFFFF, 0xFFFF, 0xFFFF,
  0xFFFF, 0xFFFF, 0x0000, 0x0000, 0x0000, 0x0000, 0xFFFF, 0xFFFF, 0xFFFF, 0xFFFF,
  0xFFFF, 0x0000, 0x0000, 0x0000, 0x0000, 0x0000, 0x0000, 0x0000, 0x0000, 0x0000,
  0x0000, 0x0000, 0x0000, 0x0000, 0x0000, 0xFFFF, 0xFFFF, 0xFFFF, 0xFFFF, 0x0000,
  0x0000, 0x0000, 0x0000, 0xFFFF, 0xFFFF, 0xFFFF, 0xFFFF, 0xFFFF, 0xFFFF, 0xFFFF,
  0xFFFF, 0xFFFF, 0x0000, 0x0000, 0x0000, 0x0000, 0x0000, 0xFFFF, 0xFFFF, 0xFFFF,
  0xFFFF, 0x0000, 0x0000, 0x0000, 0x0000, 0x0000, 0x0000, 0x0000, 0x0000, 0x0000,
  0x0000, 0x0000, 0x0000, 0x0000, 0x0000, 0xFFFF, 0xFFFF, 0xFFFF, 0xFFFF, 0xFFFF,
  0x0000, 0x0000, 0x0000, 0x0000, 0xFFFF, 0xFFFF, 0xFFFF, 0xFFFF, 0xFFFF, 0x0000,
  0x0000, 0x0000, 0x0000, 0x0000, 0x0000, 0x0000, 0x0000, 0x0000, 0xFFFF, 0xFFFF,
  0xFFFF, 0xFFFF, 0xFFFF, 0xFFFF, 0xFFFF, 0xFFFF, 0xFFFF, 0x0000, 0x0000, 0x0000,
  0x0000, 0x0000, 0x0000, 0x0000, 0x0000, 0x0000, 0x0000, 0x0000, 0x0000, 0x0000,
  0x0000, 0xFFFF, 0xFFFF, 0xFFFF, 0xFFFF, 0xFFFF, 0x0000, 0x0000, 0x0000, 0x0000,
  0x0000, 0xFFFF, 0xFFFF, 0xFFFF, 0xFFFF, 0x0000, 0x0000, 0x0000, 0x0000, 0x0000,
  0x0000, 0x0000, 0x0000, 0x0000, 0x0000, 0x0000, 0x0000, 0x0000, 0x0000, 0xFFFF,
  0xFFFF, 0xFFFF, 0xFFFF, 0xFFFF, 0xFFFF, 0xFFFF, 0xFFFF, 0xFFFF, 0xFFFF, 0xFFFF,
  0xFFFF, 0xFFFF, 0xFFFF, 0xFFFF, 0xFFFF, 0xFFFF, 0xFFFF, 0x0000, 0x0000, 0x0000,
  0x0000, 0x0000, 0x0000, 0x0000, 0x0000, 0x0000, 0x0000, 0x0000, 0x0000, 0x0000,
  0x0000, 0x0000, 0x0000, 0x0000, 0x0000, 0x0000, 0xFFFF, 0xFFFF, 0xFFFF, 0xFFFF,
  0xFFFF, 0x0000, 0x0000, 0x0000, 0x0000, 0xFFFF, 0xFFFF, 0xFFFF, 0xFFFF, 0xFFFF,
  0x0000, 0x0000, 0x0000, 0x0000, 0x0000, 0x0000, 0x0000, 0x0000, 0x0000, 0x0000,
  0x0000, 0x0000, 0x0000, 0x0000, 0xFFFF, 0xFFFF, 0xFFFF, 0xFFFF, 0x0000, 0x0000,
  0x0000, 0x0000, 0xFFFF, 0xFFFF, 0xFFFF, 0xFFFF, 0xFFFF, 0xFFFF, 0xFFFF, 0xFFFF,
  0xFFFF, 0x0000, 0x0000, 0x0000, 0x0000, 0x0000, 0xFFFF, 0xFFFF, 0xFFFF, 0xFFFF,
  0x0000, 0x0000, 0x0000, 0x0000, 0x0000, 0x0000, 0x0000, 0x0000, 0x0000, 0x0000,
  0x0000, 0x0000, 0x0000, 0x0000, 0xFFFF, 0xFFFF, 0xFFFF, 0xFFFF, 0xFFFF, 0x0000,
  0x0000, 0x0000, 0x0000, 0xFFFF, 0xFFFF, 0xFFFF, 0xFFFF, 0xFFFF, 0x0000, 0x0000,
  0x0000, 0x0000, 0x0000, 0x0000, 0x0000, 0x0000, 0x0000, 0x0000, 0x0000, 0x0000,
  0x0000, 0x0000, 0x0000, 0x0000, 0x0000, 0x0000, 0xFFFF, 0xFFFF, 0xFFFF, 0xFFFF,
  0xFFFF, 0xFFFF, 0xFFFF, 0xFFFF, 0xFFFF, 0xFFFF, 0xFFFF, 0xFFFF, 0xFFFF, 0xFFFF,
  0x0000, 0x0000, 0x0000, 0x0000, 0x0000, 0xFFFF, 0xFFFF, 0xFFFF, 0xFFFF, 0xFFFF,
  0xFFFF, 0xFFFF, 0xFFFF, 0xFFFF, 0x0000, 0x0000, 0x0000, 0x0000, 0x0000, 0xFFFF,
  0xFFFF, 0xFFFF, 0xFFFF, 0xFFFF, 0xFFFF, 0xFFFF, 0xFFFF, 0xFFFF, 0x0000, 0x0000,
  0x0000, 0x0000, 0x0000, 0x0000, 0x0000, 0x0000, 0x0000, 0x0000, 0x0000, 0x0000,
  0x0000, 0x0000, 0xFFFF, 0xFFFF, 0xFFFF, 0xFFFF, 0xFFFF, 0xFFFF, 0xFFFF, 0xFFFF,
  0xFFFF, 0x0000, 0x0000, 0x0000, 0x0000, 0x0000, 0x0000, 0x0000, 0x0000, 0x0000,
  0x0000, 0x0000, 0x0000, 0x0000, 0x0000, 0xFFFF, 0xFFFF, 0xFFFF, 0xFFFF, 0xFFFF,
  0x0000, 0x0000, 0x0000, 0x0000, 0xFFFF, 0xFFFF, 0xFFFF, 0xFFFF, 0xFFFF, 0x0000,
  0x0000, 0x0000, 0x0000, 0x0000, 0x0000, 0x0000, 0x0000, 0x0000, 0x0000, 0x0000,
  0x0000, 0x0000, 0x0000, 0xFFFF, 0xFFFF, 0xFFFF, 0xFFFF, 0x0000, 0x0000, 0x0000,
  0x0000, 0xFFFF, 0xFFFF, 0xFFFF, 0xFFFF, 0xFFFF, 0xFFFF, 0xFFFF, 0xFFFF, 0xFFFF,
  0x0000, 0x0000, 0x0000, 0x0000, 0x0000, 0xFFFF, 0xFFFF, 0xFFFF, 0xFFFF, 0x0000,
  0x0000, 0x0000, 0x0000, 0x0000, 0x0000, 0x0000, 0x0000, 0x0000, 0x0000, 0x0000,
  0x0000, 0x0000, 0x0000, 0xFFFF, 0xFFFF, 0xFFFF, 0xFFFF, 0xFFFF, 0x0000, 0x0000,
  0x0000, 0x0000, 0xFFFF, 0xFFFF, 0xFFFF, 0xFFFF, 0xFFFF, 0x0000, 0x0000, 0x0000,
  0x0000, 0x0000, 0x0000, 0x0000, 0x0000, 0x0000, 0x0000, 0x0000, 0x0000, 0x0000,
  0x0000, 0x0000, 0x0000, 0x0000, 0x0000, 0xFFFF, 0xFFFF, 0xFFFF, 0xFFFF, 0xFFFF,
  0xFFFF, 0xFFFF, 0xFFFF, 0xFFFF, 0xFFFF, 0xFFFF, 0xFFFF, 0xFFFF, 0xFFFF, 0x0000,
  0x0000, 0x0000, 0x0000, 0x0000, 0xFFFF, 0xFFFF, 0xFFFF, 0xFFFF, 0xFFFF, 0xFFFF,
  0xFFFF, 0xFFFF, 0xFFFF, 0x0000, 0x0000, 0x0000, 0x0000, 0x0000, 0xFFFF, 0xFFFF,
  0xFFFF, 0xFFFF, 0xFFFF, 0xFFFF, 0xFFFF, 0xFFFF, 0xFFFF, 0x0000, 0x0000, 0x0000,
  0x0000, 0x0000, 0x0000, 0x0000, 0x0000, 0x0000, 0x0000, 0x0000, 0x0000, 0x0000,
  0x0000, 0xFFFF, 0xFFFF, 0xFFFF, 0xFFFF, 0xFFFF, 0xFFFF, 0xFFFF, 0xFFFF, 0xFFFF,
  0x0000, 0x0000, 0x0000, 0x0000, 0x0000, 0x0000, 0x0000, 0x0000, 0x0000, 0x0000,
  0x0000, 0x0000, 0x0000, 0x0000, 0xFFFF, 0xFFFF, 0xFFFF, 0xFFFF, 0xFFFF, 0x0000,
  0x0000, 0x0000, 0x0000, 0xFFFF, 0xFFFF, 0xFFFF, 0xFFFF, 0xFFFF, 0x0000, 0x0000,
  0x0000, 0x0000, 0x0000, 0x0000, 0x0000, 0x0000, 0x0000, 0x0000, 0x0000, 0x0000,
  0x0000, 0x0000, 0xFFFF, 0xFFFF, 0xFFFF, 0xFFFF, 0x0000, 0x0000, 0x0000, 0x0000,
  0xFFFF, 0xFFFF, 0xFFFF, 0xFFFF, 0xFFFF, 0xFFFF, 0xFFFF, 0xFFFF, 0xFFFF, 0x0000,
  0x0000, 0x0000, 0x0000, 0x0000, 0xFFFF, 0xFFFF, 0xFFFF, 0xFFFF, 0x0000, 0x0000,
  0x0000, 0x0000, 0x0000, 0x0000, 0x0000, 0x0000, 0x0000, 0x0000, 0x0000, 0x0000,
  0x0000, 0x0000, 0xFFFF, 0xFFFF, 0xFFFF, 0xFFFF, 0xFFFF, 0x0000, 0x0000, 0x0000,
  0x0000, 0xFFFF, 0xFFFF, 0xFFFF, 0xFFFF, 0xFFFF, 0x0000, 0x0000, 0x0000, 0x0000,
  0x0000, 0x0000, 0x0000, 0x0000, 0x0000, 0x0000, 0x0000, 0x0000, 0x0000, 0x0000,
  0x0000, 0x0000, 0x0000, 0x0000, 0xFFFF, 0xFFFF, 0xFFFF, 0xFFFF, 0xFFFF, 0xFFFF,
  0xFFFF, 0xFFFF, 0xFFFF, 0xFFFF, 0xFFFF, 0xFFFF, 0xFFFF, 0xFFFF, 0x0000, 0x0000,
  0x0000, 0x0000, 0x0000, 0xFFFF, 0xFFFF, 0xFFFF, 0xFFFF, 0xFFFF, 0xFFFF, 0xFFFF,
  0xFFFF, 0xFFFF, 0x0000, 0x0000, 0x0000, 0x0000, 0x0000, 0xFFFF, 0xFFFF, 0xFFFF,
  0xFFFF, 0xFFFF, 0xFFFF, 0xFFFF, 0xFFFF, 0xFFFF, 0x0000, 0x0000, 0x0000, 0x0000,
  0x0000, 0x0000, 0x0000, 0x0000, 0x0000, 0x0000, 0x0000, 0x0000, 0x0000, 0x0000,
  0xFFFF, 0xFFFF, 0xFFFF, 0xFFFF, 0xFFFF, 0xFFFF, 0xFFFF, 0xFFFF, 0xFFFF, 0x0000,
  0x0000, 0x0000, 0x0000, 0x0000, 0x0000, 0x0000, 0x0000, 0x0000, 0x0000, 0x0000,
  0x0000, 0x0000, 0x0000, 0xFFFF, 0xFFFF, 0xFFFF, 0xFFFF, 0xFFFF, 0x0000, 0x0000,
  0x0000, 0x0000, 0xFFFF, 0xFFFF, 0xFFFF, 0xFFFF, 0xFFFF, 0x0000, 0x0000, 0x0000,
  0x0000, 0x0000, 0x0000, 0x0000, 0x0000, 0x0000, 0x0000, 0x0000, 0x0000, 0x0000,
  0x0000, 0xFFFF, 0xFFFF, 0xFFFF, 0xFFFF, 0x0000, 0x0000, 0x0000, 0x0000, 0xFFFF,
  0xFFFF, 0xFFFF, 0xFFFF, 0xFFFF, 0xFFFF, 0xFFFF, 0xFFFF, 0xFFFF, 0x0000, 0x0000,
  0x0000, 0x0000, 0x0000, 0xFFFF, 0xFFFF, 0xFFFF, 0xFFFF, 0x0000, 0x0000, 0x0000,
  0x0000, 0x0000, 0x0000, 0x0000, 0x0000, 0x0000, 0x0000, 0x0000, 0x0000, 0x0000,
  0x0000, 0xFFFF, 0xFFFF, 0xFFFF, 0xFFFF, 0xFFFF, 0x0000, 0x0000, 0x0000, 0x0000,
  0xFFFF, 0xFFFF, 0xFFFF, 0xFFFF, 0xFFFF, 0x0000, 0x0000, 0x0000, 0x0000, 0x0000,
  0x0000, 0x0000, 0x0000, 0x0000, 0x0000, 0x0000, 0x0000, 0x0000, 0x0000, 0x0000,
  0x0000, 0x0000, 0x0000, 0xFFFF, 0xFFFF, 0xFFFF, 0xFFFF, 0xFFFF, 0xFFFF, 0xFFFF,
  0xFFFF, 0xFFFF, 0xFFFF, 0xFFFF, 0xFFFF, 0xFFFF, 0xFFFF, 0x0000, 0x0000, 0x0000,
  0x0000, 0x0000, 0xFFFF, 0xFFFF, 0xFFFF, 0xFFFF, 0xFFFF, 0xFFFF, 0xFFFF, 0xFFFF,
  0xFFFF, 0x0000, 0x0000, 0x0000, 0x0000, 0x0000, 0xFFFF, 0xFFFF, 0xFFFF, 0xFFFF,
  0xFFFF, 0xFFFF, 0xFFFF, 0xFFFF, 0xFFFF, 0x0000, 0x0000, 0x0000, 0x0000, 0x0000,
  0x0000, 0x0000, 0x0000, 0x0000, 0x0000, 0x0000, 0x0000, 0x0000, 0x0000, 0xFFFF,
  0xFFFF, 0xFFFF, 0xFFFF, 0xFFFF, 0xFFFF, 0xFFFF, 0xFFFF, 0xFFFF, 0x0000, 0x0000,
  0x0000, 0x0000, 0x0000, 0x0000, 0x0000, 0x0000, 0x0000, 0x0000, 0x0000, 0x0000,
  0x0000, 0x0000, 0xFFFF, 0xFFFF, 0xFFFF, 0xFFFF, 0xFFFF, 0x0000, 0x0000, 0x0000,
  0x0000, 0xFFFF, 0xFFFF, 0xFFFF, 0xFFFF, 0xFFFF, 0x0000, 0x0000, 0x0000, 0x0000,
  0x0000, 0x0000, 0x0000, 0x0000, 0x0000, 0x0000, 0x0000, 0x0000, 0x0000, 0x0000,
  0xFFFF, 0xFFFF, 0xFFFF, 0xFFFF, 0x0000, 0x0000, 0x0000, 0x0000, 0xFFFF, 0xFFFF,
  0xFFFF, 0xFFFF, 0xFFFF, 0xFFFF, 0xFFFF, 0xFFFF, 0xFFFF, 0x0000, 0x0000, 0x0000,
  0x0000, 0x0000, 0xFFFF, 0xFFFF, 0xFFFF, 0xFFFF, 0xFFFF, 0xFFFF, 0xFFFF, 0xFFFF,
  0xFFFF, 0xFFFF, 0xFFFF, 0xFFFF, 0xFFFF, 0xFFFF, 0xFFFF, 0xFFFF, 0xFFFF, 0xFFFF,
  0xFFFF, 0xFFFF, 0xFFFF, 0xFFFF, 0xFFFF, 0x0000, 0x0000, 0x0000, 0x0000, 0xFFFF,
  0xFFFF, 0xFFFF, 0xFFFF, 0xFFFF, 0x0000, 0x0000, 0x0000, 0x0000, 0x0000, 0xFFFF,
  0xFFFF, 0xFFFF, 0xFFFF, 0x0000, 0x0000, 0x0000, 0x0000, 0x0000, 0xFFFF, 0xFFFF,
  0xFFFF, 0xFFFF, 0xFFFF, 0xFFFF, 0xFFFF, 0xFFFF, 0xFFFF, 0xFFFF, 0xFFFF, 0xFFFF,
  0xFFFF, 0xFFFF, 0x0000, 0x0000, 0x0000, 0x0000, 0x0000, 0x0000, 0x0000, 0x0000,
  0x0000, 0x0000, 0x0000, 0x0000, 0x0000, 0x0000, 0xFFFF, 0xFFFF, 0xFFFF, 0xFFFF,
  0x0000, 0x0000, 0x0000, 0x0000, 0x0000, 0x0000, 0x0000, 0x0000, 0x0000, 0xFFFF,
  0xFFFF, 0xFFFF, 0xFFFF, 0xFFFF, 0x0000, 0x0000, 0x0000, 0x0000, 0x0000, 0x0000,
  0x0000, 0x0000, 0x0000, 0xFFFF, 0xFFFF, 0xFFFF, 0xFFFF, 0xFFFF, 0xFFFF, 0xFFFF,
  0xFFFF, 0xFFFF, 0x0000, 0x0000, 0x0000, 0x0000, 0x0000, 0xFFFF, 0xFFFF, 0xFFFF,
  0xFFFF, 0xFFFF, 0xFFFF, 0xFFFF, 0xFFFF, 0xFFFF, 0xFFFF, 0xFFFF, 0xFFFF, 0xFFFF,
  0xFFFF, 0xFFFF, 0xFFFF, 0xFFFF, 0xFFFF, 0xFFFF, 0x0000, 0x0000, 0x0000, 0x0000,
  0xFFFF, 0xFFFF, 0xFFFF, 0xFFFF, 0xFFFF, 0xFFFF, 0xFFFF, 0xFFFF, 0xFFFF, 0xFFFF,
  0xFFFF, 0xFFFF, 0xFFFF, 0xFFFF, 0xFFFF, 0xFFFF, 0xFFFF, 0xFFFF, 0xFFFF, 0xFFFF,
  0xFFFF, 0xFFFF, 0xFFFF, 0x0000, 0x0000, 0x0000, 0x0000, 0xFFFF, 0xFFFF, 0xFFFF,
  0xFFFF, 0xFFFF, 0xFFFF, 0xFFFF, 0xFFFF, 0xFFFF, 0x0000, 0x0000, 0x0000, 0x0000,
  0x0000, 0xFFFF, 0xFFFF, 0xFFFF, 0xFFFF, 0xFFFF, 0xFFFF, 0xFFFF, 0xFFFF, 0xFFFF,
  0xFFFF, 0xFFFF, 0xFFFF, 0xFFFF, 0xFFFF, 0xFFFF, 0xFFFF, 0xFFFF, 0xFFFF, 0xFFFF,
  0xFFFF, 0xFFFF, 0xFFFF, 0xFFFF, 0x0000, 0x0000, 0x0000, 0x0000, 0xFFFF, 0xFFFF,
  0xFFFF, 0xFFFF, 0xFFFF, 0x0000, 0x0000, 0x0000, 0x0000, 0x0000, 0xFFFF, 0xFFFF,
  0xFFFF, 0xFFFF, 0x0000, 0x0000, 0x0000, 0x0000, 0x0000, 0xFFFF, 0xFFFF, 0xFFFF,
  0xFFFF, 0xFFFF, 0xFFFF, 0xFFFF, 0xFFFF, 0xFFFF, 0xFFFF, 0xFFFF, 0xFFFF, 0xFFFF,
  0xFFFF, 0x0000, 0x0000, 0x0000, 0x0000, 0x0000, 0x0000, 0x0000, 0x0000, 0x0000,
  0x0000, 0x0000, 0x0000, 0x0000, 0x0000, 0xFFFF, 0xFFFF, 0xFFFF, 0xFFFF, 0x0000,
  0x0000, 0x0000, 0x0000, 0x0000, 0x0000, 0x0000, 0x0000, 0x0000, 0xFFFF, 0xFFFF,
  0xFFFF, 0xFFFF, 0xFFFF, 0x0000, 0x0000, 0x0000, 0x0000, 0x0000, 0x0000, 0x0000,
  0x0000, 0x0000, 0xFFFF, 0xFFFF, 0xFFFF, 0xFFFF, 0xFFFF, 0xFFFF, 0xFFFF, 0xFFFF,
  0xFFFF, 0x0000, 0x0000, 0x0000, 0x0000, 0x0000, 0xFFFF, 0xFFFF, 0xFFFF, 0xFFFF,
  0xFFFF, 0xFFFF, 0xFFFF, 0xFFFF, 0xFFFF, 0xFFFF, 0xFFFF, 0xFFFF, 0xFFFF, 0xFFFF,
  0xFFFF, 0xFFFF, 0xFFFF, 0xFFFF, 0xFFFF, 0x0000, 0x0000, 0x0000, 0x0000, 0xFFFF,
  0xFFFF, 0xFFFF, 0xFFFF, 0xFFFF, 0xFFFF, 0xFFFF, 0xFFFF, 0xFFFF, 0xFFFF, 0xFFFF,
  0xFFFF, 0xFFFF, 0xFFFF, 0xFFFF, 0xFFFF, 0xFFFF, 0xFFFF, 0xFFFF, 0xFFFF, 0xFFFF,
  0xFFFF, 0xFFFF, 0x0000, 0x0000, 0x0000, 0x0000, 0xFFFF, 0xFFFF, 0xFFFF, 0xFFFF,
  0xFFFF, 0xFFFF, 0xFFFF, 0xFFFF, 0xFFFF, 0x0000, 0x0000, 0x0000, 0x0000, 0x0000,
  0xFFFF, 0xFFFF, 0xFFFF, 0xFFFF, 0xFFFF, 0xFFFF, 0xFFFF, 0xFFFF, 0xFFFF, 0xFFFF,
  0xFFFF, 0xFFFF, 0xFFFF, 0xFFFF, 0xFFFF, 0xFFFF, 0xFFFF, 0xFFFF, 0xFFFF, 0xFFFF,
  0xFFFF, 0xFFFF, 0xFFFF, 0x0000, 0x0000, 0x0000, 0x0000, 0xFFFF, 0xFFFF, 0xFFFF,
  0xFFFF, 0xFFFF, 0x0000, 0x0000, 0x0000, 0x0000, 0x0000, 0xFFFF, 0xFFFF, 0xFFFF,
  0xFFFF, 0x0000, 0x0000, 0x0000, 0x0000, 0x0000, 0xFFFF, 0xFFFF, 0xFFFF, 0xFFFF,
  0xFFFF, 0xFFFF, 0xFFFF, 0xFFFF, 0xFFFF, 0xFFFF, 0xFFFF, 0xFFFF, 0xFFFF, 0xFFFF,
  0x0000, 0x0000, 0x0000, 0x0000, 0x0000, 0x0000, 0x0000, 0x0000, 0x0000, 0x0000,
  0x0000, 0x0000, 0x0000, 0x0000, 0xFFFF, 0xFFFF, 0xFFFF, 0xFFFF, 0x0000, 0x0000,
  0x0000, 0x0000, 0x0000, 0x0000, 0x0000, 0x0000, 0x0000, 0xFFFF, 0xFFFF, 0xFFFF,
  0xFFFF, 0xFFFF, 0x0000, 0x0000, 0x0000, 0x0000, 0x0000, 0x0000, 0x0000, 0x0000,
  0x0000, 0xFFFF, 0xFFFF, 0xFFFF, 0xFFFF, 0xFFFF, 0xFFFF, 0xFFFF, 0xFFFF, 0xFFFF,
  0x0000, 0x0000, 0x0000, 0x0000, 0x0000, 0xFFFF, 0xFFFF, 0xFFFF, 0xFFFF, 0xFFFF,
  0xFFFF, 0xFFFF, 0xFFFF, 0xFFFF, 0xFFFF, 0xFFFF, 0xFFFF, 0xFFFF, 0xFFFF, 0xFFFF,
  0xFFFF, 0xFFFF, 0xFFFF, 0xFFFF, 0x0000, 0x0000, 0x0000, 0x0000, 0xFFFF, 0xFFFF,
  0xFFFF, 0xFFFF, 0xFFFF, 0xFFFF, 0xFFFF, 0xFFFF, 0xFFFF, 0xFFFF, 0xFFFF, 0xFFFF,
  0xFFFF, 0xFFFF, 0xFFFF, 0xFFFF, 0xFFFF, 0xFFFF, 0xFFFF, 0xFFFF, 0xFFFF, 0xFFFF,
  0xFFFF, 0x0000, 0x0000, 0x0000, 0x0000, 0xFFFF, 0xFFFF, 0xFFFF, 0xFFFF, 0xFFFF,
  0xFFFF, 0xFFFF, 0xFFFF, 0xFFFF, 0x0000, 0x0000, 0x0000, 0x0000, 0x0000, 0xFFFF,
  0xFFFF, 0xFFFF, 0xFFFF, 0xFFFF, 0xFFFF, 0xFFFF, 0xFFFF, 0xFFFF, 0xFFFF, 0xFFFF,
  0xFFFF, 0xFFFF, 0xFFFF, 0xFFFF, 0xFFFF, 0xFFFF, 0xFFFF, 0xFFFF, 0xFFFF, 0xFFFF,
  0xFFFF, 0xFFFF, 0x0000, 0x0000, 0x0000, 0x0000, 0xFFFF, 0xFFFF, 0xFFFF, 0xFFFF,
  0xFFFF, 0x0000, 0x0000, 0x0000, 0x0000, 0x0000, 0xFFFF, 0xFFFF, 0xFFFF, 0xFFFF,
  0x0000, 0x0000, 0x0000, 0x0000, 0x0000, 0xFFFF, 0xFFFF, 0xFFFF, 0xFFFF, 0xFFFF,
  0xFFFF, 0xFFFF, 0xFFFF, 0xFFFF, 0xFFFF, 0xFFFF, 0xFFFF, 0xFFFF, 0xFFFF, 0x0000,
  0x0000, 0x0000, 0x0000, 0x0000, 0x0000, 0x0000, 0x0000, 0x0000, 0x0000, 0x0000,
  0x0000, 0x0000, 0x0000, 0xFFFF, 0xFFFF, 0xFFFF, 0xFFFF, 0x0000, 0x0000, 0x0000,
  0x0000, 0x0000, 0x0000, 0x0000, 0x0000, 0x0000, 0xFFFF, 0xFFFF, 0xFFFF, 0xFFFF,
  0xFFFF, 0x0000, 0x0000, 0x0000, 0x0000, 0x0000, 0x0000, 0x0000, 0x0000, 0x0000,
  0xFFFF, 0xFFFF, 0xFFFF, 0xFFFF, 0xFFFF, 0xFFFF, 0xFFFF, 0xFFFF, 0xFFFF, 0x0000,
  0x0000, 0x0000, 0x0000, 0x0000, 0xFFFF, 0xFFFF, 0xFFFF, 0xFFFF, 0xFFFF, 0xFFFF,
  0xFFFF, 0xFFFF, 0xFFFF, 0xFFFF, 0xFFFF, 0xFFFF, 0xFFFF, 0xFFFF, 0xFFFF, 0xFFFF,
  0xFFFF, 0xFFFF, 0xFFFF, 0x0000, 0x0000, 0x0000, 0x0000, 0xFFFF, 0xFFFF, 0xFFFF,
  0xFFFF, 0xFFFF, 0xFFFF, 0xFFFF, 0xFFFF, 0xFFFF, 0xFFFF, 0xFFFF, 0xFFFF, 0xFFFF,
  0xFFFF, 0xFFFF, 0xFFFF, 0xFFFF, 0xFFFF, 0xFFFF, 0xFFFF, 0xFFFF, 0xFFFF, 0xFFFF,
  0x0000, 0x0000, 0x0000, 0x0000, 0xFFFF, 0xFFFF, 0xFFFF, 0xFFFF, 0xFFFF, 0xFFFF,
  0xFFFF, 0xFFFF, 0xFFFF, 0x0000, 0x0000, 0x0000, 0x0000, 0x0000, 0xFFFF, 0xFFFF,
  0xFFFF, 0xFFFF, 0xFFFF, 0xFFFF, 0xFFFF, 0xFFFF, 0xFFFF, 0xFFFF, 0xFFFF, 0xFFFF,
  0xFFFF, 0xFFFF, 0xFFFF, 0xFFFF, 0xFFFF, 0xFFFF, 0xFFFF, 0xFFFF, 0xFFFF, 0xFFFF,
  0xFFFF, 0x0000, 0x0000, 0x0000, 0x0000, 0xFFFF, 0xFFFF, 0xFFFF, 0xFFFF, 0xFFFF,
  0x0000, 0x0000, 0x0000, 0x0000, 0x0000, 0xFFFF, 0xFFFF, 0xFFFF, 0xFFFF, 0x0000,
  0x0000, 0x0000, 0x0000, 0x0000, 0xFFFF, 0xFFFF, 0xFFFF, 0xFFFF, 0xFFFF, 0xFFFF,
  0xFFFF, 0xFFFF, 0xFFFF, 0xFFFF, 0xFFFF, 0xFFFF, 0xFFFF, 0xFFFF, 0x0000, 0x0000,
  0x0000, 0x0000, 0x0000, 0x0000, 0x0000, 0x0000, 0x0000, 0x0000, 0x0000, 0x0000,
  0x0000, 0x0000, 0xFFFF, 0xFFFF, 0xFFFF, 0xFFFF, 0x0000, 0x0000, 0x0000, 0x0000,
  0x0000, 0x0000, 0x0000, 0x0000, 0x0000, 0xFFFF, 0xFFFF, 0xFFFF, 0xFFFF, 0xFFFF,
  0x0000, 0x0000, 0x0000, 0x0000, 0x0000, 0x0000, 0x0000, 0x0000, 0x0000, 0xFFFF,
  0xFFFF, 0xFFFF, 0xFFFF, 0xFFFF, 0xFFFF, 0xFFFF, 0xFFFF, 0xFFFF, 0x0000, 0x0000,
  0x0000, 0x0000, 0x0000, 0xFFFF, 0xFFFF, 0xFFFF, 0xFFFF, 0xFFFF, 0xFFFF, 0xFFFF,
  0xFFFF, 0xFFFF, 0xFFFF, 0xFFFF, 0xFFFF, 0xFFFF, 0xFFFF, 0xFFFF, 0xFFFF, 0xFFFF,
  0xFFFF, 0xFFFF, 0x0000, 0x0000, 0x0000, 0x0000, 0xFFFF, 0xFFFF, 0xFFFF, 0xFFFF,
  0xFFFF, 0xFFFF, 0xFFFF, 0xFFFF, 0xFFFF, 0xFFFF, 0xFFFF, 0xFFFF, 0xFFFF, 0xFFFF,
  0xFFFF, 0xFFFF, 0xFFFF, 0xFFFF, 0xFFFF, 0xFFFF, 0xFFFF, 0xFFFF, 0xFFFF, 0x0000,
  0x0000, 0x0000, 0x0000, 0xFFFF, 0xFFFF, 0xFFFF, 0xFFFF, 0xFFFF, 0xFFFF, 0xFFFF,
  0xFFFF, 0xFFFF, 0x0000, 0x0000, 0x0000, 0x0000, 0x0000, 0x0000, 0x0000, 0x0000,
  0x0000, 0x0000, 0x0000, 0x0000, 0x0000, 0x0000, 0x0000, 0x0000, 0x0000, 0x0000,
  0x0000, 0x0000, 0x0000, 0x0000, 0x0000, 0x0000, 0x0000, 0x0000, 0x0000, 0x0000,
  0x0000, 0x0000, 0x0000, 0x0000, 0xFFFF, 0xFFFF, 0xFFFF, 0xFFFF, 0xFFFF, 0x0000,
  0x0000, 0x0000, 0x0000, 0x0000, 0xFFFF, 0xFFFF, 0xFFFF, 0xFFFF, 0x0000, 0x0000,
  0x0000, 0x0000, 0x0000, 0xFFFF, 0xFFFF, 0xFFFF, 0xFFFF, 0x0000, 0x0000, 0x0000,
  0x0000, 0x0000, 0xFFFF, 0xFFFF, 0xFFFF, 0xFFFF, 0xFFFF, 0x0000, 0x0000, 0x0000,
  0x0000, 0xFFFF, 0xFFFF, 0xFFFF, 0xFFFF, 0xFFFF, 0x0000, 0x0000, 0x0000, 0x0000,
  0x0000, 0xFFFF, 0xFFFF, 0xFFFF, 0xFFFF, 0x0000, 0x0000, 0x0000, 0x0000, 0x0000,
  0xFFFF, 0xFFFF, 0xFFFF, 0xFFFF, 0x0000, 0x0000, 0x0000, 0x0000, 0x0000, 0xFFFF,
  0xFFFF, 0xFFFF, 0xFFFF, 0xFFFF, 0x0000, 0x0000, 0x0000, 0x0000, 0xFFFF, 0xFFFF,
  0xFFFF, 0xFFFF, 0xFFFF, 0x0000, 0x0000, 0x0000, 0x0000, 0xFFFF, 0xFFFF, 0xFFFF,
  0xFFFF, 0xFFFF, 0x0000, 0x0000, 0x0000, 0x0000, 0x0000, 0xFFFF, 0xFFFF, 0xFFFF,
  0xFFFF, 0x0000, 0x0000, 0x0000, 0x0000, 0x0000, 0xFFFF, 0xFFFF, 0xFFFF, 0xFFFF,
  0xFFFF, 0x0000, 0x0000, 0x0000, 0x0000, 0x0000, 0x0000, 0x0000, 0x0000, 0x0000,
  0x0000, 0x0000, 0x0000, 0x0000, 0x0000, 0x0000, 0x0000, 0x0000, 0x0000, 0x0000,
  0x0000, 0x0000, 0x0000, 0x0000, 0x0000, 0x0000, 0x0000, 0x0000, 0x0000, 0x0000,
  0x0000, 0x0000, 0xFFFF, 0xFFFF, 0xFFFF, 0xFFFF, 0xFFFF, 0xFFFF, 0xFFFF, 0xFFFF,
  0xFFFF, 0x0000, 0x0000, 0x0000, 0x0000, 0x0000, 0x0000, 0x0000, 0x0000, 0x0000,
  0x0000, 0x0000, 0x0000, 0x0000, 0x0000, 0x0000, 0x0000, 0x0000, 0x0000, 0x0000,
  0x0000, 0x0000, 0x0000, 0x0000, 0x0000, 0x0000, 0x0000, 0x0000, 0x0000, 0x0000,
  0x0000, 0x0000, 0x0000, 0xFFFF, 0xFFFF, 0xFFFF, 0xFFFF, 0xFFFF, 0x0000, 0x0000,
  0x0000, 0x0000, 0x0000, 0xFFFF, 0xFFFF, 0xFFFF, 0xFFFF, 0x0000, 0x0000, 0x0000,
  0x0000, 0x0000, 0xFFFF, 0xFFFF, 0xFFFF, 0xFFFF, 0x0000, 0x0000, 0x0000, 0x0000,
  0x0000, 0xFFFF, 0xFFFF, 0xFFFF, 0xFFFF, 0xFFFF, 0x0000, 0x0000, 0x0000, 0x0000,
  0xFFFF, 0xFFFF, 0xFFFF, 0xFFFF, 0xFFFF, 0x0000, 0x0000, 0x0000, 0x0000, 0x0000,
  0xFFFF, 0xFFFF, 0xFFFF, 0xFFFF, 0x0000, 0x0000, 0x0000, 0x0000, 0x0000, 0xFFFF,
  0xFFFF, 0xFFFF, 0xFFFF, 0x0000, 0x0000, 0x0000, 0x0000, 0x0000, 0xFFFF, 0xFFFF,
  0xFFFF, 0xFFFF, 0xFFFF, 0x0000, 0x0000, 0x0000, 0x0000, 0xFFFF, 0xFFFF, 0xFFFF,
  0xFFFF, 0xFFFF, 0x0000, 0x0000, 0x0000, 0x0000, 0xFFFF, 0xFFFF, 0xFFFF, 0xFFFF,
  0xFFFF, 0x0000, 0x0000, 0x0000, 0x0000, 0x0000, 0xFFFF, 0xFFFF, 0xFFFF, 0xFFFF,
  0x0000, 0x0000, 0x0000, 0x0000, 0x0000, 0xFFFF, 0xFFFF, 0xFFFF, 0xFFFF, 0xFFFF,
  0x0000, 0x0000, 0x0000, 0x0000, 0x0000, 0x0000, 0x0000, 0x0000, 0x0000, 0x0000,
  0x0000, 0x0000, 0x0000, 0x0000, 0x0000, 0x0000, 0x0000, 0x0000, 0x0000, 0x0000,
  0x0000, 0x0000, 0x0000, 0x0000, 0x0000, 0x0000, 0x0000, 0x0000, 0x0000, 0x0000,
  0x0000, 0xFFFF, 0xFFFF, 0xFFFF, 0xFFFF, 0xFFFF, 0xFFFF, 0xFFFF, 0xFFFF, 0xFFFF,
  0x0000, 0x0000, 0x0000, 0x0000, 0x0000, 0x0000, 0x0000, 0x0000, 0x0000, 0x0000,
  0x0000, 0x0000, 0x0000, 0x0000, 0x0000, 0x0000, 0x0000, 0x0000, 0x0000, 0x0000,
  0x0000, 0x0000, 0x0000, 0x0000, 0x0000, 0x0000, 0x0000, 0x0000, 0x0000, 0x0000,
  0x0000, 0x0000, 0xFFFF, 0xFFFF, 0xFFFF, 0xFFFF, 0xFFFF, 0x0000, 0x0000, 0x0000,
  0x0000, 0x0000, 0xFFFF, 0xFFFF, 0xFFFF, 0xFFFF, 0x0000, 0x0000, 0x0000, 0x0000,
  0x0000, 0xFFFF, 0xFFFF, 0xFFFF, 0xFFFF, 0x0000, 0x0000, 0x0000, 0x0000, 0x0000,
  0xFFFF, 0xFFFF, 0xFFFF, 0xFFFF, 0xFFFF, 0x0000, 0x0000, 0x0000, 0x0000, 0xFFFF,
  0xFFFF, 0xFFFF, 0xFFFF, 0xFFFF, 0x0000, 0x0000, 0x0000, 0x0000, 0x0000, 0xFFFF,
  0xFFFF, 0xFFFF, 0xFFFF, 0x0000, 0x0000, 0x0000, 0x0000, 0x0000, 0xFFFF, 0xFFFF,
  0xFFFF, 0xFFFF, 0x0000, 0x0000, 0x0000, 0x0000, 0x0000, 0xFFFF, 0xFFFF, 0xFFFF,
  0xFFFF, 0xFFFF, 0x0000, 0x0000, 0x0000, 0x0000, 0xFFFF, 0xFFFF, 0xFFFF, 0xFFFF,
  0xFFFF, 0x0000, 0x0000, 0x0000, 0x0000, 0xFFFF, 0xFFFF, 0xFFFF, 0xFFFF, 0xFFFF,
  0x0000, 0x0000, 0x0000, 0x0000, 0x0000, 0xFFFF, 0xFFFF, 0xFFFF, 0xFFFF, 0x0000,
  0x0000, 0x0000, 0x0000, 0x0000, 0xFFFF, 0xFFFF, 0xFFFF, 0xFFFF, 0xFFFF, 0x0000,
  0x0000, 0x0000, 0x0000, 0x0000, 0x0000, 0x0000, 0x0000, 0x0000, 0x0000, 0x0000,
  0x0000, 0x0000, 0x0000, 0x0000, 0x0000, 0x0000, 0x0000, 0x0000, 0x0000, 0x0000,
  0x0000, 0x0000, 0x0000, 0x0000, 0x0000, 0x0000, 0x0000, 0x0000, 0x0000, 0x0000,
  0xFFFF, 0xFFFF, 0xFFFF, 0xFFFF, 0xFFFF, 0xFFFF, 0xFFFF, 0xFFFF, 0xFFFF, 0x0000,
  0x0000, 0x0000, 0x0000, 0x0000, 0x0000, 0x0000, 0x0000, 0x0000, 0x0000, 0x0000,
  0x0000, 0x0000, 0x0000, 0x0000, 0x0000, 0x0000, 0x0000, 0x0000, 0x0000, 0x0000,
  0x0000, 0x0000, 0x0000, 0x0000, 0x0000, 0x0000, 0x0000, 0x0000, 0x0000, 0x0000,
  0x0000, 0xFFFF, 0xFFFF, 0xFFFF, 0xFFFF, 0xFFFF, 0x0000, 0x0000, 0x0000, 0x0000,
  0x0000, 0xFFFF, 0xFFFF, 0xFFFF, 0xFFFF, 0x0000, 0x0000, 0x0000, 0x0000, 0x0000,
  0xFFFF, 0xFFFF, 0xFFFF, 0xFFFF, 0x0000, 0x0000, 0x0000, 0x0000, 0x0000, 0xFFFF,
  0xFFFF, 0xFFFF, 0xFFFF, 0xFFFF, 0x0000, 0x0000, 0x0000, 0x0000, 0xFFFF, 0xFFFF,
  0xFFFF, 0xFFFF, 0xFFFF, 0x0000, 0x0000, 0x0000, 0x0000, 0x0000, 0xFFFF, 0xFFFF,
  0xFFFF, 0xFFFF, 0x0000, 0x0000, 0x0000, 0x0000, 0x0000, 0xFFFF, 0xFFFF, 0xFFFF,
  0xFFFF, 0x0000, 0x0000, 0x0000, 0x0000, 0x0000, 0xFFFF, 0xFFFF, 0xFFFF, 0xFFFF,
  0xFFFF, 0x0000, 0x0000, 0x0000, 0x0000, 0xFFFF, 0xFFFF, 0xFFFF, 0xFFFF, 0xFFFF,
  0x0000, 0x0000, 0x0000, 0x0000, 0xFFFF, 0xFFFF, 0xFFFF, 0xFFFF, 0xFFFF, 0x0000,
  0x0000, 0x0000, 0x0000, 0x0000, 0xFFFF, 0xFFFF, 0xFFFF, 0xFFFF, 0x0000, 0x0000,
  0x0000, 0x0000, 0x0000, 0xFFFF, 0xFFFF, 0xFFFF, 0xFFFF, 0xFFFF, 0x0000, 0x0000,
  0x0000, 0x0000, 0x0000, 0x0000, 0x0000, 0x0000, 0x0000, 0x0000, 0x0000, 0x0000,
  0x0000, 0x0000, 0x0000, 0x0000, 0x0000, 0x0000, 0x0000, 0x0000, 0x0000, 0x0000,
  0x0000, 0x0000, 0x0000, 0x0000, 0x0000, 0x0000, 0x0000, 0x0000, 0x0000, 0xFFFF,
  0xFFFF, 0xFFFF, 0xFFFF, 0xFFFF, 0xFFFF, 0xFFFF, 0xFFFF, 0xFFFF, 0xFFFF, 0xFFFF,
  0xFFFF, 0xFFFF, 0xFFFF, 0xFFFF, 0xFFFF, 0xFFFF, 0xFFFF, 0xFFFF, 0xFFFF, 0xFFFF,
  0xFFFF, 0xFFFF, 0xFFFF, 0xFFFF, 0xFFFF, 0xFFFF, 0xFFFF, 0xFFFF, 0xFFFF, 0xFFFF,
  0xFFFF, 0xFFFF, 0xFFFF, 0xFFFF, 0xFFFF, 0xFFFF, 0xFFFF, 0xFFFF, 0xFFFF, 0xFFFF,
  0xFFFF, 0xFFFF, 0xFFFF, 0xFFFF, 0xFFFF, 0x0000, 0x0000, 0x0000, 0x0000, 0x0000,
  0xFFFF, 0xFFFF, 0xFFFF, 0xFFFF, 0x0000, 0x0000, 0x0000, 0x0000, 0x0000, 0xFFFF,
  0xFFFF, 0xFFFF, 0xFFFF, 0xFFFF, 0xFFFF, 0xFFFF, 0xFFFF, 0xFFFF, 0xFFFF, 0xFFFF,
  0xFFFF, 0xFFFF, 0xFFFF, 0x0000, 0x0000, 0x0000, 0x0000, 0x0000, 0x0000, 0x0000,
  0x0000, 0x0000, 0x0000, 0x0000, 0x0000, 0x0000, 0x0000, 0x0000, 0x0000, 0x0000,
  0x0000, 0x0000, 0x0000, 0x0000, 0x0000, 0x0000, 0xFFFF, 0xFFFF, 0xFFFF, 0xFFFF,
  0x0000, 0x0000, 0x0000, 0x0000, 0x0000, 0xFFFF, 0xFFFF, 0xFFFF, 0xFFFF, 0xFFFF,
  0x0000, 0x0000, 0x0000, 0x0000, 0x0000, 0x0000, 0x0000, 0x0000, 0x0000, 0x0000,
  0x0000, 0x0000, 0x0000, 0xFFFF, 0xFFFF, 0xFFFF, 0xFFFF, 0xFFFF, 0x0000, 0x0000,
  0x0000, 0x0000, 0x0000, 0xFFFF, 0xFFFF, 0xFFFF, 0xFFFF, 0xFFFF, 0xFFFF, 0xFFFF,
  0xFFFF, 0xFFFF, 0xFFFF, 0xFFFF, 0xFFFF, 0xFFFF, 0xFFFF, 0xFFFF, 0xFFFF, 0xFFFF,
  0xFFFF, 0xFFFF, 0xFFFF, 0xFFFF, 0xFFFF, 0xFFFF, 0xFFFF, 0xFFFF, 0xFFFF, 0xFFFF,
  0xFFFF, 0xFFFF, 0xFFFF, 0xFFFF, 0xFFFF, 0xFFFF, 0xFFFF, 0xFFFF, 0xFFFF, 0xFFFF,
  0xFFFF, 0xFFFF, 0xFFFF, 0xFFFF, 0xFFFF, 0xFFFF, 0xFFFF, 0xFFFF, 0xFFFF, 0xFFFF,
  0xFFFF, 0xFFFF, 0xFFFF, 0xFFFF, 0xFFFF, 0xFFFF, 0xFFFF, 0xFFFF, 0xFFFF, 0xFFFF,
  0xFFFF, 0xFFFF, 0xFFFF, 0xFFFF, 0xFFFF, 0xFFFF, 0xFFFF, 0xFFFF, 0xFFFF, 0xFFFF,
  0xFFFF, 0xFFFF, 0xFFFF, 0xFFFF, 0xFFFF, 0xFFFF, 0xFFFF, 0xFFFF, 0xFFFF, 0xFFFF,
  0xFFFF, 0xFFFF, 0xFFFF, 0xFFFF, 0xFFFF, 0xFFFF, 0xFFFF, 0xFFFF, 0xFFFF, 0xFFFF,
  0xFFFF, 0xFFFF, 0xFFFF, 0xFFFF, 0x0000, 0x0000, 0x0000, 0x0000, 0x0000, 0xFFFF,
  0xFFFF, 0xFFFF, 0xFFFF, 0x0000, 0x0000, 0x0000, 0x0000, 0x0000, 0xFFFF, 0xFFFF,
  0xFFFF, 0xFFFF, 0xFFFF, 0xFFFF, 0xFFFF, 0xFFFF, 0xFFFF, 0xFFFF, 0xFFFF, 0xFFFF,
  0xFFFF, 0xFFFF, 0x0000, 0x0000, 0x0000, 0x0000, 0x0000, 0x0000, 0x0000, 0x0000,
  0x0000, 0x0000, 0x0000, 0x0000, 0x0000, 0x0000, 0x0000, 0x0000, 0x0000, 0x0000,
  0x0000, 0x0000, 0x0000, 0x0000, 0x0000, 0xFFFF, 0xFFFF, 0xFFFF, 0xFFFF, 0x0000,
  0x0000, 0x0000, 0x0000, 0x0000, 0xFFFF, 0xFFFF, 0xFFFF, 0xFFFF, 0xFFFF, 0x0000,
  0x0000, 0x0000, 0x0000, 0x0000, 0x0000, 0x0000, 0x0000, 0x0000, 0x0000, 0x0000,
  0x0000, 0x0000, 0xFFFF, 0xFFFF, 0xFFFF, 0xFFFF, 0xFFFF, 0x0000, 0x0000, 0x0000,
  0x0000, 0x0000, 0xFFFF, 0xFFFF, 0xFFFF, 0xFFFF, 0xFFFF, 0xFFFF, 0xFFFF, 0xFFFF,
  0xFFFF, 0xFFFF, 0xFFFF, 0xFFFF, 0xFFFF, 0xFFFF, 0xFFFF, 0xFFFF, 0xFFFF, 0xFFFF,
  0xFFFF, 0xFFFF, 0xFFFF, 0xFFFF, 0xFFFF, 0xFFFF, 0xFFFF, 0xFFFF, 0xFFFF, 0xFFFF,
  0xFFFF, 0xFFFF, 0xFFFF, 0xFFFF, 0xFFFF, 0xFFFF, 0xFFFF, 0xFFFF, 0xFFFF, 0xFFFF,
  0xFFFF, 0xFFFF, 0xFFFF, 0xFFFF, 0xFFFF, 0xFFFF, 0xFFFF, 0xFFFF, 0xFFFF, 0xFFFF,
  0xFFFF, 0xFFFF, 0xFFFF, 0xFFFF, 0xFFFF, 0xFFFF, 0xFFFF, 0xFFFF, 0xFFFF, 0xFFFF,
  0xFFFF, 0xFFFF, 0xFFFF, 0xFFFF, 0xFFFF, 0xFFFF, 0xFFFF, 0xFFFF, 0xFFFF, 0xFFFF,
  0xFFFF, 0xFFFF, 0xFFFF, 0xFFFF, 0xFFFF, 0xFFFF, 0xFFFF, 0xFFFF, 0xFFFF, 0xFFFF,
  0xFFFF, 0xFFFF, 0xFFFF, 0xFFFF, 0xFFFF, 0xFFFF, 0xFFFF, 0xFFFF, 0xFFFF, 0xFFFF,
  0xFFFF, 0xFFFF, 0xFFFF, 0x0000, 0x0000, 0x0000, 0x0000, 0x0000, 0xFFFF, 0xFFFF,
  0xFFFF, 0xFFFF, 0x0000, 0x0000, 0x0000, 0x0000, 0x0000, 0xFFFF, 0xFFFF, 0xFFFF,
  0xFFFF, 0xFFFF, 0xFFFF, 0xFFFF, 0xFFFF, 0xFFFF, 0xFFFF, 0xFFFF, 0xFFFF, 0xFFFF,
  0xFFFF, 0x0000, 0x0000, 0x0000, 0x0000, 0x0000, 0x0000, 0x0000, 0x0000, 0x0000,
  0x0000, 0x0000, 0x0000, 0x0000, 0x0000, 0x0000, 0x0000, 0x0000, 0x0000, 0x0000,
  0x0000, 0x0000, 0x0000, 0x0000, 0xFFFF, 0xFFFF, 0xFFFF, 0xFFFF, 0x0000, 0x0000,
  0x0000, 0x0000, 0x0000, 0xFFFF, 0xFFFF, 0xFFFF, 0xFFFF, 0xFFFF, 0x0000, 0x0000,
  0x0000, 0x0000, 0x0000, 0x0000, 0x0000, 0x0000, 0x0000, 0x0000, 0x0000, 0x0000,
  0x0000, 0xFFFF, 0xFFFF, 0xFFFF, 0xFFFF, 0xFFFF, 0x0000, 0x0000, 0x0000, 0x0000,
  0x0000, 0xFFFF, 0xFFFF, 0xFFFF, 0xFFFF, 0xFFFF, 0xFFFF, 0xFFFF, 0xFFFF, 0xFFFF,
  0xFFFF, 0xFFFF, 0xFFFF, 0xFFFF, 0xFFFF, 0xFFFF, 0xFFFF, 0xFFFF, 0xFFFF, 0xFFFF,
  0xFFFF, 0xFFFF, 0xFFFF, 0xFFFF, 0xFFFF, 0xFFFF, 0xFFFF, 0xFFFF, 0xFFFF, 0xFFFF,
  0xFFFF, 0xFFFF, 0xFFFF, 0xFFFF, 0xFFFF, 0xFFFF, 0xFFFF, 0xFFFF, 0xFFFF, 0xFFFF,
  0xFFFF, 0xFFFF, 0xFFFF, 0xFFFF, 0xFFFF, 0xFFFF, 0xFFFF, 0xFFFF, 0xFFFF, 0xFFFF,
  0xFFFF, 0xFFFF, 0xFFFF, 0xFFFF, 0xFFFF, 0xFFFF, 0xFFFF, 0xFFFF, 0xFFFF, 0xFFFF,
  0xFFFF, 0xFFFF, 0xFFFF, 0xFFFF, 0xFFFF, 0xFFFF, 0xFFFF, 0xFFFF, 0xFFFF, 0xFFFF,
  0xFFFF, 0xFFFF, 0xFFFF, 0xFFFF, 0xFFFF, 0xFFFF, 0xFFFF, 0xFFFF, 0xFFFF, 0xFFFF,
  0xFFFF, 0xFFFF, 0xFFFF, 0xFFFF, 0xFFFF, 0xFFFF, 0xFFFF, 0xFFFF, 0xFFFF, 0xFFFF,
  0xFFFF, 0xFFFF, 0x0000, 0x0000, 0x0000, 0x0000, 0x0000, 0xFFFF, 0xFFFF, 0xFFFF,
  0xFFFF, 0x0000, 0x0000, 0x0000, 0x0000, 0x0000, 0xFFFF, 0xFFFF, 0xFFFF, 0xFFFF,
  0xFFFF, 0xFFFF, 0xFFFF, 0xFFFF, 0xFFFF, 0xFFFF, 0xFFFF, 0xFFFF, 0xFFFF, 0xFFFF,
  0x0000, 0x0000, 0x0000, 0x0000, 0x0000, 0x0000, 0x0000, 0x0000, 0x0000, 0x0000,
  0x0000, 0x0000, 0x0000, 0x0000, 0x0000, 0x0000, 0x0000, 0x0000, 0x0000, 0x0000,
  0x0000, 0x0000, 0x0000, 0xFFFF, 0xFFFF, 0xFFFF, 0xFFFF, 0x0000, 0x0000, 0x0000,
  0x0000, 0x0000, 0xFFFF, 0xFFFF, 0xFFFF, 0xFFFF, 0xFFFF, 0x0000, 0x0000, 0x0000,
  0x0000, 0x0000, 0x0000, 0x0000, 0x0000, 0x0000, 0x0000, 0x0000, 0x0000, 0x0000,
  0xFFFF, 0xFFFF, 0xFFFF, 0xFFFF, 0xFFFF, 0x0000, 0x0000, 0x0000, 0x0000, 0x0000,
  0xFFFF, 0xFFFF, 0xFFFF, 0xFFFF, 0xFFFF, 0xFFFF, 0xFFFF, 0xFFFF, 0xFFFF, 0xFFFF,
  0xFFFF, 0xFFFF, 0xFFFF, 0xFFFF, 0xFFFF, 0xFFFF, 0xFFFF, 0xFFFF, 0xFFFF, 0xFFFF,
  0xFFFF, 0xFFFF, 0xFFFF, 0xFFFF, 0xFFFF, 0xFFFF, 0xFFFF, 0xFFFF, 0xFFFF, 0xFFFF,
  0xFFFF, 0xFFFF, 0xFFFF, 0xFFFF, 0xFFFF, 0xFFFF, 0xFFFF, 0xFFFF, 0xFFFF, 0xFFFF,
  0xFFFF, 0xFFFF, 0xFFFF, 0xFFFF, 0xFFFF, 0xFFFF, 0xFFFF, 0xFFFF, 0xFFFF, 0xFFFF,
  0xFFFF, 0xFFFF, 0xFFFF, 0xFFFF, 0xFFFF, 0xFFFF, 0xFFFF, 0xFFFF, 0xFFFF, 0xFFFF,
  0xFFFF, 0xFFFF, 0xFFFF, 0xFFFF, 0xFFFF, 0xFFFF, 0xFFFF, 0xFFFF, 0xFFFF, 0xFFFF,
  0xFFFF, 0xFFFF, 0xFFFF, 0xFFFF, 0xFFFF, 0xFFFF, 0xFFFF, 0xFFFF, 0xFFFF, 0xFFFF,
  0xFFFF, 0xFFFF, 0xFFFF, 0xFFFF, 0xFFFF, 0xFFFF, 0xFFFF, 0xFFFF, 0xFFFF, 0xFFFF,
  0xFFFF, 0x0000, 0x0000, 0x0000, 0x0000, 0x0000, 0xFFFF, 0xFFFF, 0xFFFF, 0xFFFF,
  0x0000, 0x0000, 0x0000, 0x0000, 0x0000, 0xFFFF, 0xFFFF, 0xFFFF, 0xFFFF, 0xFFFF,
  0xFFFF, 0xFFFF, 0xFFFF, 0xFFFF, 0xFFFF, 0xFFFF, 0xFFFF, 0xFFFF, 0xFFFF, 0x0000,
  0x0000, 0x0000, 0x0000, 0x0000, 0x0000, 0x0000, 0x0000, 0x0000, 0x0000, 0x0000,
  0x0000, 0x0000, 0x0000, 0x0000, 0x0000, 0x0000, 0x0000, 0x0000, 0x0000, 0x0000,
  0x0000, 0x0000, 0xFFFF, 0xFFFF, 0xFFFF, 0xFFFF, 0x0000, 0x0000, 0x0000, 0x0000,
  0x0000, 0xFFFF, 0xFFFF, 0xFFFF, 0xFFFF, 0xFFFF, 0x0000, 0x0000, 0x0000, 0x0000,
  0x0000, 0x0000, 0x0000, 0x0000, 0x0000, 0x0000, 0x0000, 0x0000, 0x0000, 0xFFFF,
  0xFFFF, 0xFFFF, 0xFFFF, 0xFFFF, 0x0000, 0x0000, 0x0000, 0x0000, 0x0000, 0xFFFF,
  0xFFFF, 0xFFFF, 0xFFFF, 0xFFFF, 0xFFFF, 0xFFFF, 0xFFFF, 0xFFFF, 0xFFFF, 0xFFFF,
  0xFFFF, 0xFFFF, 0xFFFF, 0xFFFF, 0xFFFF, 0xFFFF, 0xFFFF, 0xFFFF, 0xFFFF, 0xFFFF,
  0xFFFF, 0xFFFF, 0xFFFF, 0xFFFF, 0xFFFF, 0xFFFF, 0xFFFF, 0xFFFF, 0xFFFF, 0xFFFF,
  0xFFFF, 0xFFFF, 0xFFFF, 0xFFFF, 0xFFFF, 0xFFFF, 0xFFFF, 0xFFFF, 0xFFFF, 0xFFFF,
  0xFFFF, 0xFFFF, 0xFFFF, 0xFFFF, 0xFFFF, 0xFFFF, 0xFFFF, 0xFFFF, 0xFFFF, 0xFFFF,
  0xFFFF, 0xFFFF, 0xFFFF, 0x0000, 0x0000, 0x0000, 0x0000, 0x0000, 0xFFFF, 0xFFFF,
  0xFFFF, 0xFFFF, 0xFFFF, 0xFFFF, 0xFFFF, 0xFFFF, 0xFFFF, 0xFFFF, 0xFFFF, 0xFFFF,
  0xFFFF, 0xFFFF, 0x0000, 0x0000, 0x0000, 0x0000, 0xFFFF, 0xFFFF, 0xFFFF, 0xFFFF,
  0xFFFF, 0x0000, 0x0000, 0x0000, 0x0000, 0x0000, 0x0000, 0x0000, 0x0000, 0x0000,
  0x0000, 0x0000, 0x0000, 0x0000, 0x0000, 0xFFFF, 0xFFFF, 0xFFFF, 0xFFFF, 0x0000,
  0x0000, 0x0000, 0x0000, 0x0000, 0x0000, 0x0000, 0x0000, 0x0000, 0xFFFF, 0xFFFF,
  0xFFFF, 0xFFFF, 0xFFFF, 0x0000, 0x0000, 0x0000, 0x0000, 0x0000, 0x0000, 0x0000,
  0x0000, 0x0000, 0xFFFF, 0xFFFF, 0xFFFF, 0xFFFF, 0xFFFF, 0xFFFF, 0xFFFF, 0xFFFF,
  0xFFFF, 0xFFFF, 0xFFFF, 0xFFFF, 0xFFFF, 0xFFFF, 0x0000, 0x0000, 0x0000, 0x0000,
  0x0000, 0xFFFF, 0xFFFF, 0xFFFF, 0xFFFF, 0xFFFF, 0xFFFF, 0xFFFF, 0xFFFF, 0xFFFF,
  0xFFFF, 0xFFFF, 0xFFFF, 0xFFFF, 0xFFFF, 0x0000, 0x0000, 0x0000, 0x0000, 0x0000,
  0x0000, 0x0000, 0x0000, 0x0000, 0x0000, 0x0000, 0x0000, 0x0000, 0xFFFF, 0xFFFF,
  0xFFFF, 0xFFFF, 0xFFFF, 0xFFFF, 0xFFFF, 0xFFFF, 0xFFFF, 0xFFFF, 0x0000, 0x0000,
  0x0000, 0x0000, 0xFFFF, 0xFFFF, 0xFFFF, 0xFFFF, 0xFFFF, 0x0000, 0x0000, 0x0000,
  0x0000, 0x0000, 0x0000, 0x0000, 0x0000, 0x0000, 0x0000, 0x0000, 0x0000, 0x0000,
  0x0000, 0x0000, 0x0000, 0x0000, 0x0000, 0x0000, 0x0000, 0x0000, 0x0000, 0x0000,
  0xFFFF, 0xFFFF, 0xFFFF, 0xFFFF, 0xFFFF, 0xFFFF, 0xFFFF, 0xFFFF, 0xFFFF, 0x0000,
  0x0000, 0x0000, 0x0000, 0xFFFF, 0xFFFF, 0xFFFF, 0xFFFF, 0xFFFF, 0xFFFF, 0xFFFF,
  0xFFFF, 0xFFFF, 0x0000, 0x0000, 0x0000, 0x0000, 0x0000, 0xFFFF, 0xFFFF, 0xFFFF,
  0xFFFF, 0xFFFF, 0xFFFF, 0xFFFF, 0xFFFF, 0xFFFF, 0xFFFF, 0xFFFF, 0xFFFF, 0xFFFF,
  0xFFFF, 0x0000, 0x0000, 0x0000, 0x0000, 0xFFFF, 0xFFFF, 0xFFFF, 0xFFFF, 0xFFFF,
  0x0000, 0x0000, 0x0000, 0x0000, 0x0000, 0x0000, 0x0000, 0x0000, 0x0000, 0x0000,
  0x0000, 0x0000, 0x0000, 0x0000, 0xFFFF, 0xFFFF, 0xFFFF, 0xFFFF, 0x0000, 0x0000,
  0x0000, 0x0000, 0x0000, 0x0000, 0x0000, 0x0000, 0x0000, 0xFFFF, 0xFFFF, 0xFFFF,
  0xFFFF, 0xFFFF, 0x0000, 0x0000, 0x0000, 0x0000, 0x0000, 0x0000, 0x0000, 0x0000,
  0x0000, 0xFFFF, 0xFFFF, 0xFFFF, 0xFFFF, 0xFFFF, 0xFFFF, 0xFFFF, 0xFFFF, 0xFFFF,
  0xFFFF, 0xFFFF, 0xFFFF, 0xFFFF, 0xFFFF, 0x0000, 0x0000, 0x0000, 0x0000, 0x0000,
  0xFFFF, 0xFFFF, 0xFFFF, 0xFFFF, 0xFFFF, 0xFFFF, 0xFFFF, 0xFFFF, 0xFFFF, 0xFFFF,
  0xFFFF, 0xFFFF, 0xFFFF, 0xFFFF, 0x0000, 0x0000, 0x0000, 0x0000, 0x0000, 0x0000,
  0x0000, 0x0000, 0x0000, 0x0000, 0x0000, 0x0000, 0x0000, 0xFFFF, 0xFFFF, 0xFFFF,
  0xFFFF, 0xFFFF, 0xFFFF, 0xFFFF, 0xFFFF, 0xFFFF, 0xFFFF, 0x0000, 0x0000, 0x0000,
  0x0000, 0xFFFF, 0xFFFF, 0xFFFF, 0xFFFF, 0xFFFF, 0x0000, 0x0000, 0x0000, 0x0000,
  0x0000, 0x0000, 0x0000, 0x0000, 0x0000, 0x0000, 0x0000, 0x0000, 0x0000, 0x0000,
  0x0000, 0x0000, 0x0000, 0x0000, 0x0000, 0x0000, 0x0000, 0x0000, 0x0000, 0xFFFF,
  0xFFFF, 0xFFFF, 0xFFFF, 0xFFFF, 0xFFFF, 0xFFFF, 0xFFFF, 0xFFFF, 0x0000, 0x0000,
  0x0000, 0x0000, 0xFFFF, 0xFFFF, 0xFFFF, 0xFFFF, 0xFFFF, 0xFFFF, 0xFFFF, 0xFFFF,
  0xFFFF, 0x0000, 0x0000, 0x0000, 0x0000, 0x0000, 0xFFFF, 0xFFFF, 0xFFFF, 0xFFFF,
  0xFFFF, 0xFFFF, 0xFFFF, 0xFFFF, 0xFFFF, 0xFFFF, 0xFFFF, 0xFFFF, 0xFFFF, 0xFFFF,
  0x0000, 0x0000, 0x0000, 0x0000, 0xFFFF, 0xFFFF, 0xFFFF, 0xFFFF, 0xFFFF, 0x0000,
  0x0000, 0x0000, 0x0000, 0x0000, 0x0000, 0x0000, 0x0000, 0x0000, 0x0000, 0x0000,
  0x0000, 0x0000, 0x0000, 0xFFFF, 0xFFFF, 0xFFFF, 0xFFFF, 0x0000, 0x0000, 0x0000,
  0x0000, 0x0000, 0x0000, 0x0000, 0x0000, 0x0000, 0xFFFF, 0xFFFF, 0xFFFF, 0xFFFF,
  0xFFFF, 0x0000, 0x0000, 0x0000, 0x0000, 0x0000, 0x0000, 0x0000, 0x0000, 0x0000,
  0xFFFF, 0xFFFF, 0xFFFF, 0xFFFF, 0xFFFF, 0xFFFF, 0xFFFF, 0xFFFF, 0xFFFF, 0xFFFF,
  0xFFFF, 0xFFFF, 0xFFFF, 0xFFFF, 0x0000, 0x0000, 0x0000, 0x0000, 0x0000, 0xFFFF,
  0xFFFF, 0xFFFF, 0xFFFF, 0xFFFF, 0xFFFF, 0xFFFF, 0xFFFF, 0xFFFF, 0xFFFF, 0xFFFF,
  0xFFFF, 0xFFFF, 0xFFFF, 0x0000, 0x0000, 0x0000, 0x0000, 0x0000, 0x0000, 0x0000,
  0x0000, 0x0000, 0x0000, 0x0000, 0x0000, 0x0000, 0xFFFF, 0xFFFF, 0xFFFF, 0xFFFF,
  0xFFFF, 0xFFFF, 0xFFFF, 0xFFFF, 0xFFFF, 0xFFFF, 0x0000, 0x0000, 0x0000, 0x0000,
  0xFFFF, 0xFFFF, 0xFFFF, 0xFFFF, 0xFFFF, 0x0000, 0x0000, 0x0000, 0x0000, 0x0000,
  0x0000, 0x0000, 0x0000, 0x0000, 0x0000, 0x0000, 0x0000, 0x0000, 0x0000, 0x0000,
  0x0000, 0x0000, 0x0000, 0x0000, 0x0000, 0x0000, 0x0000, 0x0000, 0xFFFF, 0xFFFF,
  0xFFFF, 0xFFFF, 0xFFFF, 0xFFFF, 0xFFFF, 0xFFFF, 0xFFFF, 0x0000, 0x0000, 0x0000,
  0x0000, 0xFFFF, 0xFFFF, 0xFFFF, 0xFFFF, 0xFFFF, 0xFFFF, 0xFFFF, 0xFFFF, 0xFFFF,
  0x0000, 0x0000, 0x0000, 0x0000, 0x0000, 0xFFFF, 0xFFFF, 0xFFFF, 0xFFFF, 0xFFFF,
  0xFFFF, 0xFFFF, 0xFFFF, 0xFFFF, 0xFFFF, 0xFFFF, 0xFFFF, 0xFFFF, 0xFFFF, 0x0000,
  0x0000, 0x0000, 0x0000, 0xFFFF, 0xFFFF, 0xFFFF, 0xFFFF, 0xFFFF, 0x0000, 0x0000,
  0x0000, 0x0000, 0x0000, 0x0000, 0x0000, 0x0000, 0x0000, 0x0000, 0x0000, 0x0000,
  0x0000, 0x0000, 0xFFFF, 0xFFFF, 0xFFFF, 0xFFFF, 0x0000, 0x0000, 0x0000, 0x0000,
  0x0000, 0x0000, 0x0000, 0x0000, 0x0000, 0xFFFF, 0xFFFF, 0xFFFF, 0xFFFF, 0xFFFF,
  0x0000, 0x0000, 0x0000, 0x0000, 0x0000, 0x0000, 0x0000, 0x0000, 0x0000, 0xFFFF,
  0xFFFF, 0xFFFF, 0xFFFF, 0xFFFF, 0xFFFF, 0xFFFF, 0xFFFF, 0xFFFF, 0xFFFF, 0xFFFF,
  0xFFFF, 0xFFFF, 0xFFFF, 0x0000, 0x0000, 0x0000, 0x0000, 0x0000, 0xFFFF, 0xFFFF,
  0xFFFF, 0xFFFF, 0xFFFF, 0xFFFF, 0xFFFF, 0xFFFF, 0xFFFF, 0xFFFF, 0xFFFF, 0xFFFF,
  0xFFFF, 0xFFFF, 0x0000, 0x0000, 0x0000, 0x0000, 0x0000, 0x0000, 0x0000, 0x0000,
  0x0000, 0x0000, 0x0000, 0x0000, 0x0000, 0xFFFF, 0xFFFF, 0xFFFF, 0xFFFF, 0xFFFF,
  0xFFFF, 0xFFFF, 0xFFFF, 0xFFFF, 0xFFFF, 0x0000, 0x0000, 0x0000, 0x0000, 0xFFFF,
  0xFFFF, 0xFFFF, 0xFFFF, 0xFFFF, 0x0000, 0x0000, 0x0000, 0x0000, 0x0000, 0x0000,
  0x0000, 0x0000, 0x0000, 0x0000, 0x0000, 0x0000, 0x0000, 0x0000, 0x0000, 0x0000,
  0x0000, 0x0000, 0x0000, 0x0000, 0x0000, 0x0000, 0x0000, 0xFFFF, 0xFFFF, 0xFFFF,
  0xFFFF, 0xFFFF, 0xFFFF, 0xFFFF, 0xFFFF, 0xFFFF, 0x0000, 0x0000, 0x0000, 0x0000,
  0xFFFF, 0xFFFF, 0xFFFF, 0xFFFF, 0xFFFF, 0xFFFF, 0xFFFF, 0xFFFF, 0xFFFF, 0x0000,
  0x0000, 0x0000, 0x0000, 0x0000, 0xFFFF, 0xFFFF, 0xFFFF, 0xFFFF, 0xFFFF, 0xFFFF,
  0xFFFF, 0xFFFF, 0xFFFF, 0xFFFF, 0xFFFF, 0xFFFF, 0xFFFF, 0xFFFF, 0x0000, 0x0000,
  0x0000, 0x0000, 0xFFFF, 0xFFFF, 0xFFFF, 0xFFFF, 0xFFFF, 0x0000, 0x0000, 0x0000,
  0x0000, 0x0000, 0x0000, 0x0000, 0x0000, 0x0000, 0x0000, 0x0000, 0x0000, 0x0000,
  0x0000, 0xFFFF, 0xFFFF, 0xFFFF, 0xFFFF, 0x0000, 0x0000, 0x0000, 0x0000, 0x0000,
  0x0000, 0x0000, 0x0000, 0x0000, 0xFFFF, 0xFFFF, 0xFFFF, 0xFFFF, 0xFFFF, 0x0000,
  0x0000, 0x0000, 0x0000, 0x0000, 0x0000, 0x0000, 0x0000, 0x0000, 0xFFFF, 0xFFFF,
  0xFFFF, 0xFFFF, 0xFFFF, 0xFFFF, 0xFFFF, 0xFFFF, 0xFFFF, 0xFFFF, 0xFFFF, 0xFFFF,
  0xFFFF, 0xFFFF, 0x0000, 0x0000, 0x0000, 0x0000, 0x0000, 0xFFFF, 0xFFFF, 0xFFFF,
  0xFFFF, 0xFFFF, 0xFFFF, 0xFFFF, 0xFFFF, 0xFFFF, 0xFFFF, 0xFFFF, 0xFFFF, 0xFFFF,
  0xFFFF, 0x0000, 0x0000, 0x0000, 0x0000, 0x0000, 0x0000, 0x0000, 0x0000, 0x0000,
  0x0000, 0x0000, 0x0000, 0x0000, 0xFFFF, 0xFFFF, 0xFFFF, 0xFFFF, 0xFFFF, 0xFFFF,
  0xFFFF, 0xFFFF, 0xFFFF, 0xFFFF, 0x0000, 0x0000, 0x0000, 0x0000, 0xFFFF, 0xFFFF,
  0xFFFF, 0xFFFF, 0xFFFF, 0x0000, 0x0000, 0x0000, 0x0000, 0x0000, 0x0000, 0x0000,
  0x0000, 0x0000, 0x0000, 0x0000, 0x0000, 0x0000, 0x0000, 0x0000, 0x0000, 0x0000,
  0x0000, 0x0000, 0x0000, 0x0000, 0x0000, 0x0000, 0xFFFF, 0xFFFF, 0xFFFF, 0xFFFF,
  0xFFFF, 0xFFFF, 0xFFFF, 0xFFFF, 0xFFFF, 0x0000, 0x0000, 0x0000, 0x0000, 0xFFFF,
  0xFFFF, 0xFFFF, 0xFFFF, 0xFFFF, 0xFFFF, 0xFFFF, 0xFFFF, 0xFFFF, 0x0000, 0x0000,
  0x0000, 0x0000, 0x0000, 0xFFFF, 0xFFFF, 0xFFFF, 0xFFFF, 0x0000, 0x0000, 0x0000,
  0x0000, 0x0000, 0x0000, 0x0000, 0x0000, 0x0000, 0x0000, 0x0000, 0x0000, 0x0000,
  0x0000, 0xFFFF, 0xFFFF, 0xFFFF, 0xFFFF, 0xFFFF, 0xFFFF, 0xFFFF, 0xFFFF, 0xFFFF,
  0x0000, 0x0000, 0x0000, 0x0000, 0x0000, 0xFFFF, 0xFFFF, 0xFFFF, 0xFFFF, 0xFFFF,
  0xFFFF, 0xFFFF, 0xFFFF, 0xFFFF, 0x0000, 0x0000, 0x0000, 0x0000, 0x0000, 0x0000,
  0x0000, 0x0000, 0x0000, 0x0000, 0x0000, 0x0000, 0x0000, 0x0000, 0xFFFF, 0xFFFF,
  0xFFFF, 0xFFFF, 0xFFFF, 0xFFFF, 0xFFFF, 0xFFFF, 0xFFFF, 0xFFFF, 0xFFFF, 0xFFFF,
  0xFFFF, 0xFFFF, 0x0000, 0x0000, 0x0000, 0x0000, 0x0000, 0x0000, 0x0000, 0x0000,
  0x0000, 0xFFFF, 0xFFFF, 0xFFFF, 0xFFFF, 0xFFFF, 0x0000, 0x0000, 0x0000, 0x0000,
  0x0000, 0x0000, 0x0000, 0x0000, 0x0000, 0xFFFF, 0xFFFF, 0xFFFF, 0xFFFF, 0xFFFF,
  0xFFFF, 0xFFFF, 0xFFFF, 0xFFFF, 0x0000, 0x0000, 0x0000, 0x0000, 0x0000, 0xFFFF,
  0xFFFF, 0xFFFF, 0xFFFF, 0xFFFF, 0xFFFF, 0xFFFF, 0xFFFF, 0xFFFF, 0x0000, 0x0000,
  0x0000, 0x0000, 0x0000, 0x0000, 0x0000, 0x0000, 0x0000, 0x0000, 0x0000, 0x0000,
  0x0000, 0x0000, 0xFFFF, 0xFFFF, 0xFFFF, 0xFFFF, 0xFFFF, 0xFFFF, 0xFFFF, 0xFFFF,
  0xFFFF, 0xFFFF, 0xFFFF, 0xFFFF, 0xFFFF, 0xFFFF, 0x0000, 0x0000, 0x0000, 0x0000,
  0x0000, 0x0000, 0x0000, 0x0000, 0x0000, 0xFFFF, 0xFFFF, 0xFFFF, 0xFFFF, 0xFFFF,
  0x0000, 0x0000, 0x0000, 0x0000, 0xFFFF, 0xFFFF, 0xFFFF, 0xFFFF, 0xFFFF, 0xFFFF,
  0xFFFF, 0xFFFF, 0xFFFF, 0xFFFF, 0xFFFF, 0xFFFF, 0xFFFF, 0x0000, 0x0000, 0x0000,
  0x0000, 0x0000, 0xFFFF, 0xFFFF, 0xFFFF, 0xFFFF, 0x0000, 0x0000, 0x0000, 0x0000,
  0x0000, 0x0000, 0x0000, 0x0000, 0x0000, 0x0000, 0x0000, 0x0000, 0x0000, 0x0000,
  0xFFFF, 0xFFFF, 0xFFFF, 0xFFFF, 0xFFFF, 0xFFFF, 0xFFFF, 0xFFFF, 0xFFFF, 0x0000,
  0x0000, 0x0000, 0x0000, 0x0000, 0xFFFF, 0xFFFF, 0xFFFF, 0xFFFF, 0xFFFF, 0xFFFF,
  0xFFFF, 0xFFFF, 0xFFFF, 0x0000, 0x0000, 0x0000, 0x0000, 0x0000, 0x0000, 0x0000,
  0x0000, 0x0000, 0x0000, 0x0000, 0x0000, 0x0000, 0x0000, 0xFFFF, 0xFFFF, 0xFFFF,
  0xFFFF, 0xFFFF, 0xFFFF, 0xFFFF, 0xFFFF, 0xFFFF, 0xFFFF, 0xFFFF, 0xFFFF, 0xFFFF,
  0xFFFF, 0x0000, 0x0000, 0x0000, 0x0000, 0x0000, 0x0000, 0x0000, 0x0000, 0x0000,
  0xFFFF, 0xFFFF, 0xFFFF, 0xFFFF, 0xFFFF, 0x0000, 0x0000, 0x0000, 0x0000, 0x0000,
  0x0000, 0x0000, 0x0000, 0x0000, 0xFFFF, 0xFFFF, 0xFFFF, 0xFFFF, 0xFFFF, 0xFFFF,
  0xFFFF, 0xFFFF, 0xFFFF, 0x0000, 0x0000, 0x0000, 0x0000, 0x0000, 0xFFFF, 0xFFFF,
  0xFFFF, 0xFFFF, 0xFFFF, 0xFFFF, 0xFFFF, 0xFFFF, 0xFFFF, 0x0000, 0x0000, 0x0000,
  0x0000, 0x0000, 0x0000, 0x0000, 0x0000, 0x0000, 0x0000, 0x0000, 0x0000, 0x0000,
  0x0000, 0xFFFF, 0xFFFF, 0xFFFF, 0xFFFF, 0xFFFF, 0xFFFF, 0xFFFF, 0xFFFF, 0xFFFF,
  0xFFFF, 0xFFFF, 0xFFFF, 0xFFFF, 0xFFFF, 0x0000, 0x0000, 0x0000, 0x0000, 0x0000,
  0x0000, 0x0000, 0x0000, 0x0000, 0xFFFF, 0xFFFF, 0xFFFF, 0xFFFF, 0xFFFF, 0x0000,
  0x0000, 0x0000, 0x0000, 0xFFFF, 0xFFFF, 0xFFFF, 0xFFFF, 0xFFFF, 0xFFFF, 0xFFFF,
  0xFFFF, 0xFFFF, 0xFFFF, 0xFFFF, 0xFFFF, 0xFFFF, 0x0000, 0x0000, 0x0000, 0x0000,
  0x0000, 0xFFFF, 0xFFFF, 0xFFFF, 0xFFFF, 0x0000, 0x0000, 0x0000, 0x0000, 0x0000,
  0x0000, 0x0000, 0x0000, 0x0000, 0x0000, 0x0000, 0x0000, 0x0000, 0x0000, 0xFFFF,
  0xFFFF, 0xFFFF, 0xFFFF, 0xFFFF, 0xFFFF, 0xFFFF, 0xFFFF, 0xFFFF, 0x0000, 0x0000,
  0x0000, 0x0000, 0x0000, 0xFFFF, 0xFFFF, 0xFFFF, 0xFFFF, 0xFFFF, 0xFFFF, 0xFFFF,
  0xFFFF, 0xFFFF, 0x0000, 0x0000, 0x0000, 0x0000, 0x0000, 0x0000, 0x0000, 0x0000,
  0x0000, 0x0000, 0x0000, 0x0000, 0x0000, 0x0000, 0xFFFF, 0xFFFF, 0xFFFF, 0xFFFF,
  0xFFFF, 0xFFFF, 0xFFFF, 0xFFFF, 0xFFFF, 0xFFFF, 0xFFFF, 0xFFFF, 0xFFFF, 0xFFFF,
  0x0000, 0x0000, 0x0000, 0x0000, 0x0000, 0x0000, 0x0000, 0x0000, 0x0000, 0xFFFF,
  0xFFFF, 0xFFFF, 0xFFFF, 0xFFFF, 0x0000, 0x0000, 0x0000, 0x0000, 0x0000, 0x0000,
  0x0000, 0x0000, 0x0000, 0xFFFF, 0xFFFF, 0xFFFF, 0xFFFF, 0xFFFF, 0xFFFF, 0xFFFF,
  0xFFFF, 0xFFFF, 0x0000, 0x0000, 0x0000, 0x0000, 0x0000, 0xFFFF, 0xFFFF, 0xFFFF,
  0xFFFF, 0xFFFF, 0xFFFF, 0xFFFF, 0xFFFF, 0xFFFF, 0x0000, 0x0000, 0x0000, 0x0000,
  0x0000, 0x0000, 0x0000, 0x0000, 0x0000, 0x0000, 0x0000, 0x0000, 0x0000, 0x0000,
  0xFFFF, 0xFFFF, 0xFFFF, 0xFFFF, 0xFFFF, 0xFFFF, 0xFFFF, 0xFFFF, 0xFFFF, 0xFFFF,
  0xFFFF, 0xFFFF, 0xFFFF, 0xFFFF, 0x0000, 0x0000, 0x0000, 0x0000, 0x0000, 0x0000,
  0x0000, 0x0000, 0x0000, 0xFFFF, 0xFFFF, 0xFFFF, 0xFFFF, 0xFFFF, 0x0000, 0x0000,
  0x0000, 0x0000, 0xFFFF, 0xFFFF, 0xFFFF, 0xFFFF, 0xFFFF, 0xFFFF, 0xFFFF, 0xFFFF,
  0xFFFF, 0xFFFF, 0xFFFF, 0xFFFF, 0xFFFF, 0x0000, 0x0000, 0x0000, 0x0000, 0x0000,
  0xFFFF, 0xFFFF, 0xFFFF, 0xFFFF, 0x0000, 0x0000, 0x0000, 0x0000, 0x0000, 0x0000,
  0x0000, 0x0000, 0x0000, 0x0000, 0x0000, 0x0000, 0x0000, 0x0000, 0xFFFF, 0xFFFF,
  0xFFFF, 0xFFFF, 0xFFFF, 0xFFFF, 0xFFFF, 0xFFFF, 0xFFFF, 0x0000, 0x0000, 0x0000,
  0x0000, 0x0000, 0xFFFF, 0xFFFF, 0xFFFF, 0xFFFF, 0xFFFF, 0xFFFF, 0xFFFF, 0xFFFF,
  0xFFFF, 0x0000, 0x0000, 0x0000, 0x0000, 0x0000, 0x0000, 0x0000, 0x0000, 0x0000,
  0x0000, 0x0000, 0x0000, 0x0000, 0x0000, 0xFFFF, 0xFFFF, 0xFFFF, 0xFFFF, 0xFFFF,
  0xFFFF, 0xFFFF, 0xFFFF, 0xFFFF, 0xFFFF, 0xFFFF, 0xFFFF, 0xFFFF, 0xFFFF, 0x0000,
  0x0000, 0x0000, 0x0000, 0x0000, 0x0000, 0x0000, 0x0000, 0x0000, 0xFFFF, 0xFFFF,
  0xFFFF, 0xFFFF, 0xFFFF, 0x0000, 0x0000, 0x0000, 0x0000, 0x0000, 0x0000, 0x0000,
  0x0000, 0x0000, 0xFFFF, 0xFFFF, 0xFFFF, 0xFFFF, 0xFFFF, 0xFFFF, 0xFFFF, 0xFFFF,
  0xFFFF, 0x0000, 0x0000, 0x0000, 0x0000, 0x0000, 0xFFFF, 0xFFFF, 0xFFFF, 0xFFFF,
  0xFFFF, 0xFFFF, 0xFFFF, 0xFFFF, 0xFFFF, 0x0000, 0x0000, 0x0000, 0x0000, 0x0000,
  0x0000, 0x0000, 0x0000, 0x0000, 0x0000, 0x0000, 0x0000, 0x0000, 0x0000, 0xFFFF,
  0xFFFF, 0xFFFF, 0xFFFF, 0xFFFF, 0xFFFF, 0xFFFF, 0xFFFF, 0xFFFF, 0xFFFF, 0xFFFF,
  0xFFFF, 0xFFFF, 0xFFFF, 0x0000, 0x0000, 0x0000, 0x0000, 0x0000, 0x0000, 0x0000,
  0x0000, 0x0000, 0xFFFF, 0xFFFF, 0xFFFF, 0xFFFF, 0xFFFF, 0x0000, 0x0000, 0x0000,
  0x0000, 0xFFFF, 0xFFFF, 0xFFFF, 0xFFFF, 0xFFFF, 0xFFFF, 0xFFFF, 0xFFFF, 0xFFFF,
  0xFFFF, 0xFFFF, 0xFFFF, 0xFFFF, 0xFFFF, 0xFFFF, 0xFFFF, 0xFFFF, 0xFFFF, 0xFFFF,
  0xFFFF, 0xFFFF, 0xFFFF, 0x0000, 0x0000, 0x0000, 0x0000, 0x0000, 0x0000, 0x0000,
  0x0000, 0x0000, 0x0000, 0xFFFF, 0xFFFF, 0xFFFF, 0xFFFF, 0xFFFF, 0xFFFF, 0xFFFF,
  0xFFFF, 0xFFFF, 0x0000, 0x0000, 0x0000, 0x0000, 0x0000, 0x0000, 0x0000, 0x0000,
  0x0000, 0xFFFF, 0xFFFF, 0xFFFF, 0xFFFF, 0xFFFF, 0xFFFF, 0xFFFF, 0xFFFF, 0xFFFF,
  0xFFFF, 0xFFFF, 0xFFFF, 0xFFFF, 0xFFFF, 0x0000, 0x0000, 0x0000, 0x0000, 0xFFFF,
  0xFFFF, 0xFFFF, 0xFFFF, 0xFFFF, 0xFFFF, 0xFFFF, 0xFFFF, 0xFFFF, 0xFFFF, 0xFFFF,
  0xFFFF, 0xFFFF, 0xFFFF, 0xFFFF, 0xFFFF, 0xFFFF, 0xFFFF, 0xFFFF, 0x0000, 0x0000,
  0x0000, 0x0000, 0x0000, 0xFFFF, 0xFFFF, 0xFFFF, 0xFFFF, 0x0000, 0x0000, 0x0000,
  0x0000, 0x0000, 0xFFFF, 0xFFFF, 0xFFFF, 0xFFFF, 0x0000, 0x0000, 0x0000, 0x0000,
  0x0000, 0xFFFF, 0xFFFF, 0xFFFF, 0xFFFF, 0xFFFF, 0x0000, 0x0000, 0x0000, 0x0000,
  0x0000, 0x0000, 0x0000, 0x0000, 0x0000, 0x0000, 0x0000, 0x0000, 0x0000, 0x0000,
  0x0000, 0x0000, 0x0000, 0x0000, 0x0000, 0x0000, 0x0000, 0x0000, 0x0000, 0x0000,
  0x0000, 0x0000, 0x0000, 0x0000, 0x0000, 0x0000, 0x0000, 0x0000, 0xFFFF, 0xFFFF,
  0xFFFF, 0xFFFF, 0xFFFF, 0xFFFF, 0xFFFF, 0xFFFF, 0xFFFF, 0x0000, 0x0000, 0x0000,
  0x0000, 0x0000, 0x0000, 0x0000, 0x0000, 0x0000, 0xFFFF, 0xFFFF, 0xFFFF, 0xFFFF,
  0xFFFF, 0x0000, 0x0000, 0x0000, 0x0000, 0x0000, 0xFFFF, 0xFFFF, 0xFFFF, 0xFFFF,
  0xFFFF, 0xFFFF, 0xFFFF, 0xFFFF, 0xFFFF, 0xFFFF, 0xFFFF, 0xFFFF, 0xFFFF, 0xFFFF,
  0xFFFF, 0xFFFF, 0xFFFF, 0xFFFF, 0xFFFF, 0xFFFF, 0xFFFF, 0xFFFF, 0xFFFF, 0xFFFF,
  0xFFFF, 0xFFFF, 0x0000, 0x0000, 0x0000, 0x0000, 0x0000, 0x0000, 0x0000, 0x0000,
  0x0000, 0x0000, 0xFFFF, 0xFFFF, 0xFFFF, 0xFFFF, 0xFFFF, 0xFFFF, 0xFFFF, 0xFFFF,
  0xFFFF, 0x0000, 0x0000, 0x0000, 0x0000, 0x0000, 0x0000, 0x0000, 0x0000, 0x0000,
  0xFFFF, 0xFFFF, 0xFFFF, 0xFFFF, 0xFFFF, 0xFFFF, 0xFFFF, 0xFFFF, 0xFFFF, 0xFFFF,
  0xFFFF, 0xFFFF, 0xFFFF, 0xFFFF, 0x0000, 0x0000, 0x0000, 0x0000, 0xFFFF, 0xFFFF,
  0xFFFF, 0xFFFF, 0xFFFF, 0xFFFF, 0xFFFF, 0xFFFF, 0xFFFF, 0xFFFF, 0xFFFF, 0xFFFF,
  0xFFFF, 0xFFFF, 0xFFFF, 0xFFFF, 0xFFFF, 0xFFFF, 0xFFFF, 0x0000, 0x0000, 0x0000,
  0x0000, 0x0000, 0xFFFF, 0xFFFF, 0xFFFF, 0xFFFF, 0x0000, 0x0000, 0x0000, 0x0000,
  0x0000, 0xFFFF, 0xFFFF, 0xFFFF, 0xFFFF, 0x0000, 0x0000, 0x0000, 0x0000, 0x0000,
  0xFFFF, 0xFFFF, 0xFFFF, 0xFFFF, 0xFFFF, 0x0000, 0x0000, 0x0000, 0x0000, 0x0000,
  0x0000, 0x0000, 0x0000, 0x0000, 0x0000, 0x0000, 0x0000, 0x0000, 0x0000, 0x0000,
  0x0000, 0x0000, 0x0000, 0x0000, 0x0000, 0x0000, 0x0000, 0x0000, 0x0000, 0x0000,
  0x0000, 0x0000, 0x0000, 0x0000, 0x0000, 0x0000, 0x0000, 0xFFFF, 0xFFFF, 0xFFFF,
  0xFFFF, 0xFFFF, 0xFFFF, 0xFFFF, 0xFFFF, 0xFFFF, 0x0000, 0x0000, 0x0000, 0x0000,
  0x0000, 0x0000, 0x0000, 0x0000, 0x0000, 0xFFFF, 0xFFFF, 0xFFFF, 0xFFFF, 0xFFFF,
  0x0000, 0x0000, 0x0000, 0x0000, 0x0000, 0xFFFF, 0xFFFF, 0xFFFF, 0xFFFF, 0xFFFF,
  0xFFFF, 0xFFFF, 0xFFFF, 0xFFFF, 0xFFFF, 0xFFFF, 0xFFFF, 0xFFFF, 0xFFFF, 0xFFFF,
  0xFFFF, 0xFFFF, 0xFFFF, 0xFFFF, 0xFFFF, 0xFFFF, 0xFFFF, 0xFFFF, 0xFFFF, 0xFFFF,
  0xFFFF, 0x0000, 0x0000, 0x0000, 0x0000, 0x0000, 0x0000, 0x0000, 0x0000, 0x0000,
  0x0000, 0xFFFF, 0xFFFF, 0xFFFF, 0xFFFF, 0xFFFF, 0xFFFF, 0xFFFF, 0xFFFF, 0xFFFF,
  0x0000, 0x0000, 0x0000, 0x0000, 0x0000, 0x0000, 0x0000, 0x0000, 0x0000, 0xFFFF,
  0xFFFF, 0xFFFF, 0xFFFF, 0xFFFF, 0xFFFF, 0xFFFF, 0xFFFF, 0xFFFF, 0xFFFF, 0xFFFF,
  0xFFFF, 0xFFFF, 0xFFFF, 0x0000, 0x0000, 0x0000, 0x0000, 0xFFFF, 0xFFFF, 0xFFFF,
  0xFFFF, 0xFFFF, 0xFFFF, 0xFFFF, 0xFFFF, 0xFFFF, 0xFFFF, 0xFFFF, 0xFFFF, 0xFFFF,
  0xFFFF, 0xFFFF, 0xFFFF, 0xFFFF, 0xFFFF, 0xFFFF, 0x0000, 0x0000, 0x0000, 0x0000,
  0x0000, 0xFFFF, 0xFFFF, 0xFFFF, 0xFFFF, 0x0000, 0x0000, 0x0000, 0x0000, 0x0000,
  0xFFFF, 0xFFFF, 0xFFFF, 0xFFFF, 0x0000, 0x0000, 0x0000, 0x0000, 0x0000, 0xFFFF,
  0xFFFF, 0xFFFF, 0xFFFF, 0xFFFF, 0x0000, 0x0000, 0x0000, 0x0000, 0x0000, 0x0000,
  0x0000, 0x0000, 0x0000, 0x0000, 0x0000, 0x0000, 0x0000, 0x0000, 0x0000, 0x0000,
  0x0000, 0x0000, 0x0000, 0x0000, 0x0000, 0x0000, 0x0000, 0x0000, 0x0000, 0x0000,
  0x0000, 0x0000, 0x0000, 0x0000, 0x0000, 0x0000, 0xFFFF, 0xFFFF, 0xFFFF, 0xFFFF,
  0xFFFF, 0xFFFF, 0xFFFF, 0xFFFF, 0xFFFF, 0x0000, 0x0000, 0x0000, 0x0000, 0x0000,
  0x0000, 0x0000, 0x0000, 0x0000, 0xFFFF, 0xFFFF, 0xFFFF, 0xFFFF, 0xFFFF, 0x0000,
  0x0000, 0x0000, 0x0000, 0x0000, 0xFFFF, 0xFFFF, 0xFFFF, 0xFFFF, 0xFFFF, 0xFFFF,
  0xFFFF, 0xFFFF, 0xFFFF, 0xFFFF, 0xFFFF, 0xFFFF, 0xFFFF, 0xFFFF, 0xFFFF, 0xFFFF,
  0xFFFF, 0xFFFF, 0xFFFF, 0xFFFF, 0xFFFF, 0xFFFF, 0xFFFF, 0xFFFF, 0xFFFF, 0xFFFF,
  0x0000, 0x0000, 0x0000, 0x0000, 0x0000, 0x0000, 0x0000, 0x0000, 0x0000, 0x0000,
  0xFFFF, 0xFFFF, 0xFFFF, 0xFFFF, 0xFFFF, 0xFFFF, 0xFFFF, 0xFFFF, 0xFFFF, 0x0000,
  0x0000, 0x0000, 0x0000, 0x0000, 0x0000, 0x0000, 0x0000, 0x0000, 0xFFFF, 0xFFFF,
  0xFFFF, 0xFFFF, 0xFFFF, 0xFFFF, 0xFFFF, 0xFFFF, 0xFFFF, 0xFFFF, 0xFFFF, 0xFFFF,
  0xFFFF, 0xFFFF, 0x0000, 0x0000, 0x0000, 0x0000, 0xFFFF, 0xFFFF, 0xFFFF, 0xFFFF,
  0xFFFF, 0xFFFF, 0xFFFF, 0xFFFF, 0xFFFF, 0xFFFF, 0xFFFF, 0xFFFF, 0xFFFF, 0xFFFF,
  0xFFFF, 0xFFFF, 0xFFFF, 0xFFFF, 0xFFFF, 0x0000, 0x0000, 0x0000, 0x0000, 0x0000,
  0xFFFF, 0xFFFF, 0xFFFF, 0xFFFF, 0x0000, 0x0000, 0x0000, 0x0000, 0x0000, 0xFFFF,
  0xFFFF, 0xFFFF, 0xFFFF, 0x0000, 0x0000, 0x0000, 0x0000, 0x0000, 0xFFFF, 0xFFFF,
  0xFFFF, 0xFFFF, 0xFFFF, 0x0000, 0x0000, 0x0000, 0x0000, 0x0000, 0x0000, 0x0000,
  0x0000, 0x0000, 0x0000, 0x0000, 0x0000, 0x0000, 0x0000, 0x0000, 0x0000, 0x0000,
  0x0000, 0x0000, 0x0000, 0x0000, 0x0000, 0x0000, 0x0000, 0x0000, 0x0000, 0x0000,
  0x0000, 0x0000, 0x0000, 0x0000, 0x0000, 0xFFFF, 0xFFFF, 0xFFFF, 0xFFFF, 0xFFFF,
  0xFFFF, 0xFFFF, 0xFFFF, 0xFFFF, 0x0000, 0x0000, 0x0000, 0x0000, 0x0000, 0x0000,
  0x0000, 0x0000, 0x0000, 0xFFFF, 0xFFFF, 0xFFFF, 0xFFFF, 0xFFFF, 0x0000, 0x0000,
  0x0000, 0x0000, 0x0000, 0xFFFF, 0xFFFF, 0xFFFF, 0xFFFF, 0xFFFF, 0xFFFF, 0xFFFF,
  0xFFFF, 0xFFFF, 0xFFFF, 0xFFFF, 0xFFFF, 0xFFFF, 0xFFFF, 0xFFFF, 0xFFFF, 0xFFFF,
  0xFFFF, 0xFFFF, 0xFFFF, 0xFFFF, 0xFFFF, 0xFFFF, 0xFFFF, 0xFFFF, 0xFFFF, 0x0000,
  0x0000, 0x0000, 0x0000, 0x0000, 0x0000, 0x0000, 0x0000, 0x0000, 0x0000, 0xFFFF,
  0xFFFF, 0xFFFF, 0xFFFF, 0xFFFF, 0xFFFF, 0xFFFF, 0xFFFF, 0xFFFF, 0x0000, 0x0000,
  0x0000, 0x0000, 0x0000, 0x0000, 0x0000, 0x0000, 0x0000, 0xFFFF, 0xFFFF, 0xFFFF,
  0xFFFF, 0xFFFF, 0xFFFF, 0xFFFF, 0xFFFF, 0xFFFF, 0xFFFF, 0xFFFF, 0xFFFF, 0xFFFF,
  0xFFFF, 0x0000, 0x0000, 0x0000, 0x0000, 0xFFFF, 0xFFFF, 0xFFFF, 0xFFFF, 0xFFFF,
  0xFFFF, 0xFFFF, 0xFFFF, 0xFFFF, 0xFFFF, 0xFFFF, 0xFFFF, 0xFFFF, 0xFFFF, 0xFFFF,
  0xFFFF, 0xFFFF, 0xFFFF, 0xFFFF, 0x0000, 0x0000, 0x0000, 0x0000, 0x0000, 0xFFFF,
  0xFFFF, 0xFFFF, 0xFFFF, 0x0000, 0x0000, 0x0000, 0x0000, 0x0000, 0xFFFF, 0xFFFF,
  0xFFFF, 0xFFFF, 0x0000, 0x0000, 0x0000, 0x0000, 0x0000, 0xFFFF, 0xFFFF, 0xFFFF,
  0xFFFF, 0xFFFF, 0x0000, 0x0000, 0x0000, 0x0000, 0x0000, 0x0000, 0x0000, 0x0000,
  0x0000, 0x0000, 0x0000, 0x0000, 0x0000, 0x0000, 0x0000, 0x0000, 0x0000, 0x0000,
  0x0000, 0x0000, 0x0000, 0x0000, 0x0000, 0x0000, 0x0000, 0x0000, 0x0000, 0x0000,
  0x0000, 0x0000, 0x0000, 0x0000, 0xFFFF, 0xFFFF, 0xFFFF, 0xFFFF, 0xFFFF, 0xFFFF,
  0xFFFF, 0xFFFF, 0xFFFF, 0x0000, 0x0000, 0x0000, 0x0000, 0x0000, 0x0000, 0x0000,
  0x0000, 0x0000, 0xFFFF, 0xFFFF, 0xFFFF, 0xFFFF, 0xFFFF, 0x0000, 0x0000, 0x0000,
  0x0000, 0x0000, 0xFFFF, 0xFFFF, 0xFFFF, 0xFFFF, 0xFFFF, 0xFFFF, 0xFFFF, 0xFFFF,
  0xFFFF, 0xFFFF, 0xFFFF, 0xFFFF, 0xFFFF, 0xFFFF, 0xFFFF, 0xFFFF, 0xFFFF, 0xFFFF,
  0xFFFF, 0xFFFF, 0xFFFF, 0xFFFF, 0xFFFF, 0xFFFF, 0xFFFF, 0xFFFF, 0xFFFF, 0xFFFF,
  0xFFFF, 0xFFFF, 0xFFFF, 0x0000, 0x0000, 0x0000, 0x0000, 0x0000, 0x0000, 0x0000,
  0x0000, 0x0000, 0x0000, 0x0000, 0x0000, 0x0000, 0x0000, 0xFFFF, 0xFFFF, 0xFFFF,
  0xFFFF, 0xFFFF, 0xFFFF, 0xFFFF, 0xFFFF, 0xFFFF, 0x0000, 0x0000, 0x0000, 0x0000,
  0x0000, 0xFFFF, 0xFFFF, 0xFFFF, 0xFFFF, 0xFFFF, 0xFFFF, 0xFFFF, 0xFFFF, 0xFFFF,
  0x0000, 0x0000, 0x0000, 0x0000, 0xFFFF, 0xFFFF, 0xFFFF, 0xFFFF, 0xFFFF, 0x0000,
  0x0000, 0x0000, 0x0000, 0x0000, 0xFFFF, 0xFFFF, 0xFFFF, 0xFFFF, 0xFFFF, 0xFFFF,
  0xFFFF, 0xFFFF, 0xFFFF, 0xFFFF, 0xFFFF, 0xFFFF, 0xFFFF, 0xFFFF, 0x0000, 0x0000,
  0x0000, 0x0000, 0x0000, 0x0000, 0x0000, 0x0000, 0x0000, 0xFFFF, 0xFFFF, 0xFFFF,
  0xFFFF, 0xFFFF, 0xFFFF, 0xFFFF, 0xFFFF, 0xFFFF, 0x0000, 0x0000, 0x0000, 0x0000,
  0x0000, 0x0000, 0x0000, 0x0000, 0x0000, 0xFFFF, 0xFFFF, 0xFFFF, 0xFFFF, 0xFFFF,
  0x0000, 0x0000, 0x0000, 0x0000, 0xFFFF, 0xFFFF, 0xFFFF, 0xFFFF, 0xFFFF, 0x0000,
  0x0000, 0x0000, 0x0000, 0x0000, 0xFFFF, 0xFFFF, 0xFFFF, 0xFFFF, 0x0000, 0x0000,
  0x0000, 0x0000, 0x0000, 0xFFFF, 0xFFFF, 0xFFFF, 0xFFFF, 0xFFFF, 0x0000, 0x0000,
  0x0000, 0x0000, 0x0000, 0x0000, 0x0000, 0x0000, 0x0000, 0x0000, 0x0000, 0x0000,
  0x0000, 0x0000, 0x0000, 0x0000, 0x0000, 0x0000, 0x0000, 0x0000, 0x0000, 0x0000,
  0x0000, 0x0000, 0x0000, 0x0000, 0x0000, 0xFFFF, 0xFFFF, 0xFFFF, 0xFFFF, 0xFFFF,
  0xFFFF, 0xFFFF, 0xFFFF, 0xFFFF, 0xFFFF, 0xFFFF, 0xFFFF, 0xFFFF, 0xFFFF, 0xFFFF,
  0xFFFF, 0xFFFF, 0xFFFF, 0xFFFF, 0xFFFF, 0xFFFF, 0xFFFF, 0xFFFF, 0xFFFF, 0xFFFF,
  0xFFFF, 0xFFFF, 0x0000, 0x0000, 0x0000, 0x0000, 0x0000, 0x0000, 0x0000, 0x0000,
  0x0000, 0x0000, 0x0000, 0x0000, 0x0000, 0x0000, 0xFFFF, 0xFFFF, 0xFFFF, 0xFFFF,
  0xFFFF, 0xFFFF, 0xFFFF, 0xFFFF, 0xFFFF, 0x0000, 0x0000, 0x0000, 0x0000, 0x0000,
  0xFFFF, 0xFFFF, 0xFFFF, 0xFFFF, 0xFFFF, 0xFFFF, 0xFFFF, 0xFFFF, 0xFFFF, 0x0000,
  0x0000, 0x0000, 0x0000, 0xFFFF, 0xFFFF, 0xFFFF, 0xFFFF, 0xFFFF, 0x0000, 0x0000,
  0x0000, 0x0000, 0x0000, 0xFFFF, 0xFFFF, 0xFFFF, 0xFFFF, 0xFFFF, 0xFFFF, 0xFFFF,
  0xFFFF, 0xFFFF, 0xFFFF, 0xFFFF, 0xFFFF, 0xFFFF, 0xFFFF, 0x0000, 0x0000, 0x0000,
  0x0000, 0x0000, 0x0000, 0x0000, 0x0000, 0x0000, 0xFFFF, 0xFFFF, 0xFFFF, 0xFFFF,
  0xFFFF, 0xFFFF, 0xFFFF, 0xFFFF, 0xFFFF, 0x0000, 0x0000, 0x0000, 0x0000, 0x0000,
  0x0000, 0x0000, 0x0000, 0x0000, 0xFFFF, 0xFFFF, 0xFFFF, 0xFFFF, 0xFFFF, 0x0000,
  0x0000, 0x0000, 0x0000, 0xFFFF, 0xFFFF, 0xFFFF, 0xFFFF, 0xFFFF, 0x0000, 0x0000,
  0x0000, 0x0000, 0x0000, 0xFFFF, 0xFFFF, 0xFFFF, 0xFFFF, 0x0000, 0x0000, 0x0000,
  0x0000, 0x0000, 0xFFFF, 0xFFFF, 0xFFFF, 0xFFFF, 0xFFFF, 0x0000, 0x0000, 0x0000,
  0x0000, 0x0000, 0x0000, 0x0000, 0x0000, 0x0000, 0x0000, 0x0000, 0x0000, 0x0000,
  0x0000, 0x0000, 0x0000, 0x0000, 0x0000, 0x0000, 0x0000, 0x0000, 0x0000, 0x0000,
  0x0000, 0x0000, 0x0000, 0x0000, 0xFFFF, 0xFFFF, 0xFFFF, 0xFFFF, 0xFFFF, 0xFFFF,
  0xFFFF, 0xFFFF, 0xFFFF, 0xFFFF, 0xFFFF, 0xFFFF, 0xFFFF, 0xFFFF, 0xFFFF, 0xFFFF,
  0xFFFF, 0xFFFF, 0xFFFF, 0xFFFF, 0xFFFF, 0xFFFF, 0xFFFF, 0xFFFF, 0xFFFF, 0xFFFF,
  0xFFFF, 0x0000, 0x0000, 0x0000, 0x0000, 0x0000, 0x0000, 0x0000, 0x0000, 0x0000,
  0x0000, 0x0000, 0x0000, 0x0000, 0x0000, 0xFFFF, 0xFFFF, 0xFFFF, 0xFFFF, 0xFFFF,
  0xFFFF, 0xFFFF, 0xFFFF, 0xFFFF, 0x0000, 0x0000, 0x0000, 0x0000, 0x0000, 0xFFFF,
  0xFFFF, 0xFFFF, 0xFFFF, 0xFFFF, 0xFFFF, 0xFFFF, 0xFFFF, 0xFFFF, 0x0000, 0x0000,
  0x0000, 0x0000, 0xFFFF, 0xFFFF, 0xFFFF, 0xFFFF, 0xFFFF, 0x0000, 0x0000, 0x0000,
  0x0000, 0x0000, 0xFFFF, 0xFFFF, 0xFFFF, 0xFFFF, 0xFFFF, 0xFFFF, 0xFFFF, 0xFFFF,
  0xFFFF, 0xFFFF, 0xFFFF, 0xFFFF, 0xFFFF, 0xFFFF, 0x0000, 0x0000, 0x0000, 0x0000,
  0x0000, 0x0000, 0x0000, 0x0000, 0x0000, 0xFFFF, 0xFFFF, 0xFFFF, 0xFFFF, 0xFFFF,
  0xFFFF, 0xFFFF, 0xFFFF, 0xFFFF, 0x0000, 0x0000, 0x0000, 0x0000, 0x0000, 0x0000,
  0x0000, 0x0000, 0x0000, 0xFFFF, 0xFFFF, 0xFFFF, 0xFFFF, 0xFFFF, 0x0000, 0x0000,
  0x0000, 0x0000, 0xFFFF, 0xFFFF, 0xFFFF, 0xFFFF, 0xFFFF, 0x0000, 0x0000, 0x0000,
  0x0000, 0x0000, 0xFFFF, 0xFFFF, 0xFFFF, 0xFFFF, 0x0000, 0x0000, 0x0000, 0x0000,
  0x0000, 0xFFFF, 0xFFFF, 0xFFFF, 0xFFFF, 0xFFFF, 0x0000, 0x0000, 0x0000, 0x0000,
  0x0000, 0x0000, 0x0000, 0x0000, 0x0000, 0x0000, 0x0000, 0x0000, 0x0000, 0x0000,
  0x0000, 0x0000, 0x0000, 0x0000, 0x0000, 0x0000, 0x0000, 0x0000, 0x0000, 0x0000,
  0x0000, 0x0000, 0x0000, 0xFFFF, 0xFFFF, 0xFFFF, 0xFFFF, 0xFFFF, 0xFFFF, 0xFFFF,
  0xFFFF, 0xFFFF, 0xFFFF, 0xFFFF, 0xFFFF, 0xFFFF, 0xFFFF, 0xFFFF, 0xFFFF, 0xFFFF,
  0xFFFF, 0xFFFF, 0xFFFF, 0xFFFF, 0xFFFF, 0xFFFF, 0xFFFF, 0xFFFF, 0xFFFF, 0xFFFF,
  0x0000, 0x0000, 0x0000, 0x0000, 0x0000, 0x0000, 0x0000, 0x0000, 0x0000, 0x0000,
  0x0000, 0x0000, 0x0000, 0x0000, 0xFFFF, 0xFFFF, 0xFFFF, 0xFFFF, 0xFFFF, 0xFFFF,
  0xFFFF, 0xFFFF, 0xFFFF, 0x0000, 0x0000, 0x0000, 0x0000, 0x0000, 0xFFFF, 0xFFFF,
  0xFFFF, 0xFFFF, 0xFFFF, 0xFFFF, 0xFFFF, 0xFFFF, 0xFFFF, 0x0000, 0x0000, 0x0000,
  0x0000, 0xFFFF, 0xFFFF, 0xFFFF, 0xFFFF, 0xFFFF, 0x0000, 0x0000, 0x0000, 0x0000,
  0x0000, 0xFFFF, 0xFFFF, 0xFFFF, 0xFFFF, 0xFFFF, 0xFFFF, 0xFFFF, 0xFFFF, 0xFFFF,
  0xFFFF, 0xFFFF, 0xFFFF, 0xFFFF, 0xFFFF, 0x0000, 0x0000, 0x0000, 0x0000, 0x0000,
  0x0000, 0x0000, 0x0000, 0x0000, 0xFFFF, 0xFFFF, 0xFFFF, 0xFFFF, 0xFFFF, 0xFFFF,
  0xFFFF, 0xFFFF, 0xFFFF, 0x0000, 0x0000, 0x0000, 0x0000, 0x0000, 0x0000, 0x0000,
  0x0000, 0x0000, 0xFFFF, 0xFFFF, 0xFFFF, 0xFFFF, 0xFFFF, 0x0000, 0x0000, 0x0000,
  0x0000, 0xFFFF, 0xFFFF, 0xFFFF, 0xFFFF, 0xFFFF, 0x0000, 0x0000, 0x0000, 0x0000,
  0x0000, 0xFFFF, 0xFFFF, 0xFFFF, 0xFFFF, 0x0000, 0x0000, 0x0000, 0x0000, 0x0000,
  0xFFFF, 0xFFFF, 0xFFFF, 0xFFFF, 0xFFFF, 0x0000, 0x0000, 0x0000, 0x0000, 0x0000,
  0x0000, 0x0000, 0x0000, 0x0000, 0x0000, 0x0000, 0x0000, 0x0000, 0x0000, 0x0000,
  0x0000, 0x0000, 0x0000, 0x0000, 0x0000, 0x0000, 0x0000, 0x0000, 0x0000, 0x0000,
  0x0000, 0x0000, 0xFFFF, 0xFFFF, 0xFFFF, 0xFFFF, 0xFFFF, 0xFFFF, 0xFFFF, 0xFFFF,
  0xFFFF, 0xFFFF, 0xFFFF, 0xFFFF, 0xFFFF, 0x0000, 0x0000, 0x0000, 0x0000, 0x0000,
  0xFFFF, 0xFFFF, 0xFFFF, 0xFFFF, 0x0000, 0x0000, 0x0000, 0x0000, 0x0000, 0xFFFF,
  0xFFFF, 0xFFFF, 0xFFFF, 0xFFFF, 0xFFFF, 0xFFFF, 0xFFFF, 0xFFFF, 0xFFFF, 0xFFFF,
  0xFFFF, 0xFFFF, 0xFFFF, 0x0000, 0x0000, 0x0000, 0x0000, 0x0000, 0x0000, 0x0000,
  0x0000, 0x0000, 0x0000, 0x0000, 0x0000, 0x0000, 0x0000, 0x0000, 0x0000, 0x0000,
  0x0000, 0xFFFF, 0xFFFF, 0xFFFF, 0xFFFF, 0xFFFF, 0x0000, 0x0000, 0x0000, 0x0000,
  0xFFFF, 0xFFFF, 0xFFFF, 0xFFFF, 0xFFFF, 0xFFFF, 0xFFFF, 0xFFFF, 0xFFFF, 0xFFFF,
  0xFFFF, 0xFFFF, 0xFFFF, 0xFFFF, 0x0000, 0x0000, 0x0000, 0x0000, 0x0000, 0xFFFF,
  0xFFFF, 0xFFFF, 0xFFFF, 0xFFFF, 0x0000, 0x0000, 0x0000, 0x0000, 0xFFFF, 0xFFFF,
  0xFFFF, 0xFFFF, 0xFFFF, 0x0000, 0x0000, 0x0000, 0x0000, 0x0000, 0x0000, 0x0000,
  0x0000, 0x0000, 0x0000, 0x0000, 0x0000, 0x0000, 0x0000, 0x0000, 0x0000, 0x0000,
  0x0000, 0x0000, 0x0000, 0x0000, 0x0000, 0x0000, 0x0000, 0x0000, 0x0000, 0x0000,
  0xFFFF, 0xFFFF, 0xFFFF, 0xFFFF, 0xFFFF, 0xFFFF, 0xFFFF, 0xFFFF, 0xFFFF, 0xFFFF,
  0xFFFF, 0xFFFF, 0xFFFF, 0xFFFF, 0xFFFF, 0xFFFF, 0xFFFF, 0xFFFF, 0xFFFF, 0x0000,
  0x0000, 0x0000, 0x0000, 0x0000, 0x0000, 0x0000, 0x0000, 0x0000, 0x0000, 0x0000,
  0x0000, 0x0000, 0x0000, 0xFFFF, 0xFFFF, 0xFFFF, 0xFFFF, 0xFFFF, 0xFFFF, 0xFFFF,
  0xFFFF, 0xFFFF, 0x0000, 0x0000, 0x0000, 0x0000, 0x0000, 0x0000, 0x0000, 0x0000,
  0x0000, 0x0000, 0x0000, 0x0000, 0x0000, 0xFFFF, 0xFFFF, 0xFFFF, 0xFFFF, 0xFFFF,
  0xFFFF, 0xFFFF, 0xFFFF, 0xFFFF, 0x0000, 0x0000, 0x0000, 0x0000, 0x0000, 0xFFFF,
  0xFFFF, 0xFFFF, 0xFFFF, 0x0000, 0x0000, 0x0000, 0x0000, 0x0000, 0xFFFF, 0xFFFF,
  0xFFFF, 0xFFFF, 0xFFFF, 0xFFFF, 0xFFFF, 0xFFFF, 0xFFFF, 0xFFFF, 0xFFFF, 0xFFFF,
  0xFFFF, 0xFFFF, 0x0000, 0x0000, 0x0000, 0x0000, 0x0000, 0x0000, 0x0000, 0x0000,
  0x0000, 0x0000, 0x0000, 0x0000, 0x0000, 0x0000, 0x0000, 0x0000, 0x0000, 0x0000,
  0xFFFF, 0xFFFF, 0xFFFF, 0xFFFF, 0xFFFF, 0x0000, 0x0000, 0x0000, 0x0000, 0xFFFF,
  0xFFFF, 0xFFFF, 0xFFFF, 0xFFFF, 0xFFFF, 0xFFFF, 0xFFFF, 0xFFFF, 0xFFFF, 0xFFFF,
  0xFFFF, 0xFFFF, 0xFFFF, 0x0000, 0x0000, 0x0000, 0x0000, 0x0000, 0xFFFF, 0xFFFF,
  0xFFFF, 0xFFFF, 0xFFFF, 0x0000, 0x0000, 0x0000, 0x0000, 0xFFFF, 0xFFFF, 0xFFFF,
  0xFFFF, 0xFFFF, 0x0000, 0x0000, 0x0000, 0x0000, 0x0000, 0x0000, 0x0000, 0x0000,
  0x0000, 0x0000, 0x0000, 0x0000, 0x0000, 0x0000, 0x0000, 0x0000, 0x0000, 0x0000,
  0x0000, 0x0000, 0x0000, 0x0000, 0x0000, 0x0000, 0x0000, 0x0000, 0x0000, 0xFFFF,
  0xFFFF, 0xFFFF, 0xFFFF, 0xFFFF, 0xFFFF, 0xFFFF, 0xFFFF, 0xFFFF, 0xFFFF, 0xFFFF,
  0xFFFF, 0xFFFF, 0xFFFF, 0xFFFF, 0xFFFF, 0xFFFF, 0xFFFF, 0xFFFF, 0x0000, 0x0000,
  0x0000, 0x0000, 0x0000, 0x0000, 0x0000, 0x0000, 0x0000, 0x0000, 0x0000, 0x0000,
  0x0000, 0x0000, 0xFFFF, 0xFFFF, 0xFFFF, 0xFFFF, 0xFFFF, 0xFFFF, 0xFFFF, 0xFFFF,
  0xFFFF, 0x0000, 0x0000, 0x0000, 0x0000, 0x0000, 0x0000, 0x0000, 0x0000, 0x0000,
  0x0000, 0x0000, 0x0000, 0x0000, 0xFFFF, 0xFFFF, 0xFFFF, 0xFFFF, 0xFFFF, 0xFFFF,
  0xFFFF, 0xFFFF, 0xFFFF, 0x0000, 0x0000, 0x0000, 0x0000, 0x0000, 0xFFFF, 0xFFFF,
  0xFFFF, 0xFFFF, 0x0000, 0x0000, 0x0000, 0x0000, 0x0000, 0xFFFF, 0xFFFF, 0xFFFF,
  0xFFFF, 0xFFFF, 0xFFFF, 0xFFFF, 0xFFFF, 0xFFFF, 0xFFFF, 0xFFFF, 0xFFFF, 0xFFFF,
  0xFFFF, 0x0000, 0x0000, 0x0000, 0x0000, 0x0000, 0x0000, 0x0000, 0x0000, 0x0000,
  0x0000, 0x0000, 0x0000, 0x0000, 0x0000, 0x0000, 0x0000, 0x0000, 0x0000, 0xFFFF,
  0xFFFF, 0xFFFF, 0xFFFF, 0xFFFF, 0x0000, 0x0000, 0x0000, 0x0000, 0xFFFF, 0xFFFF,
  0xFFFF, 0xFFFF, 0xFFFF, 0xFFFF, 0xFFFF, 0xFFFF, 0xFFFF, 0xFFFF, 0xFFFF, 0xFFFF,
  0xFFFF, 0xFFFF, 0x0000, 0x0000, 0x0000, 0x0000, 0x0000, 0xFFFF, 0xFFFF, 0xFFFF,
  0xFFFF, 0xFFFF, 0x0000, 0x0000, 0x0000, 0x0000, 0xFFFF, 0xFFFF, 0xFFFF, 0xFFFF,
  0xFFFF, 0x0000, 0x0000, 0x0000, 0x0000, 0x0000, 0x0000, 0x0000, 0x0000, 0x0000,
  0x0000, 0x0000, 0x0000, 0x0000, 0x0000, 0x0000, 0x0000, 0x0000, 0x0000, 0x0000,
  0x0000, 0x0000, 0x0000, 0x0000, 0x0000, 0x0000, 0x0000, 0x0000, 0xFFFF, 0xFFFF,
  0xFFFF, 0xFFFF, 0xFFFF, 0xFFFF, 0xFFFF, 0xFFFF, 0xFFFF, 0xFFFF, 0xFFFF, 0xFFFF,
  0xFFFF, 0xFFFF, 0xFFFF, 0xFFFF, 0xFFFF, 0xFFFF, 0xFFFF, 0x0000, 0x0000, 0x0000,
  0x0000, 0x0000, 0x0000, 0x0000, 0x0000, 0x0000, 0x0000, 0x0000, 0x0000, 0x0000,
  0x0000, 0xFFFF, 0xFFFF, 0xFFFF, 0xFFFF, 0xFFFF, 0xFFFF, 0xFFFF, 0xFFFF, 0xFFFF,
  0x0000, 0x0000, 0x0000, 0x0000, 0x0000, 0x0000, 0x0000, 0x0000, 0x0000, 0x0000,
  0x0000, 0x0000, 0x0000, 0xFFFF, 0xFFFF, 0xFFFF, 0xFFFF, 0xFFFF, 0xFFFF, 0xFFFF,
  0xFFFF, 0xFFFF, 0x0000, 0x0000, 0x0000, 0x0000, 0x0000, 0xFFFF, 0xFFFF, 0xFFFF,
  0xFFFF, 0x0000, 0x0000, 0x0000, 0x0000, 0x0000, 0xFFFF, 0xFFFF, 0xFFFF, 0xFFFF,
  0xFFFF, 0xFFFF, 0xFFFF, 0xFFFF, 0xFFFF, 0xFFFF, 0xFFFF, 0xFFFF, 0xFFFF, 0xFFFF,
  0x0000, 0x0000, 0x0000, 0x0000, 0x0000, 0x0000, 0x0000, 0x0000, 0x0000, 0x0000,
  0x0000, 0x0000, 0x0000, 0x0000, 0x0000, 0x0000, 0x0000, 0x0000, 0xFFFF, 0xFFFF,
  0xFFFF, 0xFFFF, 0xFFFF, 0x0000, 0x0000, 0x0000, 0x0000, 0xFFFF, 0xFFFF, 0xFFFF,
  0xFFFF, 0xFFFF, 0xFFFF, 0xFFFF, 0xFFFF, 0xFFFF, 0xFFFF, 0xFFFF, 0xFFFF, 0xFFFF,
  0xFFFF, 0x0000, 0x0000, 0x0000, 0x0000, 0x0000, 0xFFFF, 0xFFFF, 0xFFFF, 0xFFFF,
  0xFFFF, 0x0000, 0x0000, 0x0000, 0x0000, 0xFFFF, 0xFFFF, 0xFFFF, 0xFFFF, 0xFFFF,
  0x0000, 0x0000, 0x0000, 0x0000, 0x0000, 0x0000, 0x0000, 0x0000, 0x0000, 0x0000,
  0x0000, 0x0000, 0x0000, 0x0000, 0x0000, 0x0000, 0x0000, 0x0000, 0x0000, 0x0000,
  0x0000, 0x0000, 0x0000, 0x0000, 0x0000, 0x0000, 0x0000, 0xFFFF, 0xFFFF, 0xFFFF,
  0xFFFF, 0xFFFF, 0xFFFF, 0xFFFF, 0xFFFF, 0xFFFF, 0xFFFF, 0xFFFF, 0xFFFF, 0xFFFF,
  0xFFFF, 0xFFFF, 0xFFFF, 0xFFFF, 0xFFFF, 0xFFFF, 0x0000, 0x0000, 0x0000, 0x0000,
  0x0000, 0x0000, 0x0000, 0x0000, 0x0000, 0x0000, 0x0000, 0x0000, 0x0000, 0x0000,
  0xFFFF, 0xFFFF, 0xFFFF, 0xFFFF, 0xFFFF, 0xFFFF, 0xFFFF, 0xFFFF, 0xFFFF, 0x0000,
  0x0000, 0x0000, 0x0000, 0x0000, 0x0000, 0x0000, 0x0000, 0x0000, 0x0000, 0x0000,
  0x0000, 0x0000, 0xFFFF, 0xFFFF, 0xFFFF, 0xFFFF, 0xFFFF, 0xFFFF, 0xFFFF, 0xFFFF,
  0xFFFF, 0x0000, 0x0000, 0x0000, 0x0000, 0x0000, 0xFFFF, 0xFFFF, 0xFFFF, 0xFFFF,
  0x0000, 0x0000, 0x0000, 0x0000, 0x0000, 0xFFFF, 0xFFFF, 0xFFFF, 0xFFFF, 0xFFFF,
  0xFFFF, 0xFFFF, 0xFFFF, 0xFFFF, 0xFFFF, 0xFFFF, 0xFFFF, 0xFFFF, 0xFFFF, 0x0000,
  0x0000, 0x0000, 0x0000, 0x0000, 0x0000, 0x0000, 0x0000, 0x0000, 0x0000, 0x0000,
  0x0000, 0x0000, 0x0000, 0x0000, 0x0000, 0x0000, 0x0000, 0xFFFF, 0xFFFF, 0xFFFF,
  0xFFFF, 0xFFFF, 0x0000, 0x0000, 0x0000, 0x0000, 0xFFFF, 0xFFFF, 0xFFFF, 0xFFFF,
  0xFFFF, 0xFFFF, 0xFFFF, 0xFFFF, 0xFFFF, 0xFFFF, 0xFFFF, 0xFFFF, 0xFFFF, 0xFFFF,
  0x0000, 0x0000, 0x0000, 0x0000, 0x0000, 0xFFFF, 0xFFFF, 0xFFFF, 0xFFFF, 0xFFFF,
  0x0000, 0x0000, 0x0000, 0x0000, 0xFFFF, 0xFFFF, 0xFFFF, 0xFFFF, 0xFFFF, 0x0000,
  0x0000, 0x0000, 0x0000, 0x0000, 0x0000, 0x0000, 0x0000, 0x0000, 0x0000, 0x0000,
  0x0000, 0x0000, 0x0000, 0x0000, 0x0000, 0x0000, 0x0000, 0x0000, 0x0000, 0x0000,
  0x0000, 0x0000, 0x0000, 0x0000, 0x0000, 0x0000, 0xFFFF, 0xFFFF, 0xFFFF, 0xFFFF,
  0xFFFF, 0xFFFF, 0xFFFF, 0xFFFF, 0xFFFF, 0xFFFF, 0xFFFF, 0xFFFF, 0xFFFF, 0xFFFF,
  0xFFFF, 0xFFFF, 0xFFFF, 0xFFFF, 0xFFFF, 0x0000, 0x0000, 0x0000, 0x0000, 0x0000,
  0x0000, 0x0000, 0x0000, 0x0000, 0x0000, 0x0000, 0x0000, 0x0000, 0x0000, 0xFFFF,
  0xFFFF, 0xFFFF, 0xFFFF, 0xFFFF, 0xFFFF, 0xFFFF, 0xFFFF, 0xFFFF, 0x0000, 0x0000,
  0x0000, 0x0000, 0x0000, 0x0000, 0x0000, 0x0000, 0x0000, 0x0000, 0x0000, 0x0000,
  0x0000, 0xFFFF, 0xFFFF, 0xFFFF, 0xFFFF, 0xFFFF, 0xFFFF, 0xFFFF, 0xFFFF, 0xFFFF,
  0x0000, 0x0000, 0x0000, 0x0000, 0x0000, 0x0000, 0x0000, 0x0000, 0x0000, 0x0000,
  0x0000, 0x0000, 0x0000, 0x0000, 0xFFFF, 0xFFFF, 0xFFFF, 0xFFFF, 0xFFFF, 0x0000,
  0x0000, 0x0000, 0x0000, 0xFFFF, 0xFFFF, 0xFFFF, 0xFFFF, 0xFFFF, 0xFFFF, 0xFFFF,
  0xFFFF, 0xFFFF, 0x0000, 0x0000, 0x0000, 0x0000, 0x0000, 0x0000, 0x0000, 0x0000,
  0x0000, 0x0000, 0x0000, 0x0000, 0x0000, 0x0000, 0x0000, 0x0000, 0x0000, 0x0000,
  0x0000, 0xFFFF, 0xFFFF, 0xFFFF, 0xFFFF, 0x0000, 0x0000, 0x0000, 0x0000, 0x0000,
  0xFFFF, 0xFFFF, 0xFFFF, 0xFFFF, 0xFFFF, 0xFFFF, 0xFFFF, 0xFFFF, 0xFFFF, 0x0000,
  0x0000, 0x0000, 0x0000, 0x0000, 0x0000, 0x0000, 0x0000, 0x0000, 0x0000, 0x0000,
  0x0000, 0x0000, 0x0000, 0xFFFF, 0xFFFF, 0xFFFF, 0xFFFF, 0xFFFF, 0xFFFF, 0xFFFF,
  0xFFFF, 0xFFFF, 0x0000, 0x0000, 0x0000, 0x0000, 0x0000, 0xFFFF, 0xFFFF, 0xFFFF,
  0xFFFF, 0xFFFF, 0xFFFF, 0xFFFF, 0xFFFF, 0xFFFF, 0x0000, 0x0000, 0x0000, 0x0000,
  0x0000, 0xFFFF, 0xFFFF, 0xFFFF, 0xFFFF, 0xFFFF, 0xFFFF, 0xFFFF, 0xFFFF, 0xFFFF,
  0x0000, 0x0000, 0x0000, 0x0000, 0x0000, 0x0000, 0x0000, 0x0000, 0x0000, 0xFFFF,
  0xFFFF, 0xFFFF, 0xFFFF, 0xFFFF, 0xFFFF, 0xFFFF, 0xFFFF, 0xFFFF, 0xFFFF, 0xFFFF,
  0xFFFF, 0xFFFF, 0xFFFF, 0xFFFF, 0xFFFF, 0xFFFF, 0xFFFF, 0xFFFF, 0x0000, 0x0000,
  0x0000, 0x0000, 0x0000, 0x0000, 0x0000, 0x0000, 0x0000, 0xFFFF, 0xFFFF, 0xFFFF,
  0xFFFF, 0xFFFF, 0xFFFF, 0xFFFF, 0xFFFF, 0xFFFF, 0xFFFF, 0xFFFF, 0xFFFF, 0xFFFF,
  0xFFFF, 0xFFFF, 0xFFFF, 0xFFFF, 0xFFFF, 0xFFFF, 0xFFFF, 0xFFFF, 0xFFFF, 0x0000,
  0x0000, 0x0000, 0x0000, 0x0000, 0x0000, 0x0000, 0x0000, 0x0000, 0x0000, 0x0000,
  0x0000, 0x0000, 0x0000, 0xFFFF, 0xFFFF, 0xFFFF, 0xFFFF, 0xFFFF, 0x0000, 0x0000,
  0x0000, 0x0000, 0xFFFF, 0xFFFF, 0xFFFF, 0xFFFF, 0xFFFF, 0xFFFF, 0xFFFF, 0xFFFF,
  0xFFFF, 0x0000, 0x0000, 0x0000, 0x0000, 0x0000, 0x0000, 0x0000, 0x0000, 0x0000,
  0x0000, 0x0000, 0x0000, 0x0000, 0x0000, 0x0000, 0x0000, 0x0000, 0x0000, 0x0000,
  0xFFFF, 0xFFFF, 0xFFFF, 0xFFFF, 0x0000, 0x0000, 0x0000, 0x0000, 0x0000, 0xFFFF,
  0xFFFF, 0xFFFF, 0xFFFF, 0xFFFF, 0xFFFF, 0xFFFF, 0xFFFF, 0xFFFF, 0x0000, 0x0000,
  0x0000, 0x0000, 0x0000, 0x0000, 0x0000, 0x0000, 0x0000, 0x0000, 0x0000, 0x0000,
  0x0000, 0x0000, 0xFFFF, 0xFFFF, 0xFFFF, 0xFFFF, 0xFFFF, 0xFFFF, 0xFFFF, 0xFFFF,
  0xFFFF, 0x0000, 0x0000, 0x0000, 0x0000, 0x0000, 0xFFFF, 0xFFFF, 0xFFFF, 0xFFFF,
  0xFFFF, 0xFFFF, 0xFFFF, 0xFFFF, 0xFFFF, 0x0000, 0x0000, 0x0000, 0x0000, 0x0000,
  0xFFFF, 0xFFFF, 0xFFFF, 0xFFFF, 0xFFFF, 0xFFFF, 0xFFFF, 0xFFFF, 0xFFFF, 0x0000,
  0x0000, 0x0000, 0x0000, 0x0000, 0x0000, 0x0000, 0x0000, 0x0000, 0xFFFF, 0xFFFF,
  0xFFFF, 0xFFFF, 0xFFFF, 0xFFFF, 0xFFFF, 0xFFFF, 0xFFFF, 0xFFFF, 0xFFFF, 0xFFFF,
  0xFFFF, 0xFFFF, 0xFFFF, 0xFFFF, 0xFFFF, 0xFFFF, 0xFFFF, 0x0000, 0x0000, 0x0000,
  0x0000, 0x0000, 0x0000, 0x0000, 0x0000, 0x0000, 0xFFFF, 0xFFFF, 0xFFFF, 0xFFFF,
  0xFFFF, 0xFFFF, 0xFFFF, 0xFFFF, 0xFFFF, 0xFFFF, 0xFFFF, 0xFFFF, 0xFFFF, 0xFFFF,
  0xFFFF, 0xFFFF, 0xFFFF, 0xFFFF, 0xFFFF, 0xFFFF, 0xFFFF, 0xFFFF, 0x0000, 0x0000,
  0x0000, 0x0000, 0x0000, 0x0000, 0x0000, 0x0000, 0x0000, 0x0000, 0x0000, 0x0000,
  0x0000, 0x0000, 0xFFFF, 0xFFFF, 0xFFFF, 0xFFFF, 0xFFFF, 0x0000, 0x0000, 0x0000,
  0x0000, 0xFFFF, 0xFFFF, 0xFFFF, 0xFFFF, 0xFFFF, 0xFFFF, 0xFFFF, 0xFFFF, 0xFFFF,
  0x0000, 0x0000, 0x0000, 0x0000, 0x0000, 0x0000, 0x0000, 0x0000, 0x0000, 0x0000,
  0x0000, 0x0000, 0x0000, 0x0000, 0x0000, 0x0000, 0x0000, 0x0000, 0x0000, 0xFFFF,
  0xFFFF, 0xFFFF, 0xFFFF, 0x0000, 0x0000, 0x0000, 0x0000, 0x0000, 0xFFFF, 0xFFFF,
  0xFFFF, 0xFFFF, 0xFFFF, 0xFFFF, 0xFFFF, 0xFFFF, 0xFFFF, 0x0000, 0x0000, 0x0000,
  0x0000, 0x0000, 0x0000, 0x0000, 0x0000, 0x0000, 0x0000, 0x0000, 0x0000, 0x0000,
  0x0000, 0xFFFF, 0xFFFF, 0xFFFF, 0xFFFF, 0xFFFF, 0xFFFF, 0xFFFF, 0xFFFF, 0xFFFF,
  0x0000, 0x0000, 0x0000, 0x0000, 0x0000, 0xFFFF, 0xFFFF, 0xFFFF, 0xFFFF, 0xFFFF,
  0xFFFF, 0xFFFF, 0xFFFF, 0xFFFF, 0x0000, 0x0000, 0x0000, 0x0000, 0x0000, 0xFFFF,
  0xFFFF, 0xFFFF, 0xFFFF, 0xFFFF, 0xFFFF, 0xFFFF, 0xFFFF, 0xFFFF, 0x0000, 0x0000,
  0x0000, 0x0000, 0x0000, 0x0000, 0x0000, 0x0000, 0x0000, 0xFFFF, 0xFFFF, 0xFFFF,
  0xFFFF, 0xFFFF, 0xFFFF, 0xFFFF, 0xFFFF, 0xFFFF, 0xFFFF, 0xFFFF, 0xFFFF, 0xFFFF,
  0xFFFF, 0xFFFF, 0xFFFF, 0xFFFF, 0xFFFF, 0xFFFF, 0x0000, 0x0000, 0x0000, 0x0000,
  0x0000, 0x0000, 0x0000, 0x0000, 0x0000, 0xFFFF, 0xFFFF, 0xFFFF, 0xFFFF, 0xFFFF,
  0xFFFF, 0xFFFF, 0xFFFF, 0xFFFF, 0xFFFF, 0xFFFF, 0xFFFF, 0xFFFF, 0xFFFF, 0xFFFF,
  0xFFFF, 0xFFFF, 0xFFFF, 0xFFFF, 0xFFFF, 0xFFFF, 0xFFFF, 0x0000, 0x0000, 0x0000,
  0x0000, 0x0000, 0x0000, 0x0000, 0x0000, 0x0000, 0x0000, 0x0000, 0x0000, 0x0000,
  0x0000, 0xFFFF, 0xFFFF, 0xFFFF, 0xFFFF, 0xFFFF, 0x0000, 0x0000, 0x0000, 0x0000,
  0xFFFF, 0xFFFF, 0xFFFF, 0xFFFF, 0xFFFF, 0xFFFF, 0xFFFF, 0xFFFF, 0xFFFF, 0x0000,
  0x0000, 0x0000, 0x0000, 0x0000, 0x0000, 0x0000, 0x0000, 0x0000, 0x0000, 0x0000,
  0x0000, 0x0000, 0x0000, 0x0000, 0x0000, 0x0000, 0x0000, 0x0000, 0xFFFF, 0xFFFF,
  0xFFFF, 0xFFFF, 0x0000, 0x0000, 0x0000, 0x0000, 0x0000, 0xFFFF, 0xFFFF, 0xFFFF,
  0xFFFF, 0xFFFF, 0xFFFF, 0xFFFF, 0xFFFF, 0xFFFF, 0x0000, 0x0000, 0x0000, 0x0000,
  0x0000, 0x0000, 0x0000, 0x0000, 0x0000, 0x0000, 0x0000, 0x0000, 0x0000, 0x0000,
  0xFFFF, 0xFFFF, 0xFFFF, 0xFFFF, 0xFFFF, 0xFFFF, 0xFFFF, 0xFFFF, 0xFFFF, 0x0000,
  0x0000, 0x0000, 0x0000, 0x0000, 0xFFFF, 0xFFFF, 0xFFFF, 0xFFFF, 0xFFFF, 0xFFFF,
  0xFFFF, 0xFFFF, 0xFFFF, 0x0000, 0x0000, 0x0000, 0x0000, 0x0000, 0xFFFF, 0xFFFF,
  0xFFFF, 0xFFFF, 0xFFFF, 0xFFFF, 0xFFFF, 0xFFFF, 0xFFFF, 0x0000, 0x0000, 0x0000,
  0x0000, 0x0000, 0x0000, 0x0000, 0x0000, 0x0000, 0xFFFF, 0xFFFF, 0xFFFF, 0xFFFF,
  0xFFFF, 0xFFFF, 0xFFFF, 0xFFFF, 0xFFFF, 0xFFFF, 0xFFFF, 0xFFFF, 0xFFFF, 0xFFFF,
  0xFFFF, 0xFFFF, 0xFFFF, 0xFFFF, 0xFFFF, 0x0000, 0x0000, 0x0000, 0x0000, 0x0000,
  0x0000, 0x0000, 0x0000, 0x0000, 0xFFFF, 0xFFFF, 0xFFFF, 0xFFFF, 0xFFFF, 0xFFFF,
  0xFFFF, 0xFFFF, 0xFFFF, 0xFFFF, 0xFFFF, 0xFFFF, 0xFFFF, 0xFFFF, 0xFFFF, 0xFFFF,
  0xFFFF, 0xFFFF, 0xFFFF, 0xFFFF, 0xFFFF, 0xFFFF, 0x0000, 0x0000, 0x0000, 0x0000,
  0x0000, 0x0000, 0x0000, 0x0000, 0x0000, 0x0000, 0x0000, 0x0000, 0x0000, 0x0000,
  0xFFFF, 0xFFFF, 0xFFFF, 0xFFFF, 0xFFFF, 0x0000, 0x0000, 0x0000, 0x0000, 0xFFFF,
  0xFFFF, 0xFFFF, 0xFFFF, 0xFFFF, 0xFFFF, 0xFFFF, 0xFFFF, 0xFFFF, 0x0000, 0x0000,
  0x0000, 0x0000, 0x0000, 0x0000, 0x0000, 0x0000, 0x0000, 0x0000, 0x0000, 0x0000,
  0x0000, 0x0000, 0x0000, 0x0000, 0x0000, 0x0000, 0x0000, 0xFFFF, 0xFFFF, 0xFFFF,
  0xFFFF, 0x0000, 0x0000, 0x0000, 0x0000, 0x0000, 0xFFFF, 0xFFFF, 0xFFFF, 0xFFFF,
  0xFFFF, 0xFFFF, 0xFFFF, 0xFFFF, 0xFFFF, 0x0000, 0x0000, 0x0000, 0x0000, 0x0000,
  0x0000, 0x0000, 0x0000, 0x0000, 0x0000, 0x0000, 0x0000, 0x0000, 0x0000, 0xFFFF,
  0xFFFF, 0xFFFF, 0xFFFF, 0xFFFF, 0xFFFF, 0xFFFF, 0xFFFF, 0xFFFF, 0x0000, 0x0000,
  0x0000, 0x0000, 0x0000, 0xFFFF, 0xFFFF, 0xFFFF, 0xFFFF, 0xFFFF, 0xFFFF, 0xFFFF,
  0xFFFF, 0xFFFF, 0x0000, 0x0000, 0x0000, 0x0000, 0x0000, 0xFFFF, 0xFFFF, 0xFFFF,
  0xFFFF, 0xFFFF, 0xFFFF, 0xFFFF, 0xFFFF, 0xFFFF, 0x0000, 0x0000, 0x0000, 0x0000,
  0x0000, 0x0000, 0x0000, 0x0000, 0x0000, 0xFFFF, 0xFFFF, 0xFFFF, 0xFFFF, 0xFFFF,
  0xFFFF, 0xFFFF, 0xFFFF, 0xFFFF, 0xFFFF, 0xFFFF, 0xFFFF, 0xFFFF, 0xFFFF, 0xFFFF,
  0xFFFF, 0xFFFF, 0xFFFF, 0xFFFF, 0x0000, 0x0000, 0x0000, 0x0000, 0x0000, 0x0000,
  0x0000, 0x0000, 0x0000, 0xFFFF, 0xFFFF, 0xFFFF, 0xFFFF, 0xFFFF, 0xFFFF, 0xFFFF,
  0xFFFF, 0xFFFF, 0xFFFF, 0xFFFF, 0xFFFF, 0xFFFF, 0xFFFF, 0xFFFF, 0xFFFF, 0xFFFF,
  0xFFFF, 0xFFFF, 0xFFFF, 0xFFFF, 0xFFFF, 0x0000, 0x0000, 0x0000, 0x0000, 0x0000,
  0x0000, 0x0000, 0x0000, 0x0000, 0xFFFF, 0xFFFF, 0xFFFF, 0xFFFF, 0xFFFF, 0x0000,
  0x0000, 0x0000, 0x0000, 0x0000, 0x0000, 0x0000, 0x0000, 0x0000, 0x0000, 0x0000,
  0x0000, 0x0000, 0x0000, 0x0000, 0x0000, 0x0000, 0x0000, 0x0000, 0x0000, 0x0000,
  0x0000, 0x0000, 0x0000, 0x0000, 0x0000, 0x0000, 0x0000, 0x0000, 0x0000, 0x0000,
  0x0000, 0x0000, 0x0000, 0x0000, 0x0000, 0x0000, 0x0000, 0x0000, 0x0000, 0x0000,
  0xFFFF, 0xFFFF, 0xFFFF, 0xFFFF, 0xFFFF, 0x0000, 0x0000, 0x0000, 0x0000, 0x0000,
  0xFFFF, 0xFFFF, 0xFFFF, 0xFFFF, 0x0000, 0x0000, 0x0000, 0x0000, 0x0000, 0xFFFF,
  0xFFFF, 0xFFFF, 0xFFFF, 0xFFFF, 0xFFFF, 0xFFFF, 0xFFFF, 0xFFFF, 0x0000, 0x0000,
  0x0000, 0x0000, 0x0000, 0xFFFF, 0xFFFF, 0xFFFF, 0xFFFF, 0xFFFF, 0xFFFF, 0xFFFF,
  0xFFFF, 0xFFFF, 0x0000, 0x0000, 0x0000, 0x0000, 0x0000, 0x0000, 0x0000, 0x0000,
  0x0000, 0x0000, 0x0000, 0x0000, 0x0000, 0x0000, 0x0000, 0x0000, 0x0000, 0x0000,
  0x0000, 0x0000, 0x0000, 0x0000, 0x0000, 0x0000, 0x0000, 0x0000, 0x0000, 0x0000,
  0x0000, 0x0000, 0x0000, 0x0000, 0x0000, 0x0000, 0x0000, 0x0000, 0x0000, 0xFFFF,
  0xFFFF, 0xFFFF, 0xFFFF, 0xFFFF, 0x0000, 0x0000, 0x0000, 0x0000, 0x0000, 0x0000,
  0x0000, 0x0000, 0x0000, 0x0000, 0x0000, 0x0000, 0x0000, 0x0000, 0x0000, 0x0000,
  0x0000, 0x0000, 0x0000, 0x0000, 0x0000, 0x0000, 0x0000, 0xFFFF, 0xFFFF, 0xFFFF,
  0xFFFF, 0xFFFF, 0xFFFF, 0xFFFF, 0xFFFF, 0xFFFF, 0xFFFF, 0xFFFF, 0xFFFF, 0xFFFF,
  0xFFFF, 0xFFFF, 0xFFFF, 0xFFFF, 0x0000, 0x0000, 0x0000, 0x0000, 0x0000, 0x0000,
  0x0000, 0x0000, 0x0000, 0xFFFF, 0xFFFF, 0xFFFF, 0xFFFF, 0xFFFF, 0x0000, 0x0000,
  0x0000, 0x0000, 0x0000, 0x0000, 0x0000, 0x0000, 0x0000, 0x0000, 0x0000, 0x0000,
  0x0000, 0x0000, 0x0000, 0x0000, 0x0000, 0x0000, 0x0000, 0x0000, 0x0000, 0x0000,
  0x0000, 0x0000, 0x0000, 0x0000, 0x0000, 0x0000, 0x0000, 0x0000, 0x0000, 0x0000,
  0x0000, 0x0000, 0x0000, 0x0000, 0x0000, 0x0000, 0x0000, 0x0000, 0x0000, 0xFFFF,
  0xFFFF, 0xFFFF, 0xFFFF, 0xFFFF, 0x0000, 0x0000, 0x0000, 0x0000, 0x0000, 0xFFFF,
  0xFFFF, 0xFFFF, 0xFFFF, 0x0000, 0x0000, 0x0000, 0x0000, 0x0000, 0xFFFF, 0xFFFF,
  0xFFFF, 0xFFFF, 0xFFFF, 0xFFFF, 0xFFFF, 0xFFFF, 0xFFFF, 0x0000, 0x0000, 0x0000,
  0x0000, 0x0000, 0xFFFF, 0xFFFF, 0xFFFF, 0xFFFF, 0xFFFF, 0xFFFF, 0xFFFF, 0xFFFF,
  0xFFFF, 0x0000, 0x0000, 0x0000, 0x0000, 0x0000, 0x0000, 0x0000, 0x0000, 0x0000,
  0x0000, 0x0000, 0x0000, 0x0000, 0x0000, 0x0000, 0x0000, 0x0000, 0x0000, 0x0000,
  0x0000, 0x0000, 0x0000, 0x0000, 0x0000, 0x0000, 0x0000, 0x0000, 0x0000, 0x0000,
  0x0000, 0x0000, 0x0000, 0x0000, 0x0000, 0x0000, 0x0000, 0x0000, 0xFFFF, 0xFFFF,
  0xFFFF, 0xFFFF, 0xFFFF, 0x0000, 0x0000, 0x0000, 0x0000, 0x0000, 0x0000, 0x0000,
  0x0000, 0x0000, 0x0000, 0x0000, 0x0000, 0x0000, 0x0000, 0x0000, 0x0000, 0x0000,
  0x0000, 0x0000, 0x0000, 0x0000, 0x0000, 0x0000, 0xFFFF, 0xFFFF, 0xFFFF, 0xFFFF,
  0xFFFF, 0xFFFF, 0xFFFF, 0xFFFF, 0xFFFF, 0xFFFF, 0xFFFF, 0xFFFF, 0xFFFF, 0xFFFF,
  0xFFFF, 0xFFFF, 0xFFFF, 0x0000, 0x0000, 0x0000, 0x0000, 0x0000, 0x0000, 0x0000,
  0x0000, 0x0000, 0xFFFF, 0xFFFF, 0xFFFF, 0xFFFF, 0xFFFF, 0x0000, 0x0000, 0x0000,
  0x0000, 0x0000, 0x0000, 0x0000, 0x0000, 0x0000, 0x0000, 0x0000, 0x0000, 0x0000,
  0x0000, 0x0000, 0x0000, 0x0000, 0x0000, 0x0000, 0x0000, 0x0000, 0x0000, 0x0000,
  0x0000, 0x0000, 0x0000, 0x0000, 0x0000, 0x0000, 0x0000, 0x0000, 0x0000, 0x0000,
  0x0000, 0x0000, 0x0000, 0x0000, 0x0000, 0x0000, 0x0000, 0x0000, 0xFFFF, 0xFFFF,
  0xFFFF, 0xFFFF, 0xFFFF, 0x0000, 0x0000, 0x0000, 0x0000, 0x0000, 0xFFFF, 0xFFFF,
  0xFFFF, 0xFFFF, 0x0000, 0x0000, 0x0000, 0x0000, 0x0000, 0xFFFF, 0xFFFF, 0xFFFF,
  0xFFFF, 0xFFFF, 0xFFFF, 0xFFFF, 0xFFFF, 0xFFFF, 0x0000, 0x0000, 0x0000, 0x0000,
  0x0000, 0xFFFF, 0xFFFF, 0xFFFF, 0xFFFF, 0xFFFF, 0xFFFF, 0xFFFF, 0xFFFF, 0xFFFF,
  0x0000, 0x0000, 0x0000, 0x0000, 0x0000, 0x0000, 0x0000, 0x0000, 0x0000, 0x0000,
  0x0000, 0x0000, 0x0000, 0x0000, 0x0000, 0x0000, 0x0000, 0x0000, 0x0000, 0x0000,
  0x0000, 0x0000, 0x0000, 0x0000, 0x0000, 0x0000, 0x0000, 0x0000, 0x0000, 0x0000,
  0x0000, 0x0000, 0x0000, 0x0000, 0x0000, 0x0000, 0x0000, 0xFFFF, 0xFFFF, 0xFFFF,
  0xFFFF, 0xFFFF, 0x0000, 0x0000, 0x0000, 0x0000, 0x0000, 0x0000, 0x0000, 0x0000,
  0x0000, 0x0000, 0x0000, 0x0000, 0x0000, 0x0000, 0x0000, 0x0000, 0x0000, 0x0000,
  0x0000, 0x0000, 0x0000, 0x0000, 0x0000, 0xFFFF, 0xFFFF, 0xFFFF, 0xFFFF, 0xFFFF,
  0xFFFF, 0xFFFF, 0xFFFF, 0xFFFF, 0xFFFF, 0xFFFF, 0xFFFF, 0xFFFF, 0xFFFF, 0xFFFF,
  0xFFFF, 0xFFFF, 0x0000, 0x0000, 0x0000, 0x0000, 0x0000, 0x0000, 0x0000, 0x0000,
  0x0000, 0xFFFF, 0xFFFF, 0xFFFF, 0xFFFF, 0xFFFF, 0x0000, 0x0000, 0x0000, 0x0000,
  0x0000, 0x0000, 0x0000, 0x0000, 0x0000, 0x0000, 0x0000, 0x0000, 0x0000, 0x0000,
  0x0000, 0x0000, 0x0000, 0x0000, 0x0000, 0x0000, 0x0000, 0x0000, 0x0000, 0x0000,
  0x0000, 0x0000, 0x0000, 0x0000, 0x0000, 0x0000, 0x0000, 0x0000, 0x0000, 0x0000,
  0x0000, 0x0000, 0x0000, 0x0000, 0x0000, 0x0000, 0x0000, 0xFFFF, 0xFFFF, 0xFFFF,
  0xFFFF, 0xFFFF, 0x0000, 0x0000, 0x0000, 0x0000, 0x0000, 0xFFFF, 0xFFFF, 0xFFFF,
  0xFFFF, 0x0000, 0x0000, 0x0000, 0x0000, 0x0000, 0xFFFF, 0xFFFF, 0xFFFF, 0xFFFF,
  0xFFFF, 0xFFFF, 0xFFFF, 0xFFFF, 0xFFFF, 0x0000, 0x0000, 0x0000, 0x0000, 0x0000,
  0xFFFF, 0xFFFF, 0xFFFF, 0xFFFF, 0xFFFF, 0xFFFF, 0xFFFF, 0xFFFF, 0xFFFF, 0x0000,
  0x0000, 0x0000, 0x0000, 0x0000, 0x0000, 0x0000, 0x0000, 0x0000, 0x0000, 0x0000,
  0x0000, 0x0000, 0x0000, 0x0000, 0x0000, 0x0000, 0x0000, 0x0000, 0x0000, 0x0000,
  0x0000, 0x0000, 0x0000, 0x0000, 0x0000, 0x0000, 0x0000, 0x0000, 0x0000, 0x0000,
  0x0000, 0x0000, 0x0000, 0x0000, 0x0000, 0x0000, 0xFFFF, 0xFFFF, 0xFFFF, 0xFFFF,
  0xFFFF, 0x0000, 0x0000, 0x0000, 0x0000, 0x0000, 0x0000, 0x0000, 0x0000, 0x0000,
  0x0000, 0x0000, 0x0000, 0x0000, 0x0000, 0x0000, 0x0000, 0x0000, 0x0000, 0x0000,
  0x0000, 0x0000, 0x0000, 0x0000, 0xFFFF, 0xFFFF, 0xFFFF, 0xFFFF, 0xFFFF, 0xFFFF,
  0xFFFF, 0xFFFF, 0xFFFF, 0xFFFF, 0xFFFF, 0xFFFF, 0xFFFF, 0xFFFF, 0xFFFF, 0xFFFF,
  0xFFFF, 0xFFFF, 0xFFFF, 0xFFFF, 0xFFFF, 0xFFFF, 0xFFFF, 0xFFFF, 0xFFFF, 0xFFFF,
  0xFFFF, 0xFFFF, 0xFFFF, 0xFFFF, 0xFFFF, 0x0000, 0x0000, 0x0000, 0x0000, 0x0000,
  0x0000, 0x0000, 0x0000, 0x0000, 0xFFFF, 0xFFFF, 0xFFFF, 0xFFFF, 0xFFFF, 0xFFFF,
  0xFFFF, 0xFFFF, 0xFFFF, 0xFFFF, 0xFFFF, 0xFFFF, 0xFFFF, 0xFFFF, 0xFFFF, 0xFFFF,
  0xFFFF, 0xFFFF, 0xFFFF, 0xFFFF, 0xFFFF, 0xFFFF, 0xFFFF, 0xFFFF, 0xFFFF, 0xFFFF,
  0xFFFF, 0xFFFF, 0xFFFF, 0xFFFF, 0xFFFF, 0xFFFF, 0x0000, 0x0000, 0x0000, 0x0000,
  0x0000, 0x0000, 0x0000, 0x0000, 0x0000, 0x0000, 0x0000, 0x0000, 0x0000, 0x0000,
  0x0000, 0x0000, 0x0000, 0x0000, 0x0000, 0xFFFF, 0xFFFF, 0xFFFF, 0xFFFF, 0xFFFF,
  0xFFFF, 0xFFFF, 0xFFFF, 0xFFFF, 0xFFFF, 0xFFFF, 0xFFFF, 0xFFFF, 0xFFFF, 0xFFFF,
  0xFFFF, 0xFFFF, 0xFFFF, 0x0000, 0x0000, 0x0000, 0x0000, 0x0000, 0x0000, 0x0000,
  0x0000, 0x0000, 0x0000, 0xFFFF, 0xFFFF, 0xFFFF, 0xFFFF, 0x0000, 0x0000, 0x0000,
  0x0000, 0x0000, 0xFFFF, 0xFFFF, 0xFFFF, 0xFFFF, 0xFFFF, 0xFFFF, 0xFFFF, 0xFFFF,
  0xFFFF, 0x0000, 0x0000, 0x0000, 0x0000, 0x0000, 0xFFFF, 0xFFFF, 0xFFFF, 0xFFFF,
  0x0000, 0x0000, 0x0000, 0x0000, 0x0000, 0xFFFF, 0xFFFF, 0xFFFF, 0xFFFF, 0xFFFF,
  0xFFFF, 0xFFFF, 0xFFFF, 0xFFFF, 0x0000, 0x0000, 0x0000, 0x0000, 0x0000, 0x0000,
  0x0000, 0x0000, 0x0000, 0xFFFF, 0xFFFF, 0xFFFF, 0xFFFF, 0xFFFF, 0x0000, 0x0000,
  0x0000, 0x0000, 0x0000, 0x0000, 0x0000, 0x0000, 0x0000, 0xFFFF, 0xFFFF, 0xFFFF,
  0xFFFF, 0xFFFF, 0xFFFF, 0xFFFF, 0xFFFF, 0xFFFF, 0xFFFF, 0xFFFF, 0xFFFF, 0xFFFF,
  0xFFFF, 0xFFFF, 0xFFFF, 0xFFFF, 0xFFFF, 0xFFFF, 0xFFFF, 0xFFFF, 0xFFFF, 0xFFFF,
  0xFFFF, 0xFFFF, 0xFFFF, 0xFFFF, 0x0000, 0x0000, 0x0000, 0x0000, 0x0000, 0x0000,
  0x0000, 0x0000, 0x0000, 0xFFFF, 0xFFFF, 0xFFFF, 0xFFFF, 0xFFFF, 0xFFFF, 0xFFFF,
  0xFFFF, 0xFFFF, 0xFFFF, 0xFFFF, 0xFFFF, 0xFFFF, 0xFFFF, 0xFFFF, 0xFFFF, 0xFFFF,
  0xFFFF, 0xFFFF, 0xFFFF, 0xFFFF, 0xFFFF, 0xFFFF, 0xFFFF, 0xFFFF, 0xFFFF, 0xFFFF,
  0xFFFF, 0xFFFF, 0xFFFF, 0xFFFF, 0xFFFF, 0x0000, 0x0000, 0x0000, 0x0000, 0x0000,
  0x0000, 0x0000, 0x0000, 0x0000, 0x0000, 0x0000, 0x0000, 0x0000, 0x0000, 0x0000,
  0x0000, 0x0000, 0x0000, 0x0000, 0xFFFF, 0xFFFF, 0xFFFF, 0xFFFF, 0xFFFF, 0xFFFF,
  0xFFFF, 0xFFFF, 0xFFFF, 0xFFFF, 0xFFFF, 0xFFFF, 0xFFFF, 0xFFFF, 0xFFFF, 0xFFFF,
  0xFFFF, 0xFFFF, 0x0000, 0x0000, 0x0000, 0x0000, 0x0000, 0x0000, 0x0000, 0x0000,
  0x0000, 0x0000, 0xFFFF, 0xFFFF, 0xFFFF, 0xFFFF, 0x0000, 0x0000, 0x0000, 0x0000,
  0x0000, 0xFFFF, 0xFFFF, 0xFFFF, 0xFFFF, 0xFFFF, 0xFFFF, 0xFFFF, 0xFFFF, 0xFFFF,
  0x0000, 0x0000, 0x0000, 0x0000, 0x0000, 0xFFFF, 0xFFFF, 0xFFFF, 0xFFFF, 0x0000,
  0x0000, 0x0000, 0x0000, 0x0000, 0xFFFF, 0xFFFF, 0xFFFF, 0xFFFF, 0xFFFF, 0xFFFF,
  0xFFFF, 0xFFFF, 0xFFFF, 0x0000, 0x0000, 0x0000, 0x0000, 0x0000, 0x0000, 0x0000,
  0x0000, 0x0000, 0xFFFF, 0xFFFF, 0xFFFF, 0xFFFF, 0xFFFF, 0x0000, 0x0000, 0x0000,
  0x0000, 0x0000, 0x0000, 0x0000, 0x0000, 0x0000, 0xFFFF, 0xFFFF, 0xFFFF, 0xFFFF,
  0xFFFF, 0xFFFF, 0xFFFF, 0xFFFF, 0xFFFF, 0xFFFF, 0xFFFF, 0xFFFF, 0xFFFF, 0xFFFF,
  0xFFFF, 0xFFFF, 0xFFFF, 0xFFFF, 0xFFFF, 0xFFFF, 0xFFFF, 0xFFFF, 0xFFFF, 0xFFFF,
  0xFFFF, 0xFFFF, 0xFFFF, 0x0000, 0x0000, 0x0000, 0x0000, 0x0000, 0x0000, 0x0000,
  0x0000, 0x0000, 0xFFFF, 0xFFFF, 0xFFFF, 0xFFFF, 0xFFFF, 0xFFFF, 0xFFFF, 0xFFFF,
  0xFFFF, 0xFFFF, 0xFFFF, 0xFFFF, 0xFFFF, 0xFFFF, 0xFFFF, 0xFFFF, 0xFFFF, 0xFFFF,
  0xFFFF, 0xFFFF, 0xFFFF, 0xFFFF, 0xFFFF, 0xFFFF, 0xFFFF, 0xFFFF, 0xFFFF, 0xFFFF,
  0xFFFF, 0xFFFF, 0xFFFF, 0xFFFF, 0x0000, 0x0000, 0x0000, 0x0000, 0x0000, 0x0000,
  0x0000, 0x0000, 0x0000, 0x0000, 0x0000, 0x0000, 0x0000, 0x0000, 0x0000, 0x0000,
  0x0000, 0x0000, 0x0000, 0xFFFF, 0xFFFF, 0xFFFF, 0xFFFF, 0xFFFF, 0xFFFF, 0xFFFF,
  0xFFFF, 0xFFFF, 0xFFFF, 0xFFFF, 0xFFFF, 0xFFFF, 0xFFFF, 0xFFFF, 0xFFFF, 0xFFFF,
  0xFFFF, 0x0000, 0x0000, 0x0000, 0x0000, 0x0000, 0x0000, 0x0000, 0x0000, 0x0000,
  0x0000, 0xFFFF, 0xFFFF, 0xFFFF, 0xFFFF, 0x0000, 0x0000, 0x0000, 0x0000, 0x0000,
  0xFFFF, 0xFFFF, 0xFFFF, 0xFFFF, 0xFFFF, 0xFFFF, 0xFFFF, 0xFFFF, 0xFFFF, 0x0000,
  0x0000, 0x0000, 0x0000, 0x0000, 0xFFFF, 0xFFFF, 0xFFFF, 0xFFFF, 0x0000, 0x0000,
  0x0000, 0x0000, 0x0000, 0xFFFF, 0xFFFF, 0xFFFF, 0xFFFF, 0xFFFF, 0xFFFF, 0xFFFF,
  0xFFFF, 0xFFFF, 0x0000, 0x0000, 0x0000, 0x0000, 0x0000, 0x0000, 0x0000, 0x0000,
  0x0000, 0xFFFF, 0xFFFF, 0xFFFF, 0xFFFF, 0xFFFF, 0x0000, 0x0000, 0x0000, 0x0000,
  0x0000, 0x0000, 0x0000, 0x0000, 0x0000, 0xFFFF, 0xFFFF, 0xFFFF, 0xFFFF, 0xFFFF,
  0xFFFF, 0xFFFF, 0xFFFF, 0xFFFF, 0xFFFF, 0xFFFF, 0xFFFF, 0xFFFF, 0xFFFF, 0xFFFF,
  0xFFFF, 0xFFFF, 0xFFFF, 0xFFFF, 0xFFFF, 0xFFFF, 0xFFFF, 0xFFFF, 0xFFFF, 0xFFFF,
  0xFFFF, 0xFFFF, 0x0000, 0x0000, 0x0000, 0x0000, 0x0000, 0x0000, 0x0000, 0x0000,
  0x0000, 0xFFFF, 0xFFFF, 0xFFFF, 0xFFFF, 0xFFFF, 0xFFFF, 0xFFFF, 0xFFFF, 0xFFFF,
  0xFFFF, 0xFFFF, 0xFFFF, 0xFFFF, 0xFFFF, 0xFFFF, 0xFFFF, 0xFFFF, 0xFFFF, 0xFFFF,
  0xFFFF, 0xFFFF, 0xFFFF, 0xFFFF, 0xFFFF, 0xFFFF, 0xFFFF, 0xFFFF, 0xFFFF, 0xFFFF,
  0xFFFF, 0xFFFF, 0xFFFF, 0x0000, 0x0000, 0x0000, 0x0000, 0x0000, 0x0000, 0x0000,
  0x0000, 0x0000, 0x0000, 0x0000, 0x0000, 0x0000, 0x0000, 0x0000, 0x0000, 0x0000,
  0x0000, 0x0000, 0xFFFF, 0xFFFF, 0xFFFF, 0xFFFF, 0xFFFF, 0xFFFF, 0xFFFF, 0xFFFF,
  0xFFFF, 0xFFFF, 0xFFFF, 0xFFFF, 0xFFFF, 0xFFFF, 0xFFFF, 0xFFFF, 0xFFFF, 0xFFFF,
  0x0000, 0x0000, 0x0000, 0x0000, 0x0000, 0x0000, 0x0000, 0x0000, 0x0000, 0x0000,
  0xFFFF, 0xFFFF, 0xFFFF, 0xFFFF, 0x0000, 0x0000, 0x0000, 0x0000, 0x0000, 0xFFFF,
  0xFFFF, 0xFFFF, 0xFFFF, 0xFFFF, 0xFFFF, 0xFFFF, 0xFFFF, 0xFFFF, 0x0000, 0x0000,
  0x0000, 0x0000, 0x0000, 0xFFFF, 0xFFFF, 0xFFFF, 0xFFFF, 0x0000, 0x0000, 0x0000,
  0x0000, 0x0000, 0xFFFF, 0xFFFF, 0xFFFF, 0xFFFF, 0xFFFF, 0xFFFF, 0xFFFF, 0xFFFF,
  0xFFFF, 0x0000, 0x0000, 0x0000, 0x0000, 0x0000, 0x0000, 0x0000, 0x0000, 0x0000,
  0xFFFF, 0xFFFF, 0xFFFF, 0xFFFF, 0xFFFF, 0x0000, 0x0000, 0x0000, 0x0000, 0x0000,
  0x0000, 0x0000, 0x0000, 0x0000, 0xFFFF, 0xFFFF, 0xFFFF, 0xFFFF, 0xFFFF, 0xFFFF,
  0xFFFF, 0xFFFF, 0xFFFF, 0xFFFF, 0xFFFF, 0xFFFF, 0xFFFF, 0xFFFF, 0xFFFF, 0xFFFF,
  0xFFFF, 0xFFFF, 0xFFFF, 0xFFFF, 0xFFFF, 0xFFFF, 0xFFFF, 0xFFFF, 0xFFFF, 0xFFFF,
  0xFFFF, 0x0000, 0x0000, 0x0000, 0x0000, 0x0000, 0x0000, 0x0000, 0x0000, 0x0000,
  0xFFFF, 0xFFFF, 0xFFFF, 0xFFFF, 0xFFFF, 0xFFFF, 0xFFFF, 0xFFFF, 0xFFFF, 0xFFFF,
  0xFFFF, 0xFFFF, 0xFFFF, 0xFFFF, 0xFFFF, 0xFFFF, 0xFFFF, 0xFFFF, 0xFFFF, 0xFFFF,
  0xFFFF, 0xFFFF, 0xFFFF, 0xFFFF, 0xFFFF, 0xFFFF, 0xFFFF, 0xFFFF, 0xFFFF, 0xFFFF,
  0xFFFF, 0xFFFF, 0x0000, 0x0000, 0x0000, 0x0000, 0x0000, 0x0000, 0x0000, 0x0000,
  0x0000, 0x0000, 0x0000, 0x0000, 0x0000, 0x0000, 0x0000, 0x0000, 0x0000, 0x0000,
  0x0000, 0xFFFF, 0xFFFF, 0xFFFF, 0xFFFF, 0xFFFF, 0xFFFF, 0xFFFF, 0xFFFF, 0xFFFF,
  0xFFFF, 0xFFFF, 0xFFFF, 0xFFFF, 0xFFFF, 0xFFFF, 0xFFFF, 0xFFFF, 0xFFFF, 0x0000,
  0x0000, 0x0000, 0x0000, 0x0000, 0x0000, 0x0000, 0x0000, 0x0000, 0x0000, 0xFFFF,
  0xFFFF, 0xFFFF, 0xFFFF, 0x0000, 0x0000, 0x0000, 0x0000, 0x0000, 0xFFFF, 0xFFFF,
  0xFFFF, 0xFFFF, 0xFFFF, 0xFFFF, 0xFFFF, 0xFFFF, 0xFFFF, 0x0000, 0x0000, 0x0000,
  0x0000, 0x0000, 0xFFFF, 0xFFFF, 0xFFFF, 0xFFFF, 0x0000, 0x0000, 0x0000, 0x0000,
  0x0000, 0xFFFF, 0xFFFF, 0xFFFF, 0xFFFF, 0xFFFF, 0xFFFF, 0xFFFF, 0xFFFF, 0xFFFF,
  0x0000, 0x0000, 0x0000, 0x0000, 0x0000, 0x0000, 0x0000, 0x0000, 0x0000, 0xFFFF,
  0xFFFF, 0xFFFF, 0xFFFF, 0xFFFF, 0x0000, 0x0000, 0x0000, 0x0000, 0x0000, 0x0000,
  0x0000, 0x0000, 0x0000, 0xFFFF, 0xFFFF, 0xFFFF, 0xFFFF, 0xFFFF, 0xFFFF, 0xFFFF,
  0xFFFF, 0xFFFF, 0xFFFF, 0xFFFF, 0xFFFF, 0xFFFF, 0x0000, 0x0000, 0x0000, 0x0000,
  0x0000, 0x0000, 0x0000, 0x0000, 0x0000, 0x0000, 0x0000, 0x0000, 0x0000, 0x0000,
  0x0000, 0x0000, 0x0000, 0x0000, 0x0000, 0x0000, 0x0000, 0x0000, 0x0000, 0x0000,
  0x0000, 0x0000, 0x0000, 0x0000, 0x0000, 0x0000, 0x0000, 0x0000, 0xFFFF, 0xFFFF,
  0xFFFF, 0xFFFF, 0xFFFF, 0xFFFF, 0xFFFF, 0xFFFF, 0xFFFF, 0xFFFF, 0x0000, 0x0000,
  0x0000, 0x0000, 0x0000, 0x0000, 0x0000, 0x0000, 0x0000, 0xFFFF, 0xFFFF, 0xFFFF,
  0xFFFF, 0xFFFF, 0xFFFF, 0xFFFF, 0xFFFF, 0xFFFF, 0xFFFF, 0xFFFF, 0xFFFF, 0xFFFF,
  0xFFFF, 0x0000, 0x0000, 0x0000, 0x0000, 0xFFFF, 0xFFFF, 0xFFFF, 0xFFFF, 0xFFFF,
  0x0000, 0x0000, 0x0000, 0x0000, 0x0000, 0xFFFF, 0xFFFF, 0xFFFF, 0xFFFF, 0xFFFF,
  0xFFFF, 0xFFFF, 0xFFFF, 0xFFFF, 0x0000, 0x0000, 0x0000, 0x0000, 0x0000, 0x0000,
  0x0000, 0x0000, 0x0000, 0xFFFF, 0xFFFF, 0xFFFF, 0xFFFF, 0xFFFF, 0xFFFF, 0xFFFF,
  0xFFFF, 0xFFFF, 0xFFFF, 0xFFFF, 0xFFFF, 0xFFFF, 0xFFFF, 0x0000, 0x0000, 0x0000,
  0x0000, 0xFFFF, 0xFFFF, 0xFFFF, 0xFFFF, 0xFFFF, 0xFFFF, 0xFFFF, 0xFFFF, 0xFFFF,
  0xFFFF, 0xFFFF, 0xFFFF, 0xFFFF, 0xFFFF, 0x0000, 0x0000, 0x0000, 0x0000, 0x0000,
  0x0000, 0x0000, 0x0000, 0x0000, 0x0000, 0x0000, 0x0000, 0x0000, 0x0000, 0x0000,
  0x0000, 0x0000, 0x0000, 0x0000, 0xFFFF, 0xFFFF, 0xFFFF, 0xFFFF, 0x0000, 0x0000,
  0x0000, 0x0000, 0x0000, 0x0000, 0x0000, 0x0000, 0x0000, 0x0000, 0x0000, 0x0000,
  0x0000, 0x0000, 0x0000, 0x0000, 0x0000, 0x0000, 0xFFFF, 0xFFFF, 0xFFFF, 0xFFFF,
  0xFFFF, 0xFFFF, 0xFFFF, 0xFFFF, 0xFFFF, 0x0000, 0x0000, 0x0000, 0x0000, 0x0000,
  0x0000, 0x0000, 0x0000, 0x0000, 0x0000, 0x0000, 0x0000, 0x0000, 0x0000, 0x0000,
  0x0000, 0x0000, 0x0000, 0x0000, 0x0000, 0x0000, 0x0000, 0x0000, 0x0000, 0x0000,
  0x0000, 0x0000, 0x0000, 0x0000, 0x0000, 0x0000, 0x0000, 0xFFFF, 0xFFFF, 0xFFFF,
  0xFFFF, 0xFFFF, 0xFFFF, 0xFFFF, 0xFFFF, 0xFFFF, 0xFFFF, 0x0000, 0x0000, 0x0000,
  0x0000, 0x0000, 0x0000, 0x0000, 0x0000, 0x0000, 0xFFFF, 0xFFFF, 0xFFFF, 0xFFFF,
  0xFFFF, 0xFFFF, 0xFFFF, 0xFFFF, 0xFFFF, 0xFFFF, 0xFFFF, 0xFFFF, 0xFFFF, 0xFFFF,
  0x0000, 0x0000, 0x0000, 0x0000, 0xFFFF, 0xFFFF, 0xFFFF, 0xFFFF, 0xFFFF, 0x0000,
  0x0000, 0x0000, 0x0000, 0x0000, 0xFFFF, 0xFFFF, 0xFFFF, 0xFFFF, 0xFFFF, 0xFFFF,
  0xFFFF, 0xFFFF, 0xFFFF, 0x0000, 0x0000, 0x0000, 0x0000, 0x0000, 0x0000, 0x0000,
  0x0000, 0x0000, 0xFFFF, 0xFFFF, 0xFFFF, 0xFFFF, 0xFFFF, 0xFFFF, 0xFFFF, 0xFFFF,
  0xFFFF, 0xFFFF, 0xFFFF, 0xFFFF, 0xFFFF, 0xFFFF, 0x0000, 0x0000, 0x0000, 0x0000,
  0xFFFF, 0xFFFF, 0xFFFF, 0xFFFF, 0xFFFF, 0xFFFF, 0xFFFF, 0xFFFF, 0xFFFF, 0xFFFF,
  0xFFFF, 0xFFFF, 0xFFFF, 0xFFFF, 0x0000, 0x0000, 0x0000, 0x0000, 0x0000, 0x0000,
  0x0000, 0x0000, 0x0000, 0x0000, 0x0000, 0x0000, 0x0000, 0x0000, 0x0000, 0x0000,
  0x0000, 0x0000, 0x0000, 0xFFFF, 0xFFFF, 0xFFFF, 0xFFFF, 0x0000, 0x0000, 0x0000,
  0x0000, 0x0000, 0x0000, 0x0000, 0x0000, 0x0000, 0x0000, 0x0000, 0x0000, 0x0000,
  0x0000, 0x0000, 0x0000, 0x0000, 0x0000, 0xFFFF, 0xFFFF, 0xFFFF, 0xFFFF, 0xFFFF,
  0xFFFF, 0xFFFF, 0xFFFF, 0xFFFF, 0x0000, 0x0000, 0x0000, 0x0000, 0x0000, 0x0000,
  0x0000, 0x0000, 0x0000, 0x0000, 0x0000, 0x0000, 0x0000, 0x0000, 0x0000, 0x0000,
  0x0000, 0x0000, 0x0000, 0x0000, 0x0000, 0x0000, 0x0000, 0x0000, 0x0000, 0x0000,
  0x0000, 0x0000, 0x0000, 0x0000, 0x0000, 0x0000, 0xFFFF, 0xFFFF, 0xFFFF, 0xFFFF,
  0xFFFF, 0xFFFF, 0xFFFF, 0xFFFF, 0xFFFF, 0xFFFF, 0x0000, 0x0000, 0x0000, 0x0000,
  0x0000, 0x0000, 0x0000, 0x0000, 0x0000, 0xFFFF, 0xFFFF, 0xFFFF, 0xFFFF, 0xFFFF,
  0xFFFF, 0xFFFF, 0xFFFF, 0xFFFF, 0xFFFF, 0xFFFF, 0xFFFF, 0xFFFF, 0xFFFF, 0x0000,
  0x0000, 0x0000, 0x0000, 0xFFFF, 0xFFFF, 0xFFFF, 0xFFFF, 0xFFFF, 0x0000, 0x0000,
  0x0000, 0x0000, 0x0000, 0xFFFF, 0xFFFF, 0xFFFF, 0xFFFF, 0xFFFF, 0xFFFF, 0xFFFF,
  0xFFFF, 0xFFFF, 0x0000, 0x0000, 0x0000, 0x0000, 0x0000, 0x0000, 0x0000, 0x0000,
  0x0000, 0xFFFF, 0xFFFF, 0xFFFF, 0xFFFF, 0xFFFF, 0xFFFF, 0xFFFF, 0xFFFF, 0xFFFF,
  0xFFFF, 0xFFFF, 0xFFFF, 0xFFFF, 0xFFFF, 0x0000, 0x0000, 0x0000, 0x0000, 0xFFFF,
  0xFFFF, 0xFFFF, 0xFFFF, 0xFFFF, 0xFFFF, 0xFFFF, 0xFFFF, 0xFFFF, 0xFFFF, 0xFFFF,
  0xFFFF, 0xFFFF, 0xFFFF, 0x0000, 0x0000, 0x0000, 0x0000, 0x0000, 0x0000, 0x0000,
  0x0000, 0x0000, 0x0000, 0x0000, 0x0000, 0x0000, 0x0000, 0x0000, 0x0000, 0x0000,
  0x0000, 0x0000, 0xFFFF, 0xFFFF, 0xFFFF, 0xFFFF, 0x0000, 0x0000, 0x0000, 0x0000,
  0x0000, 0x0000, 0x0000, 0x0000, 0x0000, 0x0000, 0x0000, 0x0000, 0x0000, 0x0000,
  0x0000, 0x0000, 0x0000, 0x0000, 0xFFFF, 0xFFFF, 0xFFFF, 0xFFFF, 0xFFFF, 0xFFFF,
  0xFFFF, 0xFFFF, 0xFFFF, 0x0000, 0x0000, 0x0000, 0x0000, 0x0000, 0x0000, 0x0000,
  0x0000, 0x0000, 0x0000, 0x0000, 0x0000, 0x0000, 0x0000, 0x0000, 0x0000, 0x0000,
  0x0000, 0x0000, 0x0000, 0x0000, 0x0000, 0x0000, 0x0000, 0x0000, 0x0000, 0x0000,
  0x0000, 0x0000, 0x0000, 0x0000, 0x0000, 0xFFFF, 0xFFFF, 0xFFFF, 0xFFFF, 0xFFFF,
  0xFFFF, 0xFFFF, 0xFFFF, 0xFFFF, 0xFFFF, 0x0000, 0x0000, 0x0000, 0x0000, 0x0000,
  0x0000, 0x0000, 0x0000, 0x0000, 0xFFFF, 0xFFFF, 0xFFFF, 0xFFFF, 0xFFFF, 0xFFFF,
  0xFFFF, 0xFFFF, 0xFFFF, 0xFFFF, 0xFFFF, 0xFFFF, 0xFFFF, 0xFFFF, 0x0000, 0x0000,
  0x0000, 0x0000, 0xFFFF, 0xFFFF, 0xFFFF, 0xFFFF, 0xFFFF, 0x0000, 0x0000, 0x0000,
  0x0000, 0x0000, 0xFFFF, 0xFFFF, 0xFFFF, 0xFFFF, 0xFFFF, 0xFFFF, 0xFFFF, 0xFFFF,
  0xFFFF, 0x0000, 0x0000, 0x0000, 0x0000, 0x0000, 0x0000, 0x0000, 0x0000, 0x0000,
  0xFFFF, 0xFFFF, 0xFFFF, 0xFFFF, 0xFFFF, 0xFFFF, 0xFFFF, 0xFFFF, 0xFFFF, 0xFFFF,
  0xFFFF, 0xFFFF, 0xFFFF, 0xFFFF, 0x0000, 0x0000, 0x0000, 0x0000, 0xFFFF, 0xFFFF,
  0xFFFF, 0xFFFF, 0xFFFF, 0xFFFF, 0xFFFF, 0xFFFF, 0xFFFF, 0xFFFF, 0xFFFF, 0xFFFF,
  0xFFFF, 0xFFFF, 0x0000, 0x0000, 0x0000, 0x0000, 0x0000, 0x0000, 0x0000, 0x0000,
  0x0000, 0x0000, 0x0000, 0x0000, 0x0000, 0x0000, 0x0000, 0x0000, 0x0000, 0x0000,
  0x0000, 0xFFFF, 0xFFFF, 0xFFFF, 0xFFFF, 0x0000, 0x0000, 0x0000, 0x0000, 0x0000,
  0x0000, 0x0000, 0x0000, 0x0000, 0x0000, 0x0000, 0x0000, 0x0000, 0x0000, 0x0000,
  0x0000, 0x0000, 0x0000, 0xFFFF, 0xFFFF, 0xFFFF, 0xFFFF, 0xFFFF, 0xFFFF, 0xFFFF,
  0xFFFF, 0xFFFF, 0x0000, 0x0000, 0x0000, 0x0000, 0x0000, 0x0000, 0x0000, 0x0000,
  0x0000, 0x0000, 0x0000, 0x0000, 0x0000, 0x0000, 0x0000, 0x0000, 0x0000, 0x0000,
  0x0000, 0x0000, 0x0000, 0x0000, 0x0000, 0x0000, 0x0000, 0x0000, 0x0000, 0x0000,
  0x0000, 0x0000, 0x0000, 0x0000, 0xFFFF, 0xFFFF, 0xFFFF, 0xFFFF, 0xFFFF, 0xFFFF,
  0xFFFF, 0xFFFF, 0xFFFF, 0xFFFF, 0x0000, 0x0000, 0x0000, 0x0000, 0x0000, 0x0000,
  0x0000, 0x0000, 0x0000, 0xFFFF, 0xFFFF, 0xFFFF, 0xFFFF, 0xFFFF, 0xFFFF, 0xFFFF,
  0xFFFF, 0xFFFF, 0xFFFF, 0xFFFF, 0xFFFF, 0xFFFF, 0xFFFF, 0x0000, 0x0000, 0x0000,
  0x0000, 0xFFFF, 0xFFFF, 0xFFFF, 0xFFFF, 0xFFFF, 0x0000, 0x0000, 0x0000, 0x0000,
  0x0000, 0xFFFF, 0xFFFF, 0xFFFF, 0xFFFF, 0xFFFF, 0xFFFF, 0xFFFF, 0xFFFF, 0xFFFF,
  0x0000, 0x0000, 0x0000, 0x0000, 0x0000, 0x0000, 0x0000, 0x0000, 0x0000, 0xFFFF,
  0xFFFF, 0xFFFF, 0xFFFF, 0xFFFF, 0xFFFF, 0xFFFF, 0xFFFF, 0xFFFF, 0xFFFF, 0xFFFF,
  0xFFFF, 0xFFFF, 0xFFFF, 0x0000, 0x0000, 0x0000, 0x0000, 0xFFFF, 0xFFFF, 0xFFFF,
  0xFFFF, 0xFFFF, 0xFFFF, 0xFFFF, 0xFFFF, 0xFFFF, 0xFFFF, 0xFFFF, 0xFFFF, 0xFFFF,
  0xFFFF, 0x0000, 0x0000, 0x0000, 0x0000, 0x0000, 0x0000, 0x0000, 0x0000, 0x0000,
  0x0000, 0x0000, 0x0000, 0x0000, 0x0000, 0x0000, 0x0000, 0x0000, 0x0000, 0x0000,
  0xFFFF, 0xFFFF, 0xFFFF, 0xFFFF, 0x0000, 0x0000, 0x0000, 0x0000, 0x0000, 0x0000,
  0x0000, 0x0000, 0x0000, 0x0000, 0x0000, 0x0000, 0x0000, 0x0000, 0x0000, 0x0000,
  0x0000, 0x0000, 0xFFFF, 0xFFFF, 0xFFFF, 0xFFFF, 0xFFFF, 0xFFFF, 0xFFFF, 0xFFFF,
  0xFFFF, 0xFFFF, 0xFFFF, 0xFFFF, 0xFFFF, 0xFFFF, 0x0000, 0x0000, 0x0000, 0x0000,
  0xFFFF, 0xFFFF, 0xFFFF, 0xFFFF, 0xFFFF, 0xFFFF, 0xFFFF, 0xFFFF, 0xFFFF, 0xFFFF,
  0xFFFF, 0xFFFF, 0xFFFF, 0xFFFF, 0xFFFF, 0xFFFF, 0xFFFF, 0xFFFF, 0xFFFF, 0xFFFF,
  0xFFFF, 0xFFFF, 0xFFFF, 0xFFFF, 0xFFFF, 0xFFFF, 0xFFFF, 0xFFFF, 0x0000, 0x0000,
  0x0000, 0x0000, 0x0000, 0x0000, 0x0000, 0x0000, 0x0000, 0xFFFF, 0xFFFF, 0xFFFF,
  0xFFFF, 0xFFFF, 0x0000, 0x0000, 0x0000, 0x0000, 0x0000, 0x0000, 0x0000, 0x0000,
  0x0000, 0xFFFF, 0xFFFF, 0xFFFF, 0xFFFF, 0xFFFF, 0x0000, 0x0000, 0x0000, 0x0000,
  0xFFFF, 0xFFFF, 0xFFFF, 0xFFFF, 0xFFFF, 0xFFFF, 0xFFFF, 0xFFFF, 0xFFFF, 0xFFFF,
  0xFFFF, 0xFFFF, 0xFFFF, 0xFFFF, 0x0000, 0x0000, 0x0000, 0x0000, 0x0000, 0x0000,
  0x0000, 0x0000, 0x0000, 0xFFFF, 0xFFFF, 0xFFFF, 0xFFFF, 0xFFFF, 0xFFFF, 0xFFFF,
  0xFFFF, 0xFFFF, 0xFFFF, 0x0000, 0x0000, 0x0000, 0x0000, 0x0000, 0x0000, 0x0000,
  0x0000, 0x0000, 0xFFFF, 0xFFFF, 0xFFFF, 0xFFFF, 0xFFFF, 0xFFFF, 0xFFFF, 0xFFFF,
  0xFFFF, 0xFFFF, 0xFFFF, 0xFFFF, 0xFFFF, 0xFFFF, 0x0000, 0x0000, 0x0000, 0x0000,
  0x0000, 0x0000, 0x0000, 0x0000, 0x0000, 0xFFFF, 0xFFFF, 0xFFFF, 0xFFFF, 0xFFFF,
  0xFFFF, 0xFFFF, 0xFFFF, 0xFFFF, 0x0000, 0x0000, 0x0000, 0x0000, 0x0000, 0x0000,
  0x0000, 0x0000, 0x0000, 0x0000, 0x0000, 0x0000, 0x0000, 0x0000, 0x0000, 0x0000,
  0x0000, 0x0000, 0x0000, 0x0000, 0x0000, 0x0000, 0x0000, 0xFFFF, 0xFFFF, 0xFFFF,
  0xFFFF, 0xFFFF, 0xFFFF, 0xFFFF, 0xFFFF, 0xFFFF, 0xFFFF, 0xFFFF, 0xFFFF, 0xFFFF,
  0xFFFF, 0xFFFF, 0xFFFF, 0xFFFF, 0xFFFF, 0x0000, 0x0000, 0x0000, 0x0000, 0xFFFF,
  0xFFFF, 0xFFFF, 0xFFFF, 0xFFFF, 0xFFFF, 0xFFFF, 0xFFFF, 0xFFFF, 0xFFFF, 0xFFFF,
  0xFFFF, 0xFFFF, 0xFFFF, 0xFFFF, 0xFFFF, 0xFFFF, 0xFFFF, 0xFFFF, 0xFFFF, 0xFFFF,
  0xFFFF, 0xFFFF, 0xFFFF, 0xFFFF, 0xFFFF, 0xFFFF, 0xFFFF, 0x0000, 0x0000, 0x0000,
  0x0000, 0x0000, 0x0000, 0x0000, 0x0000, 0x0000, 0xFFFF, 0xFFFF, 0xFFFF, 0xFFFF,
  0xFFFF, 0x0000, 0x0000, 0x0000, 0x0000, 0x0000, 0x0000, 0x0000, 0x0000, 0x0000,
  0xFFFF, 0xFFFF, 0xFFFF, 0xFFFF, 0xFFFF, 0x0000, 0x0000, 0x0000, 0x0000, 0xFFFF,
  0xFFFF, 0xFFFF, 0xFFFF, 0xFFFF, 0xFFFF, 0xFFFF, 0xFFFF, 0xFFFF, 0xFFFF, 0xFFFF,
  0xFFFF, 0xFFFF, 0xFFFF, 0x0000, 0x0000, 0x0000, 0x0000, 0x0000, 0x0000, 0x0000,
  0x0000, 0x0000, 0xFFFF, 0xFFFF, 0xFFFF, 0xFFFF, 0xFFFF, 0xFFFF, 0xFFFF, 0xFFFF,
  0xFFFF, 0xFFFF, 0x0000, 0x0000, 0x0000, 0x0000, 0x0000, 0x0000, 0x0000, 0x0000,
  0x0000, 0xFFFF, 0xFFFF, 0xFFFF, 0xFFFF, 0xFFFF, 0xFFFF, 0xFFFF, 0xFFFF, 0xFFFF,
  0xFFFF, 0xFFFF, 0xFFFF, 0xFFFF, 0xFFFF, 0x0000, 0x0000, 0x0000, 0x0000, 0x0000,
  0x0000, 0x0000, 0x0000, 0x0000, 0xFFFF, 0xFFFF, 0xFFFF, 0xFFFF, 0xFFFF, 0xFFFF,
  0xFFFF, 0xFFFF, 0xFFFF, 0x0000, 0x0000, 0x0000, 0x0000, 0x0000, 0x0000, 0x0000,
  0x0000, 0x0000, 0x0000, 0x0000, 0x0000, 0x0000, 0x0000, 0x0000, 0x0000, 0x0000,
  0x0000, 0x0000, 0x0000, 0x0000, 0x0000, 0x0000, 0xFFFF, 0xFFFF, 0xFFFF, 0xFFFF,
  0xFFFF, 0xFFFF, 0xFFFF, 0xFFFF, 0xFFFF, 0xFFFF, 0xFFFF, 0xFFFF, 0xFFFF, 0xFFFF,
  0xFFFF, 0xFFFF, 0xFFFF, 0xFFFF, 0x0000, 0x0000, 0x0000, 0x0000, 0xFFFF, 0xFFFF,
  0xFFFF, 0xFFFF, 0xFFFF, 0xFFFF, 0xFFFF, 0xFFFF, 0xFFFF, 0xFFFF, 0xFFFF, 0xFFFF,
  0xFFFF, 0xFFFF, 0xFFFF, 0xFFFF, 0xFFFF, 0xFFFF, 0xFFFF, 0xFFFF, 0xFFFF, 0xFFFF,
  0xFFFF, 0xFFFF, 0xFFFF, 0xFFFF, 0xFFFF, 0xFFFF, 0x0000, 0x0000, 0x0000, 0x0000,
  0x0000, 0x0000, 0x0000, 0x0000, 0x0000, 0xFFFF, 0xFFFF, 0xFFFF, 0xFFFF, 0xFFFF,
  0x0000, 0x0000, 0x0000, 0x0000, 0x0000, 0x0000, 0x0000, 0x0000, 0x0000, 0xFFFF,
  0xFFFF, 0xFFFF, 0xFFFF, 0xFFFF, 0x0000, 0x0000, 0x0000, 0x0000, 0xFFFF, 0xFFFF,
  0xFFFF, 0xFFFF, 0xFFFF, 0xFFFF, 0xFFFF, 0xFFFF, 0xFFFF, 0xFFFF, 0xFFFF, 0xFFFF,
  0xFFFF, 0xFFFF, 0x0000, 0x0000, 0x0000, 0x0000, 0x0000, 0x0000, 0x0000, 0x0000,
  0x0000, 0xFFFF, 0xFFFF, 0xFFFF, 0xFFFF, 0xFFFF, 0xFFFF, 0xFFFF, 0xFFFF, 0xFFFF,
  0xFFFF, 0x0000, 0x0000, 0x0000, 0x0000, 0x0000, 0x0000, 0x0000, 0x0000, 0x0000,
  0xFFFF, 0xFFFF, 0xFFFF, 0xFFFF, 0xFFFF, 0xFFFF, 0xFFFF, 0xFFFF, 0xFFFF, 0xFFFF,
  0xFFFF, 0xFFFF, 0xFFFF, 0xFFFF, 0x0000, 0x0000, 0x0000, 0x0000, 0x0000, 0x0000,
  0x0000, 0x0000, 0x0000, 0xFFFF, 0xFFFF, 0xFFFF, 0xFFFF, 0xFFFF, 0xFFFF, 0xFFFF,
  0xFFFF, 0xFFFF, 0x0000, 0x0000, 0x0000, 0x0000, 0x0000, 0x0000, 0x0000, 0x0000,
  0x0000, 0x0000, 0x0000, 0x0000, 0x0000, 0x0000, 0x0000, 0x0000, 0x0000, 0x0000,
  0x0000, 0x0000, 0x0000, 0x0000, 0x0000, 0xFFFF, 0xFFFF, 0xFFFF, 0xFFFF, 0xFFFF,
  0xFFFF, 0xFFFF, 0xFFFF, 0xFFFF, 0xFFFF, 0xFFFF, 0xFFFF, 0xFFFF, 0xFFFF, 0xFFFF,
  0xFFFF, 0xFFFF, 0xFFFF, 0x0000, 0x0000, 0x0000, 0x0000, 0xFFFF, 0xFFFF, 0xFFFF,
  0xFFFF, 0xFFFF, 0xFFFF, 0xFFFF, 0xFFFF, 0xFFFF, 0xFFFF, 0xFFFF, 0xFFFF, 0xFFFF,
  0xFFFF, 0xFFFF, 0xFFFF, 0xFFFF, 0xFFFF, 0xFFFF, 0xFFFF, 0xFFFF, 0xFFFF, 0xFFFF,
  0xFFFF, 0xFFFF, 0xFFFF, 0xFFFF, 0xFFFF, 0x0000, 0x0000, 0x0000, 0x0000, 0x0000,
  0x0000, 0x0000, 0x0000, 0x0000, 0xFFFF, 0xFFFF, 0xFFFF, 0xFFFF, 0xFFFF, 0x0000,
  0x0000, 0x0000, 0x0000, 0x0000, 0x0000, 0x0000, 0x0000, 0x0000, 0xFFFF, 0xFFFF,
  0xFFFF, 0xFFFF, 0xFFFF, 0x0000, 0x0000, 0x0000, 0x0000, 0xFFFF, 0xFFFF, 0xFFFF,
  0xFFFF, 0xFFFF, 0xFFFF, 0xFFFF, 0xFFFF, 0xFFFF, 0xFFFF, 0xFFFF, 0xFFFF, 0xFFFF,
  0xFFFF, 0x0000, 0x0000, 0x0000, 0x0000, 0x0000, 0x0000, 0x0000, 0x0000, 0x0000,
  0xFFFF, 0xFFFF, 0xFFFF, 0xFFFF, 0xFFFF, 0xFFFF, 0xFFFF, 0xFFFF, 0xFFFF, 0xFFFF,
  0x0000, 0x0000, 0x0000, 0x0000, 0x0000, 0x0000, 0x0000, 0x0000, 0x0000, 0xFFFF,
  0xFFFF, 0xFFFF, 0xFFFF, 0xFFFF, 0xFFFF, 0xFFFF, 0xFFFF, 0xFFFF, 0xFFFF, 0xFFFF,
  0xFFFF, 0xFFFF, 0xFFFF, 0x0000, 0x0000, 0x0000, 0x0000, 0x0000, 0x0000, 0x0000,
  0x0000, 0x0000, 0xFFFF, 0xFFFF, 0xFFFF, 0xFFFF, 0xFFFF, 0xFFFF, 0xFFFF, 0xFFFF,
  0xFFFF, 0x0000, 0x0000, 0x0000, 0x0000, 0x0000, 0x0000, 0x0000, 0x0000, 0x0000,
  0x0000, 0x0000, 0x0000, 0x0000, 0x0000, 0x0000, 0x0000, 0x0000, 0x0000, 0x0000,
  0x0000, 0x0000, 0x0000, 0x0000, 0xFFFF, 0xFFFF, 0xFFFF, 0xFFFF, 0xFFFF, 0xFFFF,
  0xFFFF, 0xFFFF, 0xFFFF, 0xFFFF, 0xFFFF, 0xFFFF, 0xFFFF, 0x0000, 0x0000, 0x0000,
  0x0000, 0x0000, 0x0000, 0x0000, 0x0000, 0x0000, 0x0000, 0x0000, 0x0000, 0x0000,
  0x0000, 0x0000, 0x0000, 0x0000, 0x0000, 0x0000, 0xFFFF, 0xFFFF, 0xFFFF, 0xFFFF,
  0xFFFF, 0xFFFF, 0xFFFF, 0xFFFF, 0xFFFF, 0x0000, 0x0000, 0x0000, 0x0000, 0x0000,
  0x0000, 0x0000, 0x0000, 0x0000, 0xFFFF, 0xFFFF, 0xFFFF, 0xFFFF, 0xFFFF, 0x0000,
  0x0000, 0x0000, 0x0000, 0x0000, 0x0000, 0x0000, 0x0000, 0x0000, 0x0000, 0x0000,
  0x0000, 0x0000, 0xFFFF, 0xFFFF, 0xFFFF, 0xFFFF, 0xFFFF, 0xFFFF, 0xFFFF, 0xFFFF,
  0xFFFF, 0xFFFF, 0x0000, 0x0000, 0x0000, 0x0000, 0x0000, 0x0000, 0x0000, 0x0000,
  0x0000, 0xFFFF, 0xFFFF, 0xFFFF, 0xFFFF, 0xFFFF, 0x0000, 0x0000, 0x0000, 0x0000,
  0x0000, 0x0000, 0x0000, 0x0000, 0x0000, 0x0000, 0x0000, 0x0000, 0x0000, 0xFFFF,
  0xFFFF, 0xFFFF, 0xFFFF, 0xFFFF, 0x0000, 0x0000, 0x0000, 0x0000, 0x0000, 0xFFFF,
  0xFFFF, 0xFFFF, 0xFFFF, 0x0000, 0x0000, 0x0000, 0x0000, 0x0000, 0x0000, 0x0000,
  0x0000, 0x0000, 0xFFFF, 0xFFFF, 0xFFFF, 0xFFFF, 0xFFFF, 0x0000, 0x0000, 0x0000,
  0x0000, 0x0000, 0x0000, 0x0000, 0x0000, 0x0000, 0xFFFF, 0xFFFF, 0xFFFF, 0xFFFF,
  0xFFFF, 0x0000, 0x0000, 0x0000, 0x0000, 0x0000, 0x0000, 0x0000, 0x0000, 0x0000,
  0xFFFF, 0xFFFF, 0xFFFF, 0xFFFF, 0xFFFF, 0x0000, 0x0000, 0x0000, 0x0000, 0xFFFF,
  0xFFFF, 0xFFFF, 0xFFFF, 0xFFFF, 0xFFFF, 0xFFFF, 0xFFFF, 0xFFFF, 0xFFFF, 0xFFFF,
  0xFFFF, 0xFFFF, 0xFFFF, 0xFFFF, 0xFFFF, 0xFFFF, 0xFFFF, 0xFFFF, 0xFFFF, 0xFFFF,
  0xFFFF, 0xFFFF, 0xFFFF, 0xFFFF, 0xFFFF, 0xFFFF, 0x0000, 0x0000, 0x0000, 0x0000,
  0x0000, 0x0000, 0x0000, 0x0000, 0x0000, 0x0000, 0x0000, 0x0000, 0x0000, 0x0000,
  0x0000, 0x0000, 0x0000, 0x0000, 0x0000, 0xFFFF, 0xFFFF, 0xFFFF, 0xFFFF, 0xFFFF,
  0xFFFF, 0xFFFF, 0xFFFF, 0xFFFF, 0x0000, 0x0000, 0x0000, 0x0000, 0x0000, 0x0000,
  0x0000, 0x0000, 0x0000, 0xFFFF, 0xFFFF, 0xFFFF, 0xFFFF, 0xFFFF, 0x0000, 0x0000,
  0x0000, 0x0000, 0x0000, 0x0000, 0x0000, 0x0000, 0x0000, 0x0000, 0x0000, 0x0000,
  0x0000, 0xFFFF, 0xFFFF, 0xFFFF, 0xFFFF, 0xFFFF, 0xFFFF, 0xFFFF, 0xFFFF, 0xFFFF,
  0xFFFF, 0x0000, 0x0000, 0x0000, 0x0000, 0x0000, 0x0000, 0x0000, 0x0000, 0x0000,
  0xFFFF, 0xFFFF, 0xFFFF, 0xFFFF, 0xFFFF, 0x0000, 0x0000, 0x0000, 0x0000, 0x0000,
  0x0000, 0x0000, 0x0000, 0x0000, 0x0000, 0x0000, 0x0000, 0x0000, 0xFFFF, 0xFFFF,
  0xFFFF, 0xFFFF, 0xFFFF, 0x0000, 0x0000, 0x0000, 0x0000, 0x0000, 0xFFFF, 0xFFFF,
  0xFFFF, 0xFFFF, 0x0000, 0x0000, 0x0000, 0x0000, 0x0000, 0x0000, 0x0000, 0x0000,
  0x0000, 0xFFFF, 0xFFFF, 0xFFFF, 0xFFFF, 0xFFFF, 0x0000, 0x0000, 0x0000, 0x0000,
  0x0000, 0x0000, 0x0000, 0x0000, 0x0000, 0xFFFF, 0xFFFF, 0xFFFF, 0xFFFF, 0xFFFF,
  0x0000, 0x0000, 0x0000, 0x0000, 0x0000, 0x0000, 0x0000, 0x0000, 0x0000, 0xFFFF,
  0xFFFF, 0xFFFF, 0xFFFF, 0xFFFF, 0x0000, 0x0000, 0x0000, 0x0000, 0xFFFF, 0xFFFF,
  0xFFFF, 0xFFFF, 0xFFFF, 0xFFFF, 0xFFFF, 0xFFFF, 0xFFFF, 0xFFFF, 0xFFFF, 0xFFFF,
  0xFFFF, 0xFFFF, 0xFFFF, 0xFFFF, 0xFFFF, 0xFFFF, 0xFFFF, 0xFFFF, 0xFFFF, 0xFFFF,
  0xFFFF, 0xFFFF, 0xFFFF, 0xFFFF, 0xFFFF, 0x0000, 0x0000, 0x0000, 0x0000, 0x0000,
  0x0000, 0x0000, 0x0000, 0x0000, 0x0000, 0x0000, 0x0000, 0x0000, 0x0000, 0x0000,
  0x0000, 0x0000, 0x0000, 0x0000, 0xFFFF, 0xFFFF, 0xFFFF, 0xFFFF, 0xFFFF, 0xFFFF,
  0xFFFF, 0xFFFF, 0xFFFF, 0x0000, 0x0000, 0x0000, 0x0000, 0x0000, 0x0000, 0x0000,
  0x0000, 0x0000, 0xFFFF, 0xFFFF, 0xFFFF, 0xFFFF, 0xFFFF, 0x0000, 0x0000, 0x0000,
  0x0000, 0x0000, 0x0000, 0x0000, 0x0000, 0x0000, 0x0000, 0x0000, 0x0000, 0x0000,
  0xFFFF, 0xFFFF, 0xFFFF, 0xFFFF, 0xFFFF, 0xFFFF, 0xFFFF, 0xFFFF, 0xFFFF, 0xFFFF,
  0x0000, 0x0000, 0x0000, 0x0000, 0x0000, 0x0000, 0x0000, 0x0000, 0x0000, 0xFFFF,
  0xFFFF, 0xFFFF, 0xFFFF, 0xFFFF, 0x0000, 0x0000, 0x0000, 0x0000, 0x0000, 0x0000,
  0x0000, 0x0000, 0x0000, 0x0000, 0x0000, 0x0000, 0x0000, 0xFFFF, 0xFFFF, 0xFFFF,
  0xFFFF, 0xFFFF, 0x0000, 0x0000, 0x0000, 0x0000, 0x0000, 0xFFFF, 0xFFFF, 0xFFFF,
  0xFFFF, 0x0000, 0x0000, 0x0000, 0x0000, 0x0000, 0x0000, 0x0000, 0x0000, 0x0000,
  0xFFFF, 0xFFFF, 0xFFFF, 0xFFFF, 0xFFFF, 0x0000, 0x0000, 0x0000, 0x0000, 0x0000,
  0x0000, 0x0000, 0x0000, 0x0000, 0xFFFF, 0xFFFF, 0xFFFF, 0xFFFF, 0xFFFF, 0x0000,
  0x0000, 0x0000, 0x0000, 0x0000, 0x0000, 0x0000, 0x0000, 0x0000, 0xFFFF, 0xFFFF,
  0xFFFF, 0xFFFF, 0xFFFF, 0x0000, 0x0000, 0x0000, 0x0000, 0xFFFF, 0xFFFF, 0xFFFF,
  0xFFFF, 0xFFFF, 0xFFFF, 0xFFFF, 0xFFFF, 0xFFFF, 0xFFFF, 0xFFFF, 0xFFFF, 0xFFFF,
  0xFFFF, 0xFFFF, 0xFFFF, 0xFFFF, 0xFFFF, 0xFFFF, 0xFFFF, 0xFFFF, 0xFFFF, 0xFFFF,
  0xFFFF, 0xFFFF, 0xFFFF, 0xFFFF, 0x0000, 0x0000, 0x0000, 0x0000, 0x0000, 0x0000,
  0x0000, 0x0000, 0x0000, 0x0000, 0x0000, 0x0000, 0x0000, 0x0000, 0x0000, 0x0000,
  0x0000, 0x0000, 0x0000, 0xFFFF, 0xFFFF, 0xFFFF, 0xFFFF, 0xFFFF, 0xFFFF, 0xFFFF,
  0xFFFF, 0xFFFF, 0x0000, 0x0000, 0x0000, 0x0000, 0x0000, 0x0000, 0x0000, 0x0000,
  0x0000, 0xFFFF, 0xFFFF, 0xFFFF, 0xFFFF, 0xFFFF, 0x0000, 0x0000, 0x0000, 0x0000,
  0x0000, 0x0000, 0x0000, 0x0000, 0x0000, 0x0000, 0x0000, 0x0000, 0x0000, 0xFFFF,
  0xFFFF, 0xFFFF, 0xFFFF, 0xFFFF, 0xFFFF, 0xFFFF, 0xFFFF, 0xFFFF, 0xFFFF, 0x0000,
  0x0000, 0x0000, 0x0000, 0x0000, 0x0000, 0x0000, 0x0000, 0x0000, 0xFFFF, 0xFFFF,
  0xFFFF, 0xFFFF, 0xFFFF, 0x0000, 0x0000, 0x0000, 0x0000, 0x0000, 0x0000, 0x0000,
  0x0000, 0x0000, 0x0000, 0x0000, 0x0000, 0x0000, 0xFFFF, 0xFFFF, 0xFFFF, 0xFFFF,
  0xFFFF, 0x0000, 0x0000, 0x0000, 0x0000, 0x0000, 0xFFFF, 0xFFFF, 0xFFFF, 0xFFFF,
  0x0000, 0x0000, 0x0000, 0x0000, 0x0000, 0x0000, 0x0000, 0x0000, 0x0000, 0xFFFF,
  0xFFFF, 0xFFFF, 0xFFFF, 0xFFFF, 0x0000, 0x0000, 0x0000, 0x0000, 0x0000, 0x0000,
  0x0000, 0x0000, 0x0000, 0xFFFF, 0xFFFF, 0xFFFF, 0xFFFF, 0xFFFF, 0x0000, 0x0000,
  0x0000, 0x0000, 0x0000, 0x0000, 0x0000, 0x0000, 0x0000, 0xFFFF, 0xFFFF, 0xFFFF,
  0xFFFF, 0xFFFF, 0x0000, 0x0000, 0x0000, 0x0000, 0xFFFF, 0xFFFF, 0xFFFF, 0xFFFF,
  0xFFFF, 0xFFFF, 0xFFFF, 0xFFFF, 0xFFFF, 0xFFFF, 0xFFFF, 0xFFFF, 0xFFFF, 0xFFFF,
  0xFFFF, 0xFFFF, 0xFFFF, 0xFFFF, 0xFFFF, 0xFFFF, 0xFFFF, 0xFFFF, 0xFFFF, 0xFFFF,
  0xFFFF, 0xFFFF, 0xFFFF, 0x0000, 0x0000, 0x0000, 0x0000, 0x0000, 0x0000, 0x0000,
  0x0000, 0x0000, 0x0000, 0x0000, 0x0000, 0x0000, 0x0000, 0x0000, 0x0000, 0x0000,
  0x0000, 0x0000, 0xFFFF, 0xFFFF, 0xFFFF, 0xFFFF, 0xFFFF, 0xFFFF, 0xFFFF, 0xFFFF,
  0xFFFF, 0x0000, 0x0000, 0x0000, 0x0000, 0x0000, 0x0000, 0x0000, 0x0000, 0x0000,
  0xFFFF, 0xFFFF, 0xFFFF, 0xFFFF, 0xFFFF, 0x0000, 0x0000, 0x0000, 0x0000, 0x0000,
  0x0000, 0x0000, 0x0000, 0x0000, 0x0000, 0x0000, 0x0000, 0x0000, 0xFFFF, 0xFFFF,
  0xFFFF, 0xFFFF, 0xFFFF, 0xFFFF, 0xFFFF, 0xFFFF, 0xFFFF, 0xFFFF, 0x0000, 0x0000,
  0x0000, 0x0000, 0x0000, 0x0000, 0x0000, 0x0000, 0x0000, 0xFFFF, 0xFFFF, 0xFFFF,
  0xFFFF, 0xFFFF, 0x0000, 0x0000, 0x0000, 0x0000, 0x0000, 0x0000, 0x0000, 0x0000,
  0x0000, 0x0000, 0x0000, 0x0000, 0x0000, 0xFFFF, 0xFFFF, 0xFFFF, 0xFFFF, 0xFFFF,
  0x0000, 0x0000, 0x0000, 0x0000, 0x0000, 0xFFFF, 0xFFFF, 0xFFFF, 0xFFFF, 0x0000,
  0x0000, 0x0000, 0x0000, 0x0000, 0x0000, 0x0000, 0x0000, 0x0000, 0xFFFF, 0xFFFF,
  0xFFFF, 0xFFFF, 0xFFFF, 0x0000, 0x0000, 0x0000, 0x0000, 0x0000, 0x0000, 0x0000,
  0x0000, 0x0000, 0xFFFF, 0xFFFF, 0xFFFF, 0xFFFF, 0xFFFF, 0x0000, 0x0000, 0x0000,
  0x0000, 0x0000, 0x0000, 0x0000, 0x0000, 0x0000, 0xFFFF, 0xFFFF, 0xFFFF, 0xFFFF,
  0xFFFF, 0x0000, 0x0000, 0x0000, 0x0000, 0xFFFF, 0xFFFF, 0xFFFF, 0xFFFF, 0xFFFF,
  0xFFFF, 0xFFFF, 0xFFFF, 0xFFFF, 0xFFFF, 0xFFFF, 0xFFFF, 0xFFFF, 0xFFFF, 0xFFFF,
  0xFFFF, 0xFFFF, 0xFFFF, 0xFFFF, 0xFFFF, 0xFFFF, 0xFFFF, 0xFFFF, 0xFFFF, 0xFFFF,
  0xFFFF, 0xFFFF, 0xFFFF, 0xFFFF, 0xFFFF, 0xFFFF, 0xFFFF, 0xFFFF, 0xFFFF, 0xFFFF,
  0xFFFF, 0xFFFF, 0xFFFF, 0xFFFF, 0xFFFF, 0xFFFF, 0xFFFF, 0xFFFF, 0xFFFF, 0xFFFF,
  0xFFFF, 0x0000, 0x0000, 0x0000, 0x0000, 0xFFFF, 0xFFFF, 0xFFFF, 0xFFFF, 0xFFFF,
  0xFFFF, 0xFFFF, 0xFFFF, 0xFFFF, 0x0000, 0x0000, 0x0000, 0x0000, 0x0000, 0xFFFF,
  0xFFFF, 0xFFFF, 0xFFFF, 0xFFFF, 0x0000, 0x0000, 0x0000, 0x0000, 0xFFFF, 0xFFFF,
  0xFFFF, 0xFFFF, 0xFFFF, 0xFFFF, 0xFFFF, 0xFFFF, 0xFFFF, 0xFFFF, 0xFFFF, 0xFFFF,
  0xFFFF, 0xFFFF, 0x0000, 0x0000, 0x0000, 0x0000, 0x0000, 0x0000, 0x0000, 0x0000,
  0x0000, 0x0000, 0x0000, 0x0000, 0x0000, 0x0000, 0x0000, 0x0000, 0x0000, 0x0000,
  0x0000, 0x0000, 0x0000, 0x0000, 0x0000, 0x0000, 0x0000, 0x0000, 0x0000, 0x0000,
  0x0000, 0x0000, 0x0000, 0x0000, 0x0000, 0x0000, 0x0000, 0x0000, 0x0000, 0x0000,
  0x0000, 0x0000, 0x0000, 0x0000, 0xFFFF, 0xFFFF, 0xFFFF, 0xFFFF, 0xFFFF, 0xFFFF,
  0xFFFF, 0xFFFF, 0xFFFF, 0xFFFF, 0xFFFF, 0xFFFF, 0xFFFF, 0xFFFF, 0xFFFF, 0xFFFF,
  0xFFFF, 0xFFFF, 0x0000, 0x0000, 0x0000, 0x0000, 0x0000, 0xFFFF, 0xFFFF, 0xFFFF,
  0xFFFF, 0xFFFF, 0xFFFF, 0xFFFF, 0xFFFF, 0xFFFF, 0xFFFF, 0xFFFF, 0xFFFF, 0xFFFF,
  0xFFFF, 0xFFFF, 0xFFFF, 0xFFFF, 0xFFFF, 0xFFFF, 0xFFFF, 0xFFFF, 0xFFFF, 0xFFFF,
  0xFFFF, 0xFFFF, 0xFFFF, 0xFFFF, 0xFFFF, 0xFFFF, 0xFFFF, 0xFFFF, 0xFFFF, 0x0000,
  0x0000, 0x0000, 0x0000, 0x0000, 0x0000, 0x0000, 0x0000, 0x0000, 0xFFFF, 0xFFFF,
  0xFFFF, 0xFFFF, 0xFFFF, 0xFFFF, 0xFFFF, 0xFFFF, 0xFFFF, 0xFFFF, 0xFFFF, 0xFFFF,
  0xFFFF, 0xFFFF, 0xFFFF, 0xFFFF, 0xFFFF, 0xFFFF, 0xFFFF, 0xFFFF, 0xFFFF, 0xFFFF,
  0xFFFF, 0xFFFF, 0xFFFF, 0xFFFF, 0xFFFF, 0xFFFF, 0xFFFF, 0xFFFF, 0xFFFF, 0xFFFF,
  0x0000, 0x0000, 0x0000, 0x0000, 0xFFFF, 0xFFFF, 0xFFFF, 0xFFFF, 0xFFFF, 0xFFFF,
  0xFFFF, 0xFFFF, 0xFFFF, 0x0000, 0x0000, 0x0000, 0x0000, 0x0000, 0xFFFF, 0xFFFF,
  0xFFFF, 0xFFFF, 0xFFFF, 0x0000, 0x0000, 0x0000, 0x0000, 0xFFFF, 0xFFFF, 0xFFFF,
  0xFFFF, 0xFFFF, 0xFFFF, 0xFFFF, 0xFFFF, 0xFFFF, 0xFFFF, 0xFFFF, 0xFFFF, 0xFFFF,
  0xFFFF, 0x0000, 0x0000, 0x0000, 0x0000, 0x0000, 0x0000, 0x0000, 0x0000, 0x0000,
  0x0000, 0x0000, 0x0000, 0x0000, 0x0000, 0x0000, 0x0000, 0x0000, 0x0000, 0x0000,
  0x0000, 0x0000, 0x0000, 0x0000, 0x0000, 0x0000, 0x0000, 0x0000, 0x0000, 0x0000,
  0x0000, 0x0000, 0x0000, 0x0000, 0x0000, 0x0000, 0x0000, 0x0000, 0x0000, 0x0000,
  0x0000, 0x0000, 0x0000, 0xFFFF, 0xFFFF, 0xFFFF, 0xFFFF, 0xFFFF, 0xFFFF, 0xFFFF,
  0xFFFF, 0xFFFF, 0xFFFF, 0xFFFF, 0xFFFF, 0xFFFF, 0xFFFF, 0xFFFF, 0xFFFF, 0xFFFF,
  0xFFFF, 0x0000, 0x0000, 0x0000, 0x0000, 0x0000, 0xFFFF, 0xFFFF, 0xFFFF, 0xFFFF,
  0xFFFF, 0xFFFF, 0xFFFF, 0xFFFF, 0xFFFF, 0xFFFF, 0xFFFF, 0xFFFF, 0xFFFF, 0xFFFF,
  0xFFFF, 0xFFFF, 0xFFFF, 0xFFFF, 0xFFFF, 0xFFFF, 0xFFFF, 0xFFFF, 0xFFFF, 0xFFFF,
  0xFFFF, 0xFFFF, 0xFFFF, 0xFFFF, 0xFFFF, 0xFFFF, 0xFFFF, 0xFFFF, 0x0000, 0x0000,
  0x0000, 0x0000, 0x0000, 0x0000, 0x0000, 0x0000, 0x0000, 0xFFFF, 0xFFFF, 0xFFFF,
  0xFFFF, 0xFFFF, 0xFFFF, 0xFFFF, 0xFFFF, 0xFFFF, 0xFFFF, 0xFFFF, 0xFFFF, 0xFFFF,
  0xFFFF, 0xFFFF, 0xFFFF, 0xFFFF, 0xFFFF, 0xFFFF, 0xFFFF, 0xFFFF, 0xFFFF, 0xFFFF,
  0xFFFF, 0xFFFF, 0xFFFF, 0xFFFF, 0xFFFF, 0xFFFF, 0xFFFF, 0xFFFF, 0xFFFF, 0x0000,
  0x0000, 0x0000, 0x0000, 0xFFFF, 0xFFFF, 0xFFFF, 0xFFFF, 0xFFFF, 0xFFFF, 0xFFFF,
  0xFFFF, 0xFFFF, 0x0000, 0x0000, 0x0000, 0x0000, 0x0000, 0xFFFF, 0xFFFF, 0xFFFF,
  0xFFFF, 0xFFFF, 0x0000, 0x0000, 0x0000, 0x0000, 0xFFFF, 0xFFFF, 0xFFFF, 0xFFFF,
  0xFFFF, 0xFFFF, 0xFFFF, 0xFFFF, 0xFFFF, 0xFFFF, 0xFFFF, 0xFFFF, 0xFFFF, 0xFFFF,
  0x0000, 0x0000, 0x0000, 0x0000, 0x0000, 0x0000, 0x0000, 0x0000, 0x0000, 0x0000,
  0x0000, 0x0000, 0x0000, 0x0000, 0x0000, 0x0000, 0x0000, 0x0000, 0x0000, 0x0000,
  0x0000, 0x0000, 0x0000, 0x0000, 0x0000, 0x0000, 0x0000, 0x0000, 0x0000, 0x0000,
  0x0000, 0x0000, 0x0000, 0x0000, 0x0000, 0x0000, 0x0000, 0x0000, 0x0000, 0x0000,
  0x0000, 0x0000, 0xFFFF, 0xFFFF, 0xFFFF, 0xFFFF, 0xFFFF, 0xFFFF, 0xFFFF, 0xFFFF,
  0xFFFF, 0xFFFF, 0xFFFF, 0xFFFF, 0xFFFF, 0xFFFF, 0xFFFF, 0xFFFF, 0xFFFF, 0xFFFF,
  0x0000, 0x0000, 0x0000, 0x0000, 0x0000, 0xFFFF, 0xFFFF, 0xFFFF, 0xFFFF, 0xFFFF,
  0xFFFF, 0xFFFF, 0xFFFF, 0xFFFF, 0xFFFF, 0xFFFF, 0xFFFF, 0xFFFF, 0xFFFF, 0xFFFF,
  0xFFFF, 0xFFFF, 0xFFFF, 0xFFFF, 0xFFFF, 0xFFFF, 0xFFFF, 0xFFFF, 0xFFFF, 0xFFFF,
  0xFFFF, 0xFFFF, 0xFFFF, 0xFFFF, 0xFFFF, 0xFFFF, 0xFFFF, 0x0000, 0x0000, 0x0000,
  0x0000, 0x0000, 0x0000, 0x0000, 0x0000, 0x0000, 0xFFFF, 0xFFFF, 0xFFFF, 0xFFFF,
  0xFFFF, 0xFFFF, 0xFFFF, 0xFFFF, 0xFFFF, 0xFFFF, 0xFFFF, 0xFFFF, 0xFFFF, 0xFFFF,
  0xFFFF, 0xFFFF, 0xFFFF, 0xFFFF, 0xFFFF, 0xFFFF, 0xFFFF, 0xFFFF, 0xFFFF, 0xFFFF,
  0xFFFF, 0xFFFF, 0xFFFF, 0xFFFF, 0xFFFF, 0xFFFF, 0xFFFF, 0xFFFF, 0x0000, 0x0000,
  0x0000, 0x0000, 0xFFFF, 0xFFFF, 0xFFFF, 0xFFFF, 0xFFFF, 0xFFFF, 0xFFFF, 0xFFFF,
  0xFFFF, 0x0000, 0x0000, 0x0000, 0x0000, 0x0000, 0xFFFF, 0xFFFF, 0xFFFF, 0xFFFF,
  0xFFFF, 0x0000, 0x0000, 0x0000, 0x0000, 0xFFFF, 0xFFFF, 0xFFFF, 0xFFFF, 0xFFFF,
  0xFFFF, 0xFFFF, 0xFFFF, 0xFFFF, 0xFFFF, 0xFFFF, 0xFFFF, 0xFFFF, 0xFFFF, 0x0000,
  0x0000, 0x0000, 0x0000, 0x0000, 0x0000, 0x0000, 0x0000, 0x0000, 0x0000, 0x0000,
  0x0000, 0x0000, 0x0000, 0x0000, 0x0000, 0x0000, 0x0000, 0x0000, 0x0000, 0x0000,
  0x0000, 0x0000, 0x0000, 0x0000, 0x0000, 0x0000, 0x0000, 0x0000, 0x0000, 0x0000,
  0x0000, 0x0000, 0x0000, 0x0000, 0x0000, 0x0000, 0x0000, 0x0000, 0x0000, 0x0000,
  0x0000, 0xFFFF, 0xFFFF, 0xFFFF, 0xFFFF, 0xFFFF, 0xFFFF, 0xFFFF, 0xFFFF, 0xFFFF,
  0xFFFF, 0xFFFF, 0xFFFF, 0xFFFF, 0xFFFF, 0xFFFF, 0xFFFF, 0xFFFF, 0xFFFF, 0x0000,
  0x0000, 0x0000, 0x0000, 0x0000, 0xFFFF, 0xFFFF, 0xFFFF, 0xFFFF, 0xFFFF, 0xFFFF,
  0xFFFF, 0xFFFF, 0xFFFF, 0xFFFF, 0xFFFF, 0xFFFF, 0xFFFF, 0xFFFF, 0xFFFF, 0xFFFF,
  0xFFFF, 0xFFFF, 0xFFFF, 0xFFFF, 0xFFFF, 0xFFFF, 0xFFFF, 0xFFFF, 0xFFFF, 0xFFFF,
  0xFFFF, 0xFFFF, 0xFFFF, 0xFFFF, 0xFFFF, 0xFFFF, 0x0000, 0x0000, 0x0000, 0x0000,
  0x0000, 0x0000, 0x0000, 0x0000, 0x0000, 0xFFFF, 0xFFFF, 0xFFFF, 0xFFFF, 0xFFFF,
  0xFFFF, 0xFFFF, 0xFFFF, 0xFFFF, 0xFFFF, 0xFFFF, 0xFFFF, 0xFFFF, 0xFFFF, 0xFFFF,
  0xFFFF, 0xFFFF, 0xFFFF, 0x0000, 0x0000, 0x0000, 0x0000, 0x0000, 0x0000, 0x0000,
  0x0000, 0x0000, 0x0000, 0x0000, 0x0000, 0x0000, 0x0000, 0x0000, 0x0000, 0x0000,
  0x0000, 0x0000, 0x0000, 0x0000, 0x0000, 0x0000, 0x0000, 0x0000, 0x0000, 0x0000,
  0xFFFF, 0xFFFF, 0xFFFF, 0xFFFF, 0xFFFF, 0xFFFF, 0xFFFF, 0xFFFF, 0xFFFF, 0xFFFF,
  0xFFFF, 0xFFFF, 0xFFFF, 0xFFFF, 0xFFFF, 0xFFFF, 0xFFFF, 0xFFFF, 0xFFFF, 0x0000,
  0x0000, 0x0000, 0x0000, 0xFFFF, 0xFFFF, 0xFFFF, 0xFFFF, 0xFFFF, 0xFFFF, 0xFFFF,
  0xFFFF, 0xFFFF, 0xFFFF, 0xFFFF, 0xFFFF, 0xFFFF, 0xFFFF, 0xFFFF, 0xFFFF, 0xFFFF,
  0xFFFF, 0xFFFF, 0xFFFF, 0xFFFF, 0xFFFF, 0xFFFF, 0xFFFF, 0x0000, 0x0000, 0x0000,
  0x0000, 0xFFFF, 0xFFFF, 0xFFFF, 0xFFFF, 0xFFFF, 0xFFFF, 0xFFFF, 0xFFFF, 0xFFFF,
  0x0000, 0x0000, 0x0000, 0x0000, 0x0000, 0x0000, 0x0000, 0x0000, 0x0000, 0x0000,
  0xFFFF, 0xFFFF, 0xFFFF, 0xFFFF, 0xFFFF, 0xFFFF, 0xFFFF, 0xFFFF, 0xFFFF, 0x0000,
  0x0000, 0x0000, 0x0000, 0xFFFF, 0xFFFF, 0xFFFF, 0xFFFF, 0xFFFF, 0x0000, 0x0000,
  0x0000, 0x0000, 0x0000, 0x0000, 0x0000, 0x0000, 0x0000, 0xFFFF, 0xFFFF, 0xFFFF,
  0xFFFF, 0xFFFF, 0x0000, 0x0000, 0x0000, 0x0000, 0x0000, 0x0000, 0x0000, 0x0000,
  0x0000, 0x0000, 0x0000, 0x0000, 0x0000, 0x0000, 0xFFFF, 0xFFFF, 0xFFFF, 0xFFFF,
  0xFFFF, 0xFFFF, 0xFFFF, 0xFFFF, 0xFFFF, 0x0000, 0x0000, 0x0000, 0x0000, 0x0000,
  0xFFFF, 0xFFFF, 0xFFFF, 0xFFFF, 0xFFFF, 0xFFFF, 0xFFFF, 0xFFFF, 0xFFFF, 0xFFFF,
  0xFFFF, 0xFFFF, 0xFFFF, 0xFFFF, 0xFFFF, 0xFFFF, 0xFFFF, 0xFFFF, 0xFFFF, 0xFFFF,
  0xFFFF, 0xFFFF, 0x0000, 0x0000, 0x0000, 0x0000, 0x0000, 0x0000, 0x0000, 0x0000,
  0x0000, 0x0000, 0x0000, 0x0000, 0x0000, 0x0000, 0x0000, 0x0000, 0x0000, 0x0000,
  0x0000, 0x0000, 0x0000, 0x0000, 0x0000, 0x0000, 0x0000, 0x0000, 0x0000, 0xFFFF,
  0xFFFF, 0xFFFF, 0xFFFF, 0xFFFF, 0xFFFF, 0xFFFF, 0xFFFF, 0xFFFF, 0xFFFF, 0xFFFF,
  0xFFFF, 0xFFFF, 0xFFFF, 0xFFFF, 0xFFFF, 0xFFFF, 0xFFFF, 0xFFFF, 0x0000, 0x0000,
  0x0000, 0x0000, 0xFFFF, 0xFFFF, 0xFFFF, 0xFFFF, 0xFFFF, 0xFFFF, 0xFFFF, 0xFFFF,
  0xFFFF, 0xFFFF, 0xFFFF, 0xFFFF, 0xFFFF, 0xFFFF, 0xFFFF, 0xFFFF, 0xFFFF, 0xFFFF,
  0xFFFF, 0xFFFF, 0xFFFF, 0xFFFF, 0xFFFF, 0xFFFF, 0x0000, 0x0000, 0x0000, 0x0000,
  0xFFFF, 0xFFFF, 0xFFFF, 0xFFFF, 0xFFFF, 0xFFFF, 0xFFFF, 0xFFFF, 0xFFFF, 0x0000,
  0x0000, 0x0000, 0x0000, 0x0000, 0x0000, 0x0000, 0x0000, 0x0000, 0x0000, 0xFFFF,
  0xFFFF, 0xFFFF, 0xFFFF, 0xFFFF, 0xFFFF, 0xFFFF, 0xFFFF, 0xFFFF, 0x0000, 0x0000,
  0x0000, 0x0000, 0xFFFF, 0xFFFF, 0xFFFF, 0xFFFF, 0xFFFF, 0x0000, 0x0000, 0x0000,
  0x0000, 0x0000, 0x0000, 0x0000, 0x0000, 0x0000, 0xFFFF, 0xFFFF, 0xFFFF, 0xFFFF,
  0xFFFF, 0x0000, 0x0000, 0x0000, 0x0000, 0x0000, 0x0000, 0x0000, 0x0000, 0x0000,
  0x0000, 0x0000, 0x0000, 0x0000, 0x0000, 0xFFFF, 0xFFFF, 0xFFFF, 0xFFFF, 0xFFFF,
  0xFFFF, 0xFFFF, 0xFFFF, 0xFFFF, 0x0000, 0x0000, 0x0000, 0x0000, 0x0000, 0xFFFF,
  0xFFFF, 0xFFFF, 0xFFFF, 0xFFFF, 0xFFFF, 0xFFFF, 0xFFFF, 0xFFFF, 0xFFFF, 0xFFFF,
  0xFFFF, 0xFFFF, 0xFFFF, 0xFFFF, 0xFFFF, 0xFFFF, 0xFFFF, 0xFFFF, 0xFFFF, 0xFFFF,
  0xFFFF, 0x0000, 0x0000, 0x0000, 0x0000, 0x0000, 0x0000, 0x0000, 0x0000, 0x0000,
  0x0000, 0x0000, 0x0000, 0x0000, 0x0000, 0x0000, 0x0000, 0x0000, 0x0000, 0x0000,
  0x0000, 0x0000, 0x0000, 0x0000, 0x0000, 0x0000, 0x0000, 0x0000, 0xFFFF, 0xFFFF,
  0xFFFF, 0xFFFF, 0xFFFF, 0xFFFF, 0xFFFF, 0xFFFF, 0xFFFF, 0xFFFF, 0xFFFF, 0xFFFF,
  0xFFFF, 0xFFFF, 0xFFFF, 0xFFFF, 0xFFFF, 0xFFFF, 0xFFFF, 0x0000, 0x0000, 0x0000,
  0x0000, 0xFFFF, 0xFFFF, 0xFFFF, 0xFFFF, 0xFFFF, 0xFFFF, 0xFFFF, 0xFFFF, 0xFFFF,
  0xFFFF, 0xFFFF, 0xFFFF, 0xFFFF, 0xFFFF, 0xFFFF, 0xFFFF, 0xFFFF, 0xFFFF, 0xFFFF,
  0xFFFF, 0xFFFF, 0xFFFF, 0xFFFF, 0xFFFF, 0x0000, 0x0000, 0x0000, 0x0000, 0xFFFF,
  0xFFFF, 0xFFFF, 0xFFFF, 0xFFFF, 0xFFFF, 0xFFFF, 0xFFFF, 0xFFFF, 0x0000, 0x0000,
  0x0000, 0x0000, 0x0000, 0x0000, 0x0000, 0x0000, 0x0000, 0x0000, 0xFFFF, 0xFFFF,
  0xFFFF, 0xFFFF, 0xFFFF, 0xFFFF, 0xFFFF, 0xFFFF, 0xFFFF, 0x0000, 0x0000, 0x0000,
  0x0000, 0xFFFF, 0xFFFF, 0xFFFF, 0xFFFF, 0xFFFF, 0x0000, 0x0000, 0x0000, 0x0000,
  0x0000, 0x0000, 0x0000, 0x0000, 0x0000, 0xFFFF, 0xFFFF, 0xFFFF, 0xFFFF, 0xFFFF,
  0x0000, 0x0000, 0x0000, 0x0000, 0x0000, 0x0000, 0x0000, 0x0000, 0x0000, 0x0000,
  0x0000, 0x0000, 0x0000, 0x0000, 0xFFFF, 0xFFFF, 0xFFFF, 0xFFFF, 0xFFFF, 0xFFFF,
  0xFFFF, 0xFFFF, 0xFFFF, 0x0000, 0x0000, 0x0000, 0x0000, 0x0000, 0xFFFF, 0xFFFF,
  0xFFFF, 0xFFFF, 0xFFFF, 0xFFFF, 0xFFFF, 0xFFFF, 0xFFFF, 0xFFFF, 0xFFFF, 0xFFFF,
  0xFFFF, 0xFFFF, 0xFFFF, 0xFFFF, 0xFFFF, 0xFFFF, 0xFFFF, 0xFFFF, 0xFFFF, 0xFFFF,
  0x0000, 0x0000, 0x0000, 0x0000, 0x0000, 0x0000, 0x0000, 0x0000, 0x0000, 0x0000,
  0x0000, 0x0000, 0x0000, 0x0000, 0x0000, 0x0000, 0x0000, 0x0000, 0x0000, 0x0000,
  0x0000, 0x0000, 0x0000, 0x0000, 0x0000, 0x0000, 0x0000, 0xFFFF, 0xFFFF, 0xFFFF,
  0xFFFF, 0xFFFF, 0xFFFF, 0xFFFF, 0xFFFF, 0xFFFF, 0xFFFF, 0xFFFF, 0xFFFF, 0xFFFF,
  0xFFFF, 0xFFFF, 0xFFFF, 0xFFFF, 0xFFFF, 0xFFFF, 0x0000, 0x0000, 0x0000, 0x0000,
  0xFFFF, 0xFFFF, 0xFFFF, 0xFFFF, 0xFFFF, 0xFFFF, 0xFFFF, 0xFFFF, 0xFFFF, 0xFFFF,
  0xFFFF, 0xFFFF, 0xFFFF, 0xFFFF, 0xFFFF, 0xFFFF, 0xFFFF, 0xFFFF, 0xFFFF, 0xFFFF,
  0xFFFF, 0xFFFF, 0xFFFF, 0xFFFF, 0x0000, 0x0000, 0x0000, 0x0000, 0xFFFF, 0xFFFF,
  0xFFFF, 0xFFFF, 0xFFFF, 0xFFFF, 0xFFFF, 0xFFFF, 0xFFFF, 0x0000, 0x0000, 0x0000,
  0x0000, 0x0000, 0x0000, 0x0000, 0x0000, 0x0000, 0x0000, 0xFFFF, 0xFFFF, 0xFFFF,
  0xFFFF, 0xFFFF, 0xFFFF, 0xFFFF, 0xFFFF, 0xFFFF, 0x0000, 0x0000, 0x0000, 0x0000,
  0xFFFF, 0xFFFF, 0xFFFF, 0xFFFF, 0xFFFF, 0x0000, 0x0000, 0x0000, 0x0000, 0x0000,
  0x0000, 0x0000, 0x0000, 0x0000, 0xFFFF, 0xFFFF, 0xFFFF, 0xFFFF, 0xFFFF, 0x0000,
  0x0000, 0x0000, 0x0000, 0x0000, 0x0000, 0x0000, 0x0000, 0x0000, 0x0000, 0x0000,
  0x0000, 0x0000, 0x0000, 0xFFFF, 0xFFFF, 0xFFFF, 0xFFFF, 0xFFFF, 0xFFFF, 0xFFFF,
  0xFFFF, 0xFFFF, 0x0000, 0x0000, 0x0000, 0x0000, 0x0000, 0xFFFF, 0xFFFF, 0xFFFF,
  0xFFFF, 0xFFFF, 0xFFFF, 0xFFFF, 0xFFFF, 0xFFFF, 0xFFFF, 0xFFFF, 0xFFFF, 0xFFFF,
  0xFFFF, 0xFFFF, 0xFFFF, 0xFFFF, 0xFFFF, 0xFFFF, 0xFFFF, 0xFFFF, 0xFFFF, 0x0000,
  0x0000, 0x0000, 0x0000, 0x0000, 0x0000, 0x0000, 0x0000, 0x0000, 0x0000, 0x0000,
  0x0000, 0x0000, 0x0000, 0x0000, 0x0000, 0x0000, 0x0000, 0x0000, 0x0000, 0x0000,
  0x0000, 0x0000, 0x0000, 0x0000, 0x0000, 0x0000, 0xFFFF, 0xFFFF, 0xFFFF, 0xFFFF,
  0xFFFF, 0xFFFF, 0xFFFF, 0xFFFF, 0xFFFF, 0xFFFF, 0xFFFF, 0xFFFF, 0xFFFF, 0xFFFF,
  0xFFFF, 0xFFFF, 0xFFFF, 0xFFFF, 0xFFFF, 0x0000, 0x0000, 0x0000, 0x0000, 0xFFFF,
  0xFFFF, 0xFFFF, 0xFFFF, 0xFFFF, 0xFFFF, 0xFFFF, 0xFFFF, 0xFFFF, 0xFFFF, 0xFFFF,
  0xFFFF, 0xFFFF, 0xFFFF, 0xFFFF, 0xFFFF, 0xFFFF, 0xFFFF, 0xFFFF, 0xFFFF, 0xFFFF,
  0xFFFF, 0xFFFF, 0xFFFF, 0x0000, 0x0000, 0x0000, 0x0000, 0xFFFF, 0xFFFF, 0xFFFF,
  0xFFFF, 0xFFFF, 0xFFFF, 0xFFFF, 0xFFFF, 0xFFFF, 0x0000, 0x0000, 0x0000, 0x0000,
  0x0000, 0x0000, 0x0000, 0x0000, 0x0000, 0x0000, 0xFFFF, 0xFFFF, 0xFFFF, 0xFFFF,
  0xFFFF, 0xFFFF, 0xFFFF, 0xFFFF, 0xFFFF, 0x0000, 0x0000, 0x0000, 0x0000, 0xFFFF,
  0xFFFF, 0xFFFF, 0xFFFF, 0xFFFF, 0x0000, 0x0000, 0x0000, 0x0000, 0x0000, 0x0000,
  0x0000, 0x0000, 0x0000, 0xFFFF, 0xFFFF, 0xFFFF, 0xFFFF, 0xFFFF, 0x0000, 0x0000,
  0x0000, 0x0000, 0x0000, 0x0000, 0x0000, 0x0000, 0x0000, 0x0000, 0x0000, 0x0000,
  0x0000, 0x0000, 0xFFFF, 0xFFFF, 0xFFFF, 0xFFFF, 0xFFFF, 0xFFFF, 0xFFFF, 0xFFFF,
  0xFFFF, 0x0000, 0x0000, 0x0000, 0x0000, 0x0000, 0xFFFF, 0xFFFF, 0xFFFF, 0xFFFF,
  0xFFFF, 0xFFFF, 0xFFFF, 0xFFFF, 0xFFFF, 0xFFFF, 0xFFFF, 0xFFFF, 0xFFFF, 0xFFFF,
  0xFFFF, 0xFFFF, 0xFFFF, 0xFFFF, 0xFFFF, 0xFFFF, 0xFFFF, 0xFFFF, 0xFFFF, 0xFFFF,
  0xFFFF, 0xFFFF, 0xFFFF, 0xFFFF, 0xFFFF, 0xFFFF, 0xFFFF, 0xFFFF, 0xFFFF, 0xFFFF,
  0xFFFF, 0xFFFF, 0x0000, 0x0000, 0x0000, 0x0000, 0xFFFF, 0xFFFF, 0xFFFF, 0xFFFF,
  0xFFFF, 0xFFFF, 0xFFFF, 0xFFFF, 0xFFFF, 0xFFFF, 0xFFFF, 0xFFFF, 0xFFFF, 0xFFFF,
  0xFFFF, 0xFFFF, 0xFFFF, 0xFFFF, 0xFFFF, 0xFFFF, 0xFFFF, 0xFFFF, 0xFFFF, 0x0000,
  0x0000, 0x0000, 0x0000, 0x0000, 0xFFFF, 0xFFFF, 0xFFFF, 0xFFFF, 0x0000, 0x0000,
  0x0000, 0x0000, 0x0000, 0xFFFF, 0xFFFF, 0xFFFF, 0xFFFF, 0xFFFF, 0xFFFF, 0xFFFF,
  0xFFFF, 0xFFFF, 0x0000, 0x0000, 0x0000, 0x0000, 0x0000, 0x0000, 0x0000, 0x0000,
  0x0000, 0x0000, 0xFFFF, 0xFFFF, 0xFFFF, 0xFFFF, 0x0000, 0x0000, 0x0000, 0x0000,
  0x0000, 0xFFFF, 0xFFFF, 0xFFFF, 0xFFFF, 0xFFFF, 0xFFFF, 0xFFFF, 0xFFFF, 0xFFFF,
  0x0000, 0x0000, 0x0000, 0x0000, 0x0000, 0xFFFF, 0xFFFF, 0xFFFF, 0xFFFF, 0x0000,
  0x0000, 0x0000, 0x0000, 0x0000, 0xFFFF, 0xFFFF, 0xFFFF, 0xFFFF, 0x0000, 0x0000,
  0x0000, 0x0000, 0x0000, 0x0000, 0x0000, 0x0000, 0x0000, 0x0000, 0x0000, 0x0000,
  0x0000, 0x0000, 0x0000, 0x0000, 0x0000, 0x0000, 0x0000, 0x0000, 0x0000, 0x0000,
  0x0000, 0x0000, 0xFFFF, 0xFFFF, 0xFFFF, 0xFFFF, 0x0000, 0x0000, 0x0000, 0x0000,
  0x0000, 0x0000, 0x0000, 0x0000, 0x0000, 0xFFFF, 0xFFFF, 0xFFFF, 0xFFFF, 0xFFFF,
  0xFFFF, 0xFFFF, 0xFFFF, 0xFFFF, 0xFFFF, 0x0000, 0x0000, 0x0000, 0x0000, 0xFFFF,
  0xFFFF, 0xFFFF, 0xFFFF, 0xFFFF, 0xFFFF, 0xFFFF, 0xFFFF, 0xFFFF, 0xFFFF, 0xFFFF,
  0xFFFF, 0xFFFF, 0xFFFF, 0xFFFF, 0xFFFF, 0xFFFF, 0xFFFF, 0xFFFF, 0xFFFF, 0xFFFF,
  0xFFFF, 0xFFFF, 0xFFFF, 0xFFFF, 0xFFFF, 0xFFFF, 0xFFFF, 0xFFFF, 0xFFFF, 0xFFFF,
  0xFFFF, 0x0000, 0x0000, 0x0000, 0x0000, 0xFFFF, 0xFFFF, 0xFFFF, 0xFFFF, 0xFFFF,
  0xFFFF, 0xFFFF, 0xFFFF, 0xFFFF, 0xFFFF, 0xFFFF, 0xFFFF, 0xFFFF, 0xFFFF, 0xFFFF,
  0xFFFF, 0xFFFF, 0xFFFF, 0xFFFF, 0xFFFF, 0xFFFF, 0xFFFF, 0xFFFF, 0x0000, 0x0000,
  0x0000, 0x0000, 0x0000, 0xFFFF, 0xFFFF, 0xFFFF, 0xFFFF, 0x0000, 0x0000, 0x0000,
  0x0000, 0x0000, 0xFFFF, 0xFFFF, 0xFFFF, 0xFFFF, 0xFFFF, 0xFFFF, 0xFFFF, 0xFFFF,
  0xFFFF, 0x0000, 0x0000, 0x0000, 0x0000, 0x0000, 0x0000, 0x0000, 0x0000, 0x0000,
  0x0000, 0xFFFF, 0xFFFF, 0xFFFF, 0xFFFF, 0x0000, 0x0000, 0x0000, 0x0000, 0x0000,
  0xFFFF, 0xFFFF, 0xFFFF, 0xFFFF, 0xFFFF, 0xFFFF, 0xFFFF, 0xFFFF, 0xFFFF, 0x0000,
  0x0000, 0x0000, 0x0000, 0x0000, 0xFFFF, 0xFFFF, 0xFFFF, 0xFFFF, 0x0000, 0x0000,
  0x0000, 0x0000, 0x0000, 0xFFFF, 0xFFFF, 0xFFFF, 0xFFFF, 0x0000, 0x0000, 0x0000,
  0x0000, 0x0000, 0x0000, 0x0000, 0x0000, 0x0000, 0x0000, 0x0000, 0x0000, 0x0000,
  0x0000, 0x0000, 0x0000, 0x0000, 0x0000, 0x0000, 0x0000, 0x0000, 0x0000, 0x0000,
  0x0000, 0xFFFF, 0xFFFF, 0xFFFF, 0xFFFF, 0x0000, 0x0000, 0x0000, 0x0000, 0x0000,
  0x0000, 0x0000, 0x0000, 0x0000, 0xFFFF, 0xFFFF, 0xFFFF, 0xFFFF, 0xFFFF, 0xFFFF,
  0xFFFF, 0xFFFF, 0xFFFF, 0xFFFF, 0x0000, 0x0000, 0x0000, 0x0000, 0xFFFF, 0xFFFF,
  0xFFFF, 0xFFFF, 0xFFFF, 0xFFFF, 0xFFFF, 0xFFFF, 0xFFFF, 0xFFFF, 0xFFFF, 0xFFFF,
  0xFFFF, 0xFFFF, 0xFFFF, 0xFFFF, 0xFFFF, 0xFFFF, 0xFFFF, 0xFFFF, 0xFFFF, 0xFFFF,
  0xFFFF, 0xFFFF, 0xFFFF, 0xFFFF, 0xFFFF, 0xFFFF, 0xFFFF, 0xFFFF, 0xFFFF, 0xFFFF,
  0x0000, 0x0000, 0x0000, 0x0000, 0xFFFF, 0xFFFF, 0xFFFF, 0xFFFF, 0xFFFF, 0xFFFF,
  0xFFFF, 0xFFFF, 0xFFFF, 0xFFFF, 0xFFFF, 0xFFFF, 0xFFFF, 0xFFFF, 0xFFFF, 0xFFFF,
  0xFFFF, 0xFFFF, 0xFFFF, 0xFFFF, 0xFFFF, 0xFFFF, 0xFFFF, 0x0000, 0x0000, 0x0000,
  0x0000, 0x0000, 0xFFFF, 0xFFFF, 0xFFFF, 0xFFFF, 0x0000, 0x0000, 0x0000, 0x0000,
  0x0000, 0xFFFF, 0xFFFF, 0xFFFF, 0xFFFF, 0xFFFF, 0xFFFF, 0xFFFF, 0xFFFF, 0xFFFF,
  0x0000, 0x0000, 0x0000, 0x0000, 0x0000, 0x0000, 0x0000, 0x0000, 0x0000, 0x0000,
  0xFFFF, 0xFFFF, 0xFFFF, 0xFFFF, 0x0000, 0x0000, 0x0000, 0x0000, 0x0000, 0xFFFF,
  0xFFFF, 0xFFFF, 0xFFFF, 0xFFFF, 0xFFFF, 0xFFFF, 0xFFFF, 0xFFFF, 0x0000, 0x0000,
  0x0000, 0x0000, 0x0000, 0xFFFF, 0xFFFF, 0xFFFF, 0xFFFF, 0x0000, 0x0000, 0x0000,
  0x0000, 0x0000, 0xFFFF, 0xFFFF, 0xFFFF, 0xFFFF, 0x0000, 0x0000, 0x0000, 0x0000,
  0x0000, 0x0000, 0x0000, 0x0000, 0x0000, 0x0000, 0x0000, 0x0000, 0x0000, 0x0000,
  0x0000, 0x0000, 0x0000, 0x0000, 0x0000, 0x0000, 0x0000, 0x0000, 0x0000, 0x0000,
  0xFFFF, 0xFFFF, 0xFFFF, 0xFFFF, 0x0000, 0x0000, 0x0000, 0x0000, 0x0000, 0x0000,
  0x0000, 0x0000, 0x0000, 0xFFFF, 0xFFFF, 0xFFFF, 0xFFFF, 0xFFFF, 0xFFFF, 0xFFFF,
  0xFFFF, 0xFFFF, 0xFFFF, 0x0000, 0x0000, 0x0000, 0x0000, 0xFFFF, 0xFFFF, 0xFFFF,
  0xFFFF, 0xFFFF, 0xFFFF, 0xFFFF, 0xFFFF, 0xFFFF, 0xFFFF, 0xFFFF, 0xFFFF, 0xFFFF,
  0xFFFF, 0xFFFF, 0xFFFF, 0xFFFF, 0xFFFF, 0xFFFF, 0xFFFF, 0xFFFF, 0xFFFF, 0xFFFF,
  0xFFFF, 0xFFFF, 0xFFFF, 0xFFFF, 0xFFFF, 0xFFFF, 0xFFFF, 0xFFFF, 0xFFFF, 0x0000,
  0x0000, 0x0000, 0x0000, 0xFFFF, 0xFFFF, 0xFFFF, 0xFFFF, 0xFFFF, 0xFFFF, 0xFFFF,
  0xFFFF, 0xFFFF, 0xFFFF, 0xFFFF, 0xFFFF, 0xFFFF, 0xFFFF, 0xFFFF, 0xFFFF, 0xFFFF,
  0xFFFF, 0xFFFF, 0xFFFF, 0xFFFF, 0xFFFF, 0xFFFF, 0x0000, 0x0000, 0x0000, 0x0000,
  0x0000, 0xFFFF, 0xFFFF, 0xFFFF, 0xFFFF, 0x0000, 0x0000, 0x0000, 0x0000, 0x0000,
  0xFFFF, 0xFFFF, 0xFFFF, 0xFFFF, 0xFFFF, 0xFFFF, 0xFFFF, 0xFFFF, 0xFFFF, 0x0000,
  0x0000, 0x0000, 0x0000, 0x0000, 0x0000, 0x0000, 0x0000, 0x0000, 0x0000, 0xFFFF,
  0xFFFF, 0xFFFF, 0xFFFF, 0x0000, 0x0000, 0x0000, 0x0000, 0x0000, 0xFFFF, 0xFFFF,
  0xFFFF, 0xFFFF, 0xFFFF, 0xFFFF, 0xFFFF, 0xFFFF, 0xFFFF, 0x0000, 0x0000, 0x0000,
  0x0000, 0x0000, 0xFFFF, 0xFFFF, 0xFFFF, 0xFFFF, 0x0000, 0x0000, 0x0000, 0x0000,
  0x0000, 0xFFFF, 0xFFFF, 0xFFFF, 0xFFFF, 0x0000, 0x0000, 0x0000, 0x0000, 0x0000,
  0x0000, 0x0000, 0x0000, 0x0000, 0x0000, 0x0000, 0x0000, 0x0000, 0x0000, 0x0000,
  0x0000, 0x0000, 0x0000, 0x0000, 0x0000, 0x0000, 0x0000, 0x0000, 0x0000, 0xFFFF,
  0xFFFF, 0xFFFF, 0xFFFF, 0x0000, 0x0000, 0x0000, 0x0000, 0x0000, 0x0000, 0x0000,
  0x0000, 0x0000, 0xFFFF, 0xFFFF, 0xFFFF, 0xFFFF, 0xFFFF, 0xFFFF, 0xFFFF, 0xFFFF,
  0xFFFF, 0xFFFF, 0x0000, 0x0000, 0x0000, 0x0000, 0xFFFF, 0xFFFF, 0xFFFF, 0xFFFF,
  0xFFFF, 0xFFFF, 0xFFFF, 0xFFFF, 0xFFFF, 0xFFFF, 0xFFFF, 0xFFFF, 0xFFFF, 0xFFFF,
  0xFFFF, 0xFFFF, 0xFFFF, 0xFFFF, 0xFFFF, 0xFFFF, 0xFFFF, 0xFFFF, 0xFFFF, 0xFFFF,
  0xFFFF, 0xFFFF, 0xFFFF, 0xFFFF, 0xFFFF, 0xFFFF, 0xFFFF, 0xFFFF, 0x0000, 0x0000,
  0x0000, 0x0000, 0xFFFF, 0xFFFF, 0xFFFF, 0xFFFF, 0xFFFF, 0xFFFF, 0xFFFF, 0xFFFF,
  0xFFFF, 0xFFFF, 0xFFFF, 0xFFFF, 0xFFFF, 0xFFFF, 0xFFFF, 0xFFFF, 0xFFFF, 0xFFFF,
  0xFFFF, 0xFFFF, 0xFFFF, 0xFFFF, 0xFFFF, 0x0000, 0x0000, 0x0000, 0x0000, 0x0000,
  0xFFFF, 0xFFFF, 0xFFFF, 0xFFFF, 0x0000, 0x0000, 0x0000, 0x0000, 0x0000, 0xFFFF,
  0xFFFF, 0xFFFF, 0xFFFF, 0xFFFF, 0xFFFF, 0xFFFF, 0xFFFF, 0xFFFF, 0x0000, 0x0000,
  0x0000, 0x0000, 0x0000, 0x0000, 0x0000, 0x0000, 0x0000, 0x0000, 0xFFFF, 0xFFFF,
  0xFFFF, 0xFFFF, 0x0000, 0x0000, 0x0000, 0x0000, 0x0000, 0xFFFF, 0xFFFF, 0xFFFF,
  0xFFFF, 0xFFFF, 0xFFFF, 0xFFFF, 0xFFFF, 0xFFFF, 0x0000, 0x0000, 0x0000, 0x0000,
  0x0000, 0xFFFF, 0xFFFF, 0xFFFF, 0xFFFF, 0x0000, 0x0000, 0x0000, 0x0000, 0x0000,
  0xFFFF, 0xFFFF, 0xFFFF, 0xFFFF, 0x0000, 0x0000, 0x0000, 0x0000, 0x0000, 0x0000,
  0x0000, 0x0000, 0x0000, 0x0000, 0x0000, 0x0000, 0x0000, 0x0000, 0x0000, 0x0000,
  0x0000, 0x0000, 0x0000, 0x0000, 0x0000, 0x0000, 0x0000, 0x0000, 0xFFFF, 0xFFFF,
  0xFFFF, 0xFFFF, 0x0000, 0x0000, 0x0000, 0x0000, 0x0000, 0x0000, 0x0000, 0x0000,
  0x0000, 0xFFFF, 0xFFFF, 0xFFFF, 0xFFFF, 0xFFFF, 0xFFFF, 0xFFFF, 0xFFFF, 0xFFFF,
  0xFFFF, 0x0000, 0x0000, 0x0000, 0x0000, 0xFFFF, 0xFFFF, 0xFFFF, 0xFFFF, 0xFFFF,
  0xFFFF, 0xFFFF, 0xFFFF, 0xFFFF, 0xFFFF, 0xFFFF, 0xFFFF, 0xFFFF, 0xFFFF, 0xFFFF,
  0xFFFF, 0xFFFF, 0xFFFF, 0x0000, 0x0000, 0x0000, 0x0000, 0x0000, 0x0000, 0x0000,
  0x0000, 0x0000, 0xFFFF, 0xFFFF, 0xFFFF, 0xFFFF, 0xFFFF, 0xFFFF, 0xFFFF, 0xFFFF,
  0xFFFF, 0x0000, 0x0000, 0x0000, 0x0000, 0x0000, 0x0000, 0x0000, 0x0000, 0x0000,
  0x0000, 0x0000, 0x0000, 0x0000, 0x0000, 0x0000, 0x0000, 0x0000, 0x0000, 0x0000,
  0xFFFF, 0xFFFF, 0xFFFF, 0xFFFF, 0x0000, 0x0000, 0x0000, 0x0000, 0x0000, 0xFFFF,
  0xFFFF, 0xFFFF, 0xFFFF, 0xFFFF, 0xFFFF, 0xFFFF, 0xFFFF, 0xFFFF, 0xFFFF, 0xFFFF,
  0xFFFF, 0xFFFF, 0xFFFF, 0x0000, 0x0000, 0x0000, 0x0000, 0x0000, 0x0000, 0x0000,
  0x0000, 0x0000, 0x0000, 0x0000, 0x0000, 0x0000, 0x0000, 0x0000, 0x0000, 0x0000,
  0x0000, 0xFFFF, 0xFFFF, 0xFFFF, 0xFFFF, 0xFFFF, 0xFFFF, 0xFFFF, 0xFFFF, 0xFFFF,
  0x0000, 0x0000, 0x0000, 0x0000, 0x0000, 0xFFFF, 0xFFFF, 0xFFFF, 0xFFFF, 0xFFFF,
  0xFFFF, 0xFFFF, 0xFFFF, 0xFFFF, 0x0000, 0x0000, 0x0000, 0x0000, 0x0000, 0x0000,
  0x0000, 0x0000, 0x0000, 0xFFFF, 0xFFFF, 0xFFFF, 0xFFFF, 0xFFFF, 0x0000, 0x0000,
  0x0000, 0x0000, 0x0000, 0x0000, 0x0000, 0x0000, 0x0000, 0xFFFF, 0xFFFF, 0xFFFF,
  0xFFFF, 0xFFFF, 0x0000, 0x0000, 0x0000, 0x0000, 0x0000, 0xFFFF, 0xFFFF, 0xFFFF,
  0xFFFF, 0x0000, 0x0000, 0x0000, 0x0000, 0x0000, 0x0000, 0x0000, 0x0000, 0x0000,
  0x0000, 0x0000, 0x0000, 0x0000, 0x0000, 0x0000, 0x0000, 0x0000, 0x0000, 0x0000,
  0xFFFF, 0xFFFF, 0xFFFF, 0xFFFF, 0xFFFF, 0xFFFF, 0xFFFF, 0xFFFF, 0xFFFF, 0xFFFF,
  0xFFFF, 0xFFFF, 0xFFFF, 0xFFFF, 0xFFFF, 0xFFFF, 0xFFFF, 0xFFFF, 0xFFFF, 0xFFFF,
  0xFFFF, 0xFFFF, 0x0000, 0x0000, 0x0000, 0x0000, 0x0000, 0x0000, 0x0000, 0x0000,
  0x0000, 0xFFFF, 0xFFFF, 0xFFFF, 0xFFFF, 0xFFFF, 0xFFFF, 0xFFFF, 0xFFFF, 0xFFFF,
  0x0000, 0x0000, 0x0000, 0x0000, 0x0000, 0x0000, 0x0000, 0x0000, 0x0000, 0x0000,
  0x0000, 0x0000, 0x0000, 0x0000, 0x0000, 0x0000, 0x0000, 0x0000, 0x0000, 0xFFFF,
  0xFFFF, 0xFFFF, 0xFFFF, 0x0000, 0x0000, 0x0000, 0x0000, 0x0000, 0xFFFF, 0xFFFF,
  0xFFFF, 0xFFFF, 0xFFFF, 0xFFFF, 0xFFFF, 0xFFFF, 0xFFFF, 0xFFFF, 0xFFFF, 0xFFFF,
  0xFFFF, 0xFFFF, 0x0000, 0x0000, 0x0000, 0x0000, 0x0000, 0x0000, 0x0000, 0x0000,
  0x0000, 0x0000, 0x0000, 0x0000, 0x0000, 0x0000, 0x0000, 0x0000, 0x0000, 0x0000,
  0xFFFF, 0xFFFF, 0xFFFF, 0xFFFF, 0xFFFF, 0xFFFF, 0xFFFF, 0xFFFF, 0xFFFF, 0x0000,
  0x0000, 0x0000, 0x0000, 0x0000, 0xFFFF, 0xFFFF, 0xFFFF, 0xFFFF, 0xFFFF, 0xFFFF,
  0xFFFF, 0xFFFF, 0xFFFF, 0x0000, 0x0000, 0x0000, 0x0000, 0x0000, 0x0000, 0x0000,
  0x0000, 0x0000, 0xFFFF, 0xFFFF, 0xFFFF, 0xFFFF, 0xFFFF, 0x0000, 0x0000, 0x0000,
  0x0000, 0x0000, 0x0000, 0x0000, 0x0000, 0x0000, 0xFFFF, 0xFFFF, 0xFFFF, 0xFFFF,
  0xFFFF, 0x0000, 0x0000, 0x0000, 0x0000, 0x0000, 0xFFFF, 0xFFFF, 0xFFFF, 0xFFFF,
  0x0000, 0x0000, 0x0000, 0x0000, 0x0000, 0x0000, 0x0000, 0x0000, 0x0000, 0x0000,
  0x0000, 0x0000, 0x0000, 0x0000, 0x0000, 0x0000, 0x0000, 0x0000, 0x0000, 0xFFFF,
  0xFFFF, 0xFFFF, 0xFFFF, 0xFFFF, 0xFFFF, 0xFFFF, 0xFFFF, 0xFFFF, 0xFFFF, 0xFFFF,
  0xFFFF, 0xFFFF, 0xFFFF, 0xFFFF, 0xFFFF, 0xFFFF, 0xFFFF, 0xFFFF, 0xFFFF, 0xFFFF,
  0xFFFF, 0x0000, 0x0000, 0x0000, 0x0000, 0x0000, 0x0000, 0x0000, 0x0000, 0x0000,
  0xFFFF, 0xFFFF, 0xFFFF, 0xFFFF, 0xFFFF, 0xFFFF, 0xFFFF, 0xFFFF, 0xFFFF, 0x0000,
  0x0000, 0x0000, 0x0000, 0x0000, 0x0000, 0x0000, 0x0000, 0x0000, 0x0000, 0x0000,
  0x0000, 0x0000, 0x0000, 0x0000, 0x0000, 0x0000, 0x0000, 0x0000, 0xFFFF, 0xFFFF,
  0xFFFF, 0xFFFF, 0x0000, 0x0000, 0x0000, 0x0000, 0x0000, 0xFFFF, 0xFFFF, 0xFFFF,
  0xFFFF, 0xFFFF, 0xFFFF, 0xFFFF, 0xFFFF, 0xFFFF, 0xFFFF, 0xFFFF, 0xFFFF, 0xFFFF,
  0xFFFF, 0x0000, 0x0000, 0x0000, 0x0000, 0x0000, 0x0000, 0x0000, 0x0000, 0x0000,
  0x0000, 0x0000, 0x0000, 0x0000, 0x0000, 0x0000, 0x0000, 0x0000, 0x0000, 0xFFFF,
  0xFFFF, 0xFFFF, 0xFFFF, 0xFFFF, 0xFFFF, 0xFFFF, 0xFFFF, 0xFFFF, 0x0000, 0x0000,
  0x0000, 0x0000, 0x0000, 0xFFFF, 0xFFFF, 0xFFFF, 0xFFFF, 0xFFFF, 0xFFFF, 0xFFFF,
  0xFFFF, 0xFFFF, 0x0000, 0x0000, 0x0000, 0x0000, 0x0000, 0x0000, 0x0000, 0x0000,
  0x0000, 0xFFFF, 0xFFFF, 0xFFFF, 0xFFFF, 0xFFFF, 0x0000, 0x0000, 0x0000, 0x0000,
  0x0000, 0x0000, 0x0000, 0x0000, 0x0000, 0xFFFF, 0xFFFF, 0xFFFF, 0xFFFF, 0xFFFF,
  0x0000, 0x0000, 0x0000, 0x0000, 0x0000, 0xFFFF, 0xFFFF, 0xFFFF, 0xFFFF, 0x0000,
  0x0000, 0x0000, 0x0000, 0x0000, 0x0000, 0x0000, 0x0000, 0x0000, 0x0000, 0x0000,
  0x0000, 0x0000, 0x0000, 0x0000, 0x0000, 0x0000, 0x0000, 0x0000, 0xFFFF, 0xFFFF,
  0xFFFF, 0xFFFF, 0xFFFF, 0xFFFF, 0xFFFF, 0xFFFF, 0xFFFF, 0xFFFF, 0xFFFF, 0xFFFF,
  0xFFFF, 0xFFFF, 0xFFFF, 0xFFFF, 0xFFFF, 0xFFFF, 0xFFFF, 0xFFFF, 0xFFFF, 0xFFFF,
  0x0000, 0x0000, 0x0000, 0x0000, 0x0000, 0x0000, 0x0000, 0x0000, 0x0000, 0xFFFF,
  0xFFFF, 0xFFFF, 0xFFFF, 0xFFFF, 0xFFFF, 0xFFFF, 0xFFFF, 0xFFFF, 0x0000, 0x0000,
  0x0000, 0x0000, 0x0000, 0x0000, 0x0000, 0x0000, 0x0000, 0x0000, 0x0000, 0x0000,
  0x0000, 0x0000, 0x0000, 0x0000, 0x0000, 0x0000, 0x0000, 0xFFFF, 0xFFFF, 0xFFFF,
  0xFFFF, 0x0000, 0x0000, 0x0000, 0x0000, 0x0000, 0xFFFF, 0xFFFF, 0xFFFF, 0xFFFF,
  0xFFFF, 0xFFFF, 0xFFFF, 0xFFFF, 0xFFFF, 0xFFFF, 0xFFFF, 0xFFFF, 0xFFFF, 0xFFFF,
  0x0000, 0x0000, 0x0000, 0x0000, 0x0000, 0x0000, 0x0000, 0x0000, 0x0000, 0x0000,
  0x0000, 0x0000, 0x0000, 0x0000, 0x0000, 0x0000, 0x0000, 0x0000, 0xFFFF, 0xFFFF,
  0xFFFF, 0xFFFF, 0xFFFF, 0xFFFF, 0xFFFF, 0xFFFF, 0xFFFF, 0x0000, 0x0000, 0x0000,
  0x0000, 0x0000, 0xFFFF, 0xFFFF, 0xFFFF, 0xFFFF, 0xFFFF, 0xFFFF, 0xFFFF, 0xFFFF,
  0xFFFF, 0x0000, 0x0000, 0x0000, 0x0000, 0x0000, 0x0000, 0x0000, 0x0000, 0x0000,
  0xFFFF, 0xFFFF, 0xFFFF, 0xFFFF, 0xFFFF, 0x0000, 0x0000, 0x0000, 0x0000, 0x0000,
  0x0000, 0x0000, 0x0000, 0x0000, 0xFFFF, 0xFFFF, 0xFFFF, 0xFFFF, 0xFFFF, 0x0000,
  0x0000, 0x0000, 0x0000, 0x0000, 0xFFFF, 0xFFFF, 0xFFFF, 0xFFFF, 0x0000, 0x0000,
  0x0000, 0x0000, 0x0000, 0x0000, 0x0000, 0x0000, 0x0000, 0x0000, 0x0000, 0x0000,
  0x0000, 0x0000, 0x0000, 0x0000, 0x0000, 0x0000, 0x0000, 0xFFFF, 0xFFFF, 0xFFFF,
  0xFFFF, 0xFFFF, 0xFFFF, 0xFFFF, 0xFFFF, 0xFFFF, 0xFFFF, 0xFFFF, 0xFFFF, 0xFFFF,
  0xFFFF, 0xFFFF, 0xFFFF, 0xFFFF, 0xFFFF, 0xFFFF, 0xFFFF, 0xFFFF, 0xFFFF, 0x0000,
  0x0000, 0x0000, 0x0000, 0x0000, 0x0000, 0x0000, 0x0000, 0x0000, 0xFFFF, 0xFFFF,
  0xFFFF, 0xFFFF, 0xFFFF, 0x0000, 0x0000, 0x0000, 0x0000, 0xFFFF, 0xFFFF, 0xFFFF,
  0xFFFF, 0xFFFF, 0xFFFF, 0xFFFF, 0xFFFF, 0xFFFF, 0x0000, 0x0000, 0x0000, 0x0000,
  0x0000, 0xFFFF, 0xFFFF, 0xFFFF, 0xFFFF, 0xFFFF, 0x0000, 0x0000, 0x0000, 0x0000,
  0xFFFF, 0xFFFF, 0xFFFF, 0xFFFF, 0xFFFF, 0xFFFF, 0xFFFF, 0xFFFF, 0xFFFF, 0x0000,
  0x0000, 0x0000, 0x0000, 0x0000, 0x0000, 0x0000, 0x0000, 0x0000, 0x0000, 0xFFFF,
  0xFFFF, 0xFFFF, 0xFFFF, 0xFFFF, 0xFFFF, 0xFFFF, 0xFFFF, 0xFFFF, 0x0000, 0x0000,
  0x0000, 0x0000, 0x0000, 0x0000, 0x0000, 0x0000, 0x0000, 0x0000, 0x0000, 0x0000,
  0x0000, 0x0000, 0xFFFF, 0xFFFF, 0xFFFF, 0xFFFF, 0x0000, 0x0000, 0x0000, 0x0000,
  0x0000, 0xFFFF, 0xFFFF, 0xFFFF, 0xFFFF, 0xFFFF, 0x0000, 0x0000, 0x0000, 0x0000,
  0xFFFF, 0xFFFF, 0xFFFF, 0xFFFF, 0xFFFF, 0x0000, 0x0000, 0x0000, 0x0000, 0xFFFF,
  0xFFFF, 0xFFFF, 0xFFFF, 0xFFFF, 0xFFFF, 0xFFFF, 0xFFFF, 0xFFFF, 0xFFFF, 0x0000,
  0x0000, 0x0000, 0x0000, 0xFFFF, 0xFFFF, 0xFFFF, 0xFFFF, 0xFFFF, 0xFFFF, 0xFFFF,
  0xFFFF, 0xFFFF, 0xFFFF, 0xFFFF, 0xFFFF, 0xFFFF, 0xFFFF, 0x0000, 0x0000, 0x0000,
  0x0000, 0x0000, 0x0000, 0x0000, 0x0000, 0x0000, 0xFFFF, 0xFFFF, 0xFFFF, 0xFFFF,
  0xFFFF, 0x0000, 0x0000, 0x0000, 0x0000, 0x0000, 0xFFFF, 0xFFFF, 0xFFFF, 0xFFFF,
  0x0000, 0x0000, 0x0000, 0x0000, 0xFFFF, 0xFFFF, 0xFFFF, 0xFFFF, 0xFFFF, 0xFFFF,
  0xFFFF, 0xFFFF, 0xFFFF, 0xFFFF, 0xFFFF, 0xFFFF, 0xFFFF, 0xFFFF, 0x0000, 0x0000,
  0x0000, 0x0000, 0x0000, 0x0000, 0x0000, 0x0000, 0x0000, 0xFFFF, 0xFFFF, 0xFFFF,
  0xFFFF, 0xFFFF, 0x0000, 0x0000, 0x0000, 0x0000, 0xFFFF, 0xFFFF, 0xFFFF, 0xFFFF,
  0xFFFF, 0xFFFF, 0xFFFF, 0xFFFF, 0xFFFF, 0x0000, 0x0000, 0x0000, 0x0000, 0x0000,
  0xFFFF, 0xFFFF, 0xFFFF, 0xFFFF, 0xFFFF, 0x0000, 0x0000, 0x0000, 0x0000, 0xFFFF,
  0xFFFF, 0xFFFF, 0xFFFF, 0xFFFF, 0xFFFF, 0xFFFF, 0xFFFF, 0xFFFF, 0x0000, 0x0000,
  0x0000, 0x0000, 0x0000, 0x0000, 0x0000, 0x0000, 0x0000, 0x0000, 0xFFFF, 0xFFFF,
  0xFFFF, 0xFFFF, 0xFFFF, 0xFFFF, 0xFFFF, 0xFFFF, 0xFFFF, 0x0000, 0x0000, 0x0000,
  0x0000, 0x0000, 0x0000, 0x0000, 0x0000, 0x0000, 0x0000, 0x0000, 0x0000, 0x0000,
  0x0000, 0xFFFF, 0xFFFF, 0xFFFF, 0xFFFF, 0x0000, 0x0000, 0x0000, 0x0000, 0x0000,
  0xFFFF, 0xFFFF, 0xFFFF, 0xFFFF, 0xFFFF, 0x0000, 0x0000, 0x0000, 0x0000, 0xFFFF,
  0xFFFF, 0xFFFF, 0xFFFF, 0xFFFF, 0x0000, 0x0000, 0x0000, 0x0000, 0xFFFF, 0xFFFF,
  0xFFFF, 0xFFFF, 0xFFFF, 0xFFFF, 0xFFFF, 0xFFFF, 0xFFFF, 0xFFFF, 0x0000, 0x0000,
  0x0000, 0x0000, 0xFFFF, 0xFFFF, 0xFFFF, 0xFFFF, 0xFFFF, 0xFFFF, 0xFFFF, 0xFFFF,
  0xFFFF, 0xFFFF, 0xFFFF, 0xFFFF, 0xFFFF, 0xFFFF, 0x0000, 0x0000, 0x0000, 0x0000,
  0x0000, 0x0000, 0x0000, 0x0000, 0x0000, 0xFFFF, 0xFFFF, 0xFFFF, 0xFFFF, 0xFFFF,
  0x0000, 0x0000, 0x0000, 0x0000, 0x0000, 0xFFFF, 0xFFFF, 0xFFFF, 0xFFFF, 0x0000,
  0x0000, 0x0000, 0x0000, 0xFFFF, 0xFFFF, 0xFFFF, 0xFFFF, 0xFFFF, 0xFFFF, 0xFFFF,
  0xFFFF, 0xFFFF, 0xFFFF, 0xFFFF, 0xFFFF, 0xFFFF, 0xFFFF, 0x0000, 0x0000, 0x0000,
  0x0000, 0x0000, 0x0000, 0x0000, 0x0000, 0x0000, 0xFFFF, 0xFFFF, 0xFFFF, 0xFFFF,
  0xFFFF, 0x0000, 0x0000, 0x0000, 0x0000, 0xFFFF, 0xFFFF, 0xFFFF, 0xFFFF, 0xFFFF,
  0xFFFF, 0xFFFF, 0xFFFF, 0xFFFF, 0x0000, 0x0000, 0x0000, 0x0000, 0x0000, 0xFFFF,
  0xFFFF, 0xFFFF, 0xFFFF, 0xFFFF, 0x0000, 0x0000, 0x0000, 0x0000, 0xFFFF, 0xFFFF,
  0xFFFF, 0xFFFF, 0xFFFF, 0xFFFF, 0xFFFF, 0xFFFF, 0xFFFF, 0x0000, 0x0000, 0x0000,
  0x0000, 0x0000, 0x0000, 0x0000, 0x0000, 0x0000, 0x0000, 0xFFFF, 0xFFFF, 0xFFFF,
  0xFFFF, 0xFFFF, 0xFFFF, 0xFFFF, 0xFFFF, 0xFFFF, 0x0000, 0x0000, 0x0000, 0x0000,
  0x0000, 0x0000, 0x0000, 0x0000, 0x0000, 0x0000, 0x0000, 0x0000, 0x0000, 0x0000,
  0xFFFF, 0xFFFF, 0xFFFF, 0xFFFF, 0x0000, 0x0000, 0x0000, 0x0000, 0x0000, 0xFFFF,
  0xFFFF, 0xFFFF, 0xFFFF, 0xFFFF, 0x0000, 0x0000, 0x0000, 0x0000, 0xFFFF, 0xFFFF,
  0xFFFF, 0xFFFF, 0xFFFF, 0x0000, 0x0000, 0x0000, 0x0000, 0xFFFF, 0xFFFF, 0xFFFF,
  0xFFFF, 0xFFFF, 0xFFFF, 0xFFFF, 0xFFFF, 0xFFFF, 0xFFFF, 0x0000, 0x0000, 0x0000,
  0x0000, 0xFFFF, 0xFFFF, 0xFFFF, 0xFFFF, 0xFFFF, 0xFFFF, 0xFFFF, 0xFFFF, 0xFFFF,
  0xFFFF, 0xFFFF, 0xFFFF, 0xFFFF, 0xFFFF, 0x0000, 0x0000, 0x0000, 0x0000, 0x0000,
  0x0000, 0x0000, 0x0000, 0x0000, 0xFFFF, 0xFFFF, 0xFFFF, 0xFFFF, 0xFFFF, 0x0000,
  0x0000, 0x0000, 0x0000, 0x0000, 0xFFFF, 0xFFFF, 0xFFFF, 0xFFFF, 0x0000, 0x0000,
  0x0000, 0x0000, 0xFFFF, 0xFFFF, 0xFFFF, 0xFFFF, 0xFFFF, 0xFFFF, 0xFFFF, 0xFFFF,
  0xFFFF, 0xFFFF, 0xFFFF, 0xFFFF, 0xFFFF, 0xFFFF, 0x0000, 0x0000, 0x0000, 0x0000,
  0x0000, 0x0000, 0x0000, 0x0000, 0x0000, 0xFFFF, 0xFFFF, 0xFFFF, 0xFFFF, 0xFFFF,
  0x0000, 0x0000, 0x0000, 0x0000, 0xFFFF, 0xFFFF, 0xFFFF, 0xFFFF, 0xFFFF, 0xFFFF,
  0xFFFF, 0xFFFF, 0xFFFF, 0x0000, 0x0000, 0x0000, 0x0000, 0x0000, 0xFFFF, 0xFFFF,
  0xFFFF, 0xFFFF, 0xFFFF, 0x0000, 0x0000, 0x0000, 0x0000, 0xFFFF, 0xFFFF, 0xFFFF,
  0xFFFF, 0xFFFF, 0xFFFF, 0xFFFF, 0xFFFF, 0xFFFF, 0x0000, 0x0000, 0x0000, 0x0000,
  0x0000, 0x0000, 0x0000, 0x0000, 0x0000, 0x0000, 0xFFFF, 0xFFFF, 0xFFFF, 0xFFFF,
  0xFFFF, 0xFFFF, 0xFFFF, 0xFFFF, 0xFFFF, 0x0000, 0x0000, 0x0000, 0x0000, 0x0000,
  0x0000, 0x0000, 0x0000, 0x0000, 0x0000, 0x0000, 0x0000, 0x0000, 0x0000, 0xFFFF,
  0xFFFF, 0xFFFF, 0xFFFF, 0x0000, 0x0000, 0x0000, 0x0000, 0x0000, 0xFFFF, 0xFFFF,
  0xFFFF, 0xFFFF, 0xFFFF, 0x0000, 0x0000, 0x0000, 0x0000, 0xFFFF, 0xFFFF, 0xFFFF,
  0xFFFF, 0xFFFF, 0x0000, 0x0000, 0x0000, 0x0000, 0xFFFF, 0xFFFF, 0xFFFF, 0xFFFF,
  0xFFFF, 0xFFFF, 0xFFFF, 0xFFFF, 0xFFFF, 0xFFFF, 0x0000, 0x0000, 0x0000, 0x0000,
  0xFFFF, 0xFFFF, 0xFFFF, 0xFFFF, 0xFFFF, 0xFFFF, 0xFFFF, 0xFFFF, 0xFFFF, 0xFFFF,
  0xFFFF, 0xFFFF, 0xFFFF, 0xFFFF, 0x0000, 0x0000, 0x0000, 0x0000, 0x0000, 0x0000,
  0x0000, 0x0000, 0x0000, 0xFFFF, 0xFFFF, 0xFFFF, 0xFFFF, 0xFFFF, 0x0000, 0x0000,
  0x0000, 0x0000, 0x0000, 0xFFFF, 0xFFFF, 0xFFFF, 0xFFFF, 0x0000, 0x0000, 0x0000,
  0x0000, 0xFFFF, 0xFFFF, 0xFFFF, 0xFFFF, 0xFFFF, 0xFFFF, 0xFFFF, 0xFFFF, 0xFFFF,
  0xFFFF, 0xFFFF, 0xFFFF, 0xFFFF, 0xFFFF, 0x0000, 0x0000, 0x0000, 0x0000, 0x0000,
  0x0000, 0x0000, 0x0000, 0x0000, 0xFFFF, 0xFFFF, 0xFFFF, 0xFFFF, 0xFFFF, 0x0000,
  0x0000, 0x0000, 0x0000, 0xFFFF, 0xFFFF, 0xFFFF, 0xFFFF, 0xFFFF, 0xFFFF, 0xFFFF,
  0xFFFF, 0xFFFF, 0x0000, 0x0000, 0x0000, 0x0000, 0x0000, 0xFFFF, 0xFFFF, 0xFFFF,
  0xFFFF, 0xFFFF, 0x0000, 0x0000, 0x0000, 0x0000, 0xFFFF, 0xFFFF, 0xFFFF, 0xFFFF,
  0xFFFF, 0xFFFF, 0xFFFF, 0xFFFF, 0xFFFF, 0x0000, 0x0000, 0x0000, 0x0000, 0x0000,
  0x0000, 0x0000, 0x0000, 0x0000, 0x0000, 0xFFFF, 0xFFFF, 0xFFFF, 0xFFFF, 0xFFFF,
  0xFFFF, 0xFFFF, 0xFFFF, 0xFFFF, 0x0000, 0x0000, 0x0000, 0x0000, 0x0000, 0x0000,
  0x0000, 0x0000, 0x0000, 0x0000, 0x0000, 0x0000, 0x0000, 0x0000, 0xFFFF, 0xFFFF,
  0xFFFF, 0xFFFF, 0x0000, 0x0000, 0x0000, 0x0000, 0x0000, 0xFFFF, 0xFFFF, 0xFFFF,
  0xFFFF, 0xFFFF, 0x0000, 0x0000, 0x0000, 0x0000, 0xFFFF, 0xFFFF, 0xFFFF, 0xFFFF,
  0xFFFF, 0x0000, 0x0000, 0x0000, 0x0000, 0xFFFF, 0xFFFF, 0xFFFF, 0xFFFF, 0xFFFF,
  0xFFFF, 0xFFFF, 0xFFFF, 0xFFFF, 0xFFFF, 0x0000, 0x0000, 0x0000, 0x0000, 0xFFFF,
  0xFFFF, 0xFFFF, 0xFFFF, 0xFFFF, 0xFFFF, 0xFFFF, 0xFFFF, 0xFFFF, 0xFFFF, 0xFFFF,
  0xFFFF, 0xFFFF, 0xFFFF, 0x0000, 0x0000, 0x0000, 0x0000, 0x0000, 0x0000, 0x0000,
  0x0000, 0x0000, 0xFFFF, 0xFFFF, 0xFFFF, 0xFFFF, 0xFFFF, 0x0000, 0x0000, 0x0000,
  0x0000, 0x0000, 0xFFFF, 0xFFFF, 0xFFFF, 0xFFFF, 0x0000, 0x0000, 0x0000, 0x0000,
  0xFFFF, 0xFFFF, 0xFFFF, 0xFFFF, 0xFFFF, 0xFFFF, 0xFFFF, 0xFFFF, 0xFFFF, 0x0000,
  0x0000, 0x0000, 0x0000, 0x0000, 0x0000, 0x0000, 0x0000, 0x0000, 0xFFFF, 0xFFFF,
  0xFFFF, 0xFFFF, 0xFFFF, 0x0000, 0x0000, 0x0000, 0x0000, 0x0000, 0x0000, 0x0000,
  0x0000, 0x0000, 0x0000, 0x0000, 0x0000, 0x0000, 0x0000, 0x0000, 0x0000, 0x0000,
  0x0000, 0xFFFF, 0xFFFF, 0xFFFF, 0xFFFF, 0xFFFF, 0xFFFF, 0xFFFF, 0xFFFF, 0xFFFF,
  0xFFFF, 0xFFFF, 0xFFFF, 0xFFFF, 0xFFFF, 0x0000, 0x0000, 0x0000, 0x0000, 0x0000,
  0x0000, 0x0000, 0x0000, 0x0000, 0x0000, 0x0000, 0x0000, 0x0000, 0x0000, 0xFFFF,
  0xFFFF, 0xFFFF, 0xFFFF, 0xFFFF, 0x0000, 0x0000, 0x0000, 0x0000, 0xFFFF, 0xFFFF,
  0xFFFF, 0xFFFF, 0xFFFF, 0xFFFF, 0xFFFF, 0xFFFF, 0xFFFF, 0xFFFF, 0xFFFF, 0xFFFF,
  0xFFFF, 0xFFFF, 0x0000, 0x0000, 0x0000, 0x0000, 0x0000, 0x0000, 0x0000, 0x0000,
  0x0000, 0xFFFF, 0xFFFF, 0xFFFF, 0xFFFF, 0xFFFF, 0xFFFF, 0xFFFF, 0xFFFF, 0xFFFF,
  0xFFFF, 0x0000, 0x0000, 0x0000, 0x0000, 0xFFFF, 0xFFFF, 0xFFFF, 0xFFFF, 0xFFFF,
  0xFFFF, 0xFFFF, 0xFFFF, 0xFFFF, 0xFFFF, 0xFFFF, 0xFFFF, 0xFFFF, 0xFFFF, 0xFFFF,
  0xFFFF, 0xFFFF, 0xFFFF, 0xFFFF, 0xFFFF, 0xFFFF, 0xFFFF, 0xFFFF, 0xFFFF, 0xFFFF,
  0xFFFF, 0xFFFF, 0xFFFF, 0x0000, 0x0000, 0x0000, 0x0000, 0x0000, 0x0000, 0x0000,
  0x0000, 0x0000, 0x0000, 0x0000, 0x0000, 0x0000, 0x0000, 0xFFFF, 0xFFFF, 0xFFFF,
  0xFFFF, 0x0000, 0x0000, 0x0000, 0x0000, 0x0000, 0x0000, 0x0000, 0x0000, 0x0000,
  0x0000, 0x0000, 0x0000, 0x0000, 0x0000, 0xFFFF, 0xFFFF, 0xFFFF, 0xFFFF, 0xFFFF,
  0xFFFF, 0xFFFF, 0xFFFF, 0xFFFF, 0xFFFF, 0xFFFF, 0xFFFF, 0xFFFF, 0x0000, 0x0000,
  0x0000, 0x0000, 0x0000, 0x0000, 0x0000, 0x0000, 0x0000, 0xFFFF, 0xFFFF, 0xFFFF,
  0xFFFF, 0xFFFF, 0x0000, 0x0000, 0x0000, 0x0000, 0x0000, 0x0000, 0x0000, 0x0000,
  0x0000, 0x0000, 0x0000, 0x0000, 0x0000, 0x0000, 0x0000, 0x0000, 0x0000, 0x0000,
  0xFFFF, 0xFFFF, 0xFFFF, 0xFFFF, 0xFFFF, 0xFFFF, 0xFFFF, 0xFFFF, 0xFFFF, 0xFFFF,
  0xFFFF, 0xFFFF, 0xFFFF, 0xFFFF, 0x0000, 0x0000, 0x0000, 0x0000, 0x0000, 0x0000,
  0x0000, 0x0000, 0x0000, 0x0000, 0x0000, 0x0000, 0x0000, 0x0000, 0xFFFF, 0xFFFF,
  0xFFFF, 0xFFFF, 0xFFFF, 0x0000, 0x0000, 0x0000, 0x0000, 0xFFFF, 0xFFFF, 0xFFFF,
  0xFFFF, 0xFFFF, 0xFFFF, 0xFFFF, 0xFFFF, 0xFFFF, 0xFFFF, 0xFFFF, 0xFFFF, 0xFFFF,
  0xFFFF, 0x0000, 0x0000, 0x0000, 0x0000, 0x0000, 0x0000, 0x0000, 0x0000, 0x0000,
  0xFFFF, 0xFFFF, 0xFFFF, 0xFFFF, 0xFFFF, 0xFFFF, 0xFFFF, 0xFFFF, 0xFFFF, 0xFFFF,
  0x0000, 0x0000, 0x0000, 0x0000, 0xFFFF, 0xFFFF, 0xFFFF, 0xFFFF, 0xFFFF, 0xFFFF,
  0xFFFF, 0xFFFF, 0xFFFF, 0xFFFF, 0xFFFF, 0xFFFF, 0xFFFF, 0xFFFF, 0xFFFF, 0xFFFF,
  0xFFFF, 0xFFFF, 0xFFFF, 0xFFFF, 0xFFFF, 0xFFFF, 0xFFFF, 0xFFFF, 0xFFFF, 0xFFFF,
  0xFFFF, 0xFFFF, 0x0000, 0x0000, 0x0000, 0x0000, 0x0000, 0x0000, 0x0000, 0x0000,
  0x0000, 0x0000, 0x0000, 0x0000, 0x0000, 0x0000, 0xFFFF, 0xFFFF, 0xFFFF, 0xFFFF,
  0x0000, 0x0000, 0x0000, 0x0000, 0x0000, 0x0000, 0x0000, 0x0000, 0x0000, 0x0000,
  0x0000, 0x0000, 0x0000, 0x0000, 0xFFFF, 0xFFFF, 0xFFFF, 0xFFFF, 0xFFFF, 0xFFFF,
  0xFFFF, 0xFFFF, 0xFFFF, 0xFFFF, 0xFFFF, 0xFFFF, 0xFFFF, 0x0000, 0x0000, 0x0000,
  0x0000, 0x0000, 0x0000, 0x0000, 0x0000, 0x0000, 0xFFFF, 0xFFFF, 0xFFFF, 0xFFFF,
  0xFFFF, 0x0000, 0x0000, 0x0000, 0x0000, 0x0000, 0x0000, 0x0000, 0x0000, 0x0000,
  0x0000, 0x0000, 0x0000, 0x0000, 0x0000, 0x0000, 0x0000, 0x0000, 0x0000, 0xFFFF,
  0xFFFF, 0xFFFF, 0xFFFF, 0xFFFF, 0xFFFF, 0xFFFF, 0xFFFF, 0xFFFF, 0xFFFF, 0xFFFF,
  0xFFFF, 0xFFFF, 0xFFFF, 0x0000, 0x0000, 0x0000, 0x0000, 0x0000, 0x0000, 0x0000,
  0x0000, 0x0000, 0x0000, 0x0000, 0x0000, 0x0000, 0x0000, 0xFFFF, 0xFFFF, 0xFFFF,
  0xFFFF, 0xFFFF, 0x0000, 0x0000, 0x0000, 0x0000, 0xFFFF, 0xFFFF, 0xFFFF, 0xFFFF,
  0xFFFF, 0xFFFF, 0xFFFF, 0xFFFF, 0xFFFF, 0xFFFF, 0xFFFF, 0xFFFF, 0xFFFF, 0xFFFF,
  0x0000, 0x0000, 0x0000, 0x0000, 0x0000, 0x0000, 0x0000, 0x0000, 0x0000, 0xFFFF,
  0xFFFF, 0xFFFF, 0xFFFF, 0xFFFF, 0xFFFF, 0xFFFF, 0xFFFF, 0xFFFF, 0xFFFF, 0x0000,
  0x0000, 0x0000, 0x0000, 0xFFFF, 0xFFFF, 0xFFFF, 0xFFFF, 0xFFFF, 0xFFFF, 0xFFFF,
  0xFFFF, 0xFFFF, 0xFFFF, 0xFFFF, 0xFFFF, 0xFFFF, 0xFFFF, 0xFFFF, 0xFFFF, 0xFFFF,
  0xFFFF, 0xFFFF, 0xFFFF, 0xFFFF, 0xFFFF, 0xFFFF, 0xFFFF, 0xFFFF, 0xFFFF, 0xFFFF,
  0xFFFF, 0x0000, 0x0000, 0x0000, 0x0000, 0x0000, 0x0000, 0x0000, 0x0000, 0x0000,
  0x0000, 0x0000, 0x0000, 0x0000, 0x0000, 0xFFFF, 0xFFFF, 0xFFFF, 0xFFFF, 0x0000,
  0x0000, 0x0000, 0x0000, 0x0000, 0x0000, 0x0000, 0x0000, 0x0000, 0x0000, 0x0000,
  0x0000, 0x0000, 0x0000, 0xFFFF, 0xFFFF, 0xFFFF, 0xFFFF, 0xFFFF, 0xFFFF, 0xFFFF,
  0xFFFF, 0xFFFF, 0xFFFF, 0xFFFF, 0xFFFF, 0xFFFF, 0x0000, 0x0000, 0x0000, 0x0000,
  0x0000, 0x0000, 0x0000, 0x0000, 0x0000, 0xFFFF, 0xFFFF, 0xFFFF, 0xFFFF, 0xFFFF,
  0x0000, 0x0000, 0x0000, 0x0000, 0x0000, 0x0000, 0x0000, 0x0000, 0x0000, 0x0000,
  0x0000, 0x0000, 0x0000, 0x0000, 0x0000, 0x0000, 0x0000, 0x0000, 0xFFFF, 0xFFFF,
  0xFFFF, 0xFFFF, 0xFFFF, 0xFFFF, 0xFFFF, 0xFFFF, 0xFFFF, 0xFFFF, 0xFFFF, 0xFFFF,
  0xFFFF, 0xFFFF, 0x0000, 0x0000, 0x0000, 0x0000, 0x0000, 0x0000, 0x0000, 0x0000,
  0x0000, 0x0000, 0x0000, 0x0000, 0x0000, 0x0000, 0xFFFF, 0xFFFF, 0xFFFF, 0xFFFF,
  0xFFFF, 0x0000, 0x0000, 0x0000, 0x0000, 0xFFFF, 0xFFFF, 0xFFFF, 0xFFFF, 0xFFFF,
  0xFFFF, 0xFFFF, 0xFFFF, 0xFFFF, 0xFFFF, 0xFFFF, 0xFFFF, 0xFFFF, 0xFFFF, 0x0000,
  0x0000, 0x0000, 0x0000, 0x0000, 0x0000, 0x0000, 0x0000, 0x0000, 0xFFFF, 0xFFFF,
  0xFFFF, 0xFFFF, 0xFFFF, 0xFFFF, 0xFFFF, 0xFFFF, 0xFFFF, 0xFFFF, 0x0000, 0x0000,
  0x0000, 0x0000, 0xFFFF, 0xFFFF, 0xFFFF, 0xFFFF, 0xFFFF, 0xFFFF, 0xFFFF, 0xFFFF,
  0xFFFF, 0xFFFF, 0xFFFF, 0xFFFF, 0xFFFF, 0xFFFF, 0xFFFF, 0xFFFF, 0xFFFF, 0xFFFF,
  0xFFFF, 0xFFFF, 0xFFFF, 0xFFFF, 0xFFFF, 0xFFFF, 0xFFFF, 0xFFFF, 0xFFFF, 0xFFFF,
  0x0000, 0x0000, 0x0000, 0x0000, 0x0000, 0x0000, 0x0000, 0x0000, 0x0000, 0x0000,
  0x0000, 0x0000, 0x0000, 0x0000, 0xFFFF, 0xFFFF, 0xFFFF, 0xFFFF, 0x0000, 0x0000,
  0x0000, 0x0000, 0x0000, 0x0000, 0x0000, 0x0000, 0x0000, 0x0000, 0x0000, 0x0000,
  0x0000, 0x0000, 0xFFFF, 0xFFFF, 0xFFFF, 0xFFFF, 0xFFFF, 0xFFFF, 0xFFFF, 0xFFFF,
  0xFFFF, 0xFFFF, 0xFFFF, 0xFFFF, 0xFFFF, 0x0000, 0x0000, 0x0000, 0x0000, 0x0000,
  0x0000, 0x0000, 0x0000, 0x0000, 0x0000, 0x0000, 0x0000, 0x0000, 0x0000, 0x0000,
  0x0000, 0x0000, 0x0000, 0x0000, 0x0000, 0x0000, 0x0000, 0x0000, 0x0000, 0x0000,
  0x0000, 0x0000, 0x0000, 0xFFFF, 0xFFFF, 0xFFFF, 0xFFFF, 0x0000, 0x0000, 0x0000,
  0x0000, 0x0000, 0x0000, 0x0000, 0x0000, 0x0000, 0x0000, 0xFFFF, 0xFFFF, 0xFFFF,
  0xFFFF, 0x0000, 0x0000, 0x0000, 0x0000, 0x0000, 0x0000, 0x0000, 0x0000, 0x0000,
  0xFFFF, 0xFFFF, 0xFFFF, 0xFFFF, 0xFFFF, 0xFFFF, 0xFFFF, 0xFFFF, 0xFFFF, 0xFFFF,
  0x0000, 0x0000, 0x0000, 0x0000, 0xFFFF, 0xFFFF, 0xFFFF, 0xFFFF, 0xFFFF, 0x0000,
  0x0000, 0x0000, 0x0000, 0x0000, 0xFFFF, 0xFFFF, 0xFFFF, 0xFFFF, 0xFFFF, 0xFFFF,
  0xFFFF, 0xFFFF, 0xFFFF, 0x0000, 0x0000, 0x0000, 0x0000, 0x0000, 0x0000, 0x0000,
  0x0000, 0x0000, 0x0000, 0x0000, 0x0000, 0x0000, 0x0000, 0xFFFF, 0xFFFF, 0xFFFF,
  0xFFFF, 0x0000, 0x0000, 0x0000, 0x0000, 0x0000, 0xFFFF, 0xFFFF, 0xFFFF, 0xFFFF,
  0xFFFF, 0xFFFF, 0xFFFF, 0xFFFF, 0xFFFF, 0x0000, 0x0000, 0x0000, 0x0000, 0x0000,
  0x0000, 0x0000, 0x0000, 0x0000, 0xFFFF, 0xFFFF, 0xFFFF, 0xFFFF, 0xFFFF, 0xFFFF,
  0xFFFF, 0xFFFF, 0xFFFF, 0xFFFF, 0xFFFF, 0xFFFF, 0xFFFF, 0xFFFF, 0xFFFF, 0xFFFF,
  0xFFFF, 0xFFFF, 0xFFFF, 0x0000, 0x0000, 0x0000, 0x0000, 0xFFFF, 0xFFFF, 0xFFFF,
  0xFFFF, 0xFFFF, 0xFFFF, 0xFFFF, 0xFFFF, 0xFFFF, 0xFFFF, 0xFFFF, 0xFFFF, 0xFFFF,
  0xFFFF, 0xFFFF, 0xFFFF, 0xFFFF, 0xFFFF, 0xFFFF, 0xFFFF, 0xFFFF, 0xFFFF, 0xFFFF,
  0xFFFF, 0xFFFF, 0xFFFF, 0xFFFF, 0x0000, 0x0000, 0x0000, 0x0000, 0x0000, 0x0000,
  0x0000, 0x0000, 0x0000, 0x0000, 0x0000, 0x0000, 0x0000, 0x0000, 0x0000, 0x0000,
  0x0000, 0x0000, 0x0000, 0x0000, 0x0000, 0x0000, 0x0000, 0x0000, 0x0000, 0x0000,
  0x0000, 0x0000, 0xFFFF, 0xFFFF, 0xFFFF, 0xFFFF, 0x0000, 0x0000, 0x0000, 0x0000,
  0x0000, 0x0000, 0x0000, 0x0000, 0x0000, 0x0000, 0xFFFF, 0xFFFF, 0xFFFF, 0xFFFF,
  0x0000, 0x0000, 0x0000, 0x0000, 0x0000, 0x0000, 0x0000, 0x0000, 0x0000, 0xFFFF,
  0xFFFF, 0xFFFF, 0xFFFF, 0xFFFF, 0xFFFF, 0xFFFF, 0xFFFF, 0xFFFF, 0xFFFF, 0x0000,
  0x0000, 0x0000, 0x0000, 0xFFFF, 0xFFFF, 0xFFFF, 0xFFFF, 0xFFFF, 0x0000, 0x0000,
  0x0000, 0x0000, 0x0000, 0xFFFF, 0xFFFF, 0xFFFF, 0xFFFF, 0xFFFF, 0xFFFF, 0xFFFF,
  0xFFFF, 0xFFFF, 0x0000, 0x0000, 0x0000, 0x0000, 0x0000, 0x0000, 0x0000, 0x0000,
  0x0000, 0x0000, 0x0000, 0x0000, 0x0000, 0x0000, 0xFFFF, 0xFFFF, 0xFFFF, 0xFFFF,
  0x0000, 0x0000, 0x0000, 0x0000, 0x0000, 0xFFFF, 0xFFFF, 0xFFFF, 0xFFFF, 0xFFFF,
  0xFFFF, 0xFFFF, 0xFFFF, 0xFFFF, 0x0000, 0x0000, 0x0000, 0x0000, 0x0000, 0x0000,
  0x0000, 0x0000, 0x0000, 0xFFFF, 0xFFFF, 0xFFFF, 0xFFFF, 0xFFFF, 0xFFFF, 0xFFFF,
  0xFFFF, 0xFFFF, 0xFFFF, 0xFFFF, 0xFFFF, 0xFFFF, 0xFFFF, 0xFFFF, 0xFFFF, 0xFFFF,
  0xFFFF, 0xFFFF, 0x0000, 0x0000, 0x0000, 0x0000, 0xFFFF, 0xFFFF, 0xFFFF, 0xFFFF,
  0xFFFF, 0xFFFF, 0xFFFF, 0xFFFF, 0xFFFF, 0xFFFF, 0xFFFF, 0xFFFF, 0xFFFF, 0xFFFF,
  0xFFFF, 0xFFFF, 0xFFFF, 0xFFFF, 0xFFFF, 0xFFFF, 0xFFFF, 0xFFFF, 0xFFFF, 0xFFFF,
  0xFFFF, 0xFFFF, 0xFFFF, 0x0000, 0x0000, 0x0000, 0x0000, 0x0000, 0x0000, 0x0000,
  0x0000, 0x0000, 0x0000, 0x0000, 0x0000, 0x0000, 0x0000, 0x0000, 0x0000, 0x0000,
  0x0000, 0x0000, 0x0000, 0x0000, 0x0000, 0x0000, 0x0000, 0x0000, 0x0000, 0x0000,
  0x0000, 0xFFFF, 0xFFFF, 0xFFFF, 0xFFFF, 0x0000, 0x0000, 0x0000, 0x0000, 0x0000,
  0x0000, 0x0000, 0x0000, 0x0000, 0x0000, 0xFFFF, 0xFFFF, 0xFFFF, 0xFFFF, 0x0000,
  0x0000, 0x0000, 0x0000, 0x0000, 0x0000, 0x0000, 0x0000, 0x0000, 0xFFFF, 0xFFFF,
  0xFFFF, 0xFFFF, 0xFFFF, 0xFFFF, 0xFFFF, 0xFFFF, 0xFFFF, 0xFFFF, 0x0000, 0x0000,
  0x0000, 0x0000, 0xFFFF, 0xFFFF, 0xFFFF, 0xFFFF, 0xFFFF, 0x0000, 0x0000, 0x0000,
  0x0000, 0x0000, 0xFFFF, 0xFFFF, 0xFFFF, 0xFFFF, 0xFFFF, 0xFFFF, 0xFFFF, 0xFFFF,
  0xFFFF, 0x0000, 0x0000, 0x0000, 0x0000, 0x0000, 0x0000, 0x0000, 0x0000, 0x0000,
  0x0000, 0x0000, 0x0000, 0x0000, 0x0000, 0xFFFF, 0xFFFF, 0xFFFF, 0xFFFF, 0x0000,
  0x0000, 0x0000, 0x0000, 0x0000, 0xFFFF, 0xFFFF, 0xFFFF, 0xFFFF, 0xFFFF, 0xFFFF,
  0xFFFF, 0xFFFF, 0xFFFF, 0x0000, 0x0000, 0x0000, 0x0000, 0x0000, 0x0000, 0x0000,
  0x0000, 0x0000, 0xFFFF, 0xFFFF, 0xFFFF, 0xFFFF, 0xFFFF, 0xFFFF, 0xFFFF, 0xFFFF,
  0xFFFF, 0xFFFF, 0xFFFF, 0xFFFF, 0xFFFF, 0xFFFF, 0xFFFF, 0xFFFF, 0xFFFF, 0xFFFF,
  0xFFFF, 0x0000, 0x0000, 0x0000, 0x0000, 0xFFFF, 0xFFFF, 0xFFFF, 0xFFFF, 0xFFFF,
  0xFFFF, 0xFFFF, 0xFFFF, 0xFFFF, 0xFFFF, 0xFFFF, 0xFFFF, 0xFFFF, 0xFFFF, 0xFFFF,
  0xFFFF, 0xFFFF, 0xFFFF, 0xFFFF, 0xFFFF, 0xFFFF, 0xFFFF, 0xFFFF, 0xFFFF, 0xFFFF,
  0xFFFF, 0xFFFF, 0x0000, 0x0000, 0x0000, 0x0000, 0x0000, 0x0000, 0x0000, 0x0000,
  0x0000, 0x0000, 0x0000, 0x0000, 0x0000, 0x0000, 0x0000, 0x0000, 0x0000, 0x0000,
  0x0000, 0x0000, 0x0000, 0x0000, 0x0000, 0x0000, 0x0000, 0x0000, 0x0000, 0x0000,
  0xFFFF, 0xFFFF, 0xFFFF, 0xFFFF, 0x0000, 0x0000, 0x0000, 0x0000, 0x0000, 0x0000,
  0x0000, 0x0000, 0x0000, 0x0000, 0xFFFF, 0xFFFF, 0xFFFF, 0xFFFF, 0x0000, 0x0000,
  0x0000, 0x0000, 0x0000, 0x0000, 0x0000, 0x0000, 0x0000, 0xFFFF, 0xFFFF, 0xFFFF,
  0xFFFF, 0xFFFF, 0xFFFF, 0xFFFF, 0xFFFF, 0xFFFF, 0xFFFF, 0x0000, 0x0000, 0x0000,
  0x0000, 0xFFFF, 0xFFFF, 0xFFFF, 0xFFFF, 0xFFFF, 0x0000, 0x0000, 0x0000, 0x0000,
  0x0000, 0xFFFF, 0xFFFF, 0xFFFF, 0xFFFF, 0xFFFF, 0xFFFF, 0xFFFF, 0xFFFF, 0xFFFF,
  0x0000, 0x0000, 0x0000, 0x0000, 0x0000, 0x0000, 0x0000, 0x0000, 0x0000, 0x0000,
  0x0000, 0x0000, 0x0000, 0x0000, 0xFFFF, 0xFFFF, 0xFFFF, 0xFFFF, 0x0000, 0x0000,
  0x0000, 0x0000, 0x0000, 0xFFFF, 0xFFFF, 0xFFFF, 0xFFFF, 0xFFFF, 0xFFFF, 0xFFFF,
  0xFFFF, 0xFFFF, 0x0000, 0x0000, 0x0000, 0x0000, 0x0000, 0x0000, 0x0000, 0x0000,
  0x0000, 0xFFFF, 0xFFFF, 0xFFFF, 0xFFFF, 0xFFFF, 0xFFFF, 0xFFFF, 0xFFFF, 0xFFFF,
  0xFFFF, 0xFFFF, 0xFFFF, 0xFFFF, 0xFFFF, 0xFFFF, 0xFFFF, 0xFFFF, 0xFFFF, 0xFFFF,
  0x0000, 0x0000, 0x0000, 0x0000, 0xFFFF, 0xFFFF, 0xFFFF, 0xFFFF, 0xFFFF, 0xFFFF,
  0xFFFF, 0xFFFF, 0xFFFF, 0xFFFF, 0xFFFF, 0xFFFF, 0xFFFF, 0xFFFF, 0xFFFF, 0xFFFF,
  0xFFFF, 0xFFFF, 0xFFFF, 0xFFFF, 0xFFFF, 0xFFFF, 0xFFFF, 0xFFFF, 0xFFFF, 0xFFFF,
  0xFFFF, 0x0000, 0x0000, 0x0000, 0x0000, 0x0000, 0x0000, 0x0000, 0x0000, 0x0000,
  0x0000, 0x0000, 0x0000, 0x0000, 0x0000, 0x0000, 0x0000, 0x0000, 0x0000, 0x0000,
  0x0000, 0x0000, 0x0000, 0x0000, 0x0000, 0x0000, 0x0000, 0x0000, 0x0000, 0xFFFF,
  0xFFFF, 0xFFFF, 0xFFFF, 0x0000, 0x0000, 0x0000, 0x0000, 0x0000, 0x0000, 0x0000,
  0x0000, 0x0000, 0x0000, 0xFFFF, 0xFFFF, 0xFFFF, 0xFFFF, 0x0000, 0x0000, 0x0000,
  0x0000, 0x0000, 0x0000, 0x0000, 0x0000, 0x0000, 0xFFFF, 0xFFFF, 0xFFFF, 0xFFFF,
  0xFFFF, 0xFFFF, 0xFFFF, 0xFFFF, 0xFFFF, 0xFFFF, 0x0000, 0x0000, 0x0000, 0x0000,
  0xFFFF, 0xFFFF, 0xFFFF, 0xFFFF, 0xFFFF, 0x0000, 0x0000, 0x0000, 0x0000, 0x0000,
  0xFFFF, 0xFFFF, 0xFFFF, 0xFFFF, 0xFFFF, 0xFFFF, 0xFFFF, 0xFFFF, 0xFFFF, 0x0000,
  0x0000, 0x0000, 0x0000, 0x0000, 0x0000, 0x0000, 0x0000, 0x0000, 0x0000, 0x0000,
  0x0000, 0x0000, 0x0000, 0xFFFF, 0xFFFF, 0xFFFF, 0xFFFF, 0x0000, 0x0000, 0x0000,
  0x0000, 0x0000, 0xFFFF, 0xFFFF, 0xFFFF, 0xFFFF, 0xFFFF, 0xFFFF, 0xFFFF, 0xFFFF,
  0xFFFF, 0x0000, 0x0000, 0x0000, 0x0000, 0x0000, 0x0000, 0x0000, 0x0000, 0x0000,
  0xFFFF, 0xFFFF, 0xFFFF, 0xFFFF, 0xFFFF, 0xFFFF, 0xFFFF, 0xFFFF, 0xFFFF, 0xFFFF,
  0xFFFF, 0xFFFF, 0xFFFF, 0xFFFF, 0xFFFF, 0xFFFF, 0xFFFF, 0xFFFF, 0xFFFF, 0x0000,
  0x0000, 0x0000, 0x0000, 0xFFFF, 0xFFFF, 0xFFFF, 0xFFFF, 0xFFFF, 0xFFFF, 0xFFFF,
  0xFFFF, 0xFFFF, 0xFFFF, 0xFFFF, 0xFFFF, 0xFFFF, 0xFFFF, 0xFFFF, 0xFFFF, 0xFFFF,
  0xFFFF, 0xFFFF, 0xFFFF, 0xFFFF, 0xFFFF, 0xFFFF, 0xFFFF, 0xFFFF, 0xFFFF, 0xFFFF,
  0xFFFF, 0xFFFF, 0xFFFF, 0xFFFF, 0xFFFF, 0xFFFF, 0xFFFF, 0xFFFF, 0xFFFF, 0x0000,
  0x0000, 0x0000, 0x0000, 0x0000, 0xFFFF, 0xFFFF, 0xFFFF, 0xFFFF, 0xFFFF, 0x0000,
  0x0000, 0x0000, 0x0000, 0xFFFF, 0xFFFF, 0xFFFF, 0xFFFF, 0xFFFF, 0x0000, 0x0000,
  0x0000, 0x0000, 0xFFFF, 0xFFFF, 0xFFFF, 0xFFFF, 0xFFFF, 0xFFFF, 0xFFFF, 0xFFFF,
  0xFFFF, 0xFFFF, 0x0000, 0x0000, 0x0000, 0x0000, 0x0000, 0x0000, 0x0000, 0x0000,
  0x0000, 0x0000, 0x0000, 0x0000, 0x0000, 0x0000, 0x0000, 0x0000, 0x0000, 0x0000,
  0xFFFF, 0xFFFF, 0xFFFF, 0xFFFF, 0xFFFF, 0xFFFF, 0xFFFF, 0xFFFF, 0xFFFF, 0xFFFF,
  0xFFFF, 0xFFFF, 0xFFFF, 0xFFFF, 0x0000, 0x0000, 0x0000, 0x0000, 0x0000, 0xFFFF,
  0xFFFF, 0xFFFF, 0xFFFF, 0xFFFF, 0xFFFF, 0xFFFF, 0xFFFF, 0xFFFF, 0xFFFF, 0xFFFF,
  0xFFFF, 0xFFFF, 0x0000, 0x0000, 0x0000, 0x0000, 0x0000, 0xFFFF, 0xFFFF, 0xFFFF,
  0xFFFF, 0xFFFF, 0xFFFF, 0xFFFF, 0xFFFF, 0xFFFF, 0x0000, 0x0000, 0x0000, 0x0000,
  0x0000, 0xFFFF, 0xFFFF, 0xFFFF, 0xFFFF, 0x0000, 0x0000, 0x0000, 0x0000, 0x0000,
  0x0000, 0x0000, 0x0000, 0x0000, 0x0000, 0x0000, 0x0000, 0x0000, 0x0000, 0x0000,
  0x0000, 0x0000, 0x0000, 0x0000, 0xFFFF, 0xFFFF, 0xFFFF, 0xFFFF, 0xFFFF, 0xFFFF,
  0xFFFF, 0xFFFF, 0xFFFF, 0x0000, 0x0000, 0x0000, 0x0000, 0x0000, 0x0000, 0x0000,
  0x0000, 0x0000, 0x0000, 0x0000, 0x0000, 0x0000, 0x0000, 0xFFFF, 0xFFFF, 0xFFFF,
  0xFFFF, 0xFFFF, 0xFFFF, 0xFFFF, 0xFFFF, 0xFFFF, 0xFFFF, 0xFFFF, 0xFFFF, 0xFFFF,
  0xFFFF, 0xFFFF, 0xFFFF, 0xFFFF, 0xFFFF, 0xFFFF, 0xFFFF, 0xFFFF, 0xFFFF, 0xFFFF,
  0xFFFF, 0xFFFF, 0xFFFF, 0xFFFF, 0xFFFF, 0xFFFF, 0xFFFF, 0xFFFF, 0x0000, 0x0000,
  0x0000, 0x0000, 0x0000, 0xFFFF, 0xFFFF, 0xFFFF, 0xFFFF, 0xFFFF, 0x0000, 0x0000,
  0x0000, 0x0000, 0xFFFF, 0xFFFF, 0xFFFF, 0xFFFF, 0xFFFF, 0x0000, 0x0000, 0x0000,
  0x0000, 0xFFFF, 0xFFFF, 0xFFFF, 0xFFFF, 0xFFFF, 0xFFFF, 0xFFFF, 0xFFFF, 0xFFFF,
  0xFFFF, 0x0000, 0x0000, 0x0000, 0x0000, 0x0000, 0x0000, 0x0000, 0x0000, 0x0000,
  0x0000, 0x0000, 0x0000, 0x0000, 0x0000, 0x0000, 0x0000, 0x0000, 0x0000, 0xFFFF,
  0xFFFF, 0xFFFF, 0xFFFF, 0xFFFF, 0xFFFF, 0xFFFF, 0xFFFF, 0xFFFF, 0xFFFF, 0xFFFF,
  0xFFFF, 0xFFFF, 0xFFFF, 0x0000, 0x0000, 0x0000, 0x0000, 0x0000, 0xFFFF, 0xFFFF,
  0xFFFF, 0xFFFF, 0xFFFF, 0xFFFF, 0xFFFF, 0xFFFF, 0xFFFF, 0xFFFF, 0xFFFF, 0xFFFF,
  0xFFFF, 0x0000, 0x0000, 0x0000, 0x0000, 0x0000, 0xFFFF, 0xFFFF, 0xFFFF, 0xFFFF,
  0xFFFF, 0xFFFF, 0xFFFF, 0xFFFF, 0xFFFF, 0x0000, 0x0000, 0x0000, 0x0000, 0x0000,
  0xFFFF, 0xFFFF, 0xFFFF, 0xFFFF, 0x0000, 0x0000, 0x0000, 0x0000, 0x0000, 0x0000,
  0x0000, 0x0000, 0x0000, 0x0000, 0x0000, 0x0000, 0x0000, 0x0000, 0x0000, 0x0000,
  0x0000, 0x0000, 0x0000, 0xFFFF, 0xFFFF, 0xFFFF, 0xFFFF, 0xFFFF, 0xFFFF, 0xFFFF,
  0xFFFF, 0xFFFF, 0x0000, 0x0000, 0x0000, 0x0000, 0x0000, 0x0000, 0x0000, 0x0000,
  0x0000, 0x0000, 0x0000, 0x0000, 0x0000, 0x0000, 0xFFFF, 0xFFFF, 0xFFFF, 0xFFFF,
  0xFFFF, 0xFFFF, 0xFFFF, 0xFFFF, 0xFFFF, 0xFFFF, 0xFFFF, 0xFFFF, 0xFFFF, 0xFFFF,
  0xFFFF, 0xFFFF, 0xFFFF, 0xFFFF, 0xFFFF, 0xFFFF, 0xFFFF, 0xFFFF, 0xFFFF, 0xFFFF,
  0xFFFF, 0xFFFF, 0xFFFF, 0xFFFF, 0xFFFF, 0xFFFF, 0xFFFF, 0x0000, 0x0000, 0x0000,
  0x0000, 0x0000, 0xFFFF, 0xFFFF, 0xFFFF, 0xFFFF, 0xFFFF, 0x0000, 0x0000, 0x0000,
  0x0000, 0xFFFF, 0xFFFF, 0xFFFF, 0xFFFF, 0xFFFF, 0x0000, 0x0000, 0x0000, 0x0000,
  0xFFFF, 0xFFFF, 0xFFFF, 0xFFFF, 0xFFFF, 0xFFFF, 0xFFFF, 0xFFFF, 0xFFFF, 0xFFFF,
  0x0000, 0x0000, 0x0000, 0x0000, 0x0000, 0x0000, 0x0000, 0x0000, 0x0000, 0x0000,
  0x0000, 0x0000, 0x0000, 0x0000, 0x0000, 0x0000, 0x0000, 0x0000, 0xFFFF, 0xFFFF,
  0xFFFF, 0xFFFF, 0xFFFF, 0xFFFF, 0xFFFF, 0xFFFF, 0xFFFF, 0xFFFF, 0xFFFF, 0xFFFF,
  0xFFFF, 0xFFFF, 0x0000, 0x0000, 0x0000, 0x0000, 0x0000, 0xFFFF, 0xFFFF, 0xFFFF,
  0xFFFF, 0xFFFF, 0xFFFF, 0xFFFF, 0xFFFF, 0xFFFF, 0xFFFF, 0xFFFF, 0xFFFF, 0xFFFF,
  0x0000, 0x0000, 0x0000, 0x0000, 0x0000, 0xFFFF, 0xFFFF, 0xFFFF, 0xFFFF, 0xFFFF,
  0xFFFF, 0xFFFF, 0xFFFF, 0xFFFF, 0x0000, 0x0000, 0x0000, 0x0000, 0x0000, 0xFFFF,
  0xFFFF, 0xFFFF, 0xFFFF, 0x0000, 0x0000, 0x0000, 0x0000, 0x0000, 0x0000, 0x0000,
  0x0000, 0x0000, 0x0000, 0x0000, 0x0000, 0x0000, 0x0000, 0x0000, 0x0000, 0x0000,
  0x0000, 0x0000, 0xFFFF, 0xFFFF, 0xFFFF, 0xFFFF, 0xFFFF, 0xFFFF, 0xFFFF, 0xFFFF,
  0xFFFF, 0x0000, 0x0000, 0x0000, 0x0000, 0x0000, 0x0000, 0x0000, 0x0000, 0x0000,
  0x0000, 0x0000, 0x0000, 0x0000, 0x0000, 0xFFFF, 0xFFFF, 0xFFFF, 0xFFFF, 0xFFFF,
  0xFFFF, 0xFFFF, 0xFFFF, 0xFFFF, 0xFFFF, 0xFFFF, 0xFFFF, 0xFFFF, 0xFFFF, 0xFFFF,
  0xFFFF, 0xFFFF, 0xFFFF, 0xFFFF, 0xFFFF, 0xFFFF, 0xFFFF, 0xFFFF, 0xFFFF, 0xFFFF,
  0xFFFF, 0xFFFF, 0xFFFF, 0xFFFF, 0xFFFF, 0xFFFF, 0x0000, 0x0000, 0x0000, 0x0000,
  0x0000, 0xFFFF, 0xFFFF, 0xFFFF, 0xFFFF, 0xFFFF, 0x0000, 0x0000, 0x0000, 0x0000,
  0xFFFF, 0xFFFF, 0xFFFF, 0xFFFF, 0xFFFF, 0x0000, 0x0000, 0x0000, 0x0000, 0xFFFF,
  0xFFFF, 0xFFFF, 0xFFFF, 0xFFFF, 0xFFFF, 0xFFFF, 0xFFFF, 0xFFFF, 0xFFFF, 0x0000,
  0x0000, 0x0000, 0x0000, 0x0000, 0x0000, 0x0000, 0x0000, 0x0000, 0x0000, 0x0000,
  0x0000, 0x0000, 0x0000, 0x0000, 0x0000, 0x0000, 0x0000, 0xFFFF, 0xFFFF, 0xFFFF,
  0xFFFF, 0xFFFF, 0xFFFF, 0xFFFF, 0xFFFF, 0xFFFF, 0xFFFF, 0xFFFF, 0xFFFF, 0xFFFF,
  0xFFFF, 0x0000, 0x0000, 0x0000, 0x0000, 0x0000, 0xFFFF, 0xFFFF, 0xFFFF, 0xFFFF,
  0xFFFF, 0xFFFF, 0xFFFF, 0xFFFF, 0xFFFF, 0xFFFF, 0xFFFF, 0xFFFF, 0xFFFF, 0x0000,
  0x0000, 0x0000, 0x0000, 0x0000, 0xFFFF, 0xFFFF, 0xFFFF, 0xFFFF, 0xFFFF, 0xFFFF,
  0xFFFF, 0xFFFF, 0xFFFF, 0x0000, 0x0000, 0x0000, 0x0000, 0x0000, 0xFFFF, 0xFFFF,
  0xFFFF, 0xFFFF, 0x0000, 0x0000, 0x0000, 0x0000, 0x0000, 0x0000, 0x0000, 0x0000,
  0x0000, 0x0000, 0x0000, 0x0000, 0x0000, 0x0000, 0x0000, 0x0000, 0x0000, 0x0000,
  0x0000, 0xFFFF, 0xFFFF, 0xFFFF, 0xFFFF, 0xFFFF, 0xFFFF, 0xFFFF, 0xFFFF, 0xFFFF,
  0x0000, 0x0000, 0x0000, 0x0000, 0x0000, 0x0000, 0x0000, 0x0000, 0x0000, 0x0000,
  0x0000, 0x0000, 0x0000, 0x0000, 0xFFFF, 0xFFFF, 0xFFFF, 0xFFFF, 0xFFFF, 0xFFFF,
  0xFFFF, 0xFFFF, 0xFFFF, 0xFFFF, 0xFFFF, 0xFFFF, 0xFFFF, 0xFFFF, 0xFFFF, 0xFFFF,
  0xFFFF, 0xFFFF, 0xFFFF, 0xFFFF, 0xFFFF, 0xFFFF, 0xFFFF, 0xFFFF, 0xFFFF, 0xFFFF,
  0xFFFF, 0xFFFF, 0xFFFF, 0xFFFF, 0xFFFF, 0x0000, 0x0000, 0x0000, 0x0000, 0x0000,
  0xFFFF, 0xFFFF, 0xFFFF, 0xFFFF, 0xFFFF, 0x0000, 0x0000, 0x0000, 0x0000, 0xFFFF,
  0xFFFF, 0xFFFF, 0xFFFF, 0xFFFF, 0x0000, 0x0000, 0x0000, 0x0000, 0xFFFF, 0xFFFF,
  0xFFFF, 0xFFFF, 0xFFFF, 0xFFFF, 0xFFFF, 0xFFFF, 0xFFFF, 0xFFFF, 0x0000, 0x0000,
  0x0000, 0x0000, 0x0000, 0x0000, 0x0000, 0x0000, 0x0000, 0x0000, 0x0000, 0x0000,
  0x0000, 0x0000, 0x0000, 0x0000, 0x0000, 0x0000, 0xFFFF, 0xFFFF, 0xFFFF, 0xFFFF,
  0xFFFF, 0xFFFF, 0xFFFF, 0xFFFF, 0xFFFF, 0xFFFF, 0xFFFF, 0xFFFF, 0xFFFF, 0xFFFF,
  0x0000, 0x0000, 0x0000, 0x0000, 0x0000, 0xFFFF, 0xFFFF, 0xFFFF, 0xFFFF, 0xFFFF,
  0xFFFF, 0xFFFF, 0xFFFF, 0xFFFF, 0xFFFF, 0xFFFF, 0xFFFF, 0xFFFF, 0x0000, 0x0000,
  0x0000, 0x0000, 0x0000, 0xFFFF, 0xFFFF, 0xFFFF, 0xFFFF, 0xFFFF, 0xFFFF, 0xFFFF,
  0xFFFF, 0xFFFF, 0x0000, 0x0000, 0x0000, 0x0000, 0x0000, 0xFFFF, 0xFFFF, 0xFFFF,
  0xFFFF, 0x0000, 0x0000, 0x0000, 0x0000, 0x0000, 0x0000, 0x0000, 0x0000, 0x0000,
  0x0000, 0x0000, 0x0000, 0x0000, 0x0000, 0x0000, 0x0000, 0x0000, 0x0000, 0x0000,
  0xFFFF, 0xFFFF, 0xFFFF, 0xFFFF, 0xFFFF, 0xFFFF, 0xFFFF, 0xFFFF, 0xFFFF, 0x0000,
  0x0000, 0x0000, 0x0000, 0x0000, 0x0000, 0x0000, 0x0000, 0x0000, 0x0000, 0x0000,
  0x0000, 0x0000, 0x0000, 0xFFFF, 0xFFFF, 0xFFFF, 0xFFFF, 0xFFFF, 0xFFFF, 0xFFFF,
  0xFFFF, 0xFFFF, 0xFFFF, 0xFFFF, 0xFFFF, 0xFFFF, 0xFFFF, 0xFFFF, 0xFFFF, 0xFFFF,
  0xFFFF, 0xFFFF, 0xFFFF, 0xFFFF, 0xFFFF, 0xFFFF, 0xFFFF, 0xFFFF, 0xFFFF, 0xFFFF,
  0xFFFF, 0xFFFF, 0xFFFF, 0xFFFF, 0xFFFF, 0xFFFF, 0xFFFF, 0xFFFF, 0xFFFF, 0x0000,
  0x0000, 0x0000, 0x0000, 0x0000, 0xFFFF, 0xFFFF, 0xFFFF, 0xFFFF, 0x0000, 0x0000,
  0x0000, 0x0000, 0x0000, 0xFFFF, 0xFFFF, 0xFFFF, 0xFFFF, 0x0000, 0x0000, 0x0000,
  0x0000, 0x0000, 0xFFFF, 0xFFFF, 0xFFFF, 0xFFFF, 0xFFFF, 0x0000, 0x0000, 0x0000,
  0x0000, 0xFFFF, 0xFFFF, 0xFFFF, 0xFFFF, 0xFFFF, 0xFFFF, 0xFFFF, 0xFFFF, 0xFFFF,
  0xFFFF, 0xFFFF, 0xFFFF, 0xFFFF, 0xFFFF, 0xFFFF, 0xFFFF, 0xFFFF, 0xFFFF, 0xFFFF,
  0x0000, 0x0000, 0x0000, 0x0000, 0xFFFF, 0xFFFF, 0xFFFF, 0xFFFF, 0xFFFF, 0xFFFF,
  0xFFFF, 0xFFFF, 0xFFFF, 0xFFFF, 0x0000, 0x0000, 0x0000, 0x0000, 0x0000, 0x0000,
  0x0000, 0x0000, 0x0000, 0xFFFF, 0xFFFF, 0xFFFF, 0xFFFF, 0xFFFF, 0xFFFF, 0xFFFF,
  0xFFFF, 0xFFFF, 0x0000, 0x0000, 0x0000, 0x0000, 0x0000, 0xFFFF, 0xFFFF, 0xFFFF,
  0xFFFF, 0xFFFF, 0xFFFF, 0xFFFF, 0xFFFF, 0xFFFF, 0xFFFF, 0xFFFF, 0xFFFF, 0xFFFF,
  0xFFFF, 0xFFFF, 0xFFFF, 0xFFFF, 0xFFFF, 0x0000, 0x0000, 0x0000, 0x0000, 0x0000,
  0xFFFF, 0xFFFF, 0xFFFF, 0xFFFF, 0xFFFF, 0xFFFF, 0xFFFF, 0xFFFF, 0xFFFF, 0x0000,
  0x0000, 0x0000, 0x0000, 0x0000, 0xFFFF, 0xFFFF, 0xFFFF, 0xFFFF, 0x0000, 0x0000,
  0x0000, 0x0000, 0x0000, 0x0000, 0x0000, 0x0000, 0x0000, 0xFFFF, 0xFFFF, 0xFFFF,
  0xFFFF, 0xFFFF, 0x0000, 0x0000, 0x0000, 0x0000, 0x0000, 0xFFFF, 0xFFFF, 0xFFFF,
  0xFFFF, 0x0000, 0x0000, 0x0000, 0x0000, 0xFFFF, 0xFFFF, 0xFFFF, 0xFFFF, 0xFFFF,
  0xFFFF, 0xFFFF, 0xFFFF, 0xFFFF, 0xFFFF, 0xFFFF, 0xFFFF, 0xFFFF, 0xFFFF, 0xFFFF,
  0xFFFF, 0xFFFF, 0xFFFF, 0xFFFF, 0xFFFF, 0xFFFF, 0xFFFF, 0xFFFF, 0x0000, 0x0000,
  0x0000, 0x0000, 0x0000, 0xFFFF, 0xFFFF, 0xFFFF, 0xFFFF, 0x0000, 0x0000, 0x0000,
  0x0000, 0x0000, 0xFFFF, 0xFFFF, 0xFFFF, 0xFFFF, 0x0000, 0x0000, 0x0000, 0x0000,
  0x0000, 0xFFFF, 0xFFFF, 0xFFFF, 0xFFFF, 0xFFFF, 0x0000, 0x0000, 0x0000, 0x0000,
  0xFFFF, 0xFFFF, 0xFFFF, 0xFFFF, 0xFFFF, 0xFFFF, 0xFFFF, 0xFFFF, 0xFFFF, 0xFFFF,
  0xFFFF, 0xFFFF, 0xFFFF, 0xFFFF, 0xFFFF, 0xFFFF, 0xFFFF, 0xFFFF, 0xFFFF, 0x0000,
  0x0000, 0x0000, 0x0000, 0xFFFF, 0xFFFF, 0xFFFF, 0xFFFF, 0xFFFF, 0xFFFF, 0xFFFF,
  0xFFFF, 0xFFFF, 0xFFFF, 0x0000, 0x0000, 0x0000, 0x0000, 0x0000, 0x0000, 0x0000,
  0x0000, 0x0000, 0xFFFF, 0xFFFF, 0xFFFF, 0xFFFF, 0xFFFF, 0xFFFF, 0xFFFF, 0xFFFF,
  0xFFFF, 0x0000, 0x0000, 0x0000, 0x0000, 0x0000, 0xFFFF, 0xFFFF, 0xFFFF, 0xFFFF,
  0xFFFF, 0xFFFF, 0xFFFF, 0xFFFF, 0xFFFF, 0xFFFF, 0xFFFF, 0xFFFF, 0xFFFF, 0xFFFF,
  0xFFFF, 0xFFFF, 0xFFFF, 0xFFFF, 0x0000, 0x0000, 0x0000, 0x0000, 0x0000, 0xFFFF,
  0xFFFF, 0xFFFF, 0xFFFF, 0xFFFF, 0xFFFF, 0xFFFF, 0xFFFF, 0xFFFF, 0x0000, 0x0000,
  0x0000, 0x0000, 0x0000, 0xFFFF, 0xFFFF, 0xFFFF, 0xFFFF, 0x0000, 0x0000, 0x0000,
  0x0000, 0x0000, 0x0000, 0x0000, 0x0000, 0x0000, 0xFFFF, 0xFFFF, 0xFFFF, 0xFFFF,
  0xFFFF, 0x0000, 0x0000, 0x0000, 0x0000, 0x0000, 0xFFFF, 0xFFFF, 0xFFFF, 0xFFFF,
  0x0000, 0x0000, 0x0000, 0x0000, 0xFFFF, 0xFFFF, 0xFFFF, 0xFFFF, 0xFFFF, 0xFFFF,
  0xFFFF, 0xFFFF, 0xFFFF, 0xFFFF, 0xFFFF, 0xFFFF, 0xFFFF, 0xFFFF, 0xFFFF, 0xFFFF,
  0xFFFF, 0xFFFF, 0xFFFF, 0xFFFF, 0xFFFF, 0xFFFF, 0xFFFF, 0x0000, 0x0000, 0x0000,
  0x0000, 0x0000, 0xFFFF, 0xFFFF, 0xFFFF, 0xFFFF, 0x0000, 0x0000, 0x0000, 0x0000,
  0x0000, 0xFFFF, 0xFFFF, 0xFFFF, 0xFFFF, 0x0000, 0x0000, 0x0000, 0x0000, 0x0000,
  0xFFFF, 0xFFFF, 0xFFFF, 0xFFFF, 0xFFFF, 0x0000, 0x0000, 0x0000, 0x0000, 0xFFFF,
  0xFFFF, 0xFFFF, 0xFFFF, 0xFFFF, 0xFFFF, 0xFFFF, 0xFFFF, 0xFFFF, 0xFFFF, 0xFFFF,
  0xFFFF, 0xFFFF, 0xFFFF, 0xFFFF, 0xFFFF, 0xFFFF, 0xFFFF, 0xFFFF, 0x0000, 0x0000,
  0x0000, 0x0000, 0xFFFF, 0xFFFF, 0xFFFF, 0xFFFF, 0xFFFF, 0xFFFF, 0xFFFF, 0xFFFF,
  0xFFFF, 0xFFFF, 0x0000, 0x0000, 0x0000, 0x0000, 0x0000, 0x0000, 0x0000, 0x0000,
  0x0000, 0xFFFF, 0xFFFF, 0xFFFF, 0xFFFF, 0xFFFF, 0xFFFF, 0xFFFF, 0xFFFF, 0xFFFF,
  0x0000, 0x0000, 0x0000, 0x0000, 0x0000, 0xFFFF, 0xFFFF, 0xFFFF, 0xFFFF, 0xFFFF,
  0xFFFF, 0xFFFF, 0xFFFF, 0xFFFF, 0xFFFF, 0xFFFF, 0xFFFF, 0xFFFF, 0xFFFF, 0xFFFF,
  0xFFFF, 0xFFFF, 0xFFFF, 0x0000, 0x0000, 0x0000, 0x0000, 0x0000, 0xFFFF, 0xFFFF,
  0xFFFF, 0xFFFF, 0xFFFF, 0xFFFF, 0xFFFF, 0xFFFF, 0xFFFF, 0x0000, 0x0000, 0x0000,
  0x0000, 0x0000, 0xFFFF, 0xFFFF, 0xFFFF, 0xFFFF, 0x0000, 0x0000, 0x0000, 0x0000,
  0x0000, 0x0000, 0x0000, 0x0000, 0x0000, 0xFFFF, 0xFFFF, 0xFFFF, 0xFFFF, 0xFFFF,
  0x0000, 0x0000, 0x0000, 0x0000, 0x0000, 0xFFFF, 0xFFFF, 0xFFFF, 0xFFFF, 0x0000,
  0x0000, 0x0000, 0x0000, 0xFFFF, 0xFFFF, 0xFFFF, 0xFFFF, 0xFFFF, 0xFFFF, 0xFFFF,
  0xFFFF, 0xFFFF, 0xFFFF, 0xFFFF, 0xFFFF, 0xFFFF, 0xFFFF, 0xFFFF, 0xFFFF, 0xFFFF,
  0xFFFF, 0xFFFF, 0xFFFF, 0xFFFF, 0xFFFF, 0xFFFF, 0x0000, 0x0000, 0x0000, 0x0000,
  0x0000, 0xFFFF, 0xFFFF, 0xFFFF, 0xFFFF, 0x0000, 0x0000, 0x0000, 0x0000, 0x0000,
  0xFFFF, 0xFFFF, 0xFFFF, 0xFFFF, 0x0000, 0x0000, 0x0000, 0x0000, 0x0000, 0xFFFF,
  0xFFFF, 0xFFFF, 0xFFFF, 0xFFFF, 0x0000, 0x0000, 0x0000, 0x0000, 0xFFFF, 0xFFFF,
  0xFFFF, 0xFFFF, 0xFFFF, 0xFFFF, 0xFFFF, 0xFFFF, 0xFFFF, 0xFFFF, 0xFFFF, 0xFFFF,
  0xFFFF, 0xFFFF, 0xFFFF, 0xFFFF, 0xFFFF, 0xFFFF, 0xFFFF, 0x0000, 0x0000, 0x0000,
  0x0000, 0xFFFF, 0xFFFF, 0xFFFF, 0xFFFF, 0xFFFF, 0xFFFF, 0xFFFF, 0xFFFF, 0xFFFF,
  0xFFFF, 0x0000, 0x0000, 0x0000, 0x0000, 0x0000, 0x0000, 0x0000, 0x0000, 0x0000,
  0xFFFF, 0xFFFF, 0xFFFF, 0xFFFF, 0xFFFF, 0xFFFF, 0xFFFF, 0xFFFF, 0xFFFF, 0x0000,
  0x0000, 0x0000, 0x0000, 0x0000, 0xFFFF, 0xFFFF, 0xFFFF, 0xFFFF, 0xFFFF, 0xFFFF,
  0xFFFF, 0xFFFF, 0xFFFF, 0xFFFF, 0xFFFF, 0xFFFF, 0xFFFF, 0xFFFF, 0xFFFF, 0xFFFF,
  0xFFFF, 0xFFFF, 0x0000, 0x0000, 0x0000, 0x0000, 0x0000, 0xFFFF, 0xFFFF, 0xFFFF,
  0xFFFF, 0xFFFF, 0xFFFF, 0xFFFF, 0xFFFF, 0xFFFF, 0x0000, 0x0000, 0x0000, 0x0000,
  0x0000, 0xFFFF, 0xFFFF, 0xFFFF, 0xFFFF, 0x0000, 0x0000, 0x0000, 0x0000, 0x0000,
  0x0000, 0x0000, 0x0000, 0x0000, 0xFFFF, 0xFFFF, 0xFFFF, 0xFFFF, 0xFFFF, 0x0000,
  0x0000, 0x0000, 0x0000, 0x0000, 0xFFFF, 0xFFFF, 0xFFFF, 0xFFFF, 0x0000, 0x0000,
  0x0000, 0x0000, 0xFFFF, 0xFFFF, 0xFFFF, 0xFFFF, 0xFFFF, 0xFFFF, 0xFFFF, 0xFFFF,
  0xFFFF, 0x0000, 0x0000, 0x0000, 0x0000, 0x0000, 0x0000, 0x0000, 0x0000, 0x0000,
  0x0000, 0x0000, 0x0000, 0x0000, 0x0000, 0x0000, 0x0000, 0x0000, 0x0000, 0x0000,
  0xFFFF, 0xFFFF, 0xFFFF, 0xFFFF, 0xFFFF, 0xFFFF, 0xFFFF, 0xFFFF, 0xFFFF, 0x0000,
  0x0000, 0x0000, 0x0000, 0xFFFF, 0xFFFF, 0xFFFF, 0xFFFF, 0xFFFF, 0x0000, 0x0000,
  0x0000, 0x0000, 0x0000, 0x0000, 0x0000, 0x0000, 0x0000, 0xFFFF, 0xFFFF, 0xFFFF,
  0xFFFF, 0xFFFF, 0xFFFF, 0xFFFF, 0xFFFF, 0xFFFF, 0x0000, 0x0000, 0x0000, 0x0000,
  0x0000, 0x0000, 0x0000, 0x0000, 0x0000, 0x0000, 0x0000, 0x0000, 0x0000, 0x0000,
  0x0000, 0x0000, 0x0000, 0x0000, 0x0000, 0x0000, 0x0000, 0x0000, 0x0000, 0x0000,
  0x0000, 0x0000, 0x0000, 0x0000, 0xFFFF, 0xFFFF, 0xFFFF, 0xFFFF, 0xFFFF, 0x0000,
  0x0000, 0x0000, 0x0000, 0x0000, 0x0000, 0x0000, 0x0000, 0x0000, 0x0000, 0x0000,
  0x0000, 0x0000, 0x0000, 0x0000, 0x0000, 0x0000, 0x0000, 0x0000, 0x0000, 0x0000,
  0x0000, 0x0000, 0x0000, 0x0000, 0x0000, 0x0000, 0xFFFF, 0xFFFF, 0xFFFF, 0xFFFF,
  0xFFFF, 0xFFFF, 0xFFFF, 0xFFFF, 0xFFFF, 0xFFFF, 0x0000, 0x0000, 0x0000, 0x0000,
  0x0000, 0x0000, 0x0000, 0x0000, 0x0000, 0x0000, 0x0000, 0x0000, 0x0000, 0x0000,
  0x0000, 0x0000, 0x0000, 0x0000, 0x0000, 0x0000, 0x0000, 0x0000, 0x0000, 0x0000,
  0x0000, 0x0000, 0x0000, 0xFFFF, 0xFFFF, 0xFFFF, 0xFFFF, 0xFFFF, 0x0000, 0x0000,
  0x0000, 0x0000, 0x0000, 0xFFFF, 0xFFFF, 0xFFFF, 0xFFFF, 0x0000, 0x0000, 0x0000,
  0x0000, 0xFFFF, 0xFFFF, 0xFFFF, 0xFFFF, 0xFFFF, 0xFFFF, 0xFFFF, 0xFFFF, 0xFFFF,
  0x0000, 0x0000, 0x0000, 0x0000, 0x0000, 0x0000, 0x0000, 0x0000, 0x0000, 0x0000,
  0x0000, 0x0000, 0x0000, 0x0000, 0x0000, 0x0000, 0x0000, 0x0000, 0x0000, 0xFFFF,
  0xFFFF, 0xFFFF, 0xFFFF, 0xFFFF, 0xFFFF, 0xFFFF, 0xFFFF, 0xFFFF, 0x0000, 0x0000,
  0x0000, 0x0000, 0xFFFF, 0xFFFF, 0xFFFF, 0xFFFF, 0xFFFF, 0x0000, 0x0000, 0x0000,
  0x0000, 0x0000, 0x0000, 0x0000, 0x0000, 0x0000, 0xFFFF, 0xFFFF, 0xFFFF, 0xFFFF,
  0xFFFF, 0xFFFF, 0xFFFF, 0xFFFF, 0xFFFF, 0x0000, 0x0000, 0x0000, 0x0000, 0x0000,
  0x0000, 0x0000, 0x0000, 0x0000, 0x0000, 0x0000, 0x0000, 0x0000, 0x0000, 0x0000,
  0x0000, 0x0000, 0x0000, 0x0000, 0x0000, 0x0000, 0x0000, 0x0000, 0x0000, 0x0000,
  0x0000, 0x0000, 0x0000, 0xFFFF, 0xFFFF, 0xFFFF, 0xFFFF, 0xFFFF, 0x0000, 0x0000,
  0x0000, 0x0000, 0x0000, 0x0000, 0x0000, 0x0000, 0x0000, 0x0000, 0x0000, 0x0000,
  0x0000, 0x0000, 0x0000, 0x0000, 0x0000, 0x0000, 0x0000, 0x0000, 0x0000, 0x0000,
  0x0000, 0x0000, 0x0000, 0x0000, 0x0000, 0xFFFF, 0xFFFF, 0xFFFF, 0xFFFF, 0xFFFF,
  0xFFFF, 0xFFFF, 0xFFFF, 0xFFFF, 0xFFFF, 0x0000, 0x0000, 0x0000, 0x0000, 0x0000,
  0x0000, 0x0000, 0x0000, 0x0000, 0x0000, 0x0000, 0x0000, 0x0000, 0x0000, 0x0000,
  0x0000, 0x0000, 0x0000, 0x0000, 0x0000, 0x0000, 0x0000, 0x0000, 0x0000, 0x0000,
  0x0000, 0x0000, 0xFFFF, 0xFFFF, 0xFFFF, 0xFFFF, 0xFFFF, 0x0000, 0x0000, 0x0000,
  0x0000, 0x0000, 0xFFFF, 0xFFFF, 0xFFFF, 0xFFFF, 0x0000, 0x0000, 0x0000, 0x0000,
  0xFFFF, 0xFFFF, 0xFFFF, 0xFFFF, 0xFFFF, 0xFFFF, 0xFFFF, 0xFFFF, 0xFFFF, 0x0000,
  0x0000, 0x0000, 0x0000, 0x0000, 0x0000, 0x0000, 0x0000, 0x0000, 0x0000, 0x0000,
  0x0000, 0x0000, 0x0000, 0x0000, 0x0000, 0x0000, 0x0000, 0x0000, 0xFFFF, 0xFFFF,
  0xFFFF, 0xFFFF, 0xFFFF, 0xFFFF, 0xFFFF, 0xFFFF, 0xFFFF, 0x0000, 0x0000, 0x0000,
  0x0000, 0xFFFF, 0xFFFF, 0xFFFF, 0xFFFF, 0xFFFF, 0x0000, 0x0000, 0x0000, 0x0000,
  0x0000, 0x0000, 0x0000, 0x0000, 0x0000, 0xFFFF, 0xFFFF, 0xFFFF, 0xFFFF, 0xFFFF,
  0xFFFF, 0xFFFF, 0xFFFF, 0xFFFF, 0x0000, 0x0000, 0x0000, 0x0000, 0x0000, 0x0000,
  0x0000, 0x0000, 0x0000, 0x0000, 0x0000, 0x0000, 0x0000, 0x0000, 0x0000, 0x0000,
  0x0000, 0x0000, 0x0000, 0x0000, 0x0000, 0x0000, 0x0000, 0x0000, 0x0000, 0x0000,
  0x0000, 0x0000, 0xFFFF, 0xFFFF, 0xFFFF, 0xFFFF, 0xFFFF, 0x0000, 0x0000, 0x0000,
  0x0000, 0x0000, 0x0000, 0x0000, 0x0000, 0x0000, 0x0000, 0x0000, 0x0000, 0x0000,
  0x0000, 0x0000, 0x0000, 0x0000, 0x0000, 0x0000, 0x0000, 0x0000, 0x0000, 0x0000,
  0x0000, 0x0000, 0x0000, 0x0000, 0xFFFF, 0xFFFF, 0xFFFF, 0xFFFF, 0xFFFF, 0xFFFF,
  0xFFFF, 0xFFFF, 0xFFFF, 0xFFFF, 0x0000, 0x0000, 0x0000, 0x0000, 0x0000, 0x0000,
  0x0000, 0x0000, 0x0000, 0x0000, 0x0000, 0x0000, 0x0000, 0x0000, 0x0000, 0x0000,
  0x0000, 0x0000, 0x0000, 0x0000, 0x0000, 0x0000, 0x0000, 0x0000, 0x0000, 0x0000,
  0x0000, 0xFFFF, 0xFFFF, 0xFFFF, 0xFFFF, 0xFFFF, 0x0000, 0x0000, 0x0000, 0x0000,
  0x0000, 0xFFFF, 0xFFFF, 0xFFFF, 0xFFFF, 0x0000, 0x0000, 0x0000, 0x0000, 0xFFFF,
  0xFFFF, 0xFFFF, 0xFFFF, 0xFFFF, 0xFFFF, 0xFFFF, 0xFFFF, 0xFFFF, 0x0000, 0x0000,
  0x0000, 0x0000, 0x0000, 0x0000, 0x0000, 0x0000, 0x0000, 0x0000, 0x0000, 0x0000,
  0x0000, 0x0000, 0x0000, 0x0000, 0x0000, 0x0000, 0x0000, 0xFFFF, 0xFFFF, 0xFFFF,
  0xFFFF, 0xFFFF, 0xFFFF, 0xFFFF, 0xFFFF, 0xFFFF, 0x0000, 0x0000, 0x0000, 0x0000,
  0xFFFF, 0xFFFF, 0xFFFF, 0xFFFF, 0xFFFF, 0x0000, 0x0000, 0x0000, 0x0000, 0x0000,
  0x0000, 0x0000, 0x0000, 0x0000, 0xFFFF, 0xFFFF, 0xFFFF, 0xFFFF, 0xFFFF, 0xFFFF,
  0xFFFF, 0xFFFF, 0xFFFF, 0x0000, 0x0000, 0x0000, 0x0000, 0x0000, 0x0000, 0x0000,
  0x0000, 0x0000, 0x0000, 0x0000, 0x0000, 0x0000, 0x0000, 0x0000, 0x0000, 0x0000,
  0x0000, 0x0000, 0x0000, 0x0000, 0x0000, 0x0000, 0x0000, 0x0000, 0x0000, 0x0000,
  0x0000, 0xFFFF, 0xFFFF, 0xFFFF, 0xFFFF, 0xFFFF, 0x0000, 0x0000, 0x0000, 0x0000,
  0x0000, 0x0000, 0x0000, 0x0000, 0x0000, 0x0000, 0x0000, 0x0000, 0x0000, 0x0000,
  0x0000, 0x0000, 0x0000, 0x0000, 0x0000, 0x0000, 0x0000, 0x0000, 0x0000, 0x0000,
  0x0000, 0x0000, 0x0000, 0xFFFF, 0xFFFF, 0xFFFF, 0xFFFF, 0xFFFF, 0xFFFF, 0xFFFF,
  0xFFFF, 0xFFFF, 0xFFFF, 0x0000, 0x0000, 0x0000, 0x0000, 0x0000, 0x0000, 0x0000,
  0x0000, 0x0000, 0x0000, 0x0000, 0x0000, 0x0000, 0x0000, 0x0000, 0x0000, 0x0000,
  0x0000, 0x0000, 0x0000, 0x0000, 0x0000, 0x0000, 0x0000, 0x0000, 0x0000, 0x0000,
  0xFFFF, 0xFFFF, 0xFFFF, 0xFFFF, 0xFFFF, 0x0000, 0x0000, 0x0000, 0x0000, 0x0000,
  0xFFFF, 0xFFFF, 0xFFFF, 0xFFFF, 0x0000, 0x0000, 0x0000, 0x0000, 0xFFFF, 0xFFFF,
  0xFFFF, 0xFFFF, 0xFFFF, 0xFFFF, 0xFFFF, 0xFFFF, 0xFFFF, 0x0000, 0x0000, 0x0000,
  0x0000, 0x0000, 0x0000, 0x0000, 0x0000, 0x0000, 0x0000, 0x0000, 0x0000, 0x0000,
  0x0000, 0x0000, 0x0000, 0x0000, 0x0000, 0x0000, 0xFFFF, 0xFFFF, 0xFFFF, 0xFFFF,
  0xFFFF, 0xFFFF, 0xFFFF, 0xFFFF, 0xFFFF, 0x0000, 0x0000, 0x0000, 0x0000, 0xFFFF,
  0xFFFF, 0xFFFF, 0xFFFF, 0xFFFF, 0x0000, 0x0000, 0x0000, 0x0000, 0x0000, 0x0000,
  0x0000, 0x0000, 0x0000, 0xFFFF, 0xFFFF, 0xFFFF, 0xFFFF, 0xFFFF, 0xFFFF, 0xFFFF,
  0xFFFF, 0xFFFF, 0x0000, 0x0000, 0x0000, 0x0000, 0x0000, 0x0000, 0x0000, 0x0000,
  0x0000, 0x0000, 0x0000, 0x0000, 0x0000, 0x0000, 0x0000, 0x0000, 0x0000, 0x0000,
  0x0000, 0x0000, 0x0000, 0x0000, 0x0000, 0x0000, 0x0000, 0x0000, 0x0000, 0x0000,
  0xFFFF, 0xFFFF, 0xFFFF, 0xFFFF, 0xFFFF, 0x0000, 0x0000, 0x0000, 0x0000, 0x0000,
  0x0000, 0x0000, 0x0000, 0x0000, 0x0000, 0x0000, 0x0000, 0x0000, 0x0000, 0x0000,
  0x0000, 0x0000, 0x0000, 0x0000, 0x0000, 0x0000, 0x0000, 0x0000, 0x0000, 0x0000,
  0x0000, 0x0000, 0xFFFF, 0xFFFF, 0xFFFF, 0xFFFF, 0xFFFF, 0xFFFF, 0xFFFF, 0xFFFF,
  0xFFFF, 0xFFFF, 0x0000, 0x0000, 0x0000, 0x0000, 0x0000, 0x0000, 0x0000, 0x0000,
  0x0000, 0x0000, 0x0000, 0x0000, 0x0000, 0x0000, 0x0000, 0x0000, 0x0000, 0x0000,
  0x0000, 0x0000, 0x0000, 0x0000, 0x0000, 0x0000, 0x0000, 0x0000, 0x0000, 0xFFFF,
  0xFFFF, 0xFFFF, 0xFFFF, 0xFFFF, 0x0000, 0x0000, 0x0000, 0x0000, 0x0000, 0xFFFF,
  0xFFFF, 0xFFFF, 0xFFFF, 0x0000, 0x0000, 0x0000, 0x0000, 0xFFFF, 0xFFFF, 0xFFFF,
  0xFFFF, 0xFFFF, 0xFFFF, 0xFFFF, 0xFFFF, 0xFFFF, 0xFFFF, 0xFFFF, 0xFFFF, 0xFFFF,
  0xFFFF, 0xFFFF, 0xFFFF, 0xFFFF, 0xFFFF, 0xFFFF, 0xFFFF, 0xFFFF, 0xFFFF, 0xFFFF,
  0xFFFF, 0xFFFF, 0xFFFF, 0xFFFF, 0xFFFF, 0xFFFF, 0xFFFF, 0xFFFF, 0xFFFF, 0xFFFF,
  0xFFFF, 0xFFFF, 0xFFFF, 0xFFFF, 0xFFFF, 0xFFFF, 0xFFFF, 0xFFFF, 0xFFFF, 0xFFFF,
  0xFFFF, 0xFFFF, 0xFFFF, 0x0000, 0x0000, 0x0000, 0x0000, 0x0000, 0xFFFF, 0xFFFF,
  0xFFFF, 0xFFFF, 0xFFFF, 0xFFFF, 0xFFFF, 0xFFFF, 0xFFFF, 0xFFFF, 0xFFFF, 0xFFFF,
  0xFFFF, 0xFFFF, 0xFFFF, 0xFFFF, 0xFFFF, 0xFFFF, 0xFFFF, 0xFFFF, 0xFFFF, 0xFFFF,
  0xFFFF, 0x0000, 0x0000, 0x0000, 0x0000, 0x0000, 0x0000, 0x0000, 0x0000, 0x0000,
  0x0000, 0x0000, 0x0000, 0x0000, 0x0000, 0x0000, 0x0000, 0x0000, 0x0000, 0x0000,
  0x0000, 0x0000, 0x0000, 0x0000, 0xFFFF, 0xFFFF, 0xFFFF, 0xFFFF, 0xFFFF, 0xFFFF,
  0xFFFF, 0xFFFF, 0xFFFF, 0xFFFF, 0xFFFF, 0xFFFF, 0xFFFF, 0xFFFF, 0x0000, 0x0000,
  0x0000, 0x0000, 0x0000, 0x0000, 0x0000, 0x0000, 0x0000, 0xFFFF, 0xFFFF, 0xFFFF,
  0xFFFF, 0x0000, 0x0000, 0x0000, 0x0000, 0x0000, 0x0000, 0x0000, 0x0000, 0x0000,
  0x0000, 0x0000, 0x0000, 0x0000, 0x0000, 0x0000, 0x0000, 0x0000, 0x0000, 0x0000,
  0xFFFF, 0xFFFF, 0xFFFF, 0xFFFF, 0xFFFF, 0xFFFF, 0xFFFF, 0xFFFF, 0xFFFF, 0xFFFF,
  0xFFFF, 0xFFFF, 0xFFFF, 0xFFFF, 0x0000, 0x0000, 0x0000, 0x0000, 0xFFFF, 0xFFFF,
  0xFFFF, 0xFFFF, 0xFFFF, 0xFFFF, 0xFFFF, 0xFFFF, 0xFFFF, 0xFFFF, 0xFFFF, 0xFFFF,
  0xFFFF, 0xFFFF, 0xFFFF, 0xFFFF, 0xFFFF, 0xFFFF, 0xFFFF, 0xFFFF, 0xFFFF, 0xFFFF,
  0xFFFF, 0xFFFF, 0xFFFF, 0xFFFF, 0xFFFF, 0xFFFF, 0xFFFF, 0xFFFF, 0xFFFF, 0xFFFF,
  0xFFFF, 0xFFFF, 0xFFFF, 0xFFFF, 0xFFFF, 0xFFFF, 0xFFFF, 0xFFFF, 0xFFFF, 0xFFFF,
  0xFFFF, 0xFFFF, 0xFFFF, 0xFFFF, 0xFFFF, 0xFFFF, 0xFFFF, 0xFFFF, 0xFFFF, 0xFFFF,
  0xFFFF, 0xFFFF, 0xFFFF, 0xFFFF, 0xFFFF, 0xFFFF, 0xFFFF, 0xFFFF, 0xFFFF, 0xFFFF,
  0xFFFF, 0xFFFF, 0x0000, 0x0000, 0x0000, 0x0000, 0x0000, 0xFFFF, 0xFFFF, 0xFFFF,
  0xFFFF, 0xFFFF, 0xFFFF, 0xFFFF, 0xFFFF, 0xFFFF, 0xFFFF, 0xFFFF, 0xFFFF, 0xFFFF,
  0xFFFF, 0xFFFF, 0xFFFF, 0xFFFF, 0xFFFF, 0xFFFF, 0xFFFF, 0xFFFF, 0xFFFF, 0xFFFF,
  0x0000, 0x0000, 0x0000, 0x0000, 0x0000, 0x0000, 0x0000, 0x0000, 0x0000, 0x0000,
  0x0000, 0x0000, 0x0000, 0x0000, 0x0000, 0x0000, 0x0000, 0x0000, 0x0000, 0x0000,
  0x0000, 0x0000, 0x0000, 0xFFFF, 0xFFFF, 0xFFFF, 0xFFFF, 0xFFFF, 0xFFFF, 0xFFFF,
  0xFFFF, 0xFFFF, 0xFFFF, 0xFFFF, 0xFFFF, 0xFFFF, 0xFFFF, 0x0000, 0x0000, 0x0000,
  0x0000, 0x0000, 0x0000, 0x0000, 0x0000, 0x0000, 0xFFFF, 0xFFFF, 0xFFFF, 0xFFFF,
  0x0000, 0x0000, 0x0000, 0x0000, 0x0000, 0x0000, 0x0000, 0x0000, 0x0000, 0x0000,
  0x0000, 0x0000, 0x0000, 0x0000, 0x0000, 0x0000, 0x0000, 0x0000, 0x0000, 0xFFFF,
  0xFFFF, 0xFFFF, 0xFFFF, 0xFFFF, 0xFFFF, 0xFFFF, 0xFFFF, 0xFFFF, 0xFFFF, 0xFFFF,
  0xFFFF, 0xFFFF, 0xFFFF, 0x0000, 0x0000, 0x0000, 0x0000, 0xFFFF, 0xFFFF, 0xFFFF,
  0xFFFF, 0xFFFF, 0xFFFF, 0xFFFF, 0xFFFF, 0xFFFF, 0xFFFF, 0xFFFF, 0xFFFF, 0xFFFF,
  0xFFFF, 0xFFFF, 0xFFFF, 0xFFFF, 0xFFFF, 0xFFFF, 0xFFFF, 0xFFFF, 0xFFFF, 0xFFFF,
  0xFFFF, 0xFFFF, 0xFFFF, 0xFFFF, 0xFFFF, 0xFFFF, 0xFFFF, 0xFFFF, 0xFFFF, 0xFFFF,
  0xFFFF, 0xFFFF, 0xFFFF, 0xFFFF, 0xFFFF, 0xFFFF, 0xFFFF, 0xFFFF, 0xFFFF, 0xFFFF,
  0xFFFF, 0xFFFF, 0xFFFF, 0xFFFF, 0xFFFF, 0xFFFF, 0xFFFF, 0xFFFF, 0xFFFF, 0xFFFF,
  0xFFFF, 0xFFFF, 0xFFFF, 0xFFFF, 0xFFFF, 0xFFFF, 0xFFFF, 0xFFFF, 0xFFFF, 0xFFFF,
  0xFFFF, 0x0000, 0x0000, 0x0000, 0x0000, 0x0000, 0xFFFF, 0xFFFF, 0xFFFF, 0xFFFF,
  0xFFFF, 0xFFFF, 0xFFFF, 0xFFFF, 0xFFFF, 0xFFFF, 0xFFFF, 0xFFFF, 0xFFFF, 0xFFFF,
  0xFFFF, 0xFFFF, 0xFFFF, 0xFFFF, 0xFFFF, 0xFFFF, 0xFFFF, 0xFFFF, 0xFFFF, 0x0000,
  0x0000, 0x0000, 0x0000, 0x0000, 0x0000, 0x0000, 0x0000, 0x0000, 0x0000, 0x0000,
  0x0000, 0x0000, 0x0000, 0x0000, 0x0000, 0x0000, 0x0000, 0x0000, 0x0000, 0x0000,
  0x0000, 0x0000, 0xFFFF, 0xFFFF, 0xFFFF, 0xFFFF, 0xFFFF, 0xFFFF, 0xFFFF, 0xFFFF,
  0xFFFF, 0xFFFF, 0xFFFF, 0xFFFF, 0xFFFF, 0xFFFF, 0x0000, 0x0000, 0x0000, 0x0000,
  0x0000, 0x0000, 0x0000, 0x0000, 0x0000, 0xFFFF, 0xFFFF, 0xFFFF, 0xFFFF, 0x0000,
  0x0000, 0x0000, 0x0000, 0x0000, 0x0000, 0x0000, 0x0000, 0x0000, 0x0000, 0x0000,
  0x0000, 0x0000, 0x0000, 0x0000, 0x0000, 0x0000, 0x0000, 0x0000, 0xFFFF, 0xFFFF,
  0xFFFF, 0xFFFF, 0xFFFF, 0xFFFF, 0xFFFF, 0xFFFF, 0xFFFF, 0xFFFF, 0xFFFF, 0xFFFF,
  0xFFFF, 0xFFFF, 0x0000, 0x0000, 0x0000, 0x0000, 0xFFFF, 0xFFFF, 0xFFFF, 0xFFFF,
  0xFFFF, 0xFFFF, 0xFFFF, 0xFFFF, 0xFFFF, 0xFFFF, 0xFFFF, 0xFFFF, 0xFFFF, 0xFFFF,
  0xFFFF, 0xFFFF, 0xFFFF, 0xFFFF, 0xFFFF, 0xFFFF, 0xFFFF, 0xFFFF, 0xFFFF, 0xFFFF,
  0xFFFF, 0xFFFF, 0xFFFF, 0xFFFF, 0xFFFF, 0xFFFF, 0xFFFF, 0xFFFF, 0xFFFF, 0xFFFF,
  0xFFFF, 0xFFFF, 0xFFFF, 0xFFFF, 0xFFFF, 0xFFFF, 0xFFFF, 0xFFFF, 0xFFFF, 0xFFFF,
  0xFFFF, 0xFFFF, 0xFFFF, 0xFFFF, 0xFFFF, 0xFFFF, 0xFFFF, 0xFFFF, 0xFFFF, 0xFFFF,
  0xFFFF, 0xFFFF, 0xFFFF, 0xFFFF, 0xFFFF, 0xFFFF, 0xFFFF, 0xFFFF, 0xFFFF, 0xFFFF,
  0x0000, 0x0000, 0x0000, 0x0000, 0x0000, 0xFFFF, 0xFFFF, 0xFFFF, 0xFFFF, 0xFFFF,
  0xFFFF, 0xFFFF, 0xFFFF, 0xFFFF, 0xFFFF, 0xFFFF, 0xFFFF, 0xFFFF, 0xFFFF, 0xFFFF,
  0xFFFF, 0xFFFF, 0xFFFF, 0xFFFF, 0xFFFF, 0xFFFF, 0xFFFF, 0xFFFF, 0x0000, 0x0000,
  0x0000, 0x0000, 0x0000, 0x0000, 0x0000, 0x0000, 0x0000, 0x0000, 0x0000, 0x0000,
  0x0000, 0x0000, 0x0000, 0x0000, 0x0000, 0x0000, 0x0000, 0x0000, 0x0000, 0x0000,
  0x0000, 0xFFFF, 0xFFFF, 0xFFFF, 0xFFFF, 0xFFFF, 0xFFFF, 0xFFFF, 0xFFFF, 0xFFFF,
  0xFFFF, 0xFFFF, 0xFFFF, 0xFFFF, 0xFFFF, 0x0000, 0x0000, 0x0000, 0x0000, 0x0000,
  0x0000, 0x0000, 0x0000, 0x0000, 0xFFFF, 0xFFFF, 0xFFFF, 0xFFFF, 0x0000, 0x0000,
  0x0000, 0x0000, 0x0000, 0x0000, 0x0000, 0x0000, 0x0000, 0x0000, 0x0000, 0x0000,
  0x0000, 0x0000, 0x0000, 0x0000, 0x0000, 0x0000, 0x0000, 0xFFFF, 0xFFFF, 0xFFFF,
  0xFFFF, 0xFFFF, 0xFFFF, 0xFFFF, 0xFFFF, 0xFFFF, 0xFFFF, 0xFFFF, 0xFFFF, 0xFFFF,
  0xFFFF, 0x0000, 0x0000, 0x0000, 0x0000, 0xFFFF, 0xFFFF, 0xFFFF, 0xFFFF, 0xFFFF,
  0xFFFF, 0xFFFF, 0xFFFF, 0xFFFF, 0xFFFF, 0xFFFF, 0xFFFF, 0xFFFF, 0xFFFF, 0xFFFF,
  0xFFFF, 0xFFFF, 0xFFFF, 0xFFFF, 0xFFFF, 0xFFFF, 0xFFFF, 0xFFFF, 0xFFFF, 0xFFFF,
  0xFFFF, 0xFFFF, 0xFFFF, 0xFFFF, 0xFFFF, 0xFFFF, 0xFFFF, 0xFFFF, 0xFFFF, 0xFFFF,
  0xFFFF, 0xFFFF, 0xFFFF, 0xFFFF, 0xFFFF, 0xFFFF, 0xFFFF, 0xFFFF, 0xFFFF, 0xFFFF,
  0xFFFF, 0xFFFF, 0xFFFF, 0xFFFF, 0xFFFF, 0xFFFF, 0xFFFF, 0xFFFF, 0xFFFF, 0xFFFF,
  0xFFFF, 0xFFFF, 0xFFFF, 0xFFFF, 0xFFFF, 0xFFFF, 0xFFFF, 0xFFFF, 0xFFFF, 0x0000,
  0x0000, 0x0000, 0x0000, 0x0000, 0xFFFF, 0xFFFF, 0xFFFF, 0xFFFF, 0xFFFF, 0xFFFF,
  0xFFFF, 0xFFFF, 0xFFFF, 0xFFFF, 0xFFFF, 0xFFFF, 0xFFFF, 0xFFFF, 0xFFFF, 0xFFFF,
  0xFFFF, 0xFFFF, 0xFFFF, 0xFFFF, 0xFFFF, 0xFFFF, 0xFFFF, 0x0000, 0x0000, 0x0000,
  0x0000, 0x0000, 0x0000, 0x0000, 0x0000, 0x0000, 0x0000, 0x0000, 0x0000, 0x0000,
  0x0000, 0x0000, 0x0000, 0x0000, 0x0000, 0x0000, 0x0000, 0x0000, 0x0000, 0x0000,
  0xFFFF, 0xFFFF, 0xFFFF, 0xFFFF, 0xFFFF, 0xFFFF, 0xFFFF, 0xFFFF, 0xFFFF, 0xFFFF,
  0xFFFF, 0xFFFF, 0xFFFF, 0xFFFF, 0x0000, 0x0000, 0x0000, 0x0000, 0x0000, 0x0000,
  0x0000, 0x0000, 0x0000, 0xFFFF, 0xFFFF, 0xFFFF, 0xFFFF, 0x0000, 0x0000, 0x0000,
  0x0000, 0x0000, 0x0000, 0x0000, 0x0000, 0x0000, 0x0000, 0x0000, 0x0000, 0x0000,
  0x0000, 0x0000, 0x0000, 0x0000, 0x0000, 0x0000, 0xFFFF, 0xFFFF, 0xFFFF, 0xFFFF,
  0xFFFF, 0xFFFF, 0xFFFF, 0xFFFF, 0xFFFF, 0xFFFF, 0xFFFF, 0xFFFF, 0xFFFF, 0xFFFF,
  0x0000, 0x0000, 0x0000, 0x0000, 0xFFFF, 0xFFFF, 0xFFFF, 0xFFFF, 0xFFFF, 0xFFFF,
  0xFFFF, 0xFFFF, 0xFFFF, 0xFFFF, 0xFFFF, 0xFFFF, 0xFFFF, 0xFFFF, 0xFFFF, 0xFFFF,
  0xFFFF, 0xFFFF, 0xFFFF, 0xFFFF, 0xFFFF, 0xFFFF, 0xFFFF, 0xFFFF, 0xFFFF, 0xFFFF,
  0xFFFF, 0x0000, 0x0000, 0x0000, 0x0000, 0x0000, 0x0000, 0x0000, 0x0000, 0x0000,
  0x0000, 0x0000, 0x0000, 0x0000, 0x0000, 0x0000, 0x0000, 0x0000, 0x0000, 0x0000,
  0x0000, 0x0000, 0x0000, 0x0000, 0x0000, 0x0000, 0x0000, 0x0000, 0x0000, 0x0000,
  0x0000, 0x0000, 0x0000, 0xFFFF, 0xFFFF, 0xFFFF, 0xFFFF, 0xFFFF, 0x0000, 0x0000,
  0x0000, 0x0000, 0x0000, 0x0000, 0x0000, 0x0000, 0x0000, 0xFFFF, 0xFFFF, 0xFFFF,
  0xFFFF, 0xFFFF, 0x0000, 0x0000, 0x0000, 0x0000, 0xFFFF, 0xFFFF, 0xFFFF, 0xFFFF,
  0xFFFF, 0xFFFF, 0xFFFF, 0xFFFF, 0xFFFF, 0xFFFF, 0x0000, 0x0000, 0x0000, 0x0000,
  0x0000, 0x0000, 0x0000, 0x0000, 0x0000, 0xFFFF, 0xFFFF, 0xFFFF, 0xFFFF, 0xFFFF,
  0xFFFF, 0xFFFF, 0xFFFF, 0xFFFF, 0x0000, 0x0000, 0x0000, 0x0000, 0x0000, 0xFFFF,
  0xFFFF, 0xFFFF, 0xFFFF, 0xFFFF, 0xFFFF, 0xFFFF, 0xFFFF, 0xFFFF, 0x0000, 0x0000,
  0x0000, 0x0000, 0x0000, 0x0000, 0x0000, 0x0000, 0x0000, 0x0000, 0x0000, 0x0000,
  0x0000, 0x0000, 0x0000, 0x0000, 0x0000, 0x0000, 0xFFFF, 0xFFFF, 0xFFFF, 0xFFFF,
  0xFFFF, 0x0000, 0x0000, 0x0000, 0x0000, 0x0000, 0xFFFF, 0xFFFF, 0xFFFF, 0xFFFF,
  0x0000, 0x0000, 0x0000, 0x0000, 0x0000, 0xFFFF, 0xFFFF, 0xFFFF, 0xFFFF, 0xFFFF,
  0x0000, 0x0000, 0x0000, 0x0000, 0xFFFF, 0xFFFF, 0xFFFF, 0xFFFF, 0xFFFF, 0x0000,
  0x0000, 0x0000, 0x0000, 0xFFFF, 0xFFFF, 0xFFFF, 0xFFFF, 0xFFFF, 0xFFFF, 0xFFFF,
  0xFFFF, 0xFFFF, 0xFFFF, 0xFFFF, 0xFFFF, 0xFFFF, 0xFFFF, 0xFFFF, 0xFFFF, 0xFFFF,
  0xFFFF, 0xFFFF, 0xFFFF, 0xFFFF, 0xFFFF, 0xFFFF, 0xFFFF, 0xFFFF, 0xFFFF, 0xFFFF,
  0x0000, 0x0000, 0x0000, 0x0000, 0x0000, 0x0000, 0x0000, 0x0000, 0x0000, 0x0000,
  0x0000, 0x0000, 0x0000, 0x0000, 0x0000, 0x0000, 0x0000, 0x0000, 0x0000, 0x0000,
  0x0000, 0x0000, 0x0000, 0x0000, 0x0000, 0x0000, 0x0000, 0x0000, 0x0000, 0x0000,
  0x0000, 0x0000, 0xFFFF, 0xFFFF, 0xFFFF, 0xFFFF, 0xFFFF, 0x0000, 0x0000, 0x0000,
  0x0000, 0x0000, 0x0000, 0x0000, 0x0000, 0x0000, 0xFFFF, 0xFFFF, 0xFFFF, 0xFFFF,
  0xFFFF, 0x0000, 0x0000, 0x0000, 0x0000, 0xFFFF, 0xFFFF, 0xFFFF, 0xFFFF, 0xFFFF,
  0xFFFF, 0xFFFF, 0xFFFF, 0xFFFF, 0xFFFF, 0x0000, 0x0000, 0x0000, 0x0000, 0x0000,
  0x0000, 0x0000, 0x0000, 0x0000, 0xFFFF, 0xFFFF, 0xFFFF, 0xFFFF, 0xFFFF, 0xFFFF,
  0xFFFF, 0xFFFF, 0xFFFF, 0x0000, 0x0000, 0x0000, 0x0000, 0x0000, 0xFFFF, 0xFFFF,
  0xFFFF, 0xFFFF, 0xFFFF, 0xFFFF, 0xFFFF, 0xFFFF, 0xFFFF, 0x0000, 0x0000, 0x0000,
  0x0000, 0x0000, 0x0000, 0x0000, 0x0000, 0x0000, 0x0000, 0x0000, 0x0000, 0x0000,
  0x0000, 0x0000, 0x0000, 0x0000, 0x0000, 0xFFFF, 0xFFFF, 0xFFFF, 0xFFFF, 0xFFFF,
  0x0000, 0x0000, 0x0000, 0x0000, 0x0000, 0xFFFF, 0xFFFF, 0xFFFF, 0xFFFF, 0x0000,
  0x0000, 0x0000, 0x0000, 0x0000, 0xFFFF, 0xFFFF, 0xFFFF, 0xFFFF, 0xFFFF, 0x0000,
  0x0000, 0x0000, 0x0000, 0xFFFF, 0xFFFF, 0xFFFF, 0xFFFF, 0xFFFF, 0x0000, 0x0000,
  0x0000, 0x0000, 0xFFFF, 0xFFFF, 0xFFFF, 0xFFFF, 0xFFFF, 0xFFFF, 0xFFFF, 0xFFFF,
  0xFFFF, 0xFFFF, 0xFFFF, 0xFFFF, 0xFFFF, 0xFFFF, 0xFFFF, 0xFFFF, 0xFFFF, 0xFFFF,
  0xFFFF, 0xFFFF, 0xFFFF, 0xFFFF, 0xFFFF, 0xFFFF, 0xFFFF, 0xFFFF, 0xFFFF, 0x0000,
  0x0000, 0x0000, 0x0000, 0x0000, 0x0000, 0x0000, 0x0000, 0x0000, 0x0000, 0x0000,
  0x0000, 0x0000, 0x0000, 0x0000, 0x0000, 0x0000, 0x0000, 0x0000, 0x0000, 0x0000,
  0x0000, 0x0000, 0x0000, 0x0000, 0x0000, 0x0000, 0x0000, 0x0000, 0x0000, 0x0000,
  0x0000, 0xFFFF, 0xFFFF, 0xFFFF, 0xFFFF, 0xFFFF, 0x0000, 0x0000, 0x0000, 0x0000,
  0x0000, 0x0000, 0x0000, 0x0000, 0x0000, 0xFFFF, 0xFFFF, 0xFFFF, 0xFFFF, 0xFFFF,
  0x0000, 0x0000, 0x0000, 0x0000, 0xFFFF, 0xFFFF, 0xFFFF, 0xFFFF, 0xFFFF, 0xFFFF,
  0xFFFF, 0xFFFF, 0xFFFF, 0xFFFF, 0x0000, 0x0000, 0x0000, 0x0000, 0x0000, 0x0000,
  0x0000, 0x0000, 0x0000, 0xFFFF, 0xFFFF, 0xFFFF, 0xFFFF, 0xFFFF, 0xFFFF, 0xFFFF,
  0xFFFF, 0xFFFF, 0x0000, 0x0000, 0x0000, 0x0000, 0x0000, 0xFFFF, 0xFFFF, 0xFFFF,
  0xFFFF, 0xFFFF, 0xFFFF, 0xFFFF, 0xFFFF, 0xFFFF, 0x0000, 0x0000, 0x0000, 0x0000,
  0x0000, 0x0000, 0x0000, 0x0000, 0x0000, 0x0000, 0x0000, 0x0000, 0x0000, 0x0000,
  0x0000, 0x0000, 0x0000, 0x0000, 0xFFFF, 0xFFFF, 0xFFFF, 0xFFFF, 0xFFFF, 0x0000,
  0x0000, 0x0000, 0x0000, 0x0000, 0xFFFF, 0xFFFF, 0xFFFF, 0xFFFF, 0x0000, 0x0000,
  0x0000, 0x0000, 0x0000, 0xFFFF, 0xFFFF, 0xFFFF, 0xFFFF, 0xFFFF, 0x0000, 0x0000,
  0x0000, 0x0000, 0xFFFF, 0xFFFF, 0xFFFF, 0xFFFF, 0xFFFF, 0x0000, 0x0000, 0x0000,
  0x0000, 0xFFFF, 0xFFFF, 0xFFFF, 0xFFFF, 0xFFFF, 0xFFFF, 0xFFFF, 0xFFFF, 0xFFFF,
  0xFFFF, 0xFFFF, 0xFFFF, 0xFFFF, 0xFFFF, 0xFFFF, 0xFFFF, 0xFFFF, 0xFFFF, 0xFFFF,
  0xFFFF, 0xFFFF, 0xFFFF, 0xFFFF, 0xFFFF, 0xFFFF, 0xFFFF, 0xFFFF, 0x0000, 0x0000,
  0x0000, 0x0000, 0x0000, 0x0000, 0x0000, 0x0000, 0x0000, 0x0000, 0x0000, 0x0000,
  0x0000, 0x0000, 0x0000, 0x0000, 0x0000, 0x0000, 0x0000, 0x0000, 0x0000, 0x0000,
  0x0000, 0x0000, 0x0000, 0x0000, 0x0000, 0x0000, 0x0000, 0x0000, 0x0000, 0x0000,
  0xFFFF, 0xFFFF, 0xFFFF, 0xFFFF, 0xFFFF, 0x0000, 0x0000, 0x0000, 0x0000, 0x0000,
  0x0000, 0x0000, 0x0000, 0x0000, 0xFFFF, 0xFFFF, 0xFFFF, 0xFFFF, 0xFFFF, 0x0000,
  0x0000, 0x0000, 0x0000, 0xFFFF, 0xFFFF, 0xFFFF, 0xFFFF, 0xFFFF, 0xFFFF, 0xFFFF,
  0xFFFF, 0xFFFF, 0xFFFF, 0x0000, 0x0000, 0x0000, 0x0000, 0x0000, 0x0000, 0x0000,
  0x0000, 0x0000, 0xFFFF, 0xFFFF, 0xFFFF, 0xFFFF, 0xFFFF, 0xFFFF, 0xFFFF, 0xFFFF,
  0xFFFF, 0x0000, 0x0000, 0x0000, 0x0000, 0x0000, 0xFFFF, 0xFFFF, 0xFFFF, 0xFFFF,
  0xFFFF, 0xFFFF, 0xFFFF, 0xFFFF, 0xFFFF, 0x0000, 0x0000, 0x0000, 0x0000, 0x0000,
  0x0000, 0x0000, 0x0000, 0x0000, 0x0000, 0x0000, 0x0000, 0x0000, 0x0000, 0x0000,
  0x0000, 0x0000, 0x0000, 0xFFFF, 0xFFFF, 0xFFFF, 0xFFFF, 0xFFFF, 0x0000, 0x0000,
  0x0000, 0x0000, 0x0000, 0xFFFF, 0xFFFF, 0xFFFF, 0xFFFF, 0x0000, 0x0000, 0x0000,
  0x0000, 0x0000, 0xFFFF, 0xFFFF, 0xFFFF, 0xFFFF, 0xFFFF, 0x0000, 0x0000, 0x0000,
  0x0000, 0xFFFF, 0xFFFF, 0xFFFF, 0xFFFF, 0xFFFF, 0x0000, 0x0000, 0x0000, 0x0000,
  0xFFFF, 0xFFFF, 0xFFFF, 0xFFFF, 0xFFFF, 0xFFFF, 0xFFFF, 0xFFFF, 0xFFFF, 0xFFFF,
  0xFFFF, 0xFFFF, 0xFFFF, 0xFFFF, 0xFFFF, 0xFFFF, 0xFFFF, 0xFFFF, 0xFFFF, 0xFFFF,
  0xFFFF, 0xFFFF, 0xFFFF, 0xFFFF, 0xFFFF, 0xFFFF, 0xFFFF, 0x0000, 0x0000, 0x0000,
  0x0000, 0x0000, 0xFFFF, 0xFFFF, 0xFFFF, 0xFFFF, 0xFFFF, 0xFFFF, 0xFFFF, 0xFFFF,
  0xFFFF, 0xFFFF, 0xFFFF, 0xFFFF, 0xFFFF, 0xFFFF, 0xFFFF, 0xFFFF, 0xFFFF, 0xFFFF,
  0xFFFF, 0xFFFF, 0xFFFF, 0xFFFF, 0xFFFF, 0x0000, 0x0000, 0x0000, 0x0000, 0xFFFF,
  0xFFFF, 0xFFFF, 0xFFFF, 0xFFFF, 0xFFFF, 0xFFFF, 0xFFFF, 0xFFFF, 0xFFFF, 0x0000,
  0x0000, 0x0000, 0x0000, 0xFFFF, 0xFFFF, 0xFFFF, 0xFFFF, 0xFFFF, 0xFFFF, 0xFFFF,
  0xFFFF, 0xFFFF, 0xFFFF, 0xFFFF, 0xFFFF, 0xFFFF, 0xFFFF, 0xFFFF, 0xFFFF, 0xFFFF,
  0xFFFF, 0xFFFF, 0x0000, 0x0000, 0x0000, 0x0000, 0x0000, 0x0000, 0x0000, 0x0000,
  0x0000, 0xFFFF, 0xFFFF, 0xFFFF, 0xFFFF, 0xFFFF, 0xFFFF, 0xFFFF, 0xFFFF, 0xFFFF,
  0xFFFF, 0xFFFF, 0xFFFF, 0xFFFF, 0xFFFF, 0xFFFF, 0xFFFF, 0xFFFF, 0xFFFF, 0x0000,
  0x0000, 0x0000, 0x0000, 0x0000, 0x0000, 0x0000, 0x0000, 0x0000, 0x0000, 0xFFFF,
  0xFFFF, 0xFFFF, 0xFFFF, 0x0000, 0x0000, 0x0000, 0x0000, 0x0000, 0xFFFF, 0xFFFF,
  0xFFFF, 0xFFFF, 0xFFFF, 0xFFFF, 0xFFFF, 0xFFFF, 0xFFFF, 0x0000, 0x0000, 0x0000,
  0x0000, 0x0000, 0xFFFF, 0xFFFF, 0xFFFF, 0xFFFF, 0x0000, 0x0000, 0x0000, 0x0000,
  0x0000, 0xFFFF, 0xFFFF, 0xFFFF, 0xFFFF, 0xFFFF, 0xFFFF, 0xFFFF, 0xFFFF, 0xFFFF,
  0xFFFF, 0xFFFF, 0xFFFF, 0xFFFF, 0xFFFF, 0x0000, 0x0000, 0x0000, 0x0000, 0x0000,
  0x0000, 0x0000, 0x0000, 0x0000, 0x0000, 0x0000, 0x0000, 0x0000, 0x0000, 0xFFFF,
  0xFFFF, 0xFFFF, 0xFFFF, 0xFFFF, 0xFFFF, 0xFFFF, 0xFFFF, 0xFFFF, 0xFFFF, 0xFFFF,
  0xFFFF, 0xFFFF, 0xFFFF, 0xFFFF, 0xFFFF, 0xFFFF, 0x0000, 0x0000, 0x0000, 0x0000,
  0x0000, 0xFFFF, 0xFFFF, 0xFFFF, 0xFFFF, 0xFFFF, 0xFFFF, 0xFFFF, 0xFFFF, 0xFFFF,
  0xFFFF, 0xFFFF, 0xFFFF, 0xFFFF, 0xFFFF, 0xFFFF, 0xFFFF, 0xFFFF, 0xFFFF, 0xFFFF,
  0xFFFF, 0xFFFF, 0xFFFF, 0xFFFF, 0x0000, 0x0000, 0x0000, 0x0000, 0xFFFF, 0xFFFF,
  0xFFFF, 0xFFFF, 0xFFFF, 0xFFFF, 0xFFFF, 0xFFFF, 0xFFFF, 0xFFFF, 0x0000, 0x0000,
  0x0000, 0x0000, 0xFFFF, 0xFFFF, 0xFFFF, 0xFFFF, 0xFFFF, 0xFFFF, 0xFFFF, 0xFFFF,
  0xFFFF, 0xFFFF, 0xFFFF, 0xFFFF, 0xFFFF, 0xFFFF, 0xFFFF, 0xFFFF, 0xFFFF, 0xFFFF,
  0xFFFF, 0x0000, 0x0000, 0x0000, 0x0000, 0x0000, 0x0000, 0x0000, 0x0000, 0x0000,
  0xFFFF, 0xFFFF, 0xFFFF, 0xFFFF, 0xFFFF, 0xFFFF, 0xFFFF, 0xFFFF, 0xFFFF, 0xFFFF,
  0xFFFF, 0xFFFF, 0xFFFF, 0xFFFF, 0xFFFF, 0xFFFF, 0xFFFF, 0xFFFF, 0x0000, 0x0000,
  0x0000, 0x0000, 0x0000, 0x0000, 0x0000, 0x0000, 0x0000, 0x0000, 0xFFFF, 0xFFFF,
  0xFFFF, 0xFFFF, 0x0000, 0x0000, 0x0000, 0x0000, 0x0000, 0xFFFF, 0xFFFF, 0xFFFF,
  0xFFFF, 0xFFFF, 0xFFFF, 0xFFFF, 0xFFFF, 0xFFFF, 0x0000, 0x0000, 0x0000, 0x0000,
  0x0000, 0xFFFF, 0xFFFF, 0xFFFF, 0xFFFF, 0x0000, 0x0000, 0x0000, 0x0000, 0x0000,
  0xFFFF, 0xFFFF, 0xFFFF, 0xFFFF, 0xFFFF, 0xFFFF, 0xFFFF, 0xFFFF, 0xFFFF, 0xFFFF,
  0xFFFF, 0xFFFF, 0xFFFF, 0xFFFF, 0x0000, 0x0000, 0x0000, 0x0000, 0x0000, 0x0000,
  0x0000, 0x0000, 0x0000, 0x0000, 0x0000, 0x0000, 0x0000, 0x0000, 0xFFFF, 0xFFFF,
  0xFFFF, 0xFFFF, 0xFFFF, 0xFFFF, 0xFFFF, 0xFFFF, 0xFFFF, 0xFFFF, 0xFFFF, 0xFFFF,
  0xFFFF, 0xFFFF, 0xFFFF, 0xFFFF, 0xFFFF, 0x0000, 0x0000, 0x0000, 0x0000, 0x0000,
  0xFFFF, 0xFFFF, 0xFFFF, 0xFFFF, 0xFFFF, 0xFFFF, 0xFFFF, 0xFFFF, 0xFFFF, 0xFFFF,
  0xFFFF, 0xFFFF, 0xFFFF, 0xFFFF, 0xFFFF, 0xFFFF, 0xFFFF, 0xFFFF, 0xFFFF, 0xFFFF,
  0xFFFF, 0xFFFF, 0xFFFF, 0x0000, 0x0000, 0x0000, 0x0000, 0xFFFF, 0xFFFF, 0xFFFF,
  0xFFFF, 0xFFFF, 0xFFFF, 0xFFFF, 0xFFFF, 0xFFFF, 0xFFFF, 0x0000, 0x0000, 0x0000,
  0x0000, 0xFFFF, 0xFFFF, 0xFFFF, 0xFFFF, 0xFFFF, 0xFFFF, 0xFFFF, 0xFFFF, 0xFFFF,
  0xFFFF, 0xFFFF, 0xFFFF, 0xFFFF, 0xFFFF, 0xFFFF, 0xFFFF, 0xFFFF, 0xFFFF, 0xFFFF,
  0x0000, 0x0000, 0x0000, 0x0000, 0x0000, 0x0000, 0x0000, 0x0000, 0x0000, 0xFFFF,
  0xFFFF, 0xFFFF, 0xFFFF, 0xFFFF, 0xFFFF, 0xFFFF, 0xFFFF, 0xFFFF, 0xFFFF, 0xFFFF,
  0xFFFF, 0xFFFF, 0xFFFF, 0xFFFF, 0xFFFF, 0xFFFF, 0xFFFF, 0x0000, 0x0000, 0x0000,
  0x0000, 0x0000, 0x0000, 0x0000, 0x0000, 0x0000, 0x0000, 0xFFFF, 0xFFFF, 0xFFFF,
  0xFFFF, 0x0000, 0x0000, 0x0000, 0x0000, 0x0000, 0xFFFF, 0xFFFF, 0xFFFF, 0xFFFF,
  0xFFFF, 0xFFFF, 0xFFFF, 0xFFFF, 0xFFFF, 0x0000, 0x0000, 0x0000, 0x0000, 0x0000,
  0xFFFF, 0xFFFF, 0xFFFF, 0xFFFF, 0x0000, 0x0000, 0x0000, 0x0000, 0x0000, 0xFFFF,
  0xFFFF, 0xFFFF, 0xFFFF, 0xFFFF, 0xFFFF, 0xFFFF, 0xFFFF, 0xFFFF, 0xFFFF, 0xFFFF,
  0xFFFF, 0xFFFF, 0xFFFF, 0x0000, 0x0000, 0x0000, 0x0000, 0x0000, 0x0000, 0x0000,
  0x0000, 0x0000, 0x0000, 0x0000, 0x0000, 0x0000, 0x0000, 0xFFFF, 0xFFFF, 0xFFFF,
  0xFFFF, 0xFFFF, 0xFFFF, 0xFFFF, 0xFFFF, 0xFFFF, 0xFFFF, 0xFFFF, 0xFFFF, 0xFFFF,
  0xFFFF, 0xFFFF, 0xFFFF, 0xFFFF, 0x0000, 0x0000, 0x0000, 0x0000, 0x0000, 0xFFFF,
  0xFFFF, 0xFFFF, 0xFFFF, 0xFFFF, 0xFFFF, 0xFFFF, 0xFFFF, 0xFFFF, 0xFFFF, 0xFFFF,
  0xFFFF, 0xFFFF, 0xFFFF, 0xFFFF, 0xFFFF, 0xFFFF, 0xFFFF, 0xFFFF, 0xFFFF, 0xFFFF,
  0xFFFF, 0xFFFF, 0x0000, 0x0000, 0x0000, 0x0000, 0xFFFF, 0xFFFF, 0xFFFF, 0xFFFF,
  0xFFFF, 0xFFFF, 0xFFFF, 0xFFFF, 0xFFFF, 0xFFFF, 0x0000, 0x0000, 0x0000, 0x0000,
  0xFFFF, 0xFFFF, 0xFFFF, 0xFFFF, 0xFFFF, 0xFFFF, 0xFFFF, 0xFFFF, 0xFFFF, 0xFFFF,
  0xFFFF, 0xFFFF, 0xFFFF, 0xFFFF, 0xFFFF, 0xFFFF, 0xFFFF, 0xFFFF, 0xFFFF, 0x0000,
  0x0000, 0x0000, 0x0000, 0x0000, 0x0000, 0x0000, 0x0000, 0x0000, 0xFFFF, 0xFFFF,
  0xFFFF, 0xFFFF, 0xFFFF, 0xFFFF, 0xFFFF, 0xFFFF, 0xFFFF, 0xFFFF, 0xFFFF, 0xFFFF,
  0xFFFF, 0xFFFF, 0xFFFF, 0xFFFF, 0xFFFF, 0xFFFF, 0x0000, 0x0000, 0x0000, 0x0000,
  0x0000, 0x0000, 0x0000, 0x0000, 0x0000, 0x0000, 0xFFFF, 0xFFFF, 0xFFFF, 0xFFFF,
  0x0000, 0x0000, 0x0000, 0x0000, 0x0000, 0xFFFF, 0xFFFF, 0xFFFF, 0xFFFF, 0xFFFF,
  0xFFFF, 0xFFFF, 0xFFFF, 0xFFFF, 0x0000, 0x0000, 0x0000, 0x0000, 0x0000, 0xFFFF,
  0xFFFF, 0xFFFF, 0xFFFF, 0x0000, 0x0000, 0x0000, 0x0000, 0x0000, 0xFFFF, 0xFFFF,
  0xFFFF, 0xFFFF, 0xFFFF, 0xFFFF, 0xFFFF, 0xFFFF, 0xFFFF, 0xFFFF, 0xFFFF, 0xFFFF,
  0xFFFF, 0xFFFF, 0x0000, 0x0000, 0x0000, 0x0000, 0x0000, 0x0000, 0x0000, 0x0000,
  0x0000, 0x0000, 0x0000, 0x0000, 0x0000, 0x0000, 0xFFFF, 0xFFFF, 0xFFFF, 0xFFFF,
  0xFFFF, 0xFFFF, 0xFFFF, 0xFFFF, 0xFFFF, 0xFFFF, 0xFFFF, 0xFFFF, 0xFFFF, 0xFFFF,
  0xFFFF, 0xFFFF, 0xFFFF, 0x0000, 0x0000, 0x0000, 0x0000, 0x0000, 0xFFFF, 0xFFFF,
  0xFFFF, 0xFFFF, 0xFFFF, 0xFFFF, 0xFFFF, 0xFFFF, 0xFFFF, 0xFFFF, 0xFFFF, 0xFFFF,
  0xFFFF, 0xFFFF, 0xFFFF, 0xFFFF, 0xFFFF, 0xFFFF, 0xFFFF, 0xFFFF, 0xFFFF, 0xFFFF,
  0xFFFF, 0x0000, 0x0000, 0x0000, 0x0000, 0xFFFF, 0xFFFF, 0xFFFF, 0xFFFF, 0xFFFF,
  0xFFFF, 0xFFFF, 0xFFFF, 0xFFFF, 0xFFFF, 0x0000, 0x0000, 0x0000, 0x0000, 0xFFFF,
  0xFFFF, 0xFFFF, 0xFFFF, 0xFFFF, 0xFFFF, 0xFFFF, 0xFFFF, 0xFFFF, 0xFFFF, 0xFFFF,
  0xFFFF, 0xFFFF, 0xFFFF, 0xFFFF, 0xFFFF, 0xFFFF, 0xFFFF, 0xFFFF, 0x0000, 0x0000,
  0x0000, 0x0000, 0x0000, 0x0000, 0x0000, 0x0000, 0x0000, 0xFFFF, 0xFFFF, 0xFFFF,
  0xFFFF, 0xFFFF, 0xFFFF, 0xFFFF, 0xFFFF, 0xFFFF, 0xFFFF, 0xFFFF, 0xFFFF, 0xFFFF,
  0xFFFF, 0xFFFF, 0xFFFF, 0xFFFF, 0xFFFF, 0x0000, 0x0000, 0x0000, 0x0000, 0x0000,
  0x0000, 0x0000, 0x0000, 0x0000, 0x0000, 0xFFFF, 0xFFFF, 0xFFFF, 0xFFFF, 0x0000,
  0x0000, 0x0000, 0x0000, 0x0000, 0xFFFF, 0xFFFF, 0xFFFF, 0xFFFF, 0xFFFF, 0xFFFF,
  0xFFFF, 0xFFFF, 0xFFFF, 0x0000, 0x0000, 0x0000, 0x0000, 0x0000, 0xFFFF, 0xFFFF,
  0xFFFF, 0xFFFF, 0x0000, 0x0000, 0x0000, 0x0000, 0x0000, 0xFFFF, 0xFFFF, 0xFFFF,
  0xFFFF, 0xFFFF, 0xFFFF, 0xFFFF, 0xFFFF, 0xFFFF, 0xFFFF, 0xFFFF, 0xFFFF, 0xFFFF,
  0xFFFF, 0x0000, 0x0000, 0x0000, 0x0000, 0x0000, 0x0000, 0x0000, 0x0000, 0x0000,
  0x0000, 0x0000, 0x0000, 0x0000, 0x0000, 0xFFFF, 0xFFFF, 0xFFFF, 0xFFFF, 0xFFFF,
  0xFFFF, 0xFFFF, 0xFFFF, 0xFFFF, 0xFFFF, 0xFFFF, 0xFFFF, 0xFFFF, 0xFFFF, 0xFFFF,
  0xFFFF, 0xFFFF, 0x0000, 0x0000, 0x0000, 0x0000, 0x0000, 0xFFFF, 0xFFFF, 0xFFFF,
  0xFFFF, 0x0000, 0x0000, 0x0000, 0x0000, 0x0000, 0x0000, 0x0000, 0x0000, 0x0000,
  0x0000, 0x0000, 0x0000, 0x0000, 0x0000, 0xFFFF, 0xFFFF, 0xFFFF, 0xFFFF, 0xFFFF,
  0x0000, 0x0000, 0x0000, 0x0000, 0xFFFF, 0xFFFF, 0xFFFF, 0xFFFF, 0xFFFF, 0x0000,
  0x0000, 0x0000, 0x0000, 0x0000, 0x0000, 0x0000, 0x0000, 0x0000, 0x0000, 0x0000,
  0x0000, 0x0000, 0x0000, 0xFFFF, 0xFFFF, 0xFFFF, 0xFFFF, 0x0000, 0x0000, 0x0000,
  0x0000, 0x0000, 0x0000, 0x0000, 0x0000, 0x0000, 0x0000, 0x0000, 0x0000, 0x0000,
  0x0000, 0x0000, 0x0000, 0x0000, 0x0000, 0x0000, 0x0000, 0x0000, 0x0000, 0x0000,
  0x0000, 0xFFFF, 0xFFFF, 0xFFFF, 0xFFFF, 0xFFFF, 0xFFFF, 0xFFFF, 0xFFFF, 0xFFFF,
  0xFFFF, 0xFFFF, 0xFFFF, 0xFFFF, 0x0000, 0x0000, 0x0000, 0x0000, 0x0000, 0xFFFF,
  0xFFFF, 0xFFFF, 0xFFFF, 0xFFFF, 0xFFFF, 0xFFFF, 0xFFFF, 0xFFFF, 0x0000, 0x0000,
  0x0000, 0x0000, 0x0000, 0x0000, 0x0000, 0x0000, 0x0000, 0xFFFF, 0xFFFF, 0xFFFF,
  0xFFFF, 0xFFFF, 0x0000, 0x0000, 0x0000, 0x0000, 0x0000, 0xFFFF, 0xFFFF, 0xFFFF,
  0xFFFF, 0x0000, 0x0000, 0x0000, 0x0000, 0x0000, 0x0000, 0x0000, 0x0000, 0x0000,
  0x0000, 0x0000, 0x0000, 0x0000, 0x0000, 0x0000, 0x0000, 0x0000, 0x0000, 0x0000,
  0x0000, 0x0000, 0x0000, 0x0000, 0x0000, 0x0000, 0x0000, 0x0000, 0x0000, 0x0000,
  0x0000, 0x0000, 0x0000, 0x0000, 0x0000, 0x0000, 0x0000, 0x0000, 0xFFFF, 0xFFFF,
  0xFFFF, 0xFFFF, 0xFFFF, 0xFFFF, 0xFFFF, 0xFFFF, 0xFFFF, 0xFFFF, 0xFFFF, 0xFFFF,
  0xFFFF, 0x0000, 0x0000, 0x0000, 0x0000, 0x0000, 0xFFFF, 0xFFFF, 0xFFFF, 0xFFFF,
  0x0000, 0x0000, 0x0000, 0x0000, 0x0000, 0x0000, 0x0000, 0x0000, 0x0000, 0x0000,
  0x0000, 0x0000, 0x0000, 0x0000, 0xFFFF, 0xFFFF, 0xFFFF, 0xFFFF, 0xFFFF, 0x0000,
  0x0000, 0x0000, 0x0000, 0xFFFF, 0xFFFF, 0xFFFF, 0xFFFF, 0xFFFF, 0x0000, 0x0000,
  0x0000, 0x0000, 0x0000, 0x0000, 0x0000, 0x0000, 0x0000, 0x0000, 0x0000, 0x0000,
  0x0000, 0x0000, 0xFFFF, 0xFFFF, 0xFFFF, 0xFFFF, 0x0000, 0x0000, 0x0000, 0x0000,
  0x0000, 0x0000, 0x0000, 0x0000, 0x0000, 0x0000, 0x0000, 0x0000, 0x0000, 0x0000,
  0x0000, 0x0000, 0x0000, 0x0000, 0x0000, 0x0000, 0x0000, 0x0000, 0x0000, 0x0000,
  0xFFFF, 0xFFFF, 0xFFFF, 0xFFFF, 0xFFFF, 0xFFFF, 0xFFFF, 0xFFFF, 0xFFFF, 0xFFFF,
  0xFFFF, 0xFFFF, 0xFFFF, 0x0000, 0x0000, 0x0000, 0x0000, 0x0000, 0xFFFF, 0xFFFF,
  0xFFFF, 0xFFFF, 0xFFFF, 0xFFFF, 0xFFFF, 0xFFFF, 0xFFFF, 0x0000, 0x0000, 0x0000,
  0x0000, 0x0000, 0x0000, 0x0000, 0x0000, 0x0000, 0xFFFF, 0xFFFF, 0xFFFF, 0xFFFF,
  0xFFFF, 0x0000, 0x0000, 0x0000, 0x0000, 0x0000, 0xFFFF, 0xFFFF, 0xFFFF, 0xFFFF,
  0x0000, 0x0000, 0x0000, 0x0000, 0x0000, 0x0000, 0x0000, 0x0000, 0x0000, 0x0000,
  0x0000, 0x0000, 0x0000, 0x0000, 0x0000, 0x0000, 0x0000, 0x0000, 0x0000, 0x0000,
  0x0000, 0x0000, 0x0000, 0x0000, 0x0000, 0x0000, 0x0000, 0x0000, 0x0000, 0x0000,
  0x0000, 0x0000, 0x0000, 0x0000, 0x0000, 0x0000, 0x0000, 0xFFFF, 0xFFFF, 0xFFFF,
  0xFFFF, 0xFFFF, 0xFFFF, 0xFFFF, 0xFFFF, 0xFFFF, 0xFFFF, 0xFFFF, 0xFFFF, 0xFFFF,
  0x0000, 0x0000, 0x0000, 0x0000, 0x0000, 0xFFFF, 0xFFFF, 0xFFFF, 0xFFFF, 0x0000,
  0x0000, 0x0000, 0x0000, 0x0000, 0x0000, 0x0000, 0x0000, 0x0000, 0x0000, 0x0000,
  0x0000, 0x0000, 0x0000, 0xFFFF, 0xFFFF, 0xFFFF, 0xFFFF, 0xFFFF, 0x0000, 0x0000,
  0x0000, 0x0000, 0xFFFF, 0xFFFF, 0xFFFF, 0xFFFF, 0xFFFF, 0x0000, 0x0000, 0x0000,
  0x0000, 0x0000, 0x0000, 0x0000, 0x0000, 0x0000, 0x0000, 0x0000, 0x0000, 0x0000,
  0x0000, 0xFFFF, 0xFFFF, 0xFFFF, 0xFFFF, 0x0000, 0x0000, 0x0000, 0x0000, 0x0000,
  0x0000, 0x0000, 0x0000, 0x0000, 0x0000, 0x0000, 0x0000, 0x0000, 0x0000, 0x0000,
  0x0000, 0x0000, 0x0000, 0x0000, 0x0000, 0x0000, 0x0000, 0x0000, 0x0000, 0xFFFF,
  0xFFFF, 0xFFFF, 0xFFFF, 0xFFFF, 0xFFFF, 0xFFFF, 0xFFFF, 0xFFFF, 0xFFFF, 0xFFFF,
  0xFFFF, 0xFFFF, 0x0000, 0x0000, 0x0000, 0x0000, 0x0000, 0xFFFF, 0xFFFF, 0xFFFF,
  0xFFFF, 0xFFFF, 0xFFFF, 0xFFFF, 0xFFFF, 0xFFFF, 0x0000, 0x0000, 0x0000, 0x0000,
  0x0000, 0x0000, 0x0000, 0x0000, 0x0000, 0xFFFF, 0xFFFF, 0xFFFF, 0xFFFF, 0xFFFF,
  0x0000, 0x0000, 0x0000, 0x0000, 0x0000, 0xFFFF, 0xFFFF, 0xFFFF, 0xFFFF, 0x0000,
  0x0000, 0x0000, 0x0000, 0x0000, 0x0000, 0x0000, 0x0000, 0x0000, 0x0000, 0x0000,
  0x0000, 0x0000, 0x0000, 0x0000, 0x0000, 0x0000, 0x0000, 0x0000, 0x0000, 0x0000,
  0x0000, 0x0000, 0x0000, 0x0000, 0x0000, 0x0000, 0x0000, 0x0000, 0x0000, 0x0000,
  0x0000, 0x0000, 0x0000, 0x0000, 0x0000, 0x0000, 0xFFFF, 0xFFFF, 0xFFFF, 0xFFFF,
  0xFFFF, 0xFFFF, 0xFFFF, 0xFFFF, 0xFFFF, 0xFFFF, 0xFFFF, 0xFFFF, 0xFFFF, 0x0000,
  0x0000, 0x0000, 0x0000, 0x0000, 0xFFFF, 0xFFFF, 0xFFFF, 0xFFFF, 0x0000, 0x0000,
  0x0000, 0x0000, 0x0000, 0x0000, 0x0000, 0x0000, 0x0000, 0x0000, 0x0000, 0x0000,
  0x0000, 0x0000, 0xFFFF, 0xFFFF, 0xFFFF, 0xFFFF, 0xFFFF, 0x0000, 0x0000, 0x0000,
  0x0000, 0xFFFF, 0xFFFF, 0xFFFF, 0xFFFF, 0xFFFF, 0x0000, 0x0000, 0x0000, 0x0000,
  0x0000, 0x0000, 0x0000, 0x0000, 0x0000, 0x0000, 0x0000, 0x0000, 0x0000, 0x0000,
  0xFFFF, 0xFFFF, 0xFFFF, 0xFFFF, 0x0000, 0x0000, 0x0000, 0x0000, 0x0000, 0x0000,
  0x0000, 0x0000, 0x0000, 0x0000, 0x0000, 0x0000, 0x0000, 0x0000, 0x0000, 0x0000,
  0x0000, 0x0000, 0x0000, 0x0000, 0x0000, 0x0000, 0x0000, 0x0000, 0xFFFF, 0xFFFF,
  0xFFFF, 0xFFFF, 0xFFFF, 0xFFFF, 0xFFFF, 0xFFFF, 0xFFFF, 0xFFFF, 0xFFFF, 0xFFFF,
  0xFFFF, 0x0000, 0x0000, 0x0000, 0x0000, 0x0000, 0xFFFF, 0xFFFF, 0xFFFF, 0xFFFF,
  0xFFFF, 0xFFFF, 0xFFFF, 0xFFFF, 0xFFFF, 0x0000, 0x0000, 0x0000, 0x0000, 0x0000,
  0x0000, 0x0000, 0x0000, 0x0000, 0xFFFF, 0xFFFF, 0xFFFF, 0xFFFF, 0xFFFF, 0x0000,
  0x0000, 0x0000, 0x0000, 0x0000, 0xFFFF, 0xFFFF, 0xFFFF, 0xFFFF, 0x0000, 0x0000,
  0x0000, 0x0000, 0x0000, 0x0000, 0x0000, 0x0000, 0x0000, 0x0000, 0x0000, 0x0000,
  0x0000, 0x0000, 0x0000, 0x0000, 0x0000, 0x0000, 0x0000, 0x0000, 0x0000, 0x0000,
  0x0000, 0x0000, 0x0000, 0x0000, 0x0000, 0x0000, 0x0000, 0x0000, 0x0000, 0x0000,
  0x0000, 0x0000, 0x0000, 0x0000, 0x0000, 0xFFFF, 0xFFFF, 0xFFFF, 0xFFFF, 0xFFFF,
  0xFFFF, 0xFFFF, 0xFFFF, 0xFFFF, 0xFFFF, 0xFFFF, 0xFFFF, 0xFFFF, 0x0000, 0x0000,
  0x0000, 0x0000, 0x0000, 0xFFFF, 0xFFFF, 0xFFFF, 0xFFFF, 0x0000, 0x0000, 0x0000,
  0x0000, 0x0000, 0x0000, 0x0000, 0x0000, 0x0000, 0x0000, 0x0000, 0x0000, 0x0000,
  0x0000, 0xFFFF, 0xFFFF, 0xFFFF, 0xFFFF, 0xFFFF, 0x0000, 0x0000, 0x0000, 0x0000,
  0xFFFF, 0xFFFF, 0xFFFF, 0xFFFF, 0xFFFF, 0xFFFF, 0xFFFF, 0xFFFF, 0xFFFF, 0xFFFF,
  0xFFFF, 0xFFFF, 0xFFFF, 0xFFFF, 0xFFFF, 0xFFFF, 0xFFFF, 0xFFFF, 0xFFFF, 0x0000,
  0x0000, 0x0000, 0x0000, 0x0000, 0x0000, 0x0000, 0x0000, 0x0000, 0x0000, 0x0000,
  0x0000, 0x0000, 0x0000, 0xFFFF, 0xFFFF, 0xFFFF, 0xFFFF, 0xFFFF, 0xFFFF, 0xFFFF,
  0xFFFF, 0xFFFF, 0xFFFF, 0xFFFF, 0xFFFF, 0xFFFF, 0xFFFF, 0x0000, 0x0000, 0x0000,
  0x0000, 0x0000, 0x0000, 0x0000, 0x0000, 0x0000, 0x0000, 0x0000, 0x0000, 0x0000,
  0xFFFF, 0xFFFF, 0xFFFF, 0xFFFF, 0xFFFF, 0xFFFF, 0xFFFF, 0xFFFF, 0xFFFF, 0xFFFF,
  0x0000, 0x0000, 0x0000, 0x0000, 0x0000, 0x0000, 0x0000, 0x0000, 0x0000, 0xFFFF,
  0xFFFF, 0xFFFF, 0xFFFF, 0x0000, 0x0000, 0x0000, 0x0000, 0x0000, 0x0000, 0x0000,
  0x0000, 0x0000, 0x0000, 0xFFFF, 0xFFFF, 0xFFFF, 0xFFFF, 0xFFFF, 0xFFFF, 0xFFFF,
  0xFFFF, 0xFFFF, 0x0000, 0x0000, 0x0000, 0x0000, 0x0000, 0x0000, 0x0000, 0x0000,
  0x0000, 0x0000, 0x0000, 0x0000, 0x0000, 0x0000, 0xFFFF, 0xFFFF, 0xFFFF, 0xFFFF,
  0x0000, 0x0000, 0x0000, 0x0000, 0x0000, 0x0000, 0x0000, 0x0000, 0x0000, 0x0000,
  0xFFFF, 0xFFFF, 0xFFFF, 0xFFFF, 0x0000, 0x0000, 0x0000, 0x0000, 0xFFFF, 0xFFFF,
  0xFFFF, 0xFFFF, 0xFFFF, 0xFFFF, 0xFFFF, 0xFFFF, 0xFFFF, 0x0000, 0x0000, 0x0000,
  0x0000, 0x0000, 0xFFFF, 0xFFFF, 0xFFFF, 0xFFFF, 0x0000, 0x0000, 0x0000, 0x0000,
  0x0000, 0x0000, 0x0000, 0x0000, 0x0000, 0x0000, 0x0000, 0x0000, 0x0000, 0x0000,
  0xFFFF, 0xFFFF, 0xFFFF, 0xFFFF, 0xFFFF, 0x0000, 0x0000, 0x0000, 0x0000, 0xFFFF,
  0xFFFF, 0xFFFF, 0xFFFF, 0xFFFF, 0xFFFF, 0xFFFF, 0xFFFF, 0xFFFF, 0xFFFF, 0xFFFF,
  0xFFFF, 0xFFFF, 0xFFFF, 0xFFFF, 0xFFFF, 0xFFFF, 0xFFFF, 0xFFFF, 0x0000, 0x0000,
  0x0000, 0x0000, 0x0000, 0x0000, 0x0000, 0x0000, 0x0000, 0x0000, 0x0000, 0x0000,
  0x0000, 0x0000, 0xFFFF, 0xFFFF, 0xFFFF, 0xFFFF, 0xFFFF, 0xFFFF, 0xFFFF, 0xFFFF,
  0xFFFF, 0xFFFF, 0xFFFF, 0xFFFF, 0xFFFF, 0xFFFF, 0x0000, 0x0000, 0x0000, 0x0000,
  0x0000, 0x0000, 0x0000, 0x0000, 0x0000, 0x0000, 0x0000, 0x0000, 0x0000, 0xFFFF,
  0xFFFF, 0xFFFF, 0xFFFF, 0xFFFF, 0xFFFF, 0xFFFF, 0xFFFF, 0xFFFF, 0xFFFF, 0x0000,
  0x0000, 0x0000, 0x0000, 0x0000, 0x0000, 0x0000, 0x0000, 0x0000, 0xFFFF, 0xFFFF,
  0xFFFF, 0xFFFF, 0x0000, 0x0000, 0x0000, 0x0000, 0x0000, 0x0000, 0x0000, 0x0000,
  0x0000, 0x0000, 0xFFFF, 0xFFFF, 0xFFFF, 0xFFFF, 0xFFFF, 0xFFFF, 0xFFFF, 0xFFFF,
  0xFFFF, 0x0000, 0x0000, 0x0000, 0x0000, 0x0000, 0x0000, 0x0000, 0x0000, 0x0000,
  0x0000, 0x0000, 0x0000, 0x0000, 0x0000, 0xFFFF, 0xFFFF, 0xFFFF, 0xFFFF, 0x0000,
  0x0000, 0x0000, 0x0000, 0x0000, 0x0000, 0x0000, 0x0000, 0x0000, 0x0000, 0xFFFF,
  0xFFFF, 0xFFFF, 0xFFFF, 0x0000, 0x0000, 0x0000, 0x0000, 0xFFFF, 0xFFFF, 0xFFFF,
  0xFFFF, 0xFFFF, 0xFFFF, 0xFFFF, 0xFFFF, 0xFFFF, 0x0000, 0x0000, 0x0000, 0x0000,
  0x0000, 0xFFFF, 0xFFFF, 0xFFFF, 0xFFFF, 0x0000, 0x0000, 0x0000, 0x0000, 0x0000,
  0x0000, 0x0000, 0x0000, 0x0000, 0x0000, 0x0000, 0x0000, 0x0000, 0x0000, 0xFFFF,
  0xFFFF, 0xFFFF, 0xFFFF, 0xFFFF, 0x0000, 0x0000, 0x0000, 0x0000, 0xFFFF, 0xFFFF,
  0xFFFF, 0xFFFF, 0xFFFF, 0xFFFF, 0xFFFF, 0xFFFF, 0xFFFF, 0xFFFF, 0xFFFF, 0xFFFF,
  0xFFFF, 0xFFFF, 0xFFFF, 0xFFFF, 0xFFFF, 0xFFFF, 0xFFFF, 0x0000, 0x0000, 0x0000,
  0x0000, 0x0000, 0x0000, 0x0000, 0x0000, 0x0000, 0x0000, 0x0000, 0x0000, 0x0000,
  0x0000, 0xFFFF, 0xFFFF, 0xFFFF, 0xFFFF, 0xFFFF, 0xFFFF, 0xFFFF, 0xFFFF, 0xFFFF,
  0xFFFF, 0xFFFF, 0xFFFF, 0xFFFF, 0xFFFF, 0x0000, 0x0000, 0x0000, 0x0000, 0x0000,
  0x0000, 0x0000, 0x0000, 0x0000, 0x0000, 0x0000, 0x0000, 0x0000, 0xFFFF, 0xFFFF,
  0xFFFF, 0xFFFF, 0xFFFF, 0xFFFF, 0xFFFF, 0xFFFF, 0xFFFF, 0xFFFF, 0x0000, 0x0000,
  0x0000, 0x0000, 0x0000, 0x0000, 0x0000, 0x0000, 0x0000, 0xFFFF, 0xFFFF, 0xFFFF,
  0xFFFF, 0x0000, 0x0000, 0x0000, 0x0000, 0x0000, 0x0000, 0x0000, 0x0000, 0x0000,
  0x0000, 0xFFFF, 0xFFFF, 0xFFFF, 0xFFFF, 0xFFFF, 0xFFFF, 0xFFFF, 0xFFFF, 0xFFFF,
  0x0000, 0x0000, 0x0000, 0x0000, 0x0000, 0x0000, 0x0000, 0x0000, 0x0000, 0x0000,
  0x0000, 0x0000, 0x0000, 0x0000, 0xFFFF, 0xFFFF, 0xFFFF, 0xFFFF, 0x0000, 0x0000,
  0x0000, 0x0000, 0x0000, 0x0000, 0x0000, 0x0000, 0x0000, 0x0000, 0xFFFF, 0xFFFF,
  0xFFFF, 0xFFFF, 0x0000, 0x0000, 0x0000, 0x0000, 0xFFFF, 0xFFFF, 0xFFFF, 0xFFFF,
  0xFFFF, 0xFFFF, 0xFFFF, 0xFFFF, 0xFFFF, 0x0000, 0x0000, 0x0000, 0x0000, 0x0000,
  0xFFFF, 0xFFFF, 0xFFFF, 0xFFFF, 0x0000, 0x0000, 0x0000, 0x0000, 0x0000, 0x0000,
  0x0000, 0x0000, 0x0000, 0x0000, 0x0000, 0x0000, 0x0000, 0x0000, 0xFFFF, 0xFFFF,
  0xFFFF, 0xFFFF, 0xFFFF, 0x0000, 0x0000, 0x0000, 0x0000, 0xFFFF, 0xFFFF, 0xFFFF,
  0xFFFF, 0xFFFF, 0xFFFF, 0xFFFF, 0xFFFF, 0xFFFF, 0xFFFF, 0xFFFF, 0xFFFF, 0xFFFF,
  0xFFFF, 0xFFFF, 0xFFFF, 0xFFFF, 0xFFFF, 0xFFFF, 0x0000, 0x0000, 0x0000, 0x0000,
  0x0000, 0x0000, 0x0000, 0x0000, 0x0000, 0x0000, 0x0000, 0x0000, 0x0000, 0x0000,
  0xFFFF, 0xFFFF, 0xFFFF, 0xFFFF, 0xFFFF, 0xFFFF, 0xFFFF, 0xFFFF, 0xFFFF, 0xFFFF,
  0xFFFF, 0xFFFF, 0xFFFF, 0xFFFF, 0x0000, 0x0000, 0x0000, 0x0000, 0x0000, 0x0000,
  0x0000, 0x0000, 0x0000, 0x0000, 0x0000, 0x0000, 0x0000, 0xFFFF, 0xFFFF, 0xFFFF,
  0xFFFF, 0xFFFF, 0xFFFF, 0xFFFF, 0xFFFF, 0xFFFF, 0xFFFF, 0x0000, 0x0000, 0x0000,
  0x0000, 0x0000, 0x0000, 0x0000, 0x0000, 0x0000, 0xFFFF, 0xFFFF, 0xFFFF, 0xFFFF,
  0x0000, 0x0000, 0x0000, 0x0000, 0x0000, 0x0000, 0x0000, 0x0000, 0x0000, 0x0000,
  0xFFFF, 0xFFFF, 0xFFFF, 0xFFFF, 0xFFFF, 0xFFFF, 0xFFFF, 0xFFFF, 0xFFFF, 0x0000,
  0x0000, 0x0000, 0x0000, 0x0000, 0x0000, 0x0000, 0x0000, 0x0000, 0x0000, 0x0000,
  0x0000, 0x0000, 0x0000, 0xFFFF, 0xFFFF, 0xFFFF, 0xFFFF, 0x0000, 0x0000, 0x0000,
  0x0000, 0x0000, 0x0000, 0x0000, 0x0000, 0x0000, 0x0000, 0xFFFF, 0xFFFF, 0xFFFF,
  0xFFFF, 0x0000, 0x0000, 0x0000, 0x0000, 0xFFFF, 0xFFFF, 0xFFFF, 0xFFFF, 0xFFFF,
  0xFFFF, 0xFFFF, 0xFFFF, 0xFFFF, 0x0000, 0x0000, 0x0000, 0x0000, 0x0000, 0xFFFF,
  0xFFFF, 0xFFFF, 0xFFFF, 0x0000, 0x0000, 0x0000, 0x0000, 0x0000, 0x0000, 0x0000,
  0x0000, 0x0000, 0x0000, 0x0000, 0x0000, 0x0000, 0x0000, 0xFFFF, 0xFFFF, 0xFFFF,
  0xFFFF, 0xFFFF, 0x0000, 0x0000, 0x0000, 0x0000, 0xFFFF, 0xFFFF, 0xFFFF, 0xFFFF,
  0xFFFF, 0xFFFF, 0xFFFF, 0xFFFF, 0xFFFF, 0xFFFF, 0xFFFF, 0xFFFF, 0xFFFF, 0xFFFF,
  0xFFFF, 0xFFFF, 0xFFFF, 0xFFFF, 0xFFFF, 0x0000, 0x0000, 0x0000, 0x0000, 0x0000,
  0x0000, 0x0000, 0x0000, 0x0000, 0x0000, 0x0000, 0x0000, 0x0000, 0x0000, 0xFFFF,
  0xFFFF, 0xFFFF, 0xFFFF, 0xFFFF, 0xFFFF, 0xFFFF, 0xFFFF, 0xFFFF, 0xFFFF, 0xFFFF,
  0xFFFF, 0xFFFF, 0xFFFF, 0x0000, 0x0000, 0x0000, 0x0000, 0x0000, 0x0000, 0x0000,
  0x0000, 0x0000, 0x0000, 0x0000, 0x0000, 0x0000, 0xFFFF, 0xFFFF, 0xFFFF, 0xFFFF,
  0xFFFF, 0xFFFF, 0xFFFF, 0xFFFF, 0xFFFF, 0xFFFF, 0x0000, 0x0000, 0x0000, 0x0000,
  0x0000, 0x0000, 0x0000, 0x0000, 0x0000, 0xFFFF, 0xFFFF, 0xFFFF, 0xFFFF, 0x0000,
  0x0000, 0x0000, 0x0000, 0x0000, 0x0000, 0x0000, 0x0000, 0x0000, 0x0000, 0xFFFF,
  0xFFFF, 0xFFFF, 0xFFFF, 0xFFFF, 0xFFFF, 0xFFFF, 0xFFFF, 0xFFFF, 0x0000, 0x0000,
  0x0000, 0x0000, 0x0000, 0x0000, 0x0000, 0x0000, 0x0000, 0x0000, 0x0000, 0x0000,
  0x0000, 0x0000, 0xFFFF, 0xFFFF, 0xFFFF, 0xFFFF, 0x0000, 0x0000, 0x0000, 0x0000,
  0x0000, 0x0000, 0x0000, 0x0000, 0x0000, 0x0000, 0xFFFF, 0xFFFF, 0xFFFF, 0xFFFF,
  0x0000, 0x0000, 0x0000, 0x0000, 0xFFFF, 0xFFFF, 0xFFFF, 0xFFFF, 0xFFFF, 0xFFFF,
  0xFFFF, 0xFFFF, 0xFFFF, 0x0000, 0x0000, 0x0000, 0x0000, 0x0000, 0xFFFF, 0xFFFF,
  0xFFFF, 0xFFFF, 0x0000, 0x0000, 0x0000, 0x0000, 0x0000, 0x0000, 0x0000, 0x0000,
  0x0000, 0x0000, 0x0000, 0x0000, 0x0000, 0x0000, 0xFFFF, 0xFFFF, 0xFFFF, 0xFFFF,
  0xFFFF, 0x0000, 0x0000, 0x0000, 0x0000, 0xFFFF, 0xFFFF, 0xFFFF, 0xFFFF, 0xFFFF,
  0xFFFF, 0xFFFF, 0xFFFF, 0xFFFF, 0xFFFF, 0x0000, 0x0000, 0x0000, 0x0000, 0xFFFF,
  0xFFFF, 0xFFFF, 0xFFFF, 0xFFFF, 0x0000, 0x0000, 0x0000, 0x0000, 0x0000, 0x0000,
  0x0000, 0x0000, 0x0000, 0xFFFF, 0xFFFF, 0xFFFF, 0xFFFF, 0xFFFF, 0xFFFF, 0xFFFF,
  0xFFFF, 0xFFFF, 0x0000, 0x0000, 0x0000, 0x0000, 0x0000, 0xFFFF, 0xFFFF, 0xFFFF,
  0xFFFF, 0xFFFF, 0x0000, 0x0000, 0x0000, 0x0000, 0xFFFF, 0xFFFF, 0xFFFF, 0xFFFF,
  0xFFFF, 0x0000, 0x0000, 0x0000, 0x0000, 0xFFFF, 0xFFFF, 0xFFFF, 0xFFFF, 0xFFFF,
  0xFFFF, 0xFFFF, 0xFFFF, 0xFFFF, 0xFFFF, 0xFFFF, 0xFFFF, 0xFFFF, 0xFFFF, 0x0000,
  0x0000, 0x0000, 0x0000, 0x0000, 0xFFFF, 0xFFFF, 0xFFFF, 0xFFFF, 0x0000, 0x0000,
  0x0000, 0x0000, 0x0000, 0x0000, 0x0000, 0x0000, 0x0000, 0x0000, 0x0000, 0x0000,
  0x0000, 0x0000, 0xFFFF, 0xFFFF, 0xFFFF, 0xFFFF, 0xFFFF, 0x0000, 0x0000, 0x0000,
  0x0000, 0x0000, 0x0000, 0x0000, 0x0000, 0x0000, 0xFFFF, 0xFFFF, 0xFFFF, 0xFFFF,
  0xFFFF, 0xFFFF, 0xFFFF, 0xFFFF, 0xFFFF, 0x0000, 0x0000, 0x0000, 0x0000, 0x0000,
  0x0000, 0x0000, 0x0000, 0x0000, 0x0000, 0xFFFF, 0xFFFF, 0xFFFF, 0xFFFF, 0xFFFF,
  0xFFFF, 0xFFFF, 0xFFFF, 0xFFFF, 0xFFFF, 0xFFFF, 0xFFFF, 0xFFFF, 0xFFFF, 0xFFFF,
  0xFFFF, 0xFFFF, 0x0000, 0x0000, 0x0000, 0x0000, 0x0000, 0xFFFF, 0xFFFF, 0xFFFF,
  0xFFFF, 0x0000, 0x0000, 0x0000, 0x0000, 0x0000, 0x0000, 0x0000, 0x0000, 0x0000,
  0x0000, 0x0000, 0x0000, 0x0000, 0x0000, 0xFFFF, 0xFFFF, 0xFFFF, 0xFFFF, 0xFFFF,
  0x0000, 0x0000, 0x0000, 0x0000, 0xFFFF, 0xFFFF, 0xFFFF, 0xFFFF, 0xFFFF, 0xFFFF,
  0xFFFF, 0xFFFF, 0xFFFF, 0xFFFF, 0x0000, 0x0000, 0x0000, 0x0000, 0xFFFF, 0xFFFF,
  0xFFFF, 0xFFFF, 0xFFFF, 0x0000, 0x0000, 0x0000, 0x0000, 0x0000, 0x0000, 0x0000,
  0x0000, 0x0000, 0xFFFF, 0xFFFF, 0xFFFF, 0xFFFF, 0xFFFF, 0xFFFF, 0xFFFF, 0xFFFF,
  0xFFFF, 0x0000, 0x0000, 0x0000, 0x0000, 0x0000, 0xFFFF, 0xFFFF, 0xFFFF, 0xFFFF,
  0xFFFF, 0x0000, 0x0000, 0x0000, 0x0000, 0xFFFF, 0xFFFF, 0xFFFF, 0xFFFF, 0xFFFF,
  0x0000, 0x0000, 0x0000, 0x0000, 0xFFFF, 0xFFFF, 0xFFFF, 0xFFFF, 0xFFFF, 0xFFFF,
  0xFFFF, 0xFFFF, 0xFFFF, 0xFFFF, 0xFFFF, 0xFFFF, 0xFFFF, 0xFFFF, 0x0000, 0x0000,
  0x0000, 0x0000, 0x0000, 0xFFFF, 0xFFFF, 0xFFFF, 0xFFFF, 0x0000, 0x0000, 0x0000,
  0x0000, 0x0000, 0x0000, 0x0000, 0x0000, 0x0000, 0x0000, 0x0000, 0x0000, 0x0000,
  0x0000, 0xFFFF, 0xFFFF, 0xFFFF, 0xFFFF, 0xFFFF, 0x0000, 0x0000, 0x0000, 0x0000,
  0x0000, 0x0000, 0x0000, 0x0000, 0x0000, 0xFFFF, 0xFFFF, 0xFFFF, 0xFFFF, 0xFFFF,
  0xFFFF, 0xFFFF, 0xFFFF, 0xFFFF, 0x0000, 0x0000, 0x0000, 0x0000, 0x0000, 0x0000,
  0x0000, 0x0000, 0x0000, 0x0000, 0xFFFF, 0xFFFF, 0xFFFF, 0xFFFF, 0xFFFF, 0xFFFF,
  0xFFFF, 0xFFFF, 0xFFFF, 0xFFFF, 0xFFFF, 0xFFFF, 0xFFFF, 0xFFFF, 0xFFFF, 0xFFFF,
  0xFFFF, 0x0000, 0x0000, 0x0000, 0x0000, 0x0000, 0xFFFF, 0xFFFF, 0xFFFF, 0xFFFF,
  0x0000, 0x0000, 0x0000, 0x0000, 0x0000, 0x0000, 0x0000, 0x0000, 0x0000, 0x0000,
  0x0000, 0x0000, 0x0000, 0x0000, 0xFFFF, 0xFFFF, 0xFFFF, 0xFFFF, 0xFFFF, 0x0000,
  0x0000, 0x0000, 0x0000, 0xFFFF, 0xFFFF, 0xFFFF, 0xFFFF, 0xFFFF, 0xFFFF, 0xFFFF,
  0xFFFF, 0xFFFF, 0xFFFF, 0x0000, 0x0000, 0x0000, 0x0000, 0xFFFF, 0xFFFF, 0xFFFF,
  0xFFFF, 0xFFFF, 0x0000, 0x0000, 0x0000, 0x0000, 0x0000, 0x0000, 0x0000, 0x0000,
  0x0000, 0xFFFF, 0xFFFF, 0xFFFF, 0xFFFF, 0xFFFF, 0xFFFF, 0xFFFF, 0xFFFF, 0xFFFF,
  0x0000, 0x0000, 0x0000, 0x0000, 0x0000, 0xFFFF, 0xFFFF, 0xFFFF, 0xFFFF, 0xFFFF,
  0x0000, 0x0000, 0x0000, 0x0000, 0xFFFF, 0xFFFF, 0xFFFF, 0xFFFF, 0xFFFF, 0x0000,
  0x0000, 0x0000, 0x0000, 0xFFFF, 0xFFFF, 0xFFFF, 0xFFFF, 0xFFFF, 0xFFFF, 0xFFFF,
  0xFFFF, 0xFFFF, 0xFFFF, 0xFFFF, 0xFFFF, 0xFFFF, 0xFFFF, 0x0000, 0x0000, 0x0000,
  0x0000, 0x0000, 0xFFFF, 0xFFFF, 0xFFFF, 0xFFFF, 0x0000, 0x0000, 0x0000, 0x0000,
  0x0000, 0x0000, 0x0000, 0x0000, 0x0000, 0x0000, 0x0000, 0x0000, 0x0000, 0x0000,
  0xFFFF, 0xFFFF, 0xFFFF, 0xFFFF, 0xFFFF, 0x0000, 0x0000, 0x0000, 0x0000, 0x0000,
  0x0000, 0x0000, 0x0000, 0x0000, 0xFFFF, 0xFFFF, 0xFFFF, 0xFFFF, 0xFFFF, 0xFFFF,
  0xFFFF, 0xFFFF, 0xFFFF, 0x0000, 0x0000, 0x0000, 0x0000, 0x0000, 0x0000, 0x0000,
  0x0000, 0x0000, 0x0000, 0xFFFF, 0xFFFF, 0xFFFF, 0xFFFF, 0xFFFF, 0xFFFF, 0xFFFF,
  0xFFFF, 0xFFFF, 0xFFFF, 0xFFFF, 0xFFFF, 0xFFFF, 0xFFFF, 0xFFFF, 0xFFFF, 0xFFFF,
  0x0000, 0x0000, 0x0000, 0x0000, 0x0000, 0xFFFF, 0xFFFF, 0xFFFF, 0xFFFF, 0x0000,
  0x0000, 0x0000, 0x0000, 0x0000, 0x0000, 0x0000, 0x0000, 0x0000, 0x0000, 0x0000,
  0x0000, 0x0000, 0x0000, 0xFFFF, 0xFFFF, 0xFFFF, 0xFFFF, 0xFFFF, 0x0000, 0x0000,
  0x0000, 0x0000, 0xFFFF, 0xFFFF, 0xFFFF, 0xFFFF, 0xFFFF, 0xFFFF, 0xFFFF, 0xFFFF,
  0xFFFF, 0xFFFF, 0x0000, 0x0000, 0x0000, 0x0000, 0xFFFF, 0xFFFF, 0xFFFF, 0xFFFF,
  0xFFFF, 0x0000, 0x0000, 0x0000, 0x0000, 0x0000, 0x0000, 0x0000, 0x0000, 0x0000,
  0xFFFF, 0xFFFF, 0xFFFF, 0xFFFF, 0xFFFF, 0xFFFF, 0xFFFF, 0xFFFF, 0xFFFF, 0x0000,
  0x0000, 0x0000, 0x0000, 0x0000, 0xFFFF, 0xFFFF, 0xFFFF, 0xFFFF, 0xFFFF, 0x0000,
  0x0000, 0x0000, 0x0000, 0xFFFF, 0xFFFF, 0xFFFF, 0xFFFF, 0xFFFF, 0x0000, 0x0000,
  0x0000, 0x0000, 0xFFFF, 0xFFFF, 0xFFFF, 0xFFFF, 0xFFFF, 0xFFFF, 0xFFFF, 0xFFFF,
  0xFFFF, 0xFFFF, 0xFFFF, 0xFFFF, 0xFFFF, 0xFFFF, 0x0000, 0x0000, 0x0000, 0x0000,
  0x0000, 0xFFFF, 0xFFFF, 0xFFFF, 0xFFFF, 0x0000, 0x0000, 0x0000, 0x0000, 0x0000,
  0x0000, 0x0000, 0x0000, 0x0000, 0x0000, 0x0000, 0x0000, 0x0000, 0x0000, 0xFFFF,
  0xFFFF, 0xFFFF, 0xFFFF, 0xFFFF, 0x0000, 0x0000, 0x0000, 0x0000, 0x0000, 0x0000,
  0x0000, 0x0000, 0x0000, 0xFFFF, 0xFFFF, 0xFFFF, 0xFFFF, 0xFFFF, 0xFFFF, 0xFFFF,
  0xFFFF, 0xFFFF, 0x0000, 0x0000, 0x0000, 0x0000, 0x0000, 0x0000, 0x0000, 0x0000,
  0x0000, 0x0000, 0xFFFF, 0xFFFF, 0xFFFF, 0xFFFF, 0xFFFF, 0xFFFF, 0xFFFF, 0xFFFF,
  0xFFFF, 0xFFFF, 0xFFFF, 0xFFFF, 0xFFFF, 0xFFFF, 0xFFFF, 0xFFFF, 0xFFFF, 0x0000,
  0x0000, 0x0000, 0x0000, 0x0000, 0xFFFF, 0xFFFF, 0xFFFF, 0xFFFF, 0x0000, 0x0000,
  0x0000, 0x0000, 0x0000, 0x0000, 0x0000, 0x0000, 0x0000, 0x0000, 0x0000, 0x0000,
  0x0000, 0x0000, 0xFFFF, 0xFFFF, 0xFFFF, 0xFFFF, 0xFFFF, 0x0000, 0x0000, 0x0000,
  0x0000, 0xFFFF, 0xFFFF, 0xFFFF, 0xFFFF, 0xFFFF, 0xFFFF, 0xFFFF, 0xFFFF, 0xFFFF,
  0xFFFF, 0x0000, 0x0000, 0x0000, 0x0000, 0xFFFF, 0xFFFF, 0xFFFF, 0xFFFF, 0xFFFF,
  0x0000, 0x0000, 0x0000, 0x0000, 0x0000, 0x0000, 0x0000, 0x0000, 0x0000, 0xFFFF,
  0xFFFF, 0xFFFF, 0xFFFF, 0xFFFF, 0xFFFF, 0xFFFF, 0xFFFF, 0xFFFF, 0x0000, 0x0000,
  0x0000, 0x0000, 0x0000, 0xFFFF, 0xFFFF, 0xFFFF, 0xFFFF, 0xFFFF, 0x0000, 0x0000,
  0x0000, 0x0000, 0xFFFF, 0xFFFF, 0xFFFF, 0xFFFF, 0xFFFF, 0x0000, 0x0000, 0x0000,
  0x0000, 0xFFFF, 0xFFFF, 0xFFFF, 0xFFFF, 0xFFFF, 0xFFFF, 0xFFFF, 0xFFFF, 0xFFFF,
  0xFFFF, 0xFFFF, 0xFFFF, 0xFFFF, 0xFFFF, 0x0000, 0x0000, 0x0000, 0x0000, 0x0000,
  0xFFFF, 0xFFFF, 0xFFFF, 0xFFFF, 0x0000, 0x0000, 0x0000, 0x0000, 0x0000, 0x0000,
  0x0000, 0x0000, 0x0000, 0x0000, 0x0000, 0x0000, 0x0000, 0x0000, 0xFFFF, 0xFFFF,
  0xFFFF, 0xFFFF, 0xFFFF, 0x0000, 0x0000, 0x0000, 0x0000, 0x0000, 0x0000, 0x0000,
  0x0000, 0x0000, 0xFFFF, 0xFFFF, 0xFFFF, 0xFFFF, 0xFFFF, 0xFFFF, 0xFFFF, 0xFFFF,
  0xFFFF, 0x0000, 0x0000, 0x0000, 0x0000, 0x0000, 0x0000, 0x0000, 0x0000, 0x0000,
  0x0000, 0xFFFF, 0xFFFF, 0xFFFF, 0xFFFF, 0xFFFF, 0xFFFF, 0xFFFF, 0xFFFF, 0xFFFF,
  0xFFFF, 0xFFFF, 0xFFFF, 0xFFFF, 0xFFFF, 0xFFFF, 0xFFFF, 0xFFFF, 0x0000, 0x0000,
  0x0000, 0x0000, 0x0000, 0xFFFF, 0xFFFF, 0xFFFF, 0xFFFF, 0xFFFF, 0xFFFF, 0xFFFF,
  0xFFFF, 0xFFFF, 0xFFFF, 0xFFFF, 0xFFFF, 0xFFFF, 0xFFFF, 0xFFFF, 0xFFFF, 0xFFFF,
  0xFFFF, 0xFFFF, 0xFFFF, 0xFFFF, 0xFFFF, 0xFFFF, 0x0000, 0x0000, 0x0000, 0x0000,
  0xFFFF, 0xFFFF, 0xFFFF, 0xFFFF, 0xFFFF, 0xFFFF, 0xFFFF, 0xFFFF, 0xFFFF, 0xFFFF,
  0x0000, 0x0000, 0x0000, 0x0000, 0x0000, 0x0000, 0x0000, 0x0000, 0x0000, 0xFFFF,
  0xFFFF, 0xFFFF, 0xFFFF, 0xFFFF, 0xFFFF, 0xFFFF, 0xFFFF, 0xFFFF, 0xFFFF, 0xFFFF,
  0xFFFF, 0xFFFF, 0xFFFF, 0xFFFF, 0xFFFF, 0xFFFF, 0xFFFF, 0x0000, 0x0000, 0x0000,
  0x0000, 0x0000, 0x0000, 0x0000, 0x0000, 0x0000, 0x0000, 0x0000, 0x0000, 0x0000,
  0x0000, 0xFFFF, 0xFFFF, 0xFFFF, 0xFFFF, 0xFFFF, 0x0000, 0x0000, 0x0000, 0x0000,
  0x0000, 0x0000, 0x0000, 0x0000, 0x0000, 0x0000, 0x0000, 0x0000, 0x0000, 0x0000,
  0xFFFF, 0xFFFF, 0xFFFF, 0xFFFF, 0xFFFF, 0xFFFF, 0xFFFF, 0xFFFF, 0xFFFF, 0x0000,
  0x0000, 0x0000, 0x0000, 0xFFFF, 0xFFFF, 0xFFFF, 0xFFFF, 0xFFFF, 0xFFFF, 0xFFFF,
  0xFFFF, 0xFFFF, 0xFFFF, 0x0000, 0x0000, 0x0000, 0x0000, 0xFFFF, 0xFFFF, 0xFFFF,
  0xFFFF, 0xFFFF, 0x0000, 0x0000, 0x0000, 0x0000, 0x0000, 0x0000, 0x0000, 0x0000,
  0x0000, 0xFFFF, 0xFFFF, 0xFFFF, 0xFFFF, 0xFFFF, 0x0000, 0x0000, 0x0000, 0x0000,
  0xFFFF, 0xFFFF, 0xFFFF, 0xFFFF, 0xFFFF, 0x0000, 0x0000, 0x0000, 0x0000, 0x0000,
  0x0000, 0x0000, 0x0000, 0x0000, 0xFFFF, 0xFFFF, 0xFFFF, 0xFFFF, 0xFFFF, 0xFFFF,
  0xFFFF, 0xFFFF, 0xFFFF, 0xFFFF, 0xFFFF, 0xFFFF, 0xFFFF, 0x0000, 0x0000, 0x0000,
  0x0000, 0x0000, 0xFFFF, 0xFFFF, 0xFFFF, 0xFFFF, 0xFFFF, 0xFFFF, 0xFFFF, 0xFFFF,
  0xFFFF, 0xFFFF, 0xFFFF, 0xFFFF, 0xFFFF, 0xFFFF, 0xFFFF, 0xFFFF, 0xFFFF, 0xFFFF,
  0xFFFF, 0xFFFF, 0xFFFF, 0xFFFF, 0xFFFF, 0x0000, 0x0000, 0x0000, 0x0000, 0xFFFF,
  0xFFFF, 0xFFFF, 0xFFFF, 0xFFFF, 0xFFFF, 0xFFFF, 0xFFFF, 0xFFFF, 0xFFFF, 0x0000,
  0x0000, 0x0000, 0x0000, 0x0000, 0x0000, 0x0000, 0x0000, 0x0000, 0xFFFF, 0xFFFF,
  0xFFFF, 0xFFFF, 0xFFFF, 0xFFFF, 0xFFFF, 0xFFFF, 0xFFFF, 0xFFFF, 0xFFFF, 0xFFFF,
  0xFFFF, 0xFFFF, 0xFFFF, 0xFFFF, 0xFFFF, 0xFFFF, 0x0000, 0x0000, 0x0000, 0x0000,
  0x0000, 0x0000, 0x0000, 0x0000, 0x0000, 0x0000, 0x0000, 0x0000, 0x0000, 0x0000,
  0xFFFF, 0xFFFF, 0xFFFF, 0xFFFF, 0xFFFF, 0x0000, 0x0000, 0x0000, 0x0000, 0x0000,
  0x0000, 0x0000, 0x0000, 0x0000, 0x0000, 0x0000, 0x0000, 0x0000, 0x0000, 0xFFFF,
  0xFFFF, 0xFFFF, 0xFFFF, 0xFFFF, 0xFFFF, 0xFFFF, 0xFFFF, 0xFFFF, 0x0000, 0x0000,
  0x0000, 0x0000, 0xFFFF, 0xFFFF, 0xFFFF, 0xFFFF, 0xFFFF, 0xFFFF, 0xFFFF, 0xFFFF,
  0xFFFF, 0xFFFF, 0x0000, 0x0000, 0x0000, 0x0000, 0xFFFF, 0xFFFF, 0xFFFF, 0xFFFF,
  0xFFFF, 0x0000, 0x0000, 0x0000, 0x0000, 0x0000, 0x0000, 0x0000, 0x0000, 0x0000,
  0xFFFF, 0xFFFF, 0xFFFF, 0xFFFF, 0xFFFF, 0x0000, 0x0000, 0x0000, 0x0000, 0xFFFF,
  0xFFFF, 0xFFFF, 0xFFFF, 0xFFFF, 0x0000, 0x0000, 0x0000, 0x0000, 0x0000, 0x0000,
  0x0000, 0x0000, 0x0000, 0xFFFF, 0xFFFF, 0xFFFF, 0xFFFF, 0xFFFF, 0xFFFF, 0xFFFF,
  0xFFFF, 0xFFFF, 0xFFFF, 0xFFFF, 0xFFFF, 0xFFFF, 0x0000, 0x0000, 0x0000, 0x0000,
  0x0000, 0xFFFF, 0xFFFF, 0xFFFF, 0xFFFF, 0xFFFF, 0xFFFF, 0xFFFF, 0xFFFF, 0xFFFF,
  0xFFFF, 0xFFFF, 0xFFFF, 0xFFFF, 0xFFFF, 0xFFFF, 0xFFFF, 0xFFFF, 0xFFFF, 0xFFFF,
  0xFFFF, 0xFFFF, 0xFFFF, 0xFFFF, 0x0000, 0x0000, 0x0000, 0x0000, 0xFFFF, 0xFFFF,
  0xFFFF, 0xFFFF, 0xFFFF, 0xFFFF, 0xFFFF, 0xFFFF, 0xFFFF, 0xFFFF, 0x0000, 0x0000,
  0x0000, 0x0000, 0x0000, 0x0000, 0x0000, 0x0000, 0x0000, 0xFFFF, 0xFFFF, 0xFFFF,
  0xFFFF, 0xFFFF, 0xFFFF, 0xFFFF, 0xFFFF, 0xFFFF, 0xFFFF, 0xFFFF, 0xFFFF, 0xFFFF,
  0xFFFF, 0xFFFF, 0xFFFF, 0xFFFF, 0xFFFF, 0x0000, 0x0000, 0x0000, 0x0000, 0x0000,
  0x0000, 0x0000, 0x0000, 0x0000, 0x0000, 0x0000, 0x0000, 0x0000, 0x0000, 0xFFFF,
  0xFFFF, 0xFFFF, 0xFFFF, 0xFFFF, 0x0000, 0x0000, 0x0000, 0x0000, 0x0000, 0x0000,
  0x0000, 0x0000, 0x0000, 0x0000, 0x0000, 0x0000, 0x0000, 0x0000, 0xFFFF, 0xFFFF,
  0xFFFF, 0xFFFF, 0xFFFF, 0xFFFF, 0xFFFF, 0xFFFF, 0xFFFF, 0x0000, 0x0000, 0x0000,
  0x0000, 0xFFFF, 0xFFFF, 0xFFFF, 0xFFFF, 0xFFFF, 0xFFFF, 0xFFFF, 0xFFFF, 0xFFFF,
  0xFFFF, 0x0000, 0x0000, 0x0000, 0x0000, 0xFFFF, 0xFFFF, 0xFFFF, 0xFFFF, 0xFFFF,
  0x0000, 0x0000, 0x0000, 0x0000, 0x0000, 0x0000, 0x0000, 0x0000, 0x0000, 0xFFFF,
  0xFFFF, 0xFFFF, 0xFFFF, 0xFFFF, 0x0000, 0x0000, 0x0000, 0x0000, 0xFFFF, 0xFFFF,
  0xFFFF, 0xFFFF, 0xFFFF, 0x0000, 0x0000, 0x0000, 0x0000, 0x0000, 0x0000, 0x0000,
  0x0000, 0x0000, 0xFFFF, 0xFFFF, 0xFFFF, 0xFFFF, 0xFFFF, 0xFFFF, 0xFFFF, 0xFFFF,
  0xFFFF, 0xFFFF, 0xFFFF, 0xFFFF, 0xFFFF, 0x0000, 0x0000, 0x0000, 0x0000, 0x0000,
  0xFFFF, 0xFFFF, 0xFFFF, 0xFFFF, 0xFFFF, 0xFFFF, 0xFFFF, 0xFFFF, 0xFFFF, 0xFFFF,
  0xFFFF, 0xFFFF, 0xFFFF, 0xFFFF, 0xFFFF, 0xFFFF, 0xFFFF, 0xFFFF, 0xFFFF, 0xFFFF,
  0xFFFF, 0xFFFF, 0xFFFF, 0x0000, 0x0000, 0x0000, 0x0000, 0xFFFF, 0xFFFF, 0xFFFF,
  0xFFFF, 0xFFFF, 0xFFFF, 0xFFFF, 0xFFFF, 0xFFFF, 0xFFFF, 0x0000, 0x0000, 0x0000,
  0x0000, 0x0000, 0x0000, 0x0000, 0x0000, 0x0000, 0xFFFF, 0xFFFF, 0xFFFF, 0xFFFF,
  0xFFFF, 0xFFFF, 0xFFFF, 0xFFFF, 0xFFFF, 0xFFFF, 0xFFFF, 0xFFFF, 0xFFFF, 0xFFFF,
  0xFFFF, 0xFFFF, 0xFFFF, 0xFFFF, 0x0000, 0x0000, 0x0000, 0x0000, 0x0000, 0x0000,
  0x0000, 0x0000, 0x0000, 0x0000, 0x0000, 0x0000, 0x0000, 0x0000, 0xFFFF, 0xFFFF,
  0xFFFF, 0xFFFF, 0xFFFF, 0x0000, 0x0000, 0x0000, 0x0000, 0x0000, 0x0000, 0x0000,
  0x0000, 0x0000, 0x0000, 0x0000, 0x0000, 0x0000, 0x0000, 0xFFFF, 0xFFFF, 0xFFFF,
  0xFFFF, 0xFFFF, 0xFFFF, 0xFFFF, 0xFFFF, 0xFFFF, 0x0000, 0x0000, 0x0000, 0x0000,
  0xFFFF, 0xFFFF, 0xFFFF, 0xFFFF, 0xFFFF, 0xFFFF, 0xFFFF, 0xFFFF, 0xFFFF, 0xFFFF,
  0x0000, 0x0000, 0x0000, 0x0000, 0xFFFF, 0xFFFF, 0xFFFF, 0xFFFF, 0xFFFF, 0x0000,
  0x0000, 0x0000, 0x0000, 0x0000, 0x0000, 0x0000, 0x0000, 0x0000, 0xFFFF, 0xFFFF,
  0xFFFF, 0xFFFF, 0xFFFF, 0x0000, 0x0000, 0x0000, 0x0000, 0xFFFF, 0xFFFF, 0xFFFF,
  0xFFFF, 0xFFFF, 0x0000, 0x0000, 0x0000, 0x0000, 0x0000, 0x0000, 0x0000, 0x0000,
  0x0000, 0xFFFF, 0xFFFF, 0xFFFF, 0xFFFF, 0xFFFF, 0xFFFF, 0xFFFF, 0xFFFF, 0xFFFF,
  0xFFFF, 0xFFFF, 0xFFFF, 0xFFFF, 0x0000, 0x0000, 0x0000, 0x0000, 0x0000, 0x0000,
  0x0000, 0x0000, 0x0000, 0x0000, 0x0000, 0x0000, 0x0000, 0x0000, 0x0000, 0x0000,
  0x0000, 0x0000, 0x0000, 0x0000, 0x0000, 0x0000, 0x0000, 0x0000, 0x0000, 0x0000,
  0x0000, 0x0000, 0x0000, 0x0000, 0x0000, 0x0000, 0xFFFF, 0xFFFF, 0xFFFF, 0xFFFF,
  0xFFFF, 0x0000, 0x0000, 0x0000, 0x0000, 0x0000, 0xFFFF, 0xFFFF, 0xFFFF, 0xFFFF,
  0xFFFF, 0xFFFF, 0xFFFF, 0xFFFF, 0xFFFF, 0xFFFF, 0xFFFF, 0xFFFF, 0xFFFF, 0xFFFF,
  0xFFFF, 0xFFFF, 0xFFFF, 0xFFFF, 0xFFFF, 0xFFFF, 0xFFFF, 0xFFFF, 0xFFFF, 0x0000,
  0x0000, 0x0000, 0x0000, 0xFFFF, 0xFFFF, 0xFFFF, 0xFFFF, 0xFFFF, 0xFFFF, 0xFFFF,
  0xFFFF, 0xFFFF, 0xFFFF, 0x0000, 0x0000, 0x0000, 0x0000, 0x0000, 0x0000, 0x0000,
  0x0000, 0x0000, 0xFFFF, 0xFFFF, 0xFFFF, 0xFFFF, 0x0000, 0x0000, 0x0000, 0x0000,
  0x0000, 0x0000, 0x0000, 0x0000, 0x0000, 0x0000, 0x0000, 0x0000, 0x0000, 0x0000,
  0x0000, 0x0000, 0x0000, 0x0000, 0x0000, 0x0000, 0x0000, 0x0000, 0x0000, 0xFFFF,
  0xFFFF, 0xFFFF, 0xFFFF, 0xFFFF, 0xFFFF, 0xFFFF, 0xFFFF, 0xFFFF, 0xFFFF, 0x0000,
  0x0000, 0x0000, 0x0000, 0xFFFF, 0xFFFF, 0xFFFF, 0xFFFF, 0xFFFF, 0x0000, 0x0000,
  0x0000, 0x0000, 0x0000, 0x0000, 0x0000, 0x0000, 0x0000, 0x0000, 0x0000, 0x0000,
  0x0000, 0x0000, 0xFFFF, 0xFFFF, 0xFFFF, 0xFFFF, 0xFFFF, 0xFFFF, 0xFFFF, 0xFFFF,
  0xFFFF, 0x0000, 0x0000, 0x0000, 0x0000, 0x0000, 0x0000, 0x0000, 0x0000, 0x0000,
  0x0000, 0x0000, 0x0000, 0x0000, 0xFFFF, 0xFFFF, 0xFFFF, 0xFFFF, 0xFFFF, 0xFFFF,
  0xFFFF, 0xFFFF, 0xFFFF, 0x0000, 0x0000, 0x0000, 0x0000, 0x0000, 0x0000, 0x0000,
  0x0000, 0x0000, 0x0000, 0x0000, 0x0000, 0x0000, 0x0000, 0x0000, 0x0000, 0x0000,
  0x0000, 0x0000, 0x0000, 0x0000, 0x0000, 0x0000, 0x0000, 0x0000, 0x0000, 0x0000,
  0x0000, 0x0000, 0x0000, 0x0000, 0x0000, 0xFFFF, 0xFFFF, 0xFFFF, 0xFFFF, 0xFFFF,
  0x0000, 0x0000, 0x0000, 0x0000, 0x0000, 0xFFFF, 0xFFFF, 0xFFFF, 0xFFFF, 0xFFFF,
  0xFFFF, 0xFFFF, 0xFFFF, 0xFFFF, 0xFFFF, 0xFFFF, 0xFFFF, 0xFFFF, 0xFFFF, 0xFFFF,
  0xFFFF, 0xFFFF, 0xFFFF, 0xFFFF, 0xFFFF, 0xFFFF, 0xFFFF, 0xFFFF, 0x0000, 0x0000,
  0x0000, 0x0000, 0xFFFF, 0xFFFF, 0xFFFF, 0xFFFF, 0xFFFF, 0xFFFF, 0xFFFF, 0xFFFF,
  0xFFFF, 0xFFFF, 0x0000, 0x0000, 0x0000, 0x0000, 0x0000, 0x0000, 0x0000, 0x0000,
  0x0000, 0xFFFF, 0xFFFF, 0xFFFF, 0xFFFF, 0x0000, 0x0000, 0x0000, 0x0000, 0x0000,
  0x0000, 0x0000, 0x0000, 0x0000, 0x0000, 0x0000, 0x0000, 0x0000, 0x0000, 0x0000,
  0x0000, 0x0000, 0x0000, 0x0000, 0x0000, 0x0000, 0x0000, 0x0000, 0xFFFF, 0xFFFF,
  0xFFFF, 0xFFFF, 0xFFFF, 0xFFFF, 0xFFFF, 0xFFFF, 0xFFFF, 0xFFFF, 0x0000, 0x0000,
  0x0000, 0x0000, 0xFFFF, 0xFFFF, 0xFFFF, 0xFFFF, 0xFFFF, 0x0000, 0x0000, 0x0000,
  0x0000, 0x0000, 0x0000, 0x0000, 0x0000, 0x0000, 0x0000, 0x0000, 0x0000, 0x0000,
  0x0000, 0xFFFF, 0xFFFF, 0xFFFF, 0xFFFF, 0xFFFF, 0xFFFF, 0xFFFF, 0xFFFF, 0xFFFF,
  0x0000, 0x0000, 0x0000, 0x0000, 0x0000, 0x0000, 0x0000, 0x0000, 0x0000, 0x0000,
  0x0000, 0x0000, 0x0000, 0xFFFF, 0xFFFF, 0xFFFF, 0xFFFF, 0xFFFF, 0xFFFF, 0xFFFF,
  0xFFFF, 0xFFFF, 0x0000, 0x0000, 0x0000, 0x0000, 0x0000, 0x0000, 0x0000, 0x0000,
  0x0000, 0x0000, 0x0000, 0x0000, 0x0000, 0x0000, 0x0000, 0x0000, 0x0000, 0x0000,
  0x0000, 0x0000, 0x0000, 0x0000, 0x0000, 0x0000, 0x0000, 0x0000, 0x0000, 0x0000,
  0x0000, 0x0000, 0x0000, 0x0000, 0xFFFF, 0xFFFF, 0xFFFF, 0xFFFF, 0xFFFF, 0x0000,
  0x0000, 0x0000, 0x0000, 0x0000, 0xFFFF, 0xFFFF, 0xFFFF, 0xFFFF, 0xFFFF, 0xFFFF,
  0xFFFF, 0xFFFF, 0xFFFF, 0xFFFF, 0xFFFF, 0xFFFF, 0xFFFF, 0xFFFF, 0xFFFF, 0xFFFF,
  0xFFFF, 0xFFFF, 0xFFFF, 0xFFFF, 0xFFFF, 0xFFFF, 0xFFFF, 0x0000, 0x0000, 0x0000,
  0x0000, 0xFFFF, 0xFFFF, 0xFFFF, 0xFFFF, 0xFFFF, 0xFFFF, 0xFFFF, 0xFFFF, 0xFFFF,
  0xFFFF, 0x0000, 0x0000, 0x0000, 0x0000, 0x0000, 0x0000, 0x0000, 0x0000, 0x0000,
  0xFFFF, 0xFFFF, 0xFFFF, 0xFFFF, 0x0000, 0x0000, 0x0000, 0x0000, 0x0000, 0x0000,
  0x0000, 0x0000, 0x0000, 0x0000, 0x0000, 0x0000, 0x0000, 0x0000, 0x0000, 0x0000,
  0x0000, 0x0000, 0x0000, 0x0000, 0x0000, 0x0000, 0x0000, 0xFFFF, 0xFFFF, 0xFFFF,
  0xFFFF, 0xFFFF, 0xFFFF, 0xFFFF, 0xFFFF, 0xFFFF, 0xFFFF, 0x0000, 0x0000, 0x0000,
  0x0000, 0xFFFF, 0xFFFF, 0xFFFF, 0xFFFF, 0xFFFF, 0x0000, 0x0000, 0x0000, 0x0000,
  0x0000, 0x0000, 0x0000, 0x0000, 0x0000, 0x0000, 0x0000, 0x0000, 0x0000, 0x0000,
  0xFFFF, 0xFFFF, 0xFFFF, 0xFFFF, 0xFFFF, 0xFFFF, 0xFFFF, 0xFFFF, 0xFFFF, 0x0000,
  0x0000, 0x0000, 0x0000, 0x0000, 0x0000, 0x0000, 0x0000, 0x0000, 0x0000, 0x0000,
  0x0000, 0x0000, 0xFFFF, 0xFFFF, 0xFFFF, 0xFFFF, 0xFFFF, 0xFFFF, 0xFFFF, 0xFFFF,
  0xFFFF, 0x0000, 0x0000, 0x0000, 0x0000, 0x0000, 0x0000, 0x0000, 0x0000, 0x0000,
  0x0000, 0x0000, 0x0000, 0x0000, 0x0000, 0x0000, 0x0000, 0x0000, 0x0000, 0x0000,
  0x0000, 0x0000, 0x0000, 0x0000, 0x0000, 0x0000, 0x0000, 0x0000, 0x0000, 0x0000,
  0x0000, 0x0000, 0x0000, 0xFFFF, 0xFFFF, 0xFFFF, 0xFFFF, 0xFFFF, 0x0000, 0x0000,
  0x0000, 0x0000, 0x0000, 0xFFFF, 0xFFFF, 0xFFFF, 0xFFFF, 0xFFFF, 0xFFFF, 0xFFFF,
  0xFFFF, 0xFFFF, 0xFFFF, 0xFFFF, 0xFFFF, 0xFFFF, 0xFFFF, 0xFFFF, 0xFFFF, 0xFFFF,
  0xFFFF, 0xFFFF, 0xFFFF, 0xFFFF, 0xFFFF, 0xFFFF, 0x0000, 0x0000, 0x0000, 0x0000,
  0xFFFF, 0xFFFF, 0xFFFF, 0xFFFF, 0xFFFF, 0xFFFF, 0xFFFF, 0xFFFF, 0xFFFF, 0xFFFF,
  0x0000, 0x0000, 0x0000, 0x0000, 0x0000, 0x0000, 0x0000, 0x0000, 0x0000, 0xFFFF,
  0xFFFF, 0xFFFF, 0xFFFF, 0x0000, 0x0000, 0x0000, 0x0000, 0x0000, 0x0000, 0x0000,
  0x0000, 0x0000, 0x0000, 0x0000, 0x0000, 0x0000, 0x0000, 0x0000, 0x0000, 0x0000,
  0x0000, 0x0000, 0x0000, 0x0000, 0x0000, 0x0000, 0xFFFF, 0xFFFF, 0xFFFF, 0xFFFF,
  0xFFFF, 0xFFFF, 0xFFFF, 0xFFFF, 0xFFFF, 0xFFFF, 0x0000, 0x0000, 0x0000, 0x0000,
  0xFFFF, 0xFFFF, 0xFFFF, 0xFFFF, 0xFFFF, 0x0000, 0x0000, 0x0000, 0x0000, 0x0000,
  0x0000, 0x0000, 0x0000, 0x0000, 0x0000, 0x0000, 0x0000, 0x0000, 0x0000, 0xFFFF,
  0xFFFF, 0xFFFF, 0xFFFF, 0xFFFF, 0xFFFF, 0xFFFF, 0xFFFF, 0xFFFF, 0x0000, 0x0000,
  0x0000, 0x0000, 0x0000, 0x0000, 0x0000, 0x0000, 0x0000, 0x0000, 0x0000, 0x0000,
  0x0000, 0xFFFF, 0xFFFF, 0xFFFF, 0xFFFF, 0xFFFF, 0xFFFF, 0xFFFF, 0xFFFF, 0xFFFF,
  0xFFFF, 0xFFFF, 0xFFFF, 0xFFFF, 0xFFFF, 0xFFFF, 0xFFFF, 0xFFFF, 0xFFFF, 0xFFFF,
  0xFFFF, 0xFFFF, 0xFFFF, 0xFFFF, 0xFFFF, 0xFFFF, 0xFFFF, 0xFFFF, 0xFFFF, 0xFFFF,
  0xFFFF, 0xFFFF, 0xFFFF, 0xFFFF, 0xFFFF, 0xFFFF, 0xFFFF, 0xFFFF, 0xFFFF, 0xFFFF,
  0xFFFF, 0xFFFF, 0xFFFF, 0xFFFF, 0xFFFF, 0xFFFF, 0xFFFF, 0xFFFF, 0xFFFF, 0xFFFF,
  0xFFFF, 0xFFFF, 0xFFFF, 0xFFFF, 0xFFFF, 0xFFFF, 0xFFFF, 0xFFFF, 0xFFFF, 0xFFFF,
  0xFFFF, 0xFFFF, 0xFFFF, 0xFFFF, 0xFFFF, 0xFFFF, 0xFFFF, 0xFFFF, 0xFFFF, 0xFFFF,
  0xFFFF, 0xFFFF, 0xFFFF, 0xFFFF, 0xFFFF, 0xFFFF, 0xFFFF, 0xFFFF, 0xFFFF, 0xFFFF,
  0xFFFF, 0xFFFF, 0xFFFF, 0xFFFF, 0xFFFF, 0xFFFF, 0xFFFF, 0xFFFF, 0xFFFF, 0xFFFF,
  0xFFFF, 0xFFFF, 0xFFFF, 0xFFFF, 0xFFFF, 0xFFFF, 0xFFFF, 0xFFFF, 0xFFFF, 0xFFFF,
  0xFFFF, 0xFFFF, 0xFFFF, 0xFFFF, 0xFFFF, 0xFFFF, 0xFFFF, 0xFFFF, 0xFFFF, 0xFFFF,
  0xFFFF, 0xFFFF, 0xFFFF, 0xFFFF, 0xFFFF, 0xFFFF, 0xFFFF, 0xFFFF, 0xFFFF, 0xFFFF,
  0xFFFF, 0xFFFF, 0xFFFF, 0xFFFF, 0xFFFF, 0xFFFF, 0xFFFF, 0xFFFF, 0xFFFF, 0xFFFF,
  0xFFFF, 0xFFFF, 0xFFFF, 0xFFFF, 0xFFFF, 0xFFFF, 0xFFFF, 0xFFFF, 0xFFFF, 0xFFFF,
  0xFFFF, 0xFFFF, 0xFFFF, 0xFFFF, 0xFFFF, 0xFFFF, 0xFFFF, 0xFFFF, 0xFFFF, 0xFFFF,
  0xFFFF, 0xFFFF, 0xFFFF, 0xFFFF, 0xFFFF, 0xFFFF, 0xFFFF, 0xFFFF, 0xFFFF, 0xFFFF,
  0xFFFF, 0xFFFF, 0xFFFF, 0xFFFF, 0xFFFF, 0xFFFF, 0xFFFF, 0xFFFF, 0xFFFF, 0xFFFF,
  0xFFFF, 0xFFFF, 0xFFFF, 0xFFFF, 0xFFFF, 0xFFFF, 0xFFFF, 0xFFFF, 0xFFFF, 0xFFFF,
  0xFFFF, 0xFFFF, 0xFFFF, 0xFFFF, 0xFFFF, 0xFFFF, 0xFFFF, 0xFFFF, 0xFFFF, 0xFFFF,
  0xFFFF, 0xFFFF, 0xFFFF, 0xFFFF, 0xFFFF, 0xFFFF, 0xFFFF, 0xFFFF, 0xFFFF, 0xFFFF,
  0xFFFF, 0xFFFF, 0xFFFF, 0xFFFF, 0xFFFF, 0xFFFF, 0xFFFF, 0xFFFF, 0xFFFF, 0xFFFF,
  0xFFFF, 0xFFFF, 0xFFFF, 0xFFFF, 0xFFFF, 0xFFFF, 0xFFFF, 0xFFFF, 0xFFFF, 0xFFFF,
  0xFFFF, 0xFFFF, 0xFFFF, 0xFFFF, 0xFFFF, 0xFFFF, 0xFFFF, 0xFFFF, 0xFFFF, 0xFFFF,
  0xFFFF, 0xFFFF, 0xFFFF, 0xFFFF, 0xFFFF, 0xFFFF, 0xFFFF, 0xFFFF, 0xFFFF, 0xFFFF,
  0xFFFF, 0xFFFF, 0xFFFF, 0xFFFF, 0xFFFF, 0xFFFF, 0xFFFF, 0xFFFF, 0xFFFF, 0xFFFF,
  0xFFFF, 0xFFFF, 0xFFFF, 0xFFFF, 0xFFFF, 0xFFFF, 0xFFFF, 0xFFFF, 0xFFFF, 0xFFFF,
  0xFFFF, 0xFFFF, 0xFFFF, 0xFFFF, 0xFFFF, 0xFFFF, 0xFFFF, 0xFFFF, 0xFFFF, 0xFFFF,
  0xFFFF, 0xFFFF, 0xFFFF, 0xFFFF, 0xFFFF, 0xFFFF, 0xFFFF, 0xFFFF, 0xFFFF, 0xFFFF,
  0xFFFF, 0xFFFF, 0xFFFF, 0xFFFF, 0xFFFF, 0xFFFF, 0xFFFF, 0xFFFF, 0xFFFF, 0xFFFF,
  0xFFFF, 0xFFFF, 0xFFFF, 0xFFFF, 0xFFFF, 0xFFFF, 0xFFFF, 0xFFFF, 0xFFFF, 0xFFFF,
  0xFFFF, 0xFFFF, 0xFFFF, 0xFFFF, 0xFFFF, 0xFFFF, 0xFFFF, 0xFFFF, 0xFFFF, 0xFFFF,
  0xFFFF, 0xFFFF, 0xFFFF, 0xFFFF, 0xFFFF, 0xFFFF, 0xFFFF, 0xFFFF, 0xFFFF, 0xFFFF,
  0xFFFF, 0xFFFF, 0xFFFF, 0xFFFF, 0xFFFF, 0xFFFF, 0xFFFF, 0xFFFF, 0xFFFF, 0xFFFF,
  0xFFFF, 0xFFFF, 0xFFFF, 0xFFFF, 0xFFFF, 0xFFFF, 0xFFFF, 0xFFFF, 0xFFFF, 0xFFFF,
  0xFFFF, 0xFFFF, 0xFFFF, 0xFFFF, 0xFFFF, 0xFFFF, 0xFFFF, 0xFFFF, 0xFFFF, 0xFFFF,
  0xFFFF, 0xFFFF, 0xFFFF, 0xFFFF, 0xFFFF, 0xFFFF, 0xFFFF, 0xFFFF, 0xFFFF, 0xFFFF,
  0xFFFF, 0xFFFF, 0xFFFF, 0xFFFF, 0xFFFF, 0xFFFF, 0xFFFF, 0xFFFF, 0xFFFF, 0xFFFF,
  0xFFFF, 0xFFFF, 0xFFFF, 0xFFFF, 0xFFFF, 0xFFFF, 0xFFFF, 0xFFFF, 0xFFFF, 0xFFFF,
  0xFFFF, 0xFFFF, 0xFFFF, 0xFFFF, 0xFFFF, 0xFFFF, 0xFFFF, 0xFFFF, 0xFFFF, 0xFFFF,
  0xFFFF, 0xFFFF, 0xFFFF, 0xFFFF, 0xFFFF, 0xFFFF, 0xFFFF, 0xFFFF, 0xFFFF, 0xFFFF,
  0xFFFF, 0xFFFF, 0xFFFF, 0xFFFF, 0xFFFF, 0xFFFF, 0xFFFF, 0xFFFF, 0xFFFF, 0xFFFF,
  0xFFFF, 0xFFFF, 0xFFFF, 0xFFFF, 0xFFFF, 0xFFFF, 0xFFFF, 0xFFFF, 0xFFFF, 0xFFFF,
  0xFFFF, 0xFFFF, 0xFFFF, 0xFFFF, 0xFFFF, 0xFFFF, 0xFFFF, 0xFFFF, 0xFFFF, 0xFFFF,
  0xFFFF, 0xFFFF, 0xFFFF, 0xFFFF, 0xFFFF, 0xFFFF, 0xFFFF, 0xFFFF, 0xFFFF, 0xFFFF,
  0xFFFF, 0xFFFF, 0xFFFF, 0xFFFF, 0xFFFF, 0xFFFF, 0xFFFF, 0xFFFF, 0xFFFF, 0xFFFF,
  0xFFFF, 0xFFFF, 0xFFFF, 0xFFFF, 0xFFFF, 0xFFFF, 0xFFFF, 0xFFFF, 0xFFFF, 0xFFFF,
  0xFFFF, 0xFFFF, 0xFFFF, 0xFFFF, 0xFFFF, 0xFFFF, 0xFFFF, 0xFFFF, 0xFFFF, 0xFFFF,
  0xFFFF, 0xFFFF, 0xFFFF, 0xFFFF, 0xFFFF, 0xFFFF, 0xFFFF, 0xFFFF, 0xFFFF, 0xFFFF,
  0xFFFF, 0xFFFF, 0xFFFF, 0xFFFF, 0xFFFF, 0xFFFF, 0xFFFF, 0xFFFF, 0xFFFF, 0xFFFF,
  0xFFFF, 0xFFFF, 0xFFFF, 0xFFFF, 0xFFFF, 0xFFFF, 0xFFFF, 0xFFFF, 0xFFFF, 0xFFFF,
  0xFFFF, 0xFFFF, 0xFFFF, 0xFFFF, 0xFFFF, 0xFFFF, 0xFFFF, 0xFFFF, 0xFFFF, 0xFFFF,
  0xFFFF, 0xFFFF, 0xFFFF, 0xFFFF, 0xFFFF, 0xFFFF, 0xFFFF, 0xFFFF, 0xFFFF, 0xFFFF,
  0xFFFF, 0xFFFF, 0xFFFF, 0xFFFF, 0xFFFF, 0xFFFF, 0xFFFF, 0xFFFF, 0xFFFF, 0xFFFF,
  0xFFFF, 0xFFFF, 0xFFFF, 0xFFFF, 0xFFFF, 0xFFFF, 0xFFFF, 0xFFFF, 0xFFFF, 0xFFFF,
  0xFFFF, 0xFFFF, 0xFFFF, 0xFFFF, 0xFFFF, 0xFFFF, 0xFFFF, 0xFFFF, 0xFFFF, 0xFFFF,
  0xFFFF, 0xFFFF, 0xFFFF, 0xFFFF, 0xFFFF, 0xFFFF, 0xFFFF, 0xFFFF, 0xFFFF, 0xFFFF,
  0xFFFF, 0xFFFF, 0xFFFF, 0xFFFF, 0xFFFF, 0xFFFF, 0xFFFF, 0xFFFF, 0xFFFF, 0xFFFF,
  0xFFFF, 0xFFFF, 0xFFFF, 0xFFFF, 0xFFFF, 0xFFFF, 0xFFFF, 0xFFFF, 0xFFFF, 0xFFFF,
  0xFFFF, 0xFFFF, 0xFFFF, 0xFFFF, 0xFFFF, 0xFFFF, 0xFFFF, 0xFFFF, 0xFFFF, 0xFFFF,
  0xFFFF, 0xFFFF, 0xFFFF, 0xFFFF, 0xFFFF, 0xFFFF, 0xFFFF, 0xFFFF, 0xFFFF, 0xFFFF,
  0xFFFF, 0xFFFF, 0xFFFF, 0xFFFF, 0xFFFF, 0xFFFF, 0xFFFF, 0xFFFF, 0xFFFF, 0xFFFF,
  0xFFFF, 0xFFFF, 0xFFFF, 0xFFFF, 0xFFFF, 0xFFFF, 0xFFFF, 0xFFFF, 0xFFFF, 0xFFFF,
  0xFFFF, 0xFFFF, 0xFFFF, 0xFFFF, 0xFFFF, 0xFFFF, 0xFFFF, 0xFFFF, 0xFFFF, 0xFFFF,
  0xFFFF, 0xFFFF, 0xFFFF, 0xFFFF, 0xFFFF, 0xFFFF, 0xFFFF, 0xFFFF, 0xFFFF, 0xFFFF,
  0xFFFF, 0xFFFF, 0xFFFF, 0xFFFF, 0xFFFF, 0xFFFF, 0xFFFF, 0xFFFF, 0xFFFF, 0xFFFF,
  0xFFFF, 0xFFFF, 0xFFFF, 0xFFFF, 0xFFFF, 0xFFFF, 0xFFFF, 0xFFFF, 0xFFFF, 0xFFFF,
  0xFFFF, 0xFFFF, 0xFFFF, 0xFFFF, 0xFFFF, 0xFFFF, 0xFFFF, 0xFFFF, 0xFFFF, 0xFFFF,
  0xFFFF, 0xFFFF, 0xFFFF, 0xFFFF, 0xFFFF, 0xFFFF, 0xFFFF, 0xFFFF, 0xFFFF, 0xFFFF,
  0xFFFF, 0xFFFF, 0xFFFF, 0xFFFF, 0xFFFF, 0xFFFF, 0xFFFF, 0xFFFF, 0xFFFF, 0xFFFF,
  0xFFFF, 0xFFFF, 0xFFFF, 0xFFFF, 0xFFFF, 0xFFFF, 0xFFFF, 0xFFFF, 0xFFFF, 0xFFFF,
  0xFFFF, 0xFFFF, 0xFFFF, 0xFFFF, 0xFFFF, 0xFFFF, 0xFFFF, 0xFFFF, 0xFFFF, 0xFFFF,
  0xFFFF, 0xFFFF, 0xFFFF, 0xFFFF, 0xFFFF, 0xFFFF, 0xFFFF, 0xFFFF, 0xFFFF, 0xFFFF,
  0xFFFF,
};

#if WLED_BOARD == WLED_BOARD_CYD
const uint16_t kCydColorWheelPixels[] PROGMEM = {
  0x10E4, 0x10E5, 0x10E4, 0x1105, 0x10E4, 0x10E5, 0x10E4, 0x1105, 0x10E4, 0x10E5,
  0x10E4, 0x1105, 0x10E4, 0x10E5, 0x10E4, 0x1105, 0x10E4, 0x10E5, 0x10E4, 0x1105,
  0x10E4, 0x10E5, 0x10E4, 0x1105, 0x10E4, 0x10E5, 0x10E4, 0x1105, 0x10E4, 0x10E5,
  0x10E4, 0x1105, 0x10E4, 0x10E5, 0x10E4, 0x1105, 0x10E4, 0x10E5, 0x10E4, 0x1105,
  0x10E4, 0x10E5, 0x10E4, 0x1105, 0x10E4, 0x10E5, 0x10E4, 0x1105, 0x10E4, 0x10E5,
  0x10E4, 0x1105, 0x10E4, 0x10E5, 0x10E4, 0x1105, 0x10E4, 0x10E5, 0x10E4, 0x1105,
  0x10E4, 0x10E5, 0x10E4, 0x1105, 0x10E4, 0x10E5, 0x10E4, 0x1105, 0x10E4, 0x10E5,
  0x10E4, 0x1105, 0x10E4, 0x10E5, 0x10E4, 0x1105, 0x10E4, 0x10E5, 0x10E4, 0x1105,
  0x10E4, 0x10E5, 0x10E4, 0x1105, 0x10E4, 0x10E5, 0x10E4, 0x1105, 0x10E4, 0x10E5,
  0x10E4, 0x1105, 0x10E4, 0x10E5, 0x10E4, 0x1105, 0x10E4, 0x10E5, 0x10E4, 0x1105,
  0x10E4, 0x10E5, 0x10E4, 0x1105, 0x10E4, 0x10E5, 0x10E4, 0x1105, 0x10E4, 0x10E5,
  0x10E4, 0x1105, 0x10E4, 0x10E5, 0x10E4, 0x1105, 0x10E4, 0x10E5, 0x10E4, 0x1105,
  0x10E4, 0x10E5, 0x10E4, 0x1105, 0x10E4, 0x10E5, 0x10E4, 0x1105, 0x10E4, 0x10E5,
  0x10E4, 0x1105, 0x10E4, 0x10E5, 0x10E4, 0x1105, 0x10E4, 0x10E5, 0x1905, 0x10E4,
  0x1905, 0x10E5, 0x1905, 0x10E4, 0x1905, 0x10E5, 0x1905, 0x10E4, 0x1905, 0x10E5,
  0x1905, 0x10E4, 0x1905, 0x10E5, 0x1905, 0x10E4, 0x1905, 0x10E5, 0x1905, 0x10E4,
  0x1905, 0x10E5, 0x1905, 0x10E4, 0x1905, 0x10E5, 0x1905, 0x10E4, 0x1905, 0x10E5,
  0x1905, 0x10E4, 0x1905, 0x10E5, 0x1905, 0x10E4, 0x1905, 0x10E5, 0x1905, 0x10E4,
  0x1905, 0x10E5, 0x1905, 0x10E4, 0x1905, 0x10E5, 0x1905, 0x10E4, 0x1905, 0x10E5,
  0x1905, 0x10E4, 0x1905, 0x10E5, 0x1905, 0x10E4, 0x1905, 0x10E5, 0x1905, 0x10E4,
  0x1905, 0x10E5, 0x1905, 0x10E4, 0x1905, 0x10E5, 0xF800, 0x10E4, 0x1905, 0x10E5,
  0x1905, 0x10E4, 0x1905, 0x10E5, 0x1905, 0x10E4, 0x1905, 0x10E5, 0x1905, 0x10E4,
  0x1905, 0x10E5, 0x1905, 0x10E4, 0x1905, 0x10E5, 0x1905, 0x10E4, 0x1905, 0x10E5,
  0x1905, 0x10E4, 0x1905, 0x10E5, 0x1905, 0x10E4, 0x1905, 0x10E5, 0x1905, 0x10E4,
  0x1905, 0x10E5, 0x1905, 0x10E4, 0x1905, 0x10E5, 0x1905, 0x10E4, 0x1905, 0x10E5,
  0x1905, 0x10E4, 0x1905, 0x10E5, 0x1905, 0x10E4, 0x1905, 0x10E5, 0x1905, 0x10E4,
  0x1905, 0x10E5, 0x1905, 0x10E4, 0x1905, 0x10E5, 0x1905, 0x10E4, 0x1905, 0x10E5,
  0x1905, 0x10E4, 0x1905, 0x10E5, 0x1905, 0x10E4, 0x10E4, 0x1905, 0x10E4, 0x10E5,
  0x10E4, 0x1905, 0x10E4, 0x10E5, 0x10E4, 0x1905, 0x10E4, 0x10E5, 0x10E4, 0x1905,
  0x10E4, 0x10E5, 0x10E4, 0x1905, 0x10E4, 0x10E5, 0x10E4, 0x1905, 0x10E4, 0x10E5,
  0x10E4, 0x1905, 0x10E4, 0x10E5, 0x10E4, 0x1905, 0x10E4, 0x10E5, 0x10E4, 0x1905,
  0x10E4, 0x10E5, 0x10E4, 0x1905, 0x10E4, 0x10E5, 0x10E4, 0x1905, 0x10E4, 0x10E5,
  0x10E4, 0x1905, 0x10E4, 0x10E5, 0x10E4, 0x1905, 0x10E4, 0x10E5, 0x10E4, 0x1905,
  0x10E4, 0x10E5, 0x10E4, 0xF805, 0xF804, 0xF804, 0xF803, 0xF803, 0xF802, 0xF802,
  0xF802, 0xF822, 0xF801, 0xF821, 0xF800, 0xF840, 0xF840, 0xF860, 0xF880, 0xF8A0,
  0xF8A0, 0xF8E0, 0xF8E0, 0xF900, 0xF920, 0xF940, 0x10E4, 0x1905, 0x10E4, 0x10E5,
  0x10E4, 0x1905, 0x10E4, 0x10E5, 0x10E4, 0x1905, 0x10E4, 0x10E5, 0x10E4, 0x1905,
  0x10E4, 0x10E5, 0x10E4, 0x1905, 0x10E4, 0x10E5, 0x10E4, 0x1905, 0x10E4, 0x10E5,
  0x10E4, 0x1905, 0x10E4, 0x10E5, 0x10E4, 0x1905, 0x10E4, 0x10E5, 0x10E4, 0x1905,
  0x10E4, 0x10E5, 0x10E4, 0x1905, 0x10E4, 0x10E5, 0x10E4, 0x1905, 0x10E4, 0x10E5,
  0x10E4, 0x1905, 0x10E4, 0x10E5, 0x10E4, 0x1905, 0x10E4, 0x10E5, 0x10E4, 0x1905,
  0x10E4, 0x10E5, 0x10E4, 0x1905, 0x1905, 0x10E5, 0x1905, 0x10E5, 0x1905, 0x10E5,
  0x1905, 0x10E5, 0x1905, 0x10E5, 0x1905, 0x10E5, 0x1905, 0x10E5, 0x1905, 0x10E5,
  0x1905, 0x10E5, 0x1905, 0x10E5, 0x1905, 0x10E5, 0x1905, 0x10E5, 0x1905, 0x10E5,
  0x1905, 0x10E5, 0x1905, 0x10E5, 0x1905, 0x10E5, 0x1905, 0x10E5, 0x1905, 0x10E5,
  0x1905, 0x10E5, 0x1905, 0x10E5, 0x1905, 0x10E5, 0x1905, 0x10E5, 0x1905, 0x10E5,
  0x1905, 0x10E5, 0x1905, 0x10E5, 0x1905, 0x10E5, 0xF807, 0xF807, 0xF807, 0xF806,
  0xF826, 0xF825, 0xF825, 0xF824, 0xF844, 0xF823, 0xF843, 0xF823, 0xF843, 0xF822,
  0xF842, 0xF821, 0xF841, 0xF840, 0xF881, 0xF880, 0xF8C1, 0xF8C0, 0xF8E1, 0xF8E0,
  0xF921, 0xF920, 0xF940, 0xF960, 0xF980, 0xF980, 0xF9A0, 0xF9A0, 0xF9E0, 0x10E5,
  0x1905, 0x10E5, 0x1905, 0x10E5, 0x1905, 0x10E5, 0x1905, 0x10E5, 0x1905, 0x10E5,
  0x1905, 0x10E5, 0x1905, 0x10E5, 0x1905, 0x10E5, 0x1905, 0x10E5, 0x1905, 0x10E5,
  0x1905, 0x10E5, 0x1905, 0x10E5, 0x1905, 0x10E5, 0x1905, 0x10E5, 0x1905, 0x10E5,
  0x1905, 0x10E5, 0x1905, 0x10E5, 0x1905, 0x10E5, 0x1905, 0x10E5, 0x1905, 0x10E5,
  0x1905, 0x10E5, 0x1905, 0x10E5, 0x1905, 0x10E5, 0x1905, 0x10E5, 0x1905, 0x10E5,
  0x1905, 0x10E5, 0x10E4, 0x10E5, 0x10E4, 0x1105, 0x10E4, 0x10E5, 0x10E4, 0x1105,
  0x10E4, 0x10E5, 0x10E4, 0x1105, 0x10E4, 0x10E5, 0x10E4, 0x1105, 0x10E4, 0x10E5,
  0x10E4, 0x1105, 0x10E4, 0x10E5, 0x10E4, 0x1105, 0x10E4, 0x10E5, 0x10E4, 0x1105,
  0x10E4, 0x10E5, 0x10E4, 0x1105, 0x10E4, 0x10E5, 0x10E4, 0x1105, 0x10E4, 0x10E5,
  0x10E4, 0x1105, 0x10E4, 0x10E5, 0x10E4, 0x1105, 0x10E4, 0x10E5, 0x10E4, 0x1105,
  0x10E4, 0xF808, 0xF808, 0xF828, 0xF807, 0xF827, 0xF826, 0xF826, 0xF825, 0xF846,
  0xF825, 0xF845, 0xF844, 0xF844, 0xF843, 0xF843, 0xF842, 0xF842, 0xF842, 0xF862,
  0xF841, 0xF861, 0xF881, 0xF8A1, 0xF8C0, 0xF8E1, 0xF8E1, 0xF921, 0xF920, 0xF941,
  0xF960, 0xF981, 0xF980, 0xF9A0, 0xF9C0, 0xF9E0, 0xF9E0, 0xFA00, 0xFA00, 0xFA40,
  0x10E4, 0x10E5, 0x10E4, 0x1105, 0x10E4, 0x10E5, 0x10E4, 0x1105, 0x10E4, 0x10E5,
  0x10E4, 0x1105, 0x10E4, 0x10E5, 0x10E4, 0x1105, 0x10E4, 0x10E5, 0x10E4, 0x1105,
  0x10E4, 0x10E5, 0x10E4, 0x1105, 0x10E4, 0x10E5, 0x10E4, 0x1105, 0x10E4, 0x10E5,
  0x10E4, 0x1105, 0x10E4, 0x10E5, 0x10E4, 0x1105, 0x10E4, 0x10E5, 0x10E4, 0x1105,
  0x10E4, 0x10E5, 0x10E4, 0x1105, 0x10E4, 0x10E5, 0x10E4, 0x1105, 0x10E4, 0x10E5,
  0x1905, 0x10E4, 0x1905, 0x10E5, 0x1905, 0x10E4, 0x1905, 0x10E5, 0x1905, 0x10E4,
  0x1905, 0x10E5, 0x1905, 0x10E4, 0x1905, 0x10E5, 0x1905, 0x10E4, 0x1905, 0x10E5,
  0x1905, 0x10E4, 0x1905, 0x10E5, 0x1905, 0x10E4, 0x1905, 0x10E5, 0x1905, 0x10E4,
  0x1905, 0x10E5, 0x1905, 0x10E4, 0x1905, 0x10E5, 0x1905, 0x10E4, 0x1905, 0x10E5,
  0x1905, 0x10E4, 0x1905, 0x10E5, 0x1905, 0x10E4, 0xF80A, 0xF809, 0xF82A, 0xF829,
  0xF829, 0xF828, 0xF848, 0xF847, 0xF848, 0xF847, 0xF867, 0xF846, 0xF866, 0xF865,
  0xF865, 0xF864, 0xF884, 0xF864, 0xF884, 0xF863, 0xF883, 0xF862, 0xF882, 0xF881,
  0xF8C2, 0xF8C1, 0xF8E2, 0xF901, 0xF922, 0xF921, 0xF962, 0xF961, 0xF981, 0xF981,
  0xF9C1, 0xF9C1, 0xF9E1, 0xF9E1, 0xFA01, 0xFA20, 0xFA41, 0xFA40, 0xFA60, 0xFA60,
  0xFAA0, 0x10E5, 0x1905, 0x10E4, 0x1905, 0x10E5, 0x1905, 0x10E4, 0x1905, 0x10E5,
  0x1905, 0x10E4, 0x1905, 0x10E5, 0x1905, 0x10E4, 0x1905, 0x10E5, 0x1905, 0x10E4,
  0x1905, 0x10E5, 0x1905, 0x10E4, 0x1905, 0x10E5, 0x1905, 0x10E4, 0x1905, 0x10E5,
  0x1905, 0x10E4, 0x1905, 0x10E5, 0x1905, 0x10E4, 0x1905, 0x10E5, 0x1905, 0x10E4,
  0x1905, 0x10E5, 0x1905, 0x10E4, 0x1905, 0x10E5, 0x1905, 0x10E4, 0x10E4, 0x1905,
  0x10E4, 0x10E5, 0x10E4, 0x1905, 0x10E4, 0x10E5, 0x10E4, 0x1905, 0x10E4, 0x10E5,
  0x10E4, 0x1905, 0x10E4, 0x10E5, 0x10E4, 0x1905, 0x10E4, 0x10E5, 0x10E4, 0x1905,
  0x10E4, 0x10E5, 0x10E4, 0x1905, 0x10E4, 0x10E5, 0x10E4, 0x1905, 0x10E4, 0x10E5,
  0x10E4, 0x1905, 0x10E4, 0x10E5, 0x10E4, 0x1905, 0x10E4, 0x10E5, 0x10E4, 0x1905,
  0x10E4, 0xF80B, 0xF80B, 0xF82B, 0xF80A, 0xF82A, 0xF829, 0xF84A, 0xF849, 0xF849,
  0xF848, 0xF868, 0xF847, 0xF867, 0xF867, 0xF887, 0xF866, 0xF886, 0xF885, 0xF885,
  0xF884, 0xF884, 0xF883, 0xF8A3, 0xF882, 0xF882, 0xF882, 0xF8C2, 0xF8C2, 0xF8E2,
  0xF902, 0xF922, 0xF921, 0xF942, 0xF961, 0xF982, 0xF981, 0xF9C2, 0xF9C1, 0xF9E2,
  0xF9E1, 0xFA21, 0xFA21, 0xFA41, 0xFA40, 0xFA61, 0xFA80, 0xFAA1, 0xFAA0, 0xFAC0,
  0xFAC0, 0xFAE0, 0x10E4, 0x10E5, 0x10E4, 0x1905, 0x10E4, 0x10E5, 0x10E4, 0x1905,
  0x10E4, 0x10E5, 0x10E4, 0x1905, 0x10E4, 0x10E5, 0x10E4, 0x1905, 0x10E4, 0x10E5,
  0x10E4, 0x1905, 0x10E4, 0x10E5, 0x10E4, 0x1905, 0x10E4, 0x10E5, 0x10E4, 0x1905,
  0x10E4, 0x10E5, 0x10E4, 0x1905, 0x10E4, 0x10E5, 0x10E4, 0x1905, 0x10E4, 0x10E5,
  0x10E4, 0x1905, 0x10E4, 0x10E5, 0x10E4, 0x1905, 0x1905, 0x10E5, 0x1905, 0x10E5,
  0x1905, 0x10E5, 0x1905, 0x10E5, 0x1905, 0x10E5, 0x1905, 0x10E5, 0x1905, 0x10E5,
  0x1905, 0x10E5, 0x1905, 0x10E5, 0x1905, 0x10E5, 0x1905, 0x10E5, 0x1905, 0x10E5,
  0x1905, 0x10E5, 0x1905, 0x10E5, 0x1905, 0x10E5, 0x1905, 0x10E5, 0x1905, 0x10E5,
  0x1905, 0x10E5, 0x1905, 0x10E5, 0x1905, 0x10E5, 0x1905, 0xF80C, 0xF82C, 0xF80C,
  0xF82C, 0xF82B, 0xF84B, 0xF84A, 0xF86B, 0xF86A, 0xF86A, 0xF869, 0xF889, 0xF888,
  0xF888, 0xF888, 0xF8A8, 0xF887, 0xF8A7, 0xF8A6, 0xF8A6, 0xF8A5, 0xF8A5, 0xF8A4,
  0xF8C5, 0xF8A4, 0xF8C4, 0xF8A3, 0xF8C3, 0xF8C2, 0xF8E3, 0xF902, 0xF923, 0xF942,
  0xF963, 0xF962, 0xF9A3, 0xF9A2, 0xF9C2, 0xF9C2, 0xFA02, 0xFA02, 0xFA22, 0xFA21,
  0xFA62, 0xFA61, 0xFA82, 0xFA81, 0xFAA1, 0xFAA1, 0xFAC1, 0xFAE0, 0xFB01, 0xFB00,
  0xFB20, 0xFB20, 0x1905, 0x10E5, 0x1905, 0x10E5, 0x1905, 0x10E5, 0x1905, 0x10E5,
  0x1905, 0x10E5, 0x1905, 0x10E5, 0x1905, 0x10E5, 0x1905, 0x10E5, 0x1905, 0x10E5,
  0x1905, 0x10E5, 0x1905, 0x10E5, 0x1905, 0x10E5, 0x1905, 0x10E5, 0x1905, 0x10E5,
  0x1905, 0x10E5, 0x1905, 0x10E5, 0x1905, 0x10E5, 0x1905, 0x10E5, 0x1905, 0x10E5,
  0x1905, 0x10E5, 0x1905, 0x10E5, 0x10E4, 0x10E5, 0x10E4, 0x1105, 0x10E4, 0x10E5,
  0x10E4, 0x1105, 0x10E4, 0x10E5, 0x10E4, 0x1105, 0x10E4, 0x10E5, 0x10E4, 0x1105,
  0x10E4, 0x10E5, 0x10E4, 0x1105, 0x10E4, 0x10E5, 0x10E4, 0x1105, 0x10E4, 0x10E5,
  0x10E4, 0x1105, 0x10E4, 0x10E5, 0x10E4, 0x1105, 0x10E4, 0x10E5, 0x10E4, 0x1105,
  0x10E4, 0x10E5, 0x10E4, 0xF80E, 0xF80D, 0xF82D, 0xF82C, 0xF84C, 0xF82B, 0xF84C,
  0xF84B, 0xF86B, 0xF86A, 0xF88A, 0xF86A, 0xF88A, 0xF889, 0xF8A9, 0xF888, 0xF8A8,
  0xF8A7, 0xF8A7, 0xF8A7, 0xF8C7, 0xF8A6, 0xF8C6, 0xF8C5, 0xF8C5, 0xF8C4, 0xF8C4,
  0xF8C3, 0xF8C3, 0xF8C2, 0xF8E3, 0xF903, 0xF923, 0xF922, 0xF963, 0xF962, 0xF983,
  0xF9A2, 0xF9C3, 0xF9C2, 0xFA03, 0xFA02, 0xFA22, 0xFA22, 0xFA42, 0xFA61, 0xFA82,
  0xFA81, 0xFAA2, 0xFAA1, 0xFAC1, 0xFAE1, 0xFB01, 0xFB00, 0xFB21, 0xFB20, 0xFB40,
  0xFB40, 0xFB60, 0x10E4, 0x1105, 0x10E4, 0x10E5, 0x10E4, 0x1105, 0x10E4, 0x10E5,
  0x10E4, 0x1105, 0x10E4, 0x10E5, 0x10E4, 0x1105, 0x10E4, 0x10E5, 0x10E4, 0x1105,
  0x10E4, 0x10E5, 0x10E4, 0x1105, 0x10E4, 0x10E5, 0x10E4, 0x1105, 0x10E4, 0x10E5,
  0x10E4, 0x1105, 0x10E4, 0x10E5, 0x10E4, 0x1105, 0x10E4, 0x10E5, 0x10E4, 0x1105,
  0x10E4, 0x10E5, 0x1905, 0x10E4, 0x1905, 0x10E5, 0x1905, 0x10E4, 0x1905, 0x10E5,
  0x1905, 0x10E4, 0x1905, 0x10E5, 0x1905, 0x10E4, 0x1905, 0x10E5, 0x1905, 0x10E4,
  0x1905, 0x10E5, 0x1905, 0x10E4, 0x1905, 0x10E5, 0x1905, 0x10E4, 0x1905, 0x10E5,
  0x1905, 0x10E4, 0x1905, 0x10E5, 0x1905, 0x10E4, 0x1905, 0x10E5, 0x1905, 0xF80E,
  0xF82E, 0xF82E, 0xF84E, 0xF82D, 0xF84D, 0xF84D, 0xF86D, 0xF86C, 0xF88C, 0xF88B,
  0xF88B, 0xF88B, 0xF8AB, 0xF8AA, 0xF8AA, 0xF8A9, 0xF8C9, 0xF8C9, 0xF8C9, 0xF8C8,
  0xF8E8, 0xF8C7, 0xF8E7, 0xF8E6, 0xF8E6, 0xF8E5, 0xF8E5, 0xF8E4, 0xF905, 0xF8E4,
  0xF904, 0xF903, 0xF924, 0xF943, 0xF964, 0xF963, 0xF9A4, 0xF9A3, 0xF9C3, 0xF9E3,
  0xFA03, 0xFA03, 0xFA23, 0xFA42, 0xFA63, 0xFA62, 0xFA83, 0xFA82, 0xFAC2, 0xFAC2,
  0xFAE2, 0xFAE1, 0xFB02, 0xFB01, 0xFB21, 0xFB41, 0xFB61, 0xFB60, 0xFB81, 0xFB80,
  0xFBA0, 0xFBA0, 0x1905, 0x10E4, 0x1905, 0x10E5, 0x1905, 0x10E4, 0x1905, 0x10E5,
  0x1905, 0x10E4, 0x1905, 0x10E5, 0x1905, 0x10E4, 0x1905, 0x10E5, 0x1905, 0x10E4,
  0x1905, 0x10E5, 0x1905, 0x10E4, 0x1905, 0x10E5, 0x1905, 0x10E4, 0x1905, 0x10E5,
  0x1905, 0x10E4, 0x1905, 0x10E5, 0x1905, 0x10E4, 0x1905, 0x10E5, 0x1905, 0x10E4,
  0x10E4, 0x1905, 0x10E4, 0x10E5, 0x10E4, 0x1905, 0x10E4, 0x10E5, 0x10E4, 0x1905,
  0x10E4, 0x10E5, 0x10E4, 0x1905, 0x10E4, 0x10E5, 0x10E4, 0x1905, 0x10E4, 0x10E5,
  0x10E4, 0x1905, 0x10E4, 0x10E5, 0x10E4, 0x1905, 0x10E4, 0x10E5, 0x10E4, 0x1905,
  0x10E4, 0x10E5, 0x10E4, 0x1905, 0x10E4, 0xF80F, 0xF80F, 0xF82F, 0xF82E, 0xF84E,
  0xF84E, 0xF86E, 0xF84D, 0xF86D, 0xF86C, 0xF88D, 0xF88C, 0xF8AC, 0xF8AB, 0xF8CB,
  0xF8AA, 0xF8CB, 0xF8CA, 0xF8EA, 0xF8C9, 0xF8E9, 0xF8E8, 0xF8E9, 0xF8E8, 0xF908,
  0xF8E7, 0xF907, 0xF8E6, 0xF906, 0xF905, 0xF905, 0xF904, 0xF904, 0xF904, 0xF924,
  0xF943, 0xF964, 0xF963, 0xF9A4, 0xF9A3, 0xF9C4, 0xF9E3, 0xFA04, 0xFA03, 0xFA23,
  0xFA43, 0xFA63, 0xFA63, 0xFA83, 0xFAA3, 0xFAC3, 0xFAC2, 0xFAE2, 0xFAE2, 0xFB02,
  0xFB02, 0xFB42, 0xFB41, 0xFB62, 0xFB61, 0xFB81, 0xFB81, 0xFBA1, 0xFBA0, 0xFBC0,
  0xFBC0, 0xFBE0, 0x10E4, 0x10E5, 0x10E4, 0x1905, 0x10E4, 0x10E5, 0x10E4, 0x1905,
  0x10E4, 0x10E5, 0x10E4, 0x1905, 0x10E4, 0x10E5, 0x10E4, 0x1905, 0x10E4, 0x10E5,
  0x10E4, 0x1905, 0x10E4, 0x10E5, 0x10E4, 0x1905, 0x10E4, 0x10E5, 0x10E4, 0x1905,
  0x10E4, 0x10E5, 0x10E4, 0x1905, 0x10E4, 0x10E5, 0x10E4, 0x1905, 0x1905, 0x10E5,
  0x1905, 0x10E5, 0x1905, 0x10E5, 0x1905, 0x10E5, 0x1905, 0x10E5, 0x1905, 0x10E5,
  0x1905, 0x10E5, 0x1905, 0x10E5, 0x1905, 0x10E5, 0x1905, 0x10E5, 0x1905, 0x10E5,
  0x1905, 0x10E5, 0x1905, 0x10E5, 0x1905, 0x10E5, 0x1905, 0x10E5, 0x1905, 0x10E5,
  0x1905, 0xF810, 0xF830, 0xF830, 0xF850, 0xF84F, 0xF84F, 0xF84F, 0xF86F, 0xF86E,
  0xF88E, 0xF88D, 0xF8AE, 0xF8AD, 0xF8CD, 0xF8AC, 0xF8CC, 0xF8CC, 0xF8EC, 0xF8EB,
  0xF90B, 0xF8EA, 0xF90A, 0xF909, 0xF90A, 0xF909, 0xF929, 0xF908, 0xF928, 0xF927,
  0xF927, 0xF926, 0xF927, 0xF926, 0xF926, 0xF925, 0xF945, 0xF944, 0xF965, 0xF984,
  0xF9A5, 0xF9A4, 0xF9E5, 0xF9E4, 0xFA05, 0xFA24, 0xFA44, 0xFA44, 0xFA64, 0xFA84,
  0xFAA4, 0xFAA3, 0xFAC4, 0xFAC3, 0xFAE3, 0xFB03, 0xFB23, 0xFB23, 0xFB43, 0xFB42,
  0xFB62, 0xFB62, 0xFB82, 0xFBA1, 0xFBC2, 0xFBC1, 0xFBE1, 0xFBE0, 0xFC01, 0xFC00,
  0xFC20, 0xFC20, 0x1905, 0x10E5, 0x1905, 0x10E5, 0x1905, 0x10E5, 0x1905, 0x10E5,
  0x1905, 0x10E5, 0x1905, 0x10E5, 0x1905, 0x10E5, 0x1905, 0x10E5, 0x1905, 0x10E5,
  0x1905, 0x10E5, 0x1905, 0x10E5, 0x1905, 0x10E5, 0x1905, 0x10E5, 0x1905, 0x10E5,
  0x1905, 0x10E5, 0x1905, 0x10E5, 0x1905, 0x10E5, 0x10E4, 0x10E5, 0x10E4, 0x1105,
  0x10E4, 0x10E5, 0x10E4, 0x1105, 0x10E4, 0x10E5, 0x10E4, 0x1105, 0x10E4, 0x10E5,
  0x10E4, 0x1105, 0x10E4, 0x10E5, 0x10E4, 0x1105, 0x10E4, 0x10E5, 0x10E4, 0x1105,
  0x10E4, 0x10E5, 0x10E4, 0x1105, 0x10E4, 0x10E5, 0x10E4, 0x1105, 0xF811, 0xF831,
  0xF830, 0xF850, 0xF84F, 0xF870, 0xF86F, 0xF88F, 0xF86E, 0xF88F, 0xF88E, 0xF8AE,
  0xF8AD, 0xF8CD, 0xF8CD, 0xF8ED, 0xF8CC, 0xF8EC, 0xF8EB, 0xF90C, 0xF8EB, 0xF90B,
  0xF90A, 0xF92A, 0xF909, 0xF929, 0xF929, 0xF949, 0xF928, 0xF948, 0xF927, 0xF947,
  0xF926, 0xF946, 0xF945, 0xF945, 0xF944, 0xF965, 0xF984, 0xF9A5, 0xF9A4, 0xF9C5,
  0xF9E4, 0xFA05, 0xFA04, 0xFA44, 0xFA44, 0xFA64, 0xFA64, 0xFAA4, 0xFAA4, 0xFAC4,
  0xFAC3, 0xFAE4, 0xFB03, 0xFB23, 0xFB23, 0xFB43, 0xFB42, 0xFB63, 0xFB62, 0xFB82,
  0xFBA2, 0xFBC2, 0xFBC1, 0xFBE1, 0xFBE1, 0xFC01, 0xFC00, 0xFC21, 0xFC20, 0xFC40,
  0xFC40, 0x10E5, 0x10E4, 0x1105, 0x10E4, 0x10E5, 0x10E4, 0x1105, 0x10E4, 0x10E5,
  0x10E4, 0x1105, 0x10E4, 0x10E5, 0x10E4, 0x1105, 0x10E4, 0x10E5, 0x10E4, 0x1105,
  0x10E4, 0x10E5, 0x10E4, 0x1105, 0x10E4, 0x10E5, 0x10E4, 0x1105, 0x10E4, 0x10E5,
  0x10E4, 0x1105, 0x10E4, 0x10E5, 0x1905, 0x10E4, 0x1905, 0x10E5, 0x1905, 0x10E4,
  0x1905, 0x10E5, 0x1905, 0x10E4, 0x1905, 0x10E5, 0x1905, 0x10E4, 0x1905, 0x10E5,
  0x1905, 0x10E4, 0x1905, 0x10E5, 0x1905, 0x10E4, 0x1905, 0x10E5, 0x1905, 0x10E4,
  0x1905, 0x10E5, 0x1905, 0x10E4, 0xF812, 0xF812, 0xF832, 0xF831, 0xF851, 0xF851,
  0xF871, 0xF870, 0xF890, 0xF88F, 0xF8B0, 0xF8AF, 0xF8CF, 0xF8CE, 0xF8EE, 0xF8CE,
  0xF8EE, 0xF8ED, 0xF90D, 0xF90C, 0xF92D, 0xF92C, 0xF92C, 0xF92B, 0xF94B, 0xF94A,
  0xF94A, 0xF94A, 0xF96A, 0xF949, 0xF969, 0xF948, 0xF968, 0xF967, 0xF967, 0xF966,
  0xF967, 0xF966, 0xF966, 0xF985, 0xF9A6, 0xF9C5, 0xF9E5, 0xF9E5, 0xFA26, 0xFA25,
  0xFA45, 0xFA45, 0xFA85, 0xFA85, 0xFAA5, 0xFAA4, 0xFAE5, 0xFAE4, 0xFB04, 0xFB04,
  0xFB24, 0xFB44, 0xFB64, 0xFB63, 0xFB84, 0xFB83, 0xFBA3, 0xFBA2, 0xFBC3, 0xFBC2,
  0xFBE2, 0xFBE2, 0xFC22, 0xFC21, 0xFC41, 0xFC41, 0xFC61, 0xFC60, 0xFC80, 0xFC80,
  0xFCA0, 0x10E5, 0x1905, 0x10E4, 0x1905, 0x10E5, 0x1905, 0x10E4, 0x1905, 0x10E5,
  0x1905, 0x10E4, 0x1905, 0x10E5, 0x1905, 0x10E4, 0x1905, 0x10E5, 0x1905, 0x10E4,
  0x1905, 0x10E5, 0x1905, 0x10E4, 0x1905, 0x10E5, 0x1905, 0x10E4, 0x1905, 0x10E5,
  0x1905, 0x10E4, 0x10E4, 0x1905, 0x10E4, 0x10E5, 0x10E4, 0x1905, 0x10E4, 0x10E5,
  0x10E4, 0x1905, 0x10E4, 0x10E5, 0x10E4, 0x1905, 0x10E4, 0x10E5, 0x10E4, 0x1905,
  0x10E4, 0x10E5, 0x10E4, 0x1905, 0x10E4, 0x10E5, 0x10E4, 0x1905, 0x10E4, 0x10E5,
  0x10E4, 0xF813, 0xF812, 0xF832, 0xF832, 0xF852, 0xF851, 0xF871, 0xF871, 0xF891,
  0xF890, 0xF8B0, 0xF8AF, 0xF8D0, 0xF8CF, 0xF8EF, 0xF8EE, 0xF90E, 0xF8EE, 0xF90E,
  0xF90D, 0xF92D, 0xF92C, 0xF94C, 0xF94C, 0xF94C, 0xF94B, 0xF96B, 0xF94A, 0xF96A,
  0xF969, 0xF96A, 0xF969, 0xF989, 0xF968, 0xF988, 0xF987, 0xF987, 0xF986, 0xF986,
  0xF985, 0xF9A6, 0xF9A5, 0xF9E6, 0xF9E5, 0xFA26, 0xFA25, 0xFA46, 0xFA45, 0xFA86,
  0xFA85, 0xFAA5, 0xFAA5, 0xFAE5, 0xFAE4, 0xFB05, 0xFB04, 0xFB25, 0xFB24, 0xFB64,
  0xFB64, 0xFB84, 0xFB83, 0xFBA4, 0xFBA3, 0xFBC3, 0xFBC3, 0xFBE3, 0xFC02, 0xFC22,
  0xFC22, 0xFC42, 0xFC41, 0xFC62, 0xFC61, 0xFC81, 0xFC80, 0xFCA1, 0xFCA0, 0xFCC0,
  0x10E4, 0x1905, 0x10E4, 0x10E5, 0x10E4, 0x1905, 0x10E4, 0x10E5, 0x10E4, 0x1905,
  0x10E4, 0x10E5, 0x10E4, 0x1905, 0x10E4, 0x10E5, 0x10E4, 0x1905, 0x10E4, 0x10E5,
  0x10E4, 0x1905, 0x10E4, 0x10E5, 0x10E4, 0x1905, 0x10E4, 0x10E5, 0x10E4, 0x1905,
  0x1905, 0x10E5, 0x1905, 0x10E5, 0x1905, 0x10E5, 0x1905, 0x10E5, 0x1905, 0x10E5,
  0x1905, 0x10E5, 0x1905, 0x10E5, 0x1905, 0x10E5, 0x1905, 0x10E5, 0x1905, 0x10E5,
  0x1905, 0x10E5, 0x1905, 0x10E5, 0x1905, 0x10E5, 0x1905, 0x10E5, 0xF834, 0xF833,
  0xF853, 0xF852, 0xF873, 0xF872, 0xF892, 0xF891, 0xF8B2, 0xF8B1, 0xF8D1, 0xF8D0,
  0xF8F1, 0xF8F0, 0xF910, 0xF8EF, 0xF90F, 0xF90F, 0xF92F, 0xF92E, 0xF94E, 0xF94D,
  0xF94D, 0xF94D, 0xF96D, 0xF96C, 0xF98C, 0xF96B, 0xF98C, 0xF98B, 0xF98B, 0xF98A,
  0xF9AA, 0xF989, 0xF9A9, 0xF9A8, 0xF9A8, 0xF9A8, 0xF9A7, 0xF9A7, 0xF9A7, 0xF9C6,
  0xF9E7, 0xF9E6, 0xFA27, 0xFA26, 0xFA46, 0xFA66, 0xFA86, 0xFA86, 0xFAC6, 0xFAC6,
  0xFAE6, 0xFAE5, 0xFB06, 0xFB25, 0xFB46, 0xFB45, 0xFB65, 0xFB64, 0xFBA5, 0xFBA4,
  0xFBC4, 0xFBC4, 0xFBE4, 0xFBE4, 0xFC04, 0xFC03, 0xFC23, 0xFC23, 0xFC43, 0xFC42,
  0xFC62, 0xFC82, 0xFC82, 0xFC81, 0xFCC1, 0xFCC1, 0xFCE1, 0xFCE0, 0xFD00, 0x10E5,
  0x1905, 0x10E5, 0x1905, 0x10E5, 0x1905, 0x10E5, 0x1905, 0x10E5, 0x1905, 0x10E5,
  0x1905, 0x10E5, 0x1905, 0x10E5, 0x1905, 0x10E5, 0x1905, 0x10E5, 0x1905, 0x10E5,
  0x1905, 0x10E5, 0x1905, 0x10E5, 0x1905, 0x10E5, 0x1905, 0x10E5, 0x10E4, 0x10E5,
  0x10E4, 0x1105, 0x10E4, 0x10E5, 0x10E4, 0x1105, 0x10E4, 0x10E5, 0x10E4, 0x1105,
  0x10E4, 0x10E5, 0x10E4, 0x1105, 0x10E4, 0x10E5, 0x10E4, 0x1105, 0x10E4, 0x10E5,
  0x10E4, 0x1105, 0x10E4, 0x10E5, 0xF814, 0xF834, 0xF813, 0xF854, 0xF853, 0xF873,
  0xF872, 0xF893, 0xF892, 0xF8B2, 0xF8B1, 0xF8D1, 0xF8D1, 0xF8F1, 0xF8F0, 0xF910,
  0xF910, 0xF930, 0xF90F, 0xF92F, 0xF92E, 0xF94F, 0xF94E, 0xF96E, 0xF96D, 0xF96D,
  0xF96C, 0xF98D, 0xF98C, 0xF9AC, 0xF98B, 0xF9AB, 0xF9AA, 0xF9AB, 0xF9AA, 0xF9AA,
  0xF9A9, 0xF9C9, 0xF9A8, 0xF9C8, 0xF9C7, 0xF9C7, 0xF9A6, 0xF9E7, 0xF9E6, 0xFA27,
  0xFA26, 0xFA47, 0xFA66, 0xFA87, 0xFA86, 0xFAA6, 0xFAC6, 0xFAE6, 0xFAE6, 0xFB06,
  0xFB25, 0xFB46, 0xFB45, 0xFB65, 0xFB65, 0xFB85, 0xFB84, 0xFBC5, 0xFBC4, 0xFBE5,
  0xFBE4, 0xFC04, 0xFC03, 0xFC24, 0xFC23, 0xFC43, 0xFC43, 0xFC63, 0xFC62, 0xFC82,
  0xFCA2, 0xFCC2, 0xFCC1, 0xFCE1, 0xFCE0, 0xFD01, 0xFD00, 0xFD20, 0xFD20, 0x1105,
  0x10E4, 0x10E5, 0x10E4, 0x1105, 0x10E4, 0x10E5, 0x10E4, 0x1105, 0x10E4, 0x10E5,
  0x10E4, 0x1105, 0x10E4, 0x10E5, 0x10E4, 0x1105, 0x10E4, 0x10E5, 0x10E4, 0x1105,
  0x10E4, 0x10E5, 0x10E4, 0x1105, 0x10E4, 0x10E5, 0x1905, 0x10E4, 0x1905, 0x10E5,
  0x1905, 0x10E4, 0x1905, 0x10E5, 0x1905, 0x10E4, 0x1905, 0x10E5, 0x1905, 0x10E4,
  0x1905, 0x10E5, 0x1905, 0x10E4, 0x1905, 0x10E5, 0x1905, 0x10E4, 0x1905, 0x10E5,
  0x1905, 0xF815, 0xF835, 0xF834, 0xF854, 0xF854, 0xF874, 0xF873, 0xF893, 0xF893,
  0xF8B3, 0xF8B2, 0xF8D2, 0xF8D2, 0xF8F2, 0xF8F1, 0xF911, 0xF911, 0xF931, 0xF930,
  0xF950, 0xF94F, 0xF970, 0xF96F, 0xF98F, 0xF96E, 0xF98E, 0xF98E, 0xF9AE, 0xF9AD,
  0xF9AD, 0xF9AC, 0xF9CC, 0xF9CB, 0xF9CC, 0xF9CB, 0xF9EB, 0xF9CA, 0xF9EA, 0xF9E9,
  0xF9E9, 0xF9E8, 0xF9E8, 0xF9E8, 0xF9E7, 0xFA07, 0xFA28, 0xFA27, 0xFA67, 0xFA67,
  0xFA87, 0xFAA7, 0xFAC7, 0xFAC7, 0xFAE7, 0xFB07, 0xFB27, 0xFB26, 0xFB47, 0xFB66,
  0xFB86, 0xFB86, 0xFBA6, 0xFBA5, 0xFBC6, 0xFBC5, 0xFBE5, 0xFC05, 0xFC25, 0xFC24,
  0xFC45, 0xFC44, 0xFC64, 0xFC63, 0xFC84, 0xFC83, 0xFCA3, 0xFCA2, 0xFCC3, 0xFCC2,
  0xFCE2, 0xFCE1, 0xFD02, 0xFD01, 0xFD21, 0xFD20, 0xFD40, 0xFD40, 0x1905, 0x10E4,
  0x1905, 0x10E5, 0x1905, 0x10E4, 0x1905, 0x10E5, 0x1905, 0x10E4, 0x1905, 0x10E5,
  0x1905, 0x10E4, 0x1905, 0x10E5, 0x1905, 0x10E4, 0x1905, 0x10E5, 0x1905, 0x10E4,
  0x1905, 0x10E5, 0x1905, 0x10E4, 0x10E4, 0x1905, 0x10E4, 0x10E5, 0x10E4, 0x1905,
  0x10E4, 0x10E5, 0x10E4, 0x1905, 0x10E4, 0x10E5, 0x10E4, 0x1905, 0x10E4, 0x10E5,
  0x10E4, 0x1905, 0x10E4, 0x10E5, 0x10E4, 0x1905, 0x10E4, 0x10E5, 0xF815, 0xF836,
  0xF835, 0xF855, 0xF854, 0xF875, 0xF874, 0xF894, 0xF893, 0xF8D4, 0xF8B3, 0xF8D3,
  0xF8F2, 0xF913, 0xF8F2, 0xF912, 0xF931, 0xF951, 0xF930, 0xF951, 0xF950, 0xF970,
  0xF96F, 0xF990, 0xF98F, 0xF9AF, 0xF98E, 0xF9AE, 0xF9AE, 0xF9CE, 0xF9CD, 0xF9CD,
  0xF9CC, 0xF9EC, 0xF9CB, 0xF9EB, 0xF9EB, 0xFA0B, 0xF9EA, 0xFA0A, 0xF9E9, 0xFA09,
  0xF9E8, 0xFA08, 0xFA07, 0xFA28, 0xFA27, 0xFA68, 0xFA67, 0xFA88, 0xFAA7, 0xFAC8,
  0xFAC7, 0xFAE7, 0xFB07, 0xFB27, 0xFB27, 0xFB47, 0xFB46, 0xFB87, 0xFB86, 0xFBA7,
  0xFBA6, 0xFBC6, 0xFBC6, 0xFC06, 0xFC05, 0xFC25, 0xFC25, 0xFC45, 0xFC44, 0xFC64,
  0xFC64, 0xFC84, 0xFC83, 0xFCA4, 0xFCA3, 0xFCC3, 0xFCC2, 0xFCE2, 0xFCE2, 0xFD02,
  0xFD01, 0xFD21, 0xFD21, 0xFD41, 0xFD40, 0xFD60, 0xFD60, 0x1905, 0x10E4, 0x10E5,
  0x10E4, 0x1905, 0x10E4, 0x10E5, 0x10E4, 0x1905, 0x10E4, 0x10E5, 0x10E4, 0x1905,
  0x10E4, 0x10E5, 0x10E4, 0x1905, 0x10E4, 0x10E5, 0x10E4, 0x1905, 0x10E4, 0x10E5,
  0x10E4, 0x1905, 0x1905, 0x10E5, 0x1905, 0x10E5, 0x1905, 0x10E5, 0x1905, 0x10E5,
  0x1905, 0x10E5, 0x1905, 0x10E5, 0x1905, 0x10E5, 0x1905, 0x10E5, 0x1905, 0x10E5,
  0x1905, 0x10E5, 0x1905, 0x10E5, 0x1905, 0xF816, 0xF836, 0xF836, 0xF856, 0xF855,
  0xF895, 0xF895, 0xF8B5, 0xF8B4, 0xF8D4, 0xF8D4, 0xF8F4, 0xF8F3, 0xF913, 0xF913,
  0xF933, 0xF932, 0xF952, 0xF952, 0xF972, 0xF971, 0xF991, 0xF990, 0xF9B1, 0xF990,
  0xF9B0, 0xF9AF, 0xF9CF, 0xF9CE, 0xF9EF, 0xF9EE, 0xF9EE, 0xF9ED, 0xFA0D, 0xFA0D,
  0xFA0D, 0xFA0C, 0xFA2C, 0xFA0B, 0xFA2B, 0xFA0A, 0xFA2A, 0xFA29, 0xFA29, 0xFA28,
  0xFA29, 0xFA48, 0xFA68, 0xFA68, 0xFAA9, 0xFAA8, 0xFAC8, 0xFAE8, 0xFB08, 0xFB08,
  0xFB28, 0xFB47, 0xFB68, 0xFB67, 0xFB88, 0xFB87, 0xFBC7, 0xFBC7, 0xFBE7, 0xFBE6,
  0xFC07, 0xFC06, 0xFC26, 0xFC26, 0xFC66, 0xFC65, 0xFC85, 0xFC85, 0xFCA5, 0xFCA4,
  0xFCC4, 0xFCC4, 0xFCE4, 0xFCE3, 0xFD03, 0xFD03, 0xFD23, 0xFD22, 0xFD42, 0xFD41,
  0xFD62, 0xFD61, 0xFD81, 0xFD80, 0xFDA1, 0xFDA0, 0x1905, 0x10E5, 0x1905, 0x10E5,
  0x1905, 0x10E5, 0x1905, 0x10E5, 0x1905, 0x10E5, 0x1905, 0x10E5, 0x1905, 0x10E5,
  0x1905, 0x10E5, 0x1905, 0x10E5, 0x1905, 0x10E5, 0x1905, 0x10E5, 0x1905, 0x10E5,
  0x10E4, 0x10E5, 0x10E4, 0x1105, 0x10E4, 0x10E5, 0x10E4, 0x1105, 0x10E4, 0x10E5,
  0x10E4, 0x1105, 0x10E4, 0x10E5, 0x10E4, 0x1105, 0x10E4, 0x10E5, 0x10E4, 0x1105,
  0x10E4, 0x10E5, 0xF817, 0xF837, 0xF836, 0xF856, 0xF856, 0xF876, 0xF875, 0xF8B5,
  0xF8B5, 0xF8D5, 0xF8D4, 0xF8F4, 0xF8F4, 0xF914, 0xF913, 0xF933, 0xF933, 0xF953,
  0xF952, 0xF972, 0xF971, 0xF992, 0xF991, 0xF9B1, 0xF9B0, 0xF9D0, 0xF9B0, 0xF9D0,
  0xF9CF, 0xF9EF, 0xF9EE, 0xFA0E, 0xF9EE, 0xFA0E, 0xFA0D, 0xFA2D, 0xFA0C, 0xFA2C,
  0xFA2B, 0xFA2C, 0xFA2B, 0xFA4B, 0xFA2A, 0xFA4A, 0xFA29, 0xFA49, 0xFA28, 0xFA69,
  0xFA68, 0xFA89, 0xFAA8, 0xFAC9, 0xFAC8, 0xFB09, 0xFB08, 0xFB28, 0xFB48, 0xFB68,
  0xFB67, 0xFB88, 0xFB87, 0xFBC8, 0xFBC7, 0xFBE7, 0xFBE7, 0xFC07, 0xFC06, 0xFC27,
  0xFC26, 0xFC46, 0xFC45, 0xFC86, 0xFC85, 0xFCA5, 0xFCA5, 0xFCC5, 0xFCC4, 0xFCE4,
  0xFCE4, 0xFD04, 0xFD03, 0xFD23, 0xFD22, 0xFD43, 0xFD42, 0xFD62, 0xFD61, 0xFD81,
  0xFD81, 0xFDA1, 0xFDA0, 0xFDC0, 0xFDC0, 0x1105, 0x10E4, 0x10E5, 0x10E4, 0x1105,
  0x10E4, 0x10E5, 0x10E4, 0x1105, 0x10E4, 0x10E5, 0x10E4, 0x1105, 0x10E4, 0x10E5,
  0x10E4, 0x1105, 0x10E4, 0x10E5, 0x10E4, 0x1105, 0x10E4, 0x10E5, 0x1905, 0x10E4,
  0x1905, 0x10E5, 0x1905, 0x10E4, 0x1905, 0x10E5, 0x1905, 0x10E4, 0x1905, 0x10E5,
  0x1905, 0x10E4, 0x1905, 0x10E5, 0x1905, 0x10E4, 0x1905, 0x10E5, 0x1905, 0xF817,
  0xF838, 0xF837, 0xF857, 0xF876, 0xF897, 0xF896, 0xF8B6, 0xF8B5, 0xF8D6, 0xF8D5,
  0xF8F5, 0xF8F4, 0xF935, 0xF934, 0xF954, 0xF953, 0xF974, 0xF973, 0xF993, 0xF992,
  0xF9B3, 0xF9B2, 0xF9B2, 0xF9B1, 0xF9D1, 0xF9D1, 0xF9F1, 0xF9F0, 0xFA10, 0xFA0F,
  0xFA0F, 0xFA0F, 0xFA2F, 0xFA2E, 0xFA4E, 0xFA2D, 0xFA4E, 0xFA4D, 0xFA4D, 0xFA4C,
  0xFA6C, 0xFA4B, 0xFA6B, 0xFA4A, 0xFA6A, 0xFA69, 0xFA69, 0xFA69, 0xFAA9, 0xFAA9,
  0xFAC9, 0xFAE9, 0xFB09, 0xFB09, 0xFB49, 0xFB48, 0xFB69, 0xFB68, 0xFBA9, 0xFBA8,
  0xFBC9, 0xFBC8, 0xFBE8, 0xFBE7, 0xFC28, 0xFC27, 0xFC47, 0xFC47, 0xFC67, 0xFC66,
  0xFC87, 0xFC86, 0xFCA6, 0xFCA6, 0xFCC6, 0xFCC5, 0xFD05, 0xFD05, 0xFD05, 0xFD04,
  0xFD44, 0xFD43, 0xFD44, 0xFD43, 0xFD83, 0xFD82, 0xFD82, 0xFD82, 0xFDC2, 0xFDC1,
  0xFDC1, 0xFDC0, 0xFDE1, 0xFDE0, 0x1905, 0x10E4, 0x1905, 0x10E5, 0x1905, 0x10E4,
  0x1905, 0x10E5, 0x1905, 0x10E4, 0x1905, 0x10E5, 0x1905, 0x10E4, 0x1905, 0x10E5,
  0x1905, 0x10E4, 0x1905, 0x10E5, 0x1905, 0x10E4, 0x10E4, 0x1905, 0x10E4, 0x10E5,
  0x10E4, 0x1905, 0x10E4, 0x10E5, 0x10E4, 0x1905, 0x10E4, 0x10E5, 0x10E4, 0x1905,
  0x10E4, 0x10E5, 0x10E4, 0x1905, 0x10E4, 0x10E5, 0xF818, 0xF838, 0xF837, 0xF858,
  0xF877, 0xF897, 0xF896, 0xF8B7, 0xF8B6, 0xF8D6, 0xF8D5, 0xF8F6, 0xF915, 0xF935,
  0xF934, 0xF955, 0xF954, 0xF974, 0xF973, 0xF994, 0xF993, 0xF9B3, 0xF9B2, 0xF9D2,
  0xF9D2, 0xF9F2, 0xF9D1, 0xF9F1, 0xF9F1, 0xFA11, 0xFA10, 0xFA30, 0xFA2F, 0xFA50,
  0xFA2F, 0xFA4F, 0xFA4E, 0xFA6E, 0xFA4D, 0xFA6D, 0xFA6D, 0xFA6D, 0xFA6C, 0xFA6C,
  0xFA6B, 0xFA8B, 0xFA6A, 0xFA8A, 0xFA69, 0xFAAA, 0xFAA9, 0xFACA, 0xFAE9, 0xFB0A,
  0xFB09, 0xFB49, 0xFB49, 0xFB69, 0xFB69, 0xFBA9, 0xFBA9, 0xFBC9, 0xFBC8, 0xFBE9,
  0xFC08, 0xFC28, 0xFC28, 0xFC48, 0xFC47, 0xFC68, 0xFC67, 0xFC87, 0xFC86, 0xFCA7,
  0xFCA6, 0xFCC6, 0xFCE6, 0xFD06, 0xFD05, 0xFD25, 0xFD24, 0xFD45, 0xFD44, 0xFD64,
  0xFD63, 0xFD84, 0xFD83, 0xFDA3, 0xFDA2, 0xFDC2, 0xFDC1, 0xFDE2, 0xFDE1, 0xFE01,
  0xFDE0, 0xFE00, 0xFE20, 0x1905, 0x10E4, 0x10E5, 0x10E4, 0x1905, 0x10E4, 0x10E5,
  0x10E4, 0x1905, 0x10E4, 0x10E5, 0x10E4, 0x1905, 0x10E4, 0x10E5, 0x10E4, 0x1905,
  0x10E4, 0x10E5, 0x10E4, 0x1905, 0x1905, 0x10E5, 0x1905, 0x10E5, 0x1905, 0x10E5,
  0x1905, 0x10E5, 0x1905, 0x10E5, 0x1905, 0x10E5, 0x1905, 0x10E5, 0x1905, 0x10E5,
  0x1905, 0x10E5, 0x1905, 0xF819, 0xF839, 0xF838, 0xF858, 0xF878, 0xF898, 0xF897,
  0xF8B7, 0xF8B7, 0xF8F7, 0xF8F6, 0xF917, 0xF916, 0xF936, 0xF935, 0xF956, 0xF955,
  0xF975, 0xF974, 0xF994, 0xF994, 0xF9B4, 0xF9B3, 0xF9D3, 0xF9D3, 0xF9F3, 0xF9F2,
  0xFA12, 0xFA12, 0xFA32, 0xFA31, 0xFA51, 0xFA30, 0xFA51, 0xFA50, 0xFA70, 0xFA6F,
  0xFA8F, 0xFA6E, 0xFA8E, 0xFA8E, 0xFA8E, 0xFA8D, 0xFAAD, 0xFA8C, 0xFAAC, 0xFA8B,
  0xFAAB, 0xFA8A, 0xFAAA, 0xFAAA, 0xFAEA, 0xFAEA, 0xFB0A, 0xFB2A, 0xFB4A, 0xFB4A,
  0xFB8A, 0xFB8A, 0xFBAA, 0xFBA9, 0xFBEA, 0xFBE9, 0xFC09, 0xFC09, 0xFC29, 0xFC29,
  0xFC49, 0xFC48, 0xFC88, 0xFC88, 0xFCA8, 0xFCA7, 0xFCC8, 0xFCC7, 0xFCE7, 0xFCE6,
  0xFD07, 0xFD06, 0xFD26, 0xFD25, 0xFD46, 0xFD45, 0xFD65, 0xFD64, 0xFD84, 0xFD84,
  0xFDA4, 0xFDA3, 0xFDC3, 0xFDC2, 0xFDE2, 0xFDE2, 0xFE02, 0xFE01, 0xFE21, 0xFE20,
  0xFE41, 0xFE40, 0x1905, 0x10E5, 0x1905, 0x10E5, 0x1905, 0x10E5, 0x1905, 0x10E5,
  0x1905, 0x10E5, 0x1905, 0x10E5, 0x1905, 0x10E5, 0x1905, 0x10E5, 0x1905, 0x10E5,
  0x1905, 0x10E5, 0x10E4, 0x10E5, 0x10E4, 0x1105, 0x10E4, 0x10E5, 0x10E4, 0x1105,
  0x10E4, 0x10E5, 0x10E4, 0x1105, 0x10E4, 0x10E5, 0x10E4, 0x1105, 0x10E4, 0x10E5,
  0xF819, 0xF839, 0xF839, 0xF859, 0xF858, 0xF898, 0xF898, 0xF8B8, 0xF8B7, 0xF8D7,
  0xF8D7, 0xF8F7, 0xF916, 0xF937, 0xF936, 0xF956, 0xF955, 0xF976, 0xF975, 0xF995,
  0xF994, 0xF9B4, 0xF9B4, 0xF9D4, 0xF9D3, 0xF9F3, 0xF9F2, 0xFA13, 0xFA12, 0xFA32,
  0xFA31, 0xFA52, 0xFA51, 0xFA71, 0xFA50, 0xFA70, 0xFA70, 0xFA90, 0xFA8F, 0xFA8F,
  0xFA8E, 0xFAAE, 0xFA8D, 0xFAAD, 0xFAAD, 0xFAAD, 0xFAAC, 0xFAAC, 0xFAAB, 0xFACB,
  0xFAAA, 0xFACB, 0xFAEA, 0xFB0B, 0xFB2A, 0xFB4A, 0xFB4A, 0xFB8A, 0xFB8A, 0xFBAA,
  0xFBAA, 0xFBCA, 0xFBE9, 0xFC0A, 0xFC09, 0xFC29, 0xFC29, 0xFC49, 0xFC68, 0xFC89,
  0xFC88, 0xFCA8, 0xFCA8, 0xFCC8, 0xFCC7, 0xFCE7, 0xFCE7, 0xFD07, 0xFD06, 0xFD26,
  0xFD26, 0xFD46, 0xFD45, 0xFD65, 0xFD65, 0xFD85, 0xFD84, 0xFDA4, 0xFDA3, 0xFDC4,
  0xFDC3, 0xFDE3, 0xFDE2, 0xFE02, 0xFE01, 0xFE22, 0xFE21, 0xFE41, 0xFE40, 0xFE60,
  0xFE60, 0x1105, 0x10E4, 0x10E5, 0x10E4, 0x1105, 0x10E4, 0x10E5, 0x10E4, 0x1105,
  0x10E4, 0x10E5, 0x10E4, 0x1105, 0x10E4, 0x10E5, 0x10E4, 0x1105, 0x10E4, 0x10E5,
  0x1905, 0x10E4, 0x1905, 0x10E5, 0x1905, 0x10E4, 0x1905, 0x10E5, 0x1905, 0x10E4,
  0x1905, 0x10E5, 0x1905, 0x10E4, 0x1905, 0x10E5, 0x1905, 0xF81A, 0xF83A, 0xF83A,
  0xF85A, 0xF879, 0xF899, 0xF899, 0xF8B9, 0xF8B8, 0xF8F8, 0xF8F8, 0xF918, 0xF917,
  0xF937, 0xF937, 0xF957, 0xF956, 0xF996, 0xF996, 0xF9B6, 0xF9B5, 0xF9D5, 0xF9D5,
  0xF9F5, 0xF9F4, 0xFA14, 0xFA14, 0xFA34, 0xFA33, 0xFA53, 0xFA52, 0xFA73, 0xFA52,
  0xFA72, 0xFA71, 0xFA91, 0xFA90, 0xFAB1, 0xFAB0, 0xFAB0, 0xFAAF, 0xFACF, 0xFAAF,
  0xFACF, 0xFACE, 0xFACE, 0xFACD, 0xFAED, 0xFACC, 0xFAEC, 0xFACB, 0xFAEB, 0xFAEB,
  0xFB2B, 0xFB2B, 0xFB4B, 0xFB6B, 0xFB8B, 0xFB8B, 0xFBAB, 0xFBCA, 0xFBEB, 0xFBEA,
  0xFC0A, 0xFC0A, 0xFC4A, 0xFC4A, 0xFC6A, 0xFC69, 0xFC8A, 0xFC89, 0xFCA9, 0xFCA8,
  0xFCE9, 0xFCE8, 0xFD08, 0xFD08, 0xFD28, 0xFD27, 0xFD47, 0xFD47, 0xFD67, 0xFD66,
  0xFD86, 0xFD85, 0xFDA6, 0xFDA5, 0xFDC5, 0xFDC4, 0xFDE5, 0xFDE4, 0xFE04, 0xFE03,
  0xFE23, 0xFE22, 0xFE42, 0xFE42, 0xFE62, 0xFE61, 0xFE81, 0xFE80, 0xFEA0, 0xFEA0,
  0x1905, 0x10E4, 0x1905, 0x10E5, 0x1905, 0x10E4, 0x1905, 0x10E5, 0x1905, 0x10E4,
  0x1905, 0x10E5, 0x1905, 0x10E4, 0x1905, 0x10E5, 0x1905, 0x10E4, 0x10E4, 0x1905,
  0x10E4, 0x10E5, 0x10E4, 0x1905, 0x10E4, 0x10E5, 0x10E4, 0x1905, 0x10E4, 0x10E5,
  0x10E4, 0x1905, 0x10E4, 0x10E5, 0xF81A, 0xF83B, 0xF83A, 0xF85A, 0xF859, 0xF89A,
  0xF899, 0xF8B9, 0xF8B9, 0xF8D9, 0xF8D8, 0xF918, 0xF918, 0xF938, 0xF937, 0xF957,
  0xF957, 0xF997, 0xF996, 0xF9B6, 0xF9B6, 0xF9D6, 0xF9D5, 0xF9F5, 0xF9F5, 0xFA15,
  0xFA14, 0xFA34, 0xFA34, 0xFA54, 0xFA53, 0xFA73, 0xFA72, 0xFA93, 0xFA72, 0xFA92,
  0xFA91, 0xFAB1, 0xFAB0, 0xFAD1, 0xFAD0, 0xFAD0, 0xFACF, 0xFAEF, 0xFACE, 0xFAEF,
  0xFAEE, 0xFAEE, 0xFAED, 0xFB0D, 0xFAEC, 0xFAEC, 0xFAEB, 0xFB2C, 0xFB2B, 0xFB4B,
  0xFB6B, 0xFB8C, 0xFB8B, 0xFBAB, 0xFBCB, 0xFBEB, 0xFBEA, 0xFC0B, 0xFC2A, 0xFC4B,
  0xFC4A, 0xFC6A, 0xFC6A, 0xFC8A, 0xFC89, 0xFCAA, 0xFCC9, 0xFCE9, 0xFCE8, 0xFD09,
  0xFD08, 0xFD28, 0xFD28, 0xFD48, 0xFD47, 0xFD67, 0xFD66, 0xFD87, 0xFD86, 0xFDA6,
  0xFDA5, 0xFDC6, 0xFDC5, 0xFDE5, 0xFDE4, 0xFE04, 0xFE04, 0xFE24, 0xFE23, 0xFE43,
  0xFE42, 0xFE62, 0xFE61, 0xFE82, 0xFE81, 0xFEA1, 0xFEA0, 0xFEC0, 0xFEC0, 0x1905,
  0x10E4, 0x10E5, 0x10E4, 0x1905, 0x10E4, 0x10E5, 0x10E4, 0x1905, 0x10E4, 0x10E5,
  0x10E4, 0x1905, 0x10E4, 0x10E5, 0x10E4, 0x1905, 0x1905, 0x10E5, 0x1905, 0x10E5,
  0x1905, 0x10E5, 0x1905, 0x10E5, 0x1905, 0x10E5, 0x1905, 0x10E5, 0x1905, 0x10E5,
  0x1905, 0x10E5, 0xF83C, 0xF83B, 0xF85B, 0xF85A, 0xF89B, 0xF89A, 0xF8BA, 0xF8B9,
  0xF8FA, 0xF8F9, 0xF919, 0xF918, 0xF939, 0xF958, 0xF978, 0xF977, 0xF998, 0xF997,
  0xF9B7, 0xF9B6, 0xF9D7, 0xF9D6, 0xF9F6, 0xF9F5, 0xFA36, 0xFA35, 0xFA55, 0xFA54,
  0xFA75, 0xFA74, 0xFA74, 0xFA73, 0xFA94, 0xFA93, 0xFAB3, 0xFAB2, 0xFAD2, 0xFAD2,
  0xFAD2, 0xFAD1, 0xFAF1, 0xFAF0, 0xFB10, 0xFAEF, 0xFB10, 0xFB0F, 0xFB0F, 0xFB0E,
  0xFB2E, 0xFB0D, 0xFB2D, 0xFB0C, 0xFB2C, 0xFB2C, 0xFB4C, 0xFB6C, 0xFB8C, 0xFBAC,
  0xFBCC, 0xFBCB, 0xFBEC, 0xFC0B, 0xFC2C, 0xFC2B, 0xFC4C, 0xFC4B, 0xFC6B, 0xFC8B,
  0xFCAB, 0xFCAA, 0xFCCA, 0xFCCA, 0xFCEA, 0xFCE9, 0xFD0A, 0xFD09, 0xFD49, 0xFD49,
  0xFD49, 0xFD48, 0xFD88, 0xFD88, 0xFDA8, 0xFDA7, 0xFDC7, 0xFDC6, 0xFDE6, 0xFDE6,
  0xFE06, 0xFE05, 0xFE05, 0xFE04, 0xFE45, 0xFE44, 0xFE44, 0xFE43, 0xFE63, 0xFE62,
  0xFE82, 0xFE82, 0xFEA2, 0xFEA1, 0xFEC1, 0xFEC0, 0xFEE0, 0x10E5, 0x1905, 0x10E5,
  0x1905, 0x10E5, 0x1905, 0x10E5, 0x1905, 0x10E5, 0x1905, 0x10E5, 0x1905, 0x10E5,
  0x1905, 0x10E5, 0x1905, 0x10E5, 0x10E4, 0x10E5, 0x10E4, 0x1105, 0x10E4, 0x10E5,
  0x10E4, 0x1105, 0x10E4, 0x10E5, 0x10E4, 0x1105, 0x10E4, 0x10E5, 0x10E4, 0xF81C,
  0xF81B, 0xF85B, 0xF85B, 0xF87B, 0xF87A, 0xF8BA, 0xF8BA, 0xF8DA, 0xF8D9, 0xF919,
  0xF919, 0xF939, 0xF938, 0xF959, 0xF978, 0xF998, 0xF997, 0xF9B8, 0xF9B7, 0xF9D7,
  0xF9D6, 0xF9F7, 0xF9F6, 0xFA36, 0xFA15, 0xFA36, 0xFA55, 0xFA75, 0xFA74, 0xFA94,
  0xFA94, 0xFAB4, 0xFA93, 0xFAB3, 0xFAB3, 0xFAD3, 0xFAD2, 0xFAF2, 0xFAF1, 0xFB12,
  0xFAF1, 0xFB11, 0xFB10, 0xFB30, 0xFB0F, 0xFB2F, 0xFB2F, 0xFB2F, 0xFB2E, 0xFB2E,
  0xFB2D, 0xFB2D, 0xFB2C, 0xFB4C, 0xFB6C, 0xFB8D, 0xFB8C, 0xFBCC, 0xFBCC, 0xFBEC,
  0xFBEC, 0xFC2C, 0xFC2B, 0xFC4C, 0xFC4B, 0xFC6B, 0xFC8B, 0xFCAB, 0xFCAA, 0xFCCB,
  0xFCCA, 0xFCEB, 0xFCEA, 0xFD0A, 0xFD09, 0xFD4A, 0xFD29, 0xFD49, 0xFD68, 0xFD89,
  0xFD88, 0xFDA8, 0xFDA7, 0xFDC8, 0xFDC7, 0xFDE7, 0xFDE6, 0xFE06, 0xFE05, 0xFE26,
  0xFE25, 0xFE45, 0xFE24, 0xFE44, 0xFE64, 0xFE64, 0xFE63, 0xFE83, 0xFE82, 0xFEA2,
  0xFEA1, 0xFEC1, 0xFEC1, 0xFEE1, 0xFEE0, 0xFF00, 0x10E4, 0x1105, 0x10E4, 0x10E5,
  0x10E4, 0x1105, 0x10E4, 0x10E5, 0x10E4, 0x1105, 0x10E4, 0x10E5, 0x10E4, 0x1105,
  0x10E4, 0x10E5, 0x1905, 0x10E4, 0x1905, 0x10E5, 0x1905, 0x10E4, 0x1905, 0x10E5,
  0x1905, 0x10E4, 0x1905, 0x10E5, 0x1905, 0x10E4, 0xF81D, 0xF83C, 0xF85C, 0xF85B,
  0xF87C, 0xF89B, 0xF8BB, 0xF8BB, 0xF8DB, 0xF8FA, 0xF91A, 0xF91A, 0xF93A, 0xF939,
  0xF979, 0xF979, 0xF999, 0xF998, 0xF9B8, 0xF9B8, 0xF9F8, 0xF9F7, 0xFA17, 0xFA17,
  0xFA37, 0xFA36, 0xFA56, 0xFA56, 0xFA76, 0xFA75, 0xFA95, 0xFA95, 0xFAB5, 0xFAB4,
  0xFAD4, 0xFAD4, 0xFAF4, 0xFAF3, 0xFB13, 0xFAF2, 0xFB13, 0xFB12, 0xFB32, 0xFB31,
  0xFB31, 0xFB30, 0xFB50, 0xFB30, 0xFB50, 0xFB4F, 0xFB4F, 0xFB4E, 0xFB6E, 0xFB4D,
  0xFB6D, 0xFB6D, 0xFB8D, 0xFBAD, 0xFBCD, 0xFBCD, 0xFC0D, 0xFC0C, 0xFC2D, 0xFC2C,
  0xFC6D, 0xFC6C, 0xFC8C, 0xFC8C, 0xFCAC, 0xFCAB, 0xFCCC, 0xFCEB, 0xFD0B, 0xFD0B,
  0xFD2B, 0xFD2A, 0xFD4B, 0xFD4A, 0xFD6A, 0xFD69, 0xFD8A, 0xFD89, 0xFDA9, 0xFDA8,
  0xFDC8, 0xFDC8, 0xFDE8, 0xFDE7, 0xFE07, 0xFE06, 0xFE26, 0xFE26, 0xFE46, 0xFE45,
  0xFE65, 0xFE64, 0xFE85, 0xFE84, 0xFEA4, 0xFEA3, 0xFEC3, 0xFEC2, 0xFEE2, 0xFEE1,
  0xFF02, 0xFF01, 0xFF21, 0xFF20, 0xFF40, 0x10E5, 0x1905, 0x10E4, 0x1905, 0x10E5,
  0x1905, 0x10E4, 0x1905, 0x10E5, 0x1905, 0x10E4, 0x1905, 0x10E5, 0x1905, 0x10E4,
  0x10E4, 0x1905, 0x10E4, 0x10E5, 0x10E4, 0x1905, 0x10E4, 0x10E5, 0x10E4, 0x1905,
  0x10E4, 0x10E5, 0x10E4, 0xF81D, 0xF81C, 0xF83D, 0xF85C, 0xF87C, 0xF87B, 0xF89C,
  0xF8BB, 0xF8DB, 0xF8DB, 0xF8FB, 0xF91A, 0xF93A, 0xF93A, 0xF95A, 0xF979, 0xF99A,
  0xF999, 0xF9B9, 0xF9B8, 0xF9D9, 0xF9D8, 0xFA18, 0xFA17, 0xFA38, 0xFA37, 0xFA57,
  0xFA56, 0xFA77, 0xFA76, 0xFA96, 0xFA95, 0xFAB6, 0xFAB5, 0xFAD5, 0xFAD4, 0xFAF4,
  0xFAF3, 0xFB14, 0xFB13, 0xFB33, 0xFB12, 0xFB32, 0xFB32, 0xFB52, 0xFB51, 0xFB51,
  0xFB50, 0xFB70, 0xFB4F, 0xFB70, 0xFB6F, 0xFB6F, 0xFB6E, 0xFB6E, 0xFB6D, 0xFB8E,
  0xFBAD, 0xFBCD, 0xFBCD, 0xFC0D, 0xFC0D, 0xFC2D, 0xFC2D, 0xFC6D, 0xFC6C, 0xFC8D,
  0xFC8C, 0xFCAD, 0xFCAC, 0xFCEC, 0xFCEC, 0xFD0C, 0xFD0B, 0xFD2B, 0xFD2B, 0xFD4B,
  0xFD4A, 0xFD6A, 0xFD6A, 0xFD8A, 0xFD89, 0xFDA9, 0xFDA9, 0xFDC9, 0xFDC8, 0xFDE8,
  0xFDE8, 0xFE08, 0xFE07, 0xFE27, 0xFE26, 0xFE46, 0xFE45, 0xFE66, 0xFE65, 0xFE85,
  0xFE84, 0xFEA4, 0xFEA3, 0xFEC4, 0xFEC3, 0xFEE3, 0xFEE2, 0xFF02, 0xFF01, 0xFF21,
  0xFF21, 0xFF41, 0xFF40, 0xFF60, 0x10E4, 0x1905, 0x10E4, 0x10E5, 0x10E4, 0x1905,
  0x10E4, 0x10E5, 0x10E4, 0x1905, 0x10E4, 0x10E5, 0x10E4, 0x1905, 0x1905, 0x10E5,
  0x1905, 0x10E5, 0x1905, 0x10E5, 0x1905, 0x10E5, 0x1905, 0x10E5, 0x1905, 0x10E5,
  0x1905, 0xF81D, 0xF83D, 0xF85D, 0xF87D, 0xF87C, 0xF8BD, 0xF8BC, 0xF8DC, 0xF8DC,
  0xF91C, 0xF91B, 0xF93B, 0xF93B, 0xF95B, 0xF97A, 0xF99A, 0xF99A, 0xF9BA, 0xF9B9,
  0xF9F9, 0xF9F9, 0xFA19, 0xFA18, 0xFA38, 0xFA38, 0xFA58, 0xFA57, 0xFA97, 0xFA97,
  0xFAB7, 0xFAB6, 0xFAD6, 0xFAD6, 0xFAF6, 0xFAF5, 0xFB15, 0xFB15, 0xFB35, 0xFB14,
  0xFB34, 0xFB33, 0xFB53, 0xFB53, 0xFB73, 0xFB72, 0xFB72, 0xFB71, 0xFB92, 0xFB91,
  0xFB91, 0xFB90, 0xFB90, 0xFB8F, 0xFB8F, 0xFB8E, 0xFBAE, 0xFBAE, 0xFBCE, 0xFBEE,
  0xFC0E, 0xFC0E, 0xFC4E, 0xFC4D, 0xFC6E, 0xFC6D, 0xFC8E, 0xFCAD, 0xFCCD, 0xFCCD,
  0xFCED, 0xFCEC, 0xFD0D, 0xFD2C, 0xFD2C, 0xFD4B, 0xFD6C, 0xFD6B, 0xFD8B, 0xFD8B,
  0xFDAB, 0xFDAA, 0xFDCA, 0xFDC9, 0xFDEA, 0xFDE9, 0xFE09, 0xFE08, 0xFE29, 0xFE28,
  0xFE48, 0xFE47, 0xFE67, 0xFE67, 0xFE87, 0xFE86, 0xFEA6, 0xFEA5, 0xFEC5, 0xFEC4,
  0xFEE5, 0xFEE4, 0xFEE4, 0xFEE3, 0xFF23, 0xFF02, 0xFF22, 0xFF21, 0xFF42, 0xFF41,
  0xFF61, 0xFF60, 0x1905, 0x10E5, 0x1905, 0x10E5, 0x1905, 0x10E5, 0x1905, 0x10E5,
  0x1905, 0x10E5, 0x1905, 0x10E5, 0x1905, 0x10E5, 0x10E4, 0x10E5, 0x10E4, 0x1105,
  0x10E4, 0x10E5, 0x10E4, 0x1105, 0x10E4, 0x10E5, 0x10E4, 0x1105, 0xF81E, 0xF83E,
  0xF83D, 0xF87D, 0xF87D, 0xF89D, 0xF89C, 0xF8DD, 0xF8DC, 0xF8FC, 0xF8FB, 0xF93C,
  0xF93B, 0xF95B, 0xF95A, 0xF99B, 0xF99A, 0xF9BA, 0xF9BA, 0xF9DA, 0xF9D9, 0xFA19,
  0xFA19, 0xFA39, 0xFA38, 0xFA58, 0xFA58, 0xFA98, 0xFA97, 0xFAB7, 0xFAB7, 0xFAD7,
  0xFAD6, 0xFAF6, 0xFAF6, 0xFB16, 0xFB15, 0xFB35, 0xFB34, 0xFB55, 0xFB34, 0xFB54,
  0xFB53, 0xFB73, 0xFB72, 0xFB93, 0xFB72, 0xFB92, 0xFB91, 0xFBB1, 0xFB90, 0xFBB1,
  0xFB90, 0xFBB0, 0xFBAF, 0xFBAF, 0xFBAE, 0xFBCE, 0xFBEE, 0xFC0E, 0xFC0E, 0xFC2E,
  0xFC4E, 0xFC6E, 0xFC6D, 0xFC8E, 0xFCAD, 0xFCCE, 0xFCCD, 0xFCED, 0xFCED, 0xFD0D,
  0xFD0C, 0xFD2D, 0xFD4C, 0xFD6C, 0xFD6B, 0xFD8C, 0xFD8B, 0xFDAB, 0xFDAA, 0xFDCB,
  0xFDCA, 0xFDEA, 0xFDE9, 0xFE09, 0xFE09, 0xFE29, 0xFE28, 0xFE48, 0xFE48, 0xFE68,
  0xFE67, 0xFE87, 0xFE86, 0xFEA6, 0xFEA5, 0xFEC6, 0xFEC5, 0xFEE5, 0xFEE4, 0xFEE4,
  0xFF03, 0xFF23, 0xFF02, 0xFF23, 0xFF22, 0xFF42, 0xFF41, 0xFF61, 0xFF60, 0xFF80,
  0xFF80, 0x10E5, 0x10E4, 0x1105, 0x10E4, 0x10E5, 0x10E4, 0x1105, 0x10E4, 0x10E5,
  0x10E4, 0x1105, 0x10E4, 0x10E5, 0x1905, 0x10E4, 0x1905, 0x10E5, 0x1905, 0x10E4,
  0x1905, 0x10E5, 0x1905, 0x10E4, 0x1905, 0xF81F, 0xF83F, 0xF83E, 0xF87E, 0xF87E,
  0xF89E, 0xF89D, 0xF8DD, 0xF8DD, 0xF8FD, 0xF8FC, 0xF93D, 0xF93C, 0xF95C, 0xF95B,
  0xF99C, 0xF99B, 0xF9BB, 0xF9BA, 0xF9FB, 0xF9FA, 0xFA1A, 0xFA19, 0xFA3A, 0xFA59,
  0xFA79, 0xFA78, 0xFA99, 0xFA98, 0xFAB8, 0xFAB7, 0xFAD8, 0xFAD7, 0xFAF7, 0xFAF6,
  0xFB17, 0xFB16, 0xFB36, 0xFB35, 0xFB56, 0xFB55, 0xFB75, 0xFB74, 0xFB94, 0xFB94,
  0xFB94, 0xFB93, 0xFBB3, 0xFBB2, 0xFBB2, 0xFBB1, 0xFBD2, 0xFBD1, 0xFBD1, 0xFBD0,
  0xFBD0, 0xFBCF, 0xFBCF, 0xFBEF, 0xFC0F, 0xFC2F, 0xFC4F, 0xFC4E, 0xFC6F, 0xFC8E,
  0xFCAF, 0xFCAE, 0xFCCF, 0xFCEE, 0xFD0E, 0xFD0D, 0xFD2E, 0xFD2D, 0xFD4D, 0xFD4D,
  0xFD6D, 0xFD6C, 0xFD8D, 0xFD8C, 0xFDCC, 0xFDCB, 0xFDCC, 0xFDCB, 0xFE0B, 0xFE0A,
  0xFE0A, 0xFE0A, 0xFE4A, 0xFE49, 0xFE49, 0xFE48, 0xFE89, 0xFE88, 0xFE88, 0xFE87,
  0xFEA7, 0xFEA6, 0xFEC6, 0xFEC6, 0xFEE6, 0xFEE5, 0xFF05, 0xFF04, 0xFF24, 0xFF23,
  0xFF43, 0xFF43, 0xFF63, 0xFF62, 0xFF82, 0xFF81, 0xFFA1, 0xFFA0, 0xFFC0, 0xFFC0,
  0x1905, 0x10E5, 0x1905, 0x10E4, 0x1905, 0x10E5, 0x1905, 0x10E4, 0x1905, 0x10E5,
  0x1905, 0x10E4, 0x10E4, 0x1905, 0x10E4, 0x10E5, 0x10E4, 0x1905, 0x10E4, 0x10E5,
  0x10E4, 0x1905, 0x10E4, 0xF81F, 0xF83E, 0xF85F, 0xF85E, 0xF89E, 0xF89E, 0xF8BE,
  0xF8BD, 0xF8FD, 0xF8FD, 0xF91D, 0xF93C, 0xF95C, 0xF95C, 0xF97C, 0xF99B, 0xF9BB,
  0xF9BB, 0xF9DB, 0xF9DA, 0xFA1B, 0xFA1A, 0xFA3A, 0xFA39, 0xFA5A, 0xFA79, 0xFA99,
  0xFA98, 0xFAB9, 0xFAB8, 0xFAD8, 0xFAD7, 0xFAF8, 0xFAF7, 0xFB37, 0xFB16, 0xFB37,
  0xFB56, 0xFB76, 0xFB55, 0xFB75, 0xFB75, 0xFB95, 0xFB94, 0xFBB4, 0xFBB4, 0xFBD4,
  0xFBB3, 0xFBD3, 0xFBD2, 0xFBF2, 0xFBD1, 0xFBF1, 0xFBF1, 0xFBF1, 0xFBF0, 0xFBF0,
  0xFBEF, 0xFC0F, 0xFC0F, 0xFC4F, 0xFC4F, 0xFC6F, 0xFC8F, 0xFCAF, 0xFCAF, 0xFCCF,
  0xFCCE, 0xFD0F, 0xFD0E, 0xFD2E, 0xFD2E, 0xFD4E, 0xFD4D, 0xFD6E, 0xFD6D, 0xFD8D,
  0xFDAC, 0xFDCD, 0xFDCC, 0xFDEC, 0xFDEB, 0xFE0C, 0xFE0B, 0xFE2B, 0xFE2A, 0xFE4A,
  0xFE49, 0xFE6A, 0xFE69, 0xFE89, 0xFE88, 0xFEA8, 0xFEA8, 0xFEC8, 0xFEA7, 0xFEC7,
  0xFEC6, 0xFEE6, 0xFEE5, 0xFF05, 0xFF05, 0xFF25, 0xFF24, 0xFF44, 0xFF43, 0xFF63,
  0xFF62, 0xFF82, 0xFF82, 0xFFA2, 0xFFA1, 0xFFC1, 0xFFC0, 0xFFE0, 0x10E4, 0x10E5,
  0x10E4, 0x1905, 0x10E4, 0x10E5, 0x10E4, 0x1905, 0x10E4, 0x10E5, 0x10E4, 0x1905,
  0x1905, 0x10E5, 0x1905, 0x10E5, 0x1905, 0x10E5, 0x1905, 0x10E5, 0x1905, 0x10E5,
  0xF81F, 0xF83F, 0xF85F, 0xF85F, 0xF89F, 0xF89E, 0xF8BF, 0xF8DE, 0xF8FE, 0xF8FD,
  0xF91E, 0xF93D, 0xF95D, 0xF95D, 0xF99D, 0xF99C, 0xF9BC, 0xF9BC, 0xF9FC, 0xF9FB,
  0xFA1B, 0xFA1B, 0xFA3B, 0xFA5A, 0xFA7A, 0xFA7A, 0xFA9A, 0xFA99, 0xFABA, 0xFAB9,
  0xFAF9, 0xFAF8, 0xFB19, 0xFB18, 0xFB38, 0xFB37, 0xFB58, 0xFB57, 0xFB77, 0xFB76,
  0xFB96, 0xFB96, 0xFBB6, 0xFBB5, 0xFBD5, 0xFBB4, 0xFBD5, 0xFBD4, 0xFBF4, 0xFBF3,
  0xFC13, 0xFBF3, 0xFC13, 0xFBF2, 0xFC12, 0xFC11, 0xFC11, 0xFC10, 0xFC10, 0xFC30,
  0xFC50, 0xFC50, 0xFC90, 0xFC90, 0xFCB0, 0xFCCF, 0xFCF0, 0xFCEF, 0xFD0F, 0xFD0F,
  0xFD4F, 0xFD4F, 0xFD6F, 0xFD6E, 0xFD8E, 0xFD8E, 0xFDAE, 0xFDAD, 0xFDCE, 0xFDCD,
  0xFDED, 0xFDEC, 0xFE0C, 0xFE0C, 0xFE2C, 0xFE2B, 0xFE4B, 0xFE4B, 0xFE6B, 0xFE6A,
  0xFE8A, 0xFE89, 0xFEA9, 0xFEA8, 0xFEC9, 0xFEC8, 0xFEE8, 0xFEE7, 0xFF07, 0xFF06,
  0xFF26, 0xFF25, 0xFF46, 0xFF45, 0xFF65, 0xFF64, 0xFF84, 0xFF83, 0xFF83, 0xFF82,
  0xFFA3, 0xFFA2, 0xFFC2, 0xFFC1, 0xFFE1, 0xFFE0, 0xFFE0, 0x10E5, 0x1905, 0x10E5,
  0x1905, 0x10E5, 0x1905, 0x10E5, 0x1905, 0x10E5, 0x1905, 0x10E5, 0x10E4, 0x10E5,
  0x10E4, 0x1105, 0x10E4, 0x10E5, 0x10E4, 0x1105, 0x10E4, 0x10E5, 0xF81F, 0xF83F,
  0xF85F, 0xF87F, 0xF87F, 0xF8BF, 0xF8BE, 0xF8DE, 0xF8FE, 0xF91E, 0xF91D, 0xF93E,
  0xF95D, 0xF97D, 0xF97C, 0xF99D, 0xF9BC, 0xF9DC, 0xF9DB, 0xF9FC, 0xFA1B, 0xFA3B,
  0xFA3B, 0xFA5B, 0xFA7A, 0xFA9A, 0xFA9A, 0xFABA, 0xFAB9, 0xFAD9, 0xFAD9, 0xFB19,
  0xFB18, 0xFB39, 0xFB38, 0xFB58, 0xFB57, 0xFB77, 0xFB77, 0xFB97, 0xFB96, 0xFBB6,
  0xFBB5, 0xFBD6, 0xFBD5, 0xFBF5, 0xFBD4, 0xFBF4, 0xFBF4, 0xFC14, 0xFC13, 0xFC13,
  0xFC12, 0xFC32, 0xFC11, 0xFC32, 0xFC31, 0xFC31, 0xFC10, 0xFC50, 0xFC50, 0xFC90,
  0xFC90, 0xFCB0, 0xFCD0, 0xFCF0, 0xFCEF, 0xFD10, 0xFD0F, 0xFD4F, 0xFD4F, 0xFD6F,
  0xFD6E, 0xFD8F, 0xFD8E, 0xFDAE, 0xFDAE, 0xFDCE, 0xFDCD, 0xFDED, 0xFDED, 0xFE0D,
  0xFE0C, 0xFE2C, 0xFE2B, 0xFE4C, 0xFE4B, 0xFE6B, 0xFE6A, 0xFE8A, 0xFE89, 0xFEAA,
  0xFEA9, 0xFEC9, 0xFEC8, 0xFEE8, 0xFEE7, 0xFF08, 0xFF07, 0xFF27, 0xFF26, 0xFF46,
  0xFF45, 0xFF65, 0xFF64, 0xFF85, 0xFF84, 0xFF84, 0xFFA3, 0xFFC3, 0xFFA2, 0xFFC2,
  0xFFC1, 0xFFE1, 0xFFE0, 0xFFE0, 0xFFE0, 0x1105, 0x10E4, 0x10E5, 0x10E4, 0x1105,
  0x10E4, 0x10E5, 0x10E4, 0x1105, 0x10E4, 0x10E5, 0x1905, 0x10E4, 0x1905, 0x10E5,
  0x1905, 0x10E4, 0x1905, 0x10E5, 0x1905, 0xF01F, 0xF83F, 0xF85F, 0xF87F, 0xF87F,
  0xF8BF, 0xF8BF, 0xF8DF, 0xF8DF, 0xF91F, 0xF91E, 0xF93E, 0xF95E, 0xF97E, 0xF97D,
  0xF99E, 0xF9BD, 0xF9DD, 0xF9DC, 0xFA1D, 0xFA1C, 0xFA3C, 0xFA3C, 0xFA5C, 0xFA7B,
  0xFA9B, 0xFA9B, 0xFABB, 0xFABA, 0xFAFA, 0xFAFA, 0xFB1A, 0xFB19, 0xFB39, 0xFB39,
  0xFB59, 0xFB58, 0xFB98, 0xFB98, 0xFBB8, 0xFBB7, 0xFBD7, 0xFBD7, 0xFBD7, 0xFBD6,
  0xFBF6, 0xFBF5, 0xFC15, 0xFC15, 0xFC35, 0xFC34, 0xFC34, 0xFC33, 0xFC54, 0xFC33,
  0xFC53, 0xFC52, 0xFC52, 0xFC51, 0xFC51, 0xFC70, 0xFC91, 0xFC91, 0xFCD1, 0xFCD0,
  0xFCF1, 0xFCF0, 0xFD30, 0xFD30, 0xFD50, 0xFD50, 0xFD70, 0xFD6F, 0xFDB0, 0xFDAF,
  0xFDCF, 0xFDCE, 0xFDEF, 0xFDEE, 0xFE0E, 0xFE0D, 0xFE2E, 0xFE2D, 0xFE4D, 0xFE4C,
  0xFE6D, 0xFE6C, 0xFE8C, 0xFE8B, 0xFEAB, 0xFEAA, 0xFECB, 0xFECA, 0xFEEA, 0xFEE9,
  0xFF09, 0xFF08, 0xFF29, 0xFF28, 0xFF28, 0xFF27, 0xFF47, 0xFF46, 0xFF66, 0xFF65,
  0xFF85, 0xFF85, 0xFFA5, 0xFFA4, 0xFFC4, 0xFFC3, 0xFFE3, 0xFFE2, 0xFFE2, 0xFFE1,
  0xFFE1, 0xF7E0, 0xFFE1, 0xF7E0, 0x1905, 0x10E4, 0x1905, 0x10E5, 0x1905, 0x10E4,
  0x1905, 0x10E5, 0x1905, 0x10E4, 0x10E4, 0x1905, 0x10E4, 0x10E5, 0x10E4, 0x1905,
  0x10E4, 0x10E5, 0x10E4, 0xF03F, 0xF03F, 0xF05F, 0xF07F, 0xF89F, 0xF89F, 0xF8DF,
  0xF8DF, 0xF8FF, 0xF8FF, 0xF93F, 0xF93E, 0xF97F, 0xF97E, 0xF99E, 0xF99D, 0xF9DE,
  0xF9DD, 0xF9FD, 0xFA1C, 0xFA3D, 0xFA3C, 0xFA5C, 0xFA7C, 0xFA9C, 0xFA9B, 0xFABB,
  0xFABB, 0xFAFB, 0xFAFA, 0xFB1A, 0xFB1A, 0xFB3A, 0xFB39, 0xFB59, 0xFB79, 0xFB99,
  0xFB98, 0xFBB8, 0xFBB8, 0xFBD8, 0xFBD7, 0xFBF7, 0xFBF7, 0xFC17, 0xFBF6, 0xFC16,
  0xFC15, 0xFC36, 0xFC35, 0xFC55, 0xFC54, 0xFC54, 0xFC53, 0xFC73, 0xFC53, 0xFC73,
  0xFC52, 0xFC72, 0xFC71, 0xFC91, 0xFC91, 0xFCD1, 0xFCD1, 0xFCF1, 0xFCF0, 0xFD31,
  0xFD30, 0xFD51, 0xFD50, 0xFD70, 0xFD90, 0xFDB0, 0xFDAF, 0xFDD0, 0xFDCF, 0xFDEF,
  0xFDEE, 0xFE0F, 0xFE0E, 0xFE2E, 0xFE2D, 0xFE4E, 0xFE4D, 0xFE6D, 0xFE6C, 0xFE8C,
  0xFE8C, 0xFEAC, 0xFEAB, 0xFECB, 0xFECA, 0xFEEA, 0xFEE9, 0xFF0A, 0xFF09, 0xFF29,
  0xFF28, 0xFF48, 0xFF47, 0xFF67, 0xFF46, 0xFF67, 0xFF66, 0xFF86, 0xFF85, 0xFFA5,
  0xFFA4, 0xFFC4, 0xFFC3, 0xFFE3, 0xFFE3, 0xFFE3, 0xFFE2, 0xFFE2, 0xF7E1, 0xFFE1,
  0xF7E0, 0xF7E0, 0x10E4, 0x1905, 0x10E4, 0x10E5, 0x10E4, 0x1905, 0x10E4, 0x10E5,
  0x10E4, 0x1905, 0x1905, 0x10E5, 0x1905, 0x10E5, 0x1905, 0x10E5, 0x1905, 0x10E5,
  0xF01F, 0xE83F, 0xF05F, 0xF05F, 0xF89F, 0xF09F, 0xF8BF, 0xF8DF, 0xF8FF, 0xF91F,
  0xF93F, 0xF93F, 0xF95F, 0xF97F, 0xF99F, 0xF99E, 0xF9DE, 0xF9DE, 0xF9FE, 0xF9FD,
  0xFA3E, 0xFA3D, 0xFA5D, 0xFA5C, 0xFA9D, 0xFA9C, 0xFABC, 0xFABB, 0xFAFC, 0xFAFB,
  0xFB1B, 0xFB1A, 0xFB3B, 0xFB5A, 0xFB7A, 0xFB79, 0xFB9A, 0xFB99, 0xFBB9, 0xFBB8,
  0xFBD9, 0xFBD8, 0xFBF8, 0xFBF7, 0xFC18, 0xFC17, 0xFC37, 0xFC36, 0xFC57, 0xFC56,
  0xFC76, 0xFC55, 0xFC75, 0xFC74, 0xFC94, 0xFC74, 0xFC94, 0xFC93, 0xFC93, 0xFC92,
  0xFC92, 0xFCB2, 0xFCD2, 0xFCD1, 0xFD12, 0xFD11, 0xFD32, 0xFD31, 0xFD72, 0xFD71,
  0xFD91, 0xFD91, 0xFDB1, 0xFDB0, 0xFDD0, 0xFDD0, 0xFE10, 0xFE0F, 0xFE10, 0xFE2F,
  0xFE4F, 0xFE4E, 0xFE6E, 0xFE6E, 0xFE8E, 0xFE8D, 0xFEAD, 0xFEAC, 0xFECD, 0xFECC,
  0xFECC, 0xFECB, 0xFEEB, 0xFEEB, 0xFF0B, 0xFF0A, 0xFF2A, 0xFF29, 0xFF49, 0xFF48,
  0xFF68, 0xFF68, 0xFF87, 0xFF87, 0xFFA7, 0xFFA6, 0xFFC6, 0xFFC5, 0xFFE5, 0xFFE4,
  0xFFE4, 0xFFE3, 0xFFE4, 0xFFE3, 0xFFE3, 0xF7E2, 0xFFE2, 0xF7E1, 0xF7E1, 0xEFE0,
  0xF7E0, 0x10E5, 0x1905, 0x10E5, 0x1905, 0x10E5, 0x1905, 0x10E5, 0x1905, 0x10E5,
  0x10E4, 0x10E5, 0x10E4, 0x1105, 0x10E4, 0x10E5, 0x10E4, 0x1105, 0xE01F, 0xE83F,
  0xE85F, 0xF07F, 0xE87F, 0xF0BF, 0xF0BF, 0xF8DF, 0xF0FF, 0xF91F, 0xF93F, 0xF95F,
  0xF95F, 0xF97F, 0xF99F, 0xF9BF, 0xF9BE, 0xF9FE, 0xF9FE, 0xFA1E, 0xFA1D, 0xFA5D,
  0xFA5D, 0xFA7D, 0xFA9C, 0xFABC, 0xFABC, 0xFADC, 0xFADB, 0xFB1B, 0xFB1B, 0xFB3B,
  0xFB3A, 0xFB5B, 0xFB7A, 0xFB9A, 0xFB99, 0xFBBA, 0xFBB9, 0xFBD9, 0xFBD8, 0xFBF9,
  0xFBF8, 0xFC18, 0xFC17, 0xFC37, 0xFC37, 0xFC57, 0xFC56, 0xFC76, 0xFC76, 0xFC96,
  0xFC75, 0xFC95, 0xFC94, 0xFC94, 0xFC93, 0xFCB3, 0xFC93, 0xFCB3, 0xFC92, 0xFCD2,
  0xFCD2, 0xFCF2, 0xFD12, 0xFD32, 0xFD31, 0xFD52, 0xFD71, 0xFD91, 0xFD91, 0xFDB1,
  0xFDB0, 0xFDD1, 0xFDD0, 0xFE10, 0xFDF0, 0xFE10, 0xFE2F, 0xFE4F, 0xFE4F, 0xFE6F,
  0xFE6E, 0xFE8E, 0xFE8D, 0xFEAE, 0xFEAD, 0xFECD, 0xFEAC, 0xFECC, 0xFEEC, 0xFF0C,
  0xFEEB, 0xFF0B, 0xFF0A, 0xFF2A, 0xFF29, 0xFF49, 0xFF49, 0xFF69, 0xFF68, 0xFF88,
  0xFF87, 0xFFA7, 0xFFA6, 0xFFC6, 0xFFC5, 0xFFE6, 0xFFE5, 0xFFE5, 0xFFE4, 0xFFE4,
  0xF7E3, 0xF7E3, 0xF7E2, 0xF7E2, 0xEFE1, 0xF7E1, 0xEFE0, 0xEFE1, 0xE7E0, 0x10E5,
  0x10E4, 0x1105, 0x10E4, 0x10E5, 0x10E4, 0x1105, 0x10E4, 0x10E5, 0x1905, 0x10E4,
  0x1905, 0x10E5, 0x1905, 0x10E4, 0x1905, 0xE01F, 0xE83F, 0xE03F, 0xE87F, 0xE87F,
  0xF0BF, 0xE8BF, 0xF0DF, 0xF0FF, 0xF91F, 0xF11F, 0xF95F, 0xF95F, 0xF97F, 0xF99F,
  0xF9BF, 0xF9BF, 0xF9FF, 0xF9FE, 0xFA1F, 0xFA3E, 0xFA5E, 0xFA5D, 0xFA7E, 0xFA9D,
  0xFABD, 0xFABD, 0xFADD, 0xFAFC, 0xFB1C, 0xFB1C, 0xFB3C, 0xFB5B, 0xFB7B, 0xFB7B,
  0xFB9B, 0xFB9A, 0xFBBA, 0xFBBA, 0xFBFA, 0xFBF9, 0xFC19, 0xFC19, 0xFC39, 0xFC38,
  0xFC58, 0xFC58, 0xFC78, 0xFC77, 0xFC97, 0xFC76, 0xFC97, 0xFC96, 0xFCB6, 0xFCB5,
  0xFCB5, 0xFCB5, 0xFCD5, 0xFCB4, 0xFCD4, 0xFCD3, 0xFCD3, 0xFCD2, 0xFD13, 0xFD12,
  0xFD33, 0xFD52, 0xFD73, 0xFD72, 0xFD92, 0xFD92, 0xFDD2, 0xFDD1, 0xFDF2, 0xFDF1,
  0xFE11, 0xFE11, 0xFE31, 0xFE30, 0xFE50, 0xFE50, 0xFE70, 0xFE6F, 0xFE8F, 0xFE8E,
  0xFEAF, 0xFEAE, 0xFECE, 0xFECD, 0xFEED, 0xFEEC, 0xFF0D, 0xFF0C, 0xFF2C, 0xFF2B,
  0xFF4B, 0xFF4A, 0xFF6A, 0xFF69, 0xFF8A, 0xFF89, 0xFFA9, 0xFFA8, 0xFFC8, 0xFFC7,
  0xFFC7, 0xFFC6, 0xFFE6, 0xFFE6, 0xFFE6, 0xFFE5, 0xFFE5, 0xF7E4, 0xFFE4, 0xF7E3,
  0xF7E3, 0xEFE2, 0xF7E2, 0xEFE1, 0xEFE1, 0xEFE0, 0xEFE0, 0xE7E0, 0x1905, 0x10E5,
  0x1905, 0x10E4, 0x1905, 0x10E5, 0x1905, 0x10E4, 0x10E4, 0x1905, 0x10E4, 0x10E5,
  0x10E4, 0x1905, 0x10E4, 0xE01F, 0xE03F, 0xE05F, 0xE05F, 0xE89F, 0xE89F, 0xE8DF,
  0xE8DF, 0xF0FF, 0xF11F, 0xF13F, 0xF13F, 0xF97F, 0xF17F, 0xF99F, 0xF9BF, 0xF9DF,
  0xF9DF, 0xFA1F, 0xFA1E, 0xFA3F, 0xFA5E, 0xFA7E, 0xFA7D, 0xFA9E, 0xFABD, 0xFADD,
  0xFADD, 0xFAFD, 0xFB1C, 0xFB3C, 0xFB3C, 0xFB5C, 0xFB7B, 0xFB9C, 0xFB9B, 0xFBBB,
  0xFBBA, 0xFBFB, 0xFBFA, 0xFC1A, 0xFC19, 0xFC3A, 0xFC39, 0xFC59, 0xFC58, 0xFC79,
  0xFC78, 0xFC98, 0xFC97, 0xFCB7, 0xFC96, 0xFCB7, 0xFCB6, 0xFCD6, 0xFCD5, 0xFCD5,
  0xFCD4, 0xFCF5, 0xFCD4, 0xFCF4, 0xFCD3, 0xFD13, 0xFD13, 0xFD33, 0xFD53, 0xFD73,
  0xFD72, 0xFD93, 0xFDB2, 0xFDD3, 0xFDD2, 0xFDF2, 0xFDF2, 0xFE12, 0xFE11, 0xFE31,
  0xFE31, 0xFE51, 0xFE50, 0xFE70, 0xFE70, 0xFE90, 0xFE8F, 0xFEAF, 0xFEAE, 0xFECE,
  0xFECE, 0xFEEE, 0xFEED, 0xFF0D, 0xFF0C, 0xFF2C, 0xFF2C, 0xFF4C, 0xFF4B, 0xFF6B,
  0xFF6A, 0xFF8A, 0xFF89, 0xFFA9, 0xFFA8, 0xFFC9, 0xFFC8, 0xFFE8, 0xFFE7, 0xFFE7,
  0xFFE6, 0xFFE6, 0xF7E5, 0xFFE5, 0xF7E4, 0xF7E4, 0xF7E3, 0xF7E4, 0xEFE3, 0xEFE3,
  0xEFE2, 0xEFE2, 0xE7E1, 0xE7E1, 0xE7E0, 0xE7E0, 0x10E4, 0x10E5, 0x10E4, 0x1905,
  0x10E4, 0x10E5, 0x10E4, 0x1905, 0x1905, 0x10E5, 0x1905, 0x10E5, 0x1905, 0x10E5,
  0xE01F, 0xD81F, 0xE05F, 0xE05F, 0xE09F, 0xE09F, 0xE8BF, 0xE8DF, 0xE8FF, 0xE8FF,
  0xF13F, 0xF13F, 0xF17F, 0xF17F, 0xF99F, 0xF9BF, 0xF9DF, 0xF9DF, 0xFA1F, 0xFA1F,
  0xFA3F, 0xFA5F, 0xFA7F, 0xFA7E, 0xFA9F, 0xFABE, 0xFADE, 0xFADE, 0xFB1E, 0xFB1D,
  0xFB3D, 0xFB3D, 0xFB7D, 0xFB7C, 0xFB9C, 0xFB9C, 0xFBBC, 0xFBDB, 0xFBFB, 0xFBFB,
  0xFC1B, 0xFC1A, 0xFC3A, 0xFC3A, 0xFC5A, 0xFC59, 0xFC99, 0xFC99, 0xFC99, 0xFC98,
  0xFCB8, 0xFCB8, 0xFCD8, 0xFCD7, 0xFCF7, 0xFCF6, 0xFCF6, 0xFCF5, 0xFD16, 0xFCF5,
  0xFD15, 0xFCF4, 0xFD14, 0xFD14, 0xFD54, 0xFD53, 0xFD74, 0xFD93, 0xFDB4, 0xFDB3,
  0xFDD3, 0xFDD3, 0xFDF3, 0xFE12, 0xFE33, 0xFE32, 0xFE52, 0xFE51, 0xFE72, 0xFE71,
  0xFE91, 0xFE90, 0xFEB1, 0xFEB0, 0xFED0, 0xFECF, 0xFEEF, 0xFEEF, 0xFF0F, 0xFF0E,
  0xFF2E, 0xFF2D, 0xFF4D, 0xFF4C, 0xFF6D, 0xFF6C, 0xFF6C, 0xFF6B, 0xFFAB, 0xFF8A,
  0xFFAA, 0xFFA9, 0xFFC9, 0xFFC9, 0xFFE9, 0xFFE8, 0xFFE8, 0xFFE7, 0xFFE7, 0xF7E6,
  0xFFE6, 0xF7E5, 0xF7E5, 0xF7E4, 0xF7E4, 0xEFE4, 0xEFE3, 0xEFE3, 0xEFE3, 0xE7E2,
  0xE7E2, 0xE7E1, 0xE7E1, 0xDFE0, 0xE7E0, 0x10E5, 0x1905, 0x10E5, 0x1905, 0x10E5,
  0x1905, 0x10E5, 0x10E4, 0x10E5, 0x10E4, 0x1105, 0x10E4, 0x10E5, 0xD01F, 0xD83F,
  0xD83F, 0xD87F, 0xD87F, 0xE0BF, 0xE0BF, 0xE0DF, 0xE0FF, 0xE91F, 0xE91F, 0xE95F,
  0xE95F, 0xF19F, 0xF19F, 0xF1BF, 0xF1DF, 0xF9FF, 0xF1FF, 0xFA3F, 0xFA3F, 0xFA5F,
  0xFA7F, 0xFA9F, 0xFA9E, 0xFADF, 0xFADE, 0xFAFE, 0xFAFD, 0xFB3E, 0xFB3D, 0xFB5D,
  0xFB5C, 0xFB9D, 0xFB9C, 0xFBBC, 0xFBBC, 0xFBFC, 0xFBFB, 0xFC1B, 0xFC1B, 0xFC3B,
  0xFC3A, 0xFC5A, 0xFC5A, 0xFC9A, 0xFC79, 0xFC99, 0xFCB9, 0xFCD9, 0xFCB8, 0xFCD8,
  0xFCD7, 0xFCF8, 0xFCF7, 0xFD17, 0xFCF6, 0xFD16, 0xFD15, 0xFD15, 0xFD15, 0xFD35,
  0xFD14, 0xFD34, 0xFD54, 0xFD74, 0xFD73, 0xFDB4, 0xFDB3, 0xFDD4, 0xFDD3, 0xFDF3,
  0xFE13, 0xFE33, 0xFE32, 0xFE52, 0xFE52, 0xFE72, 0xFE71, 0xFE91, 0xFE91, 0xFEB1,
  0xFEB0, 0xFED0, 0xFED0, 0xFEF0, 0xFEEF, 0xFF0F, 0xFF0E, 0xFF2E, 0xFF2D, 0xFF4E,
  0xFF4D, 0xFF6D, 0xFF6C, 0xFF8C, 0xFF8B, 0xFFAB, 0xFF8A, 0xFFAA, 0xFFAA, 0xFFCA,
  0xFFC9, 0xFFE9, 0xFFE8, 0xFFE8, 0xF7E7, 0xFFE7, 0xF7E6, 0xF7E6, 0xF7E5, 0xF7E6,
  0xEFE5, 0xEFE5, 0xEFE4, 0xEFE4, 0xE7E3, 0xEFE3, 0xE7E2, 0xE7E2, 0xDFE1, 0xE7E1,
  0xDFE0, 0xDFE0, 0xD7E0, 0x1105, 0x10E4, 0x10E5, 0x10E4, 0x1105, 0x10E4, 0x10E5,
  0x1905, 0x10E4, 0x1905, 0x10E5, 0x1905, 0x10E4, 0xD83F, 0xD83F, 0xD87F, 0xD87F,
  0xE09F, 0xD8BF, 0xE0DF, 0xE0DF, 0xE91F, 0xE11F, 0xE95F, 0xE95F, 0xF17F, 0xE99F,
  0xF1BF, 0xF1BF, 0xF1FF, 0xF1FF, 0xFA1F, 0xFA3F, 0xFA5F, 0xFA7F, 0xFA9F, 0xFA9F,
  0xFADF, 0xFADF, 0xFAFF, 0xFAFE, 0xFB3F, 0xFB3E, 0xFB5E, 0xFB5D, 0xFB9E, 0xFB9D,
  0xFBBD, 0xFBBC, 0xFBFD, 0xFBFC, 0xFC1C, 0xFC1B, 0xFC3C, 0xFC5B, 0xFC7B, 0xFC7A,
  0xFC9B, 0xFC9A, 0xFCBA, 0xFCB9, 0xFCDA, 0xFCD9, 0xFCF9, 0xFCF8, 0xFD19, 0xFD18,
  0xFD18, 0xFD17, 0xFD37, 0xFD36, 0xFD36, 0xFD36, 0xFD56, 0xFD35, 0xFD55, 0xFD54,
  0xFD95, 0xFD94, 0xFDB5, 0xFDB4, 0xFDF5, 0xFDF4, 0xFE14, 0xFE13, 0xFE34, 0xFE33,
  0xFE53, 0xFE53, 0xFE93, 0xFE92, 0xFE92, 0xFE92, 0xFED2, 0xFED1, 0xFED1, 0xFED0,
  0xFF11, 0xFF10, 0xFF10, 0xFF0F, 0xFF2F, 0xFF2E, 0xFF4E, 0xFF4E, 0xFF6E, 0xFF6D,
  0xFF8D, 0xFF8C, 0xFFAC, 0xFFAB, 0xFFCB, 0xFFCA, 0xFFEB, 0xFFEA, 0xFFEA, 0xFFE9,
  0xFFE9, 0xFFE8, 0xFFE8, 0xF7E7, 0xF7E7, 0xF7E6, 0xF7E6, 0xEFE5, 0xF7E6, 0xEFE5,
  0xEFE5, 0xE7E4, 0xEFE4, 0xE7E3, 0xE7E3, 0xDFE2, 0xE7E2, 0xDFE1, 0xDFE1, 0xD7E0,
  0xDFE0, 0x10E5, 0x1905, 0x10E4, 0x1905, 0x10E5, 0x1905, 0x10E4, 0x10E4, 0x1905,
  0x10E4, 0x10E5, 0x10E4, 0xD01F, 0xD01F, 0xD05F, 0xD05F, 0xD89F, 0xD09F, 0xD8BF,
  0xD8DF, 0xE0FF, 0xD8FF, 0xE13F, 0xE13F, 0xE97F, 0xE17F, 0xE99F, 0xE9BF, 0xF1DF,
  0xE9DF, 0xF21F, 0xF21F, 0xFA5F, 0xF25F, 0xFA7F, 0xFA9F, 0xFABF, 0xFABF, 0xFAFF,
  0xFAFF, 0xFB1F, 0xFB1E, 0xFB5E, 0xFB5E, 0xFB7E, 0xFB9D, 0xFBBD, 0xFBBD, 0xFBDD,
  0xFBFC, 0xFC1D, 0xFC1C, 0xFC3C, 0xFC3B, 0xFC7C, 0xFC7B, 0xFC9B, 0xFC9A, 0xFCBB,
  0xFCBA, 0xFCDA, 0xFCD9, 0xFCFA, 0xFCF9, 0xFD19, 0xFD18, 0xFD38, 0xFD38, 0xFD58,
  0xFD37, 0xFD57, 0xFD56, 0xFD56, 0xFD55, 0xFD76, 0xFD55, 0xFD95, 0xFD95, 0xFDB5,
  0xFDB5, 0xFDF5, 0xFDF4, 0xFE15, 0xFE14, 0xFE34, 0xFE34, 0xFE54, 0xFE73, 0xFE93,
  0xFE93, 0xFEB3, 0xFEB2, 0xFED2, 0xFED2, 0xFEF2, 0xFEF1, 0xFF11, 0xFF10, 0xFF30,
  0xFF30, 0xFF50, 0xFF2F, 0xFF4F, 0xFF4E, 0xFF6E, 0xFF6D, 0xFF8D, 0xFF8D, 0xFFAD,
  0xFFAC, 0xFFCC, 0xFFCB, 0xFFEB, 0xFFEA, 0xFFEA, 0xFFE9, 0xFFEA, 0xF7E8, 0xF7E9,
  0xF7E8, 0xF7E8, 0xEFE7, 0xF7E7, 0xEFE6, 0xEFE6, 0xE7E5, 0xEFE5, 0xE7E4, 0xE7E4,
  0xDFE3, 0xE7E3, 0xDFE3, 0xDFE3, 0xD7E2, 0xDFE2, 0xD7E1, 0xD7E1, 0xD7E0, 0xD7E0,
  0x10E4, 0x1905, 0x10E4, 0x10E5, 0x10E4, 0x1905, 0x1905, 0x10E5, 0x1905, 0x10E5,
  0x1905, 0xC81F, 0xD03F, 0xD05F, 0xD87F, 0xD09F, 0xD8BF, 0xD8BF, 0xD8FF, 0xD8FF,
  0xE13F, 0xD93F, 0xE15F, 0xE17F, 0xE99F, 0xE19F, 0xE9DF, 0xE9DF, 0xF21F, 0xEA1F,
  0xF23F, 0xF25F, 0xFA7F, 0xF27F, 0xFABF, 0xFABF, 0xFADF, 0xFAFF, 0xFB1F, 0xFB3F,
  0xFB5F, 0xFB5F, 0xFB7F, 0xFB9E, 0xFBBE, 0xFBBE, 0xFBFE, 0xFBFD, 0xFC1D, 0xFC1D,
  0xFC5D, 0xFC5C, 0xFC7C, 0xFC7C, 0xFC9C, 0xFC9B, 0xFCBC, 0xFCDB, 0xFCFB, 0xFCFA,
  0xFD1B, 0xFD1A, 0xFD3A, 0xFD39, 0xFD59, 0xFD39, 0xFD59, 0xFD58, 0xFD78, 0xFD77,
  0xFD98, 0xFD77, 0xFD97, 0xFD76, 0xFD96, 0xFD95, 0xFDB6, 0xFDD5, 0xFDF6, 0xFDF5,
  0xFE15, 0xFE35, 0xFE55, 0xFE55, 0xFE75, 0xFE74, 0xFE94, 0xFE94, 0xFEB4, 0xFEB3,
  0xFED3, 0xFED3, 0xFEF3, 0xFEF2, 0xFF12, 0xFF11, 0xFF31, 0xFF30, 0xFF51, 0xFF50,
  0xFF70, 0xFF6F, 0xFF8F, 0xFF8E, 0xFFAE, 0xFFAD, 0xFFCE, 0xFFCD, 0xFFED, 0xFFEC,
  0xFFEC, 0xFFEB, 0xFFEB, 0xFFEA, 0xFFEA, 0xF7E9, 0xFFE9, 0xF7E9, 0xF7E9, 0xEFE8,
  0xF7E8, 0xEFE7, 0xEFE7, 0xEFE6, 0xEFE6, 0xE7E5, 0xE7E5, 0xE7E4, 0xE7E4, 0xDFE3,
  0xDFE3, 0xDFE3, 0xDFE2, 0xD7E1, 0xDFE2, 0xD7E1, 0xD7E1, 0xCFE0, 0x1905, 0x10E5,
  0x1905, 0x10E5, 0x1905, 0x10E5, 0x10E4, 0x10E5, 0x10E4, 0x1105, 0x10E4, 0xC83F,
  0xC83F, 0xD05F, 0xC87F, 0xD09F, 0xD0BF, 0xD0DF, 0xD0DF, 0xD91F, 0xD91F, 0xD95F,
  0xD95F, 0xE17F, 0xE19F, 0xE1BF, 0xE1BF, 0xE9FF, 0xE9FF, 0xEA3F, 0xEA3F, 0xF25F,
  0xEA7F, 0xF29F, 0xF29F, 0xF2DF, 0xF2DF, 0xFB1F, 0xFB1F, 0xFB3F, 0xFB3F, 0xFB7F,
  0xFB7E, 0xFB9F, 0xFBBE, 0xFBDE, 0xFBDD, 0xFBFE, 0xFC1D, 0xFC3D, 0xFC3D, 0xFC5D,
  0xFC7C, 0xFC9C, 0xFC9C, 0xFCBC, 0xFCBB, 0xFCFC, 0xFCFB, 0xFD1B, 0xFD1A, 0xFD3A,
  0xFD3A, 0xFD5A, 0xFD59, 0xFD79, 0xFD58, 0xFD79, 0xFD78, 0xFD98, 0xFD77, 0xFD97,
  0xFD96, 0xFD97, 0xFD95, 0xFDB6, 0xFDD6, 0xFDF6, 0xFDF5, 0xFE16, 0xFE35, 0xFE56,
  0xFE55, 0xFE75, 0xFE74, 0xFE95, 0xFE94, 0xFEB4, 0xFEB3, 0xFED4, 0xFED3, 0xFEF3,
  0xFEF2, 0xFF12, 0xFF12, 0xFF32, 0xFF31, 0xFF51, 0xFF50, 0xFF70, 0xFF6F, 0xFF90,
  0xFF8F, 0xFFAF, 0xFFAE, 0xFFCE, 0xFFCD, 0xFFED, 0xFFEC, 0xFFEC, 0xFFEB, 0xFFEB,
  0xF7EB, 0xFFEB, 0xF7EA, 0xF7EA, 0xEFE9, 0xF7E9, 0xEFE8, 0xEFE8, 0xEFE7, 0xEFE7,
  0xE7E6, 0xE7E6, 0xE7E5, 0xE7E6, 0xDFE4, 0xDFE5, 0xDFE4, 0xDFE4, 0xD7E3, 0xD7E3,
  0xD7E2, 0xD7E2, 0xCFE1, 0xCFE1, 0xCFE0, 0xCFE0, 0x10E4, 0x10E5, 0x10E4, 0x1105,
  0x10E4, 0x10E5, 0x1905, 0x10E4, 0x1905, 0x10E5, 0xC81F, 0xC03F, 0xC85F, 0xC85F,
  0xD09F, 0xC89F, 0xD0DF, 0xD0DF, 0xD0FF, 0xD11F, 0xD93F, 0xD95F, 0xD97F, 0xD97F,
  0xE1BF, 0xE1BF, 0xE1FF, 0xE1FF, 0xEA1F, 0xEA3F, 0xEA5F, 0xEA5F, 0xF29F, 0xF29F,
  0xF2DF, 0xF2DF, 0xFAFF, 0xF31F, 0xFB3F, 0xFB3F, 0xFB7F, 0xFB7F, 0xFB9F, 0xFBBF,
  0xFBDF, 0xFBDE, 0xFBFF, 0xFC1E, 0xFC3E, 0xFC3E, 0xFC7E, 0xFC7D, 0xFC9D, 0xFC9D,
  0xFCBD, 0xFCDC, 0xFCFC, 0xFCFC, 0xFD1C, 0xFD1B, 0xFD3B, 0xFD3B, 0xFD5B, 0xFD5A,
  0xFD7A, 0xFD7A, 0xFD9A, 0xFD99, 0xFDB9, 0xFDB8, 0xFDB8, 0xFDB7, 0xFDD8, 0xFDB7,
  0xFDD7, 0xFDD6, 0xFDF7, 0xFE16, 0xFE36, 0xFE36, 0xFE56, 0xFE76, 0xFE96, 0xFE95,
  0xFEB6, 0xFEB5, 0xFED5, 0xFED4, 0xFEF5, 0xFEF4, 0xFF14, 0xFF13, 0xFF33, 0xFF33,
  0xFF53, 0xFF52, 0xFF72, 0xFF71, 0xFF91, 0xFF90, 0xFFB1, 0xFFB0, 0xFFB0, 0xFFAF,
  0xFFCF, 0xFFCE, 0xFFEE, 0xFFED, 0xFFED, 0xFFEC, 0xFFEC, 0xF7EB, 0xFFEC, 0xF7EB,
  0xF7EB, 0xEFEA, 0xF7EA, 0xEFE9, 0xEFE9, 0xE7E8, 0xEFE8, 0xE7E7, 0xE7E7, 0xE7E6,
  0xE7E6, 0xDFE5, 0xDFE5, 0xDFE4, 0xDFE5, 0xD7E4, 0xD7E4, 0xD7E3, 0xD7E3, 0xCFE2,
  0xD7E2, 0xCFE1, 0xCFE1, 0xC7E0, 0xCFE0, 0x10E4, 0x1905, 0x10E5, 0x1905, 0x10E4,
  0x10E4, 0x1905, 0x10E4, 0x10E5, 0xC01F, 0xC03F, 0xC05F, 0xC87F, 0xC87F, 0xC8BF,
  0xC8BF, 0xD0FF, 0xC8FF, 0xD13F, 0xD13F, 0xD95F, 0xD17F, 0xD99F, 0xD99F, 0xD9DF,
  0xD9DF, 0xE21F, 0xE21F, 0xE23F, 0xE25F, 0xEA7F, 0xEA7F, 0xEABF, 0xEABF, 0xF2FF,
  0xEAFF, 0xF31F, 0xF33F, 0xFB5F, 0xF35F, 0xFB9F, 0xFB9F, 0xFBBF, 0xFBDF, 0xFBFF,
  0xFBFE, 0xFC3F, 0xFC3E, 0xFC5E, 0xFC7E, 0xFC9E, 0xFC9D, 0xFCBD, 0xFCBD, 0xFCFD,
  0xFCFC, 0xFD1C, 0xFD1C, 0xFD3C, 0xFD3B, 0xFD5B, 0xFD7B, 0xFD9B, 0xFD7A, 0xFD9A,
  0xFD9A, 0xFDBA, 0xFDB9, 0xFDD9, 0xFDD8, 0xFDD8, 0xFDD7, 0xFDD7, 0xFDD7, 0xFDF7,
  0xFE16, 0xFE37, 0xFE36, 0xFE57, 0xFE56, 0xFE96, 0xFE96, 0xFEB6, 0xFEB5, 0xFED5,
  0xFED5, 0xFEF5, 0xFEF4, 0xFF14, 0xFF14, 0xFF34, 0xFF33, 0xFF53, 0xFF52, 0xFF72,
  0xFF72, 0xFF92, 0xFF91, 0xFFB1, 0xFFB0, 0xFFD0, 0xFFCF, 0xFFEF, 0xFFCE, 0xFFEE,
  0xFFEE, 0xFFEE, 0xF7ED, 0xFFED, 0xF7EC, 0xF7EC, 0xEFEB, 0xF7EB, 0xEFEA, 0xEFEA,
  0xEFE9, 0xEFE9, 0xE7E9, 0xEFE9, 0xE7E8, 0xE7E8, 0xDFE7, 0xE7E7, 0xDFE6, 0xDFE6,
  0xD7E5, 0xDFE5, 0xD7E4, 0xD7E4, 0xCFE3, 0xD7E3, 0xCFE2, 0xCFE2, 0xCFE1, 0xCFE1,
  0xC7E0, 0xC7E0, 0xC7E0, 0x1905, 0x10E4, 0x10E5, 0x10E4, 0x1905, 0x1905, 0x10E5,
  0x1905, 0x10E5, 0xC03F, 0xC03F, 0xC07F, 0xC07F, 0xC8BF, 0xC8BF, 0xC8DF, 0xC8FF,
  0xD11F, 0xD13F, 0xD15F, 0xD15F, 0xD99F, 0xD19F, 0xD9BF, 0xD9DF, 0xE1FF, 0xDA1F,
  0xE23F, 0xE23F, 0xEA7F, 0xE27F, 0xEABF, 0xEABF, 0xF2DF, 0xEAFF, 0xF31F, 0xF31F,
  0xF35F, 0xF35F, 0xFB9F, 0xF39F, 0xFBBF, 0xFBDF, 0xFBFF, 0xFBFF, 0xFC3F, 0xFC3F,
  0xFC5F, 0xFC5E, 0xFC9F, 0xFC9E, 0xFCBE, 0xFCDD, 0xFCFE, 0xFCFD, 0xFD1D, 0xFD1C,
  0xFD5D, 0xFD5C, 0xFD7C, 0xFD7B, 0xFD9C, 0xFD9B, 0xFDBB, 0xFDBA, 0xFDDB, 0xFDDA,
  0xFDFA, 0xFDD9, 0xFDF9, 0xFDF9, 0xFDF9, 0xFDF8, 0xFE18, 0xFE17, 0xFE38, 0xFE57,
  0xFE78, 0xFE77, 0xFE97, 0xFE97, 0xFEB7, 0xFED6, 0xFED6, 0xFEF6, 0xFF16, 0xFF15,
  0xFF35, 0xFF34, 0xFF55, 0xFF54, 0xFF54, 0xFF53, 0xFF93, 0xFF73, 0xFF93, 0xFF92,
  0xFFB2, 0xFFB1, 0xFFD1, 0xFFD0, 0xFFF0, 0xFFEF, 0xFFEF, 0xFFEE, 0xFFEF, 0xFFEE,
  0xFFEE, 0xF7ED, 0xF7ED, 0xF7EC, 0xF7EC, 0xEFEB, 0xF7EB, 0xEFEA, 0xEFEA, 0xE7E9,
  0xEFE9, 0xE7E9, 0xE7E8, 0xDFE8, 0xE7E8, 0xDFE7, 0xDFE7, 0xD7E6, 0xDFE6, 0xD7E5,
  0xD7E5, 0xCFE4, 0xD7E4, 0xCFE3, 0xCFE3, 0xCFE2, 0xCFE2, 0xC7E1, 0xC7E1, 0xC7E0,
  0xC7E0, 0x10E5, 0x1905, 0x10E5, 0x1905, 0x10E5, 0x10E4, 0x10E5, 0x10E4, 0xB81F,
  0xB81F, 0xB85F, 0xB85F, 0xC09F, 0xC09F, 0xC0BF, 0xC0DF, 0xC8FF, 0xC0FF, 0xC93F,
  0xC93F, 0xD17F, 0xC97F, 0xD1BF, 0xD1BF, 0xD9DF, 0xD1FF, 0xDA1F, 0xDA3F, 0xE25F,
  0xDA5F, 0xE29F, 0xE29F, 0xEADF, 0xE2DF, 0xEAFF, 0xEB1F, 0xEB3F, 0xEB3F, 0xF37F,
  0xF37F, 0xF3BF, 0xF3BF, 0xFBDF, 0xFBFF, 0xFC1F, 0xFC1F, 0xFC5F, 0xFC5F, 0xFC7F,
  0xFC7E, 0xFCBE, 0xFCBE, 0xFCDE, 0xFCFD, 0xFD1D, 0xFD1D, 0xFD3D, 0xFD3C, 0xFD7D,
  0xFD7C, 0xFD9C, 0xFD9B, 0xFDBC, 0xFDBB, 0xFDDB, 0xFDDA, 0xFDFA, 0xFDFA, 0xFE1A,
  0xFDF9, 0xFE19, 0xFE18, 0xFE18, 0xFE17, 0xFE38, 0xFE57, 0xFE78, 0xFE77, 0xFE97,
  0xFE97, 0xFEB7, 0xFEB6, 0xFED7, 0xFEF6, 0xFF16, 0xFF15, 0xFF36, 0xFF35, 0xFF55,
  0xFF54, 0xFF54, 0xFF74, 0xFF94, 0xFF73, 0xFF93, 0xFF92, 0xFFB2, 0xFFB1, 0xFFD1,
  0xFFD1, 0xFFF1, 0xFFF0, 0xFFF0, 0xFFEF, 0xFFEF, 0xF7EE, 0xF7EE, 0xF7ED, 0xF7ED,
  0xEFEC, 0xEFEC, 0xEFEB, 0xEFEC, 0xE7EA, 0xE7EB, 0xE7EA, 0xE7EA, 0xDFE9, 0xE7E9,
  0xDFE8, 0xDFE8, 0xD7E7, 0xDFE7, 0xD7E6, 0xD7E6, 0xCFE5, 0xD7E5, 0xCFE4, 0xCFE4,
  0xC7E3, 0xCFE3, 0xC7E2, 0xC7E3, 0xC7E1, 0xC7E1, 0xBFE1, 0xBFE1, 0xBFE0, 0xBFE0,
  0x10E4, 0x1105, 0x10E4, 0x10E5, 0x1905, 0x10E4, 0x1905, 0xB01F, 0xB83F, 0xB85F,
  0xC07F, 0xB89F, 0xC0BF, 0xC0BF, 0xC0FF, 0xC0FF, 0xC91F, 0xC93F, 0xC95F, 0xC97F,
  0xD19F, 0xC9BF, 0xD1DF, 0xD1FF, 0xDA1F, 0xD21F, 0xDA5F, 0xDA5F, 0xE27F, 0xDA9F,
  0xE2BF, 0xE2DF, 0xEAFF, 0xE2FF, 0xEB3F, 0xEB3F, 0xEB7F, 0xEB7F, 0xF39F, 0xF3BF,
  0xF3DF, 0xF3DF, 0xFC1F, 0xFC1F, 0xFC3F, 0xFC5F, 0xFC7F, 0xFC9F, 0xFCBF, 0xFCBF,
  0xFCDF, 0xFCFE, 0xFD1E, 0xFD1E, 0xFD3E, 0xFD5D, 0xFD7D, 0xFD7D, 0xFD9D, 0xFD9C,
  0xFDBC, 0xFDBC, 0xFDFC, 0xFDFB, 0xFDFB, 0xFDFB, 0xFE1B, 0xFE1A, 0xFE3A, 0xFE39,
  0xFE3A, 0xFE39, 0xFE39, 0xFE58, 0xFE79, 0xFE78, 0xFEB8, 0xFEB8, 0xFED8, 0xFED7,
  0xFEF8, 0xFEF7, 0xFF17, 0xFF16, 0xFF37, 0xFF36, 0xFF56, 0xFF55, 0xFF75, 0xFF74,
  0xFF95, 0xFF94, 0xFFB4, 0xFFB3, 0xFFD3, 0xFFD2, 0xFFF2, 0xFFF1, 0xFFF2, 0xFFF1,
  0xFFF1, 0xFFF0, 0xFFF0, 0xF7EF, 0xF7EF, 0xF7EE, 0xF7EE, 0xEFED, 0xEFED, 0xEFEC,
  0xEFEC, 0xE7EB, 0xEFEB, 0xE7EA, 0xE7EB, 0xDFEA, 0xE7EA, 0xDFE9, 0xDFE9, 0xDFE8,
  0xDFE8, 0xD7E7, 0xD7E7, 0xD7E6, 0xD7E6, 0xCFE5, 0xCFE5, 0xCFE4, 0xCFE4, 0xC7E3,
  0xC7E3, 0xC7E2, 0xC7E2, 0xBFE1, 0xC7E1, 0xBFE1, 0xBFE0, 0xB7E0, 0x1905, 0x10E5,
  0x1905, 0x10E4, 0x10E4, 0x1905, 0x10E4, 0xB01F, 0xB03F, 0xB85F, 0xB05F, 0xB89F,
  0xB89F, 0xC0DF, 0xB8DF, 0xC11F, 0xC11F, 0xC95F, 0xC15F, 0xC97F, 0xC99F, 0xD1BF,
  0xC9DF, 0xD1FF, 0xD21F, 0xD23F, 0xD23F, 0xDA7F, 0xDA7F, 0xDABF, 0xDABF, 0xE2DF,
  0xE2FF, 0xE31F, 0xE31F, 0xEB5F, 0xE35F, 0xEB9F, 0xEB9F, 0xF3BF, 0xEBDF, 0xF3FF,
  0xF3FF, 0xF43F, 0xF43F, 0xFC7F, 0xFC7F, 0xFC9F, 0xFCBF, 0xFCDF, 0xFCDF, 0xFCFF,
  0xFD1E, 0xFD3E, 0xFD3E, 0xFD7E, 0xFD7D, 0xFD9E, 0xFD9D, 0xFDBD, 0xFDDC, 0xFDFD,
  0xFDFC, 0xFE1C, 0xFE1B, 0xFE3C, 0xFE1B, 0xFE3B, 0xFE3A, 0xFE5A, 0xFE59, 0xFE59,
  0xFE58, 0xFE79, 0xFE78, 0xFEB9, 0xFEB8, 0xFED9, 0xFED8, 0xFEF8, 0xFEF7, 0xFF18,
  0xFF17, 0xFF37, 0xFF36, 0xFF57, 0xFF56, 0xFF76, 0xFF75, 0xFF95, 0xFF94, 0xFFB4,
  0xFFB4, 0xFFD4, 0xFFD3, 0xFFF3, 0xFFF2, 0xFFF2, 0xFFF1, 0xFFF1, 0xF7F0, 0xFFF0,
  0xF7EF, 0xF7EF, 0xEFEF, 0xF7EF, 0xEFEE, 0xEFEE, 0xE7ED, 0xEFED, 0xE7EC, 0xE7EC,
  0xE7EB, 0xE7EB, 0xDFEA, 0xDFEA, 0xDFE9, 0xDFE9, 0xD7E8, 0xD7E8, 0xD7E7, 0xD7E7,
  0xCFE6, 0xCFE6, 0xCFE6, 0xCFE6, 0xC7E4, 0xC7E5, 0xC7E4, 0xC7E4, 0xBFE3, 0xC7E3,
  0xBFE2, 0xBFE2, 0xB7E1, 0xBFE1, 0xB7E0, 0xB7E0, 0x10E4, 0x10E5, 0x10E4, 0x1905,
  0x1905, 0x10E5, 0x1905, 0xA81F, 0xB05F, 0xB05F, 0xB87F, 0xB09F, 0xB8BF, 0xB8DF,
  0xC0FF, 0xB91F, 0xC13F, 0xC15F, 0xC97F, 0xC17F, 0xC9BF, 0xC9BF, 0xC9FF, 0xC9FF,
  0xD23F, 0xD23F, 0xD25F, 0xD27F, 0xDA9F, 0xDABF, 0xDADF, 0xDADF, 0xE31F, 0xE31F,
  0xE35F, 0xE35F, 0xEB7F, 0xEB9F, 0xEBBF, 0xEBBF, 0xF3FF, 0xEBFF, 0xF43F, 0xF43F,
  0xFC5F, 0xF47F, 0xFC9F, 0xFC9F, 0xFCDF, 0xFCDF, 0xFCFF, 0xFD1F, 0xFD3F, 0xFD3F,
  0xFD7F, 0xFD7E, 0xFD9E, 0xFD9E, 0xFDDE, 0xFDDD, 0xFDFD, 0xFDFD, 0xFE1D, 0xFE1C,
  0xFE3C, 0xFE3C, 0xFE5C, 0xFE5B, 0xFE7B, 0xFE7A, 0xFE7A, 0xFE7A, 0xFE7A, 0xFE99,
  0xFEBA, 0xFEB9, 0xFEF9, 0xFEF9, 0xFF19, 0xFF18, 0xFF39, 0xFF38, 0xFF58, 0xFF57,
  0xFF77, 0xFF77, 0xFF97, 0xFF96, 0xFFB6, 0xFFB5, 0xFFD5, 0xFFD4, 0xFFF5, 0xFFF4,
  0xFFF4, 0xFFF3, 0xFFF3, 0xFFF2, 0xFFF2, 0xF7F1, 0xFFF1, 0xF7F0, 0xF7F0, 0xEFEF,
  0xF7EF, 0xEFEF, 0xEFEE, 0xE7EE, 0xEFEE, 0xE7ED, 0xE7ED, 0xE7EC, 0xE7EC, 0xDFEB,
  0xDFEB, 0xDFEA, 0xDFEA, 0xD7E9, 0xD7E9, 0xD7E8, 0xD7E8, 0xCFE7, 0xCFE7, 0xCFE6,
  0xCFE6, 0xC7E5, 0xCFE5, 0xC7E4, 0xC7E5, 0xBFE4, 0xC7E4, 0xBFE3, 0xBFE3, 0xBFE2,
  0xBFE2, 0xB7E1, 0xB7E1, 0xB7E0, 0x1905, 0x10E5, 0x1905, 0x10E5, 0x10E4, 0x10E5,
  0x10E4, 0xA83F, 0xA83F, 0xB05F, 0xB07F, 0xB09F, 0xB0BF, 0xB8DF, 0xB0FF, 0xB91F,
  0xB91F, 0xC15F, 0xB95F, 0xC19F, 0xC19F, 0xC9DF, 0xC1DF, 0xCA1F, 0xCA1F, 0xCA3F,
  0xCA5F, 0xD27F, 0xD29F, 0xD2BF, 0xD2BF, 0xDAFF, 0xDAFF, 0xDB3F, 0xDB3F, 0xE37F,
  0xDB7F, 0xE39F, 0xE3BF, 0xEBDF, 0xE3DF, 0xEC1F, 0xEC1F, 0xF45F, 0xEC5F, 0xF47F,
  0xF49F, 0xFCBF, 0xF4BF, 0xFCFF, 0xFCFF, 0xFD3F, 0xFD3F, 0xFD5F, 0xFD5E, 0xFD9F,
  0xFD9E, 0xFDBE, 0xFDBE, 0xFDFE, 0xFDFD, 0xFE1D, 0xFE1D, 0xFE3D, 0xFE3C, 0xFE5C,
  0xFE5C, 0xFE7C, 0xFE7B, 0xFE9B, 0xFE7A, 0xFE9A, 0xFE79, 0xFEBA, 0xFEB9, 0xFEFA,
  0xFEF9, 0xFF19, 0xFF19, 0xFF39, 0xFF38, 0xFF58, 0xFF58, 0xFF78, 0xFF77, 0xFF97,
  0xFF96, 0xFFB6, 0xFFB5, 0xFFD6, 0xFFD5, 0xFFF5, 0xFFF4, 0xFFF4, 0xFFF3, 0xFFF3,
  0xF7F2, 0xFFF2, 0xF7F1, 0xF7F2, 0xEFF0, 0xF7F1, 0xEFF0, 0xEFF0, 0xE7EF, 0xEFEF,
  0xE7EE, 0xE7EE, 0xDFED, 0xE7ED, 0xDFEC, 0xDFEC, 0xDFEB, 0xDFEB, 0xD7EA, 0xD7EA,
  0xD7E9, 0xD7E9, 0xCFE8, 0xD7E9, 0xCFE7, 0xCFE7, 0xC7E7, 0xCFE7, 0xC7E6, 0xC7E6,
  0xBFE5, 0xC7E5, 0xBFE4, 0xBFE4, 0xB7E3, 0xBFE3, 0xB7E2, 0xB7E2, 0xB7E1, 0xB7E1,
  0xAFE0, 0xAFE0, 0x10E4, 0x1105, 0x10E4, 0x10E5, 0x1905, 0x10E4, 0xA81F, 0xA83F,
  0xA85F, 0xA85F, 0xB09F, 0xB09F, 0xB0DF, 0xB0DF, 0xB91F, 0xB91F, 0xB93F, 0xB95F,
  0xC17F, 0xC19F, 0xC1BF, 0xC1DF, 0xC9FF, 0xC1FF, 0xCA3F, 0xCA3F, 0xD27F, 0xCA7F,
  0xD2BF, 0xD2BF, 0xDADF, 0xD2FF, 0xDB1F, 0xDB3F, 0xDB5F, 0xDB7F, 0xE39F, 0xE39F,
  0xE3DF, 0xE3DF, 0xEBFF, 0xE41F, 0xEC3F, 0xEC5F, 0xF47F, 0xEC7F, 0xF4BF, 0xF4BF,
  0xFCFF, 0xF4FF, 0xFD1F, 0xFD3F, 0xFD5F, 0xFD5F, 0xFD9F, 0xFD9F, 0xFDBF, 0xFDBE,
  0xFDFF, 0xFDFE, 0xFE1E, 0xFE1D, 0xFE5E, 0xFE5D, 0xFE7D, 0xFE7C, 0xFE9D, 0xFE9C,
  0xFEBC, 0xFE9B, 0xFEBB, 0xFEBB, 0xFEBA, 0xFEDA, 0xFEFB, 0xFEFA, 0xFF1A, 0xFF19,
  0xFF5A, 0xFF59, 0xFF59, 0xFF58, 0xFF99, 0xFF98, 0xFF98, 0xFF97, 0xFFB7, 0xFFB6,
  0xFFD6, 0xFFD6, 0xFFF6, 0xFFF5, 0xFFF5, 0xFFF4, 0xFFF4, 0xF7F3, 0xFFF3, 0xF7F2,
  0xF7F2, 0xF7F1, 0xF7F1, 0xEFF0, 0xEFF1, 0xEFF0, 0xEFF0, 0xE7EF, 0xE7EF, 0xE7EE,
  0xE7EE, 0xDFED, 0xDFED, 0xDFEC, 0xDFEC, 0xD7EB, 0xDFEB, 0xD7EA, 0xD7EA, 0xCFE9,
  0xD7E9, 0xCFE8, 0xCFE8, 0xC7E7, 0xCFE7, 0xC7E7, 0xC7E6, 0xBFE5, 0xC7E6, 0xBFE5,
  0xBFE5, 0xB7E4, 0xBFE4, 0xB7E3, 0xB7E3, 0xAFE2, 0xB7E2, 0xAFE1, 0xAFE1, 0xAFE0,
  0xAFE0, 0x10E5, 0x1905, 0x10E4, 0x10E4, 0x1905, 0xA01F, 0xA03F, 0xA03F, 0xA87F,
  0xA87F, 0xA8BF, 0xA8BF, 0xB0FF, 0xB0FF, 0xB11F, 0xB13F, 0xB95F, 0xB97F, 0xB99F,
  0xB9BF, 0xC1DF, 0xB9DF, 0xC21F, 0xC21F, 0xCA5F, 0xC25F, 0xCA9F, 0xCA9F, 0xD2DF,
  0xCADF, 0xD2FF, 0xD31F, 0xDB3F, 0xD35F, 0xDB7F, 0xDB9F, 0xE3BF, 0xDBBF, 0xE3FF,
  0xE3FF, 0xEC3F, 0xE43F, 0xEC5F, 0xEC7F, 0xEC9F, 0xEC9F, 0xF4DF, 0xF4DF, 0xF51F,
  0xF51F, 0xFD3F, 0xFD5F, 0xFD7F, 0xFD7F, 0xFDBF, 0xFDBF, 0xFDDF, 0xFDFE, 0xFE1F,
  0xFE1E, 0xFE3E, 0xFE5D, 0xFE7E, 0xFE7D, 0xFE9D, 0xFE9C, 0xFEBD, 0xFEBC, 0xFEDC,
  0xFEBB, 0xFEDB, 0xFEDA, 0xFEFB, 0xFEFA, 0xFF1B, 0xFF3A, 0xFF5A, 0xFF59, 0xFF7A,
  0xFF79, 0xFF99, 0xFF98, 0xFFB8, 0xFFB8, 0xFFD8, 0xFFB7, 0xFFD7, 0xFFD6, 0xFFF6,
  0xFFF5, 0xFFF5, 0xFFF5, 0xFFF5, 0xF7F4, 0xF7F4, 0xF7F3, 0xF7F3, 0xEFF2, 0xEFF2,
  0xEFF1, 0xEFF1, 0xE7F0, 0xE7F0, 0xE7EF, 0xE7EF, 0xDFEE, 0xDFEE, 0xDFED, 0xDFED,
  0xD7EC, 0xDFEC, 0xD7EC, 0xD7EC, 0xCFEA, 0xD7EB, 0xCFEA, 0xCFEA, 0xC7E9, 0xCFE9,
  0xC7E8, 0xC7E8, 0xBFE7, 0xC7E7, 0xBFE6, 0xBFE6, 0xBFE5, 0xBFE5, 0xB7E4, 0xB7E4,
  0xB7E3, 0xB7E3, 0xAFE2, 0xB7E2, 0xAFE1, 0xAFE1, 0xA7E0, 0xAFE0, 0xA7E0, 0x10E5,
  0x10E4, 0x1905, 0x1905, 0x10E5, 0xA01F, 0xA03F, 0xA85F, 0xA07F, 0xA89F, 0xA8BF,
  0xB0DF, 0xA8FF, 0xB11F, 0xB11F, 0xB95F, 0xB15F, 0xB99F, 0xB99F, 0xB9DF, 0xB9DF,
  0xC1FF, 0xC21F, 0xC23F, 0xC25F, 0xCA7F, 0xC29F, 0xCABF, 0xCADF, 0xD2FF, 0xCAFF,
  0xD33F, 0xD33F, 0xDB7F, 0xD37F, 0xDBBF, 0xDBBF, 0xE3DF, 0xDBFF, 0xE41F, 0xE43F,
  0xE45F, 0xE45F, 0xEC9F, 0xEC9F, 0xECDF, 0xECDF, 0xF4FF, 0xF51F, 0xF53F, 0xF53F,
  0xFD7F, 0xFD7F, 0xFDBF, 0xFDBF, 0xFDDF, 0xFDFF, 0xFE1F, 0xFE1F, 0xFE5F, 0xFE5E,
  0xFE7F, 0xFE7E, 0xFE9E, 0xFE9D, 0xFEBE, 0xFEBD, 0xFEDD, 0xFEDC, 0xFEFC, 0xFEFB,
  0xFEFC, 0xFF1B, 0xFF3B, 0xFF3B, 0xFF5B, 0xFF5B, 0xFF7B, 0xFF7A, 0xFF9A, 0xFF99,
  0xFFB9, 0xFFB9, 0xFFD9, 0xFFD8, 0xFFF8, 0xFFF7, 0xFFF7, 0xFFF6, 0xFFF6, 0xFFF5,
  0xFFF5, 0xF7F5, 0xF7F4, 0xF7F4, 0xF7F4, 0xEFF3, 0xEFF3, 0xEFF2, 0xEFF2, 0xE7F1,
  0xE7F1, 0xE7F0, 0xE7F0, 0xDFEF, 0xE7EF, 0xDFEE, 0xDFEE, 0xD7ED, 0xDFED, 0xD7EC,
  0xD7EC, 0xD7EB, 0xD7EB, 0xCFEA, 0xCFEB, 0xCFEA, 0xCFE9, 0xC7E9, 0xC7E9, 0xC7E8,
  0xC7E8, 0xBFE7, 0xBFE7, 0xBFE6, 0xBFE6, 0xB7E5, 0xBFE5, 0xB7E4, 0xB7E4, 0xAFE3,
  0xB7E3, 0xAFE2, 0xAFE2, 0xA7E1, 0xAFE1, 0xA7E0, 0xA7E0, 0x10E5, 0x1905, 0x10E5,
  0x10E4, 0x10E5, 0x981F, 0xA03F, 0x985F, 0xA07F, 0xA09F, 0xA8BF, 0xA0BF, 0xA8FF,
  0xA8FF, 0xB13F, 0xA93F, 0xB17F, 0xB17F, 0xB1BF, 0xB1BF, 0xB9DF, 0xB9FF, 0xBA1F,
  0xBA3F, 0xC25F, 0xC27F, 0xC29F, 0xC29F, 0xCADF, 0xCADF, 0xCB1F, 0xCB1F, 0xD35F,
  0xD35F, 0xD39F, 0xD39F, 0xDBBF, 0xD3DF, 0xDBFF, 0xDC1F, 0xE43F, 0xDC3F, 0xE47F,
  0xE47F, 0xE4BF, 0xE4BF, 0xECFF, 0xECFF, 0xED1F, 0xED3F, 0xF55F, 0xF55F, 0xF59F,
  0xF59F, 0xFDDF, 0xF5DF, 0xFDFF, 0xFE1F, 0xFE3F, 0xFE3F, 0xFE5F, 0xFE7E, 0xFE9E,
  0xFE9E, 0xFEBE, 0xFEDD, 0xFEFD, 0xFEDD, 0xFEFD, 0xFEFC, 0xFF1C, 0xFEFB, 0xFF3C,
  0xFF3B, 0xFF5C, 0xFF5B, 0xFF7B, 0xFF7A, 0xFF9B, 0xFF9A, 0xFFBA, 0xFFB9, 0xFFD9,
  0xFFD8, 0xFFF8, 0xFFF7, 0xFFF8, 0xF7F6, 0xFFF7, 0xF7F6, 0xF7F6, 0xF7F5, 0xF7F5,
  0xEFF4, 0xF7F4, 0xEFF3, 0xEFF3, 0xE7F2, 0xEFF2, 0xE7F1, 0xE7F1, 0xDFF0, 0xE7F0,
  0xDFEF, 0xDFEF, 0xD7EE, 0xDFEF, 0xD7ED, 0xD7ED, 0xD7ED, 0xD7ED, 0xCFEC, 0xCFEC,
  0xCFEB, 0xCFEB, 0xC7EA, 0xC7EA, 0xC7E9, 0xC7E9, 0xBFE8, 0xBFE8, 0xBFE7, 0xBFE7,
  0xB7E6, 0xB7E6, 0xB7E5, 0xB7E5, 0xAFE4, 0xAFE4, 0xAFE3, 0xAFE3, 0xA7E2, 0xA7E2,
  0xA7E1, 0xA7E1, 0x9FE0, 0xA7E0, 0x9FE0, 0x1105, 0x10E4, 0x10E5, 0x1905, 0x10E4,
  0x983F, 0x983F, 0xA05F, 0x987F, 0xA09F, 0xA0BF, 0xA8DF, 0xA0FF, 0xA91F, 0xA93F,
  0xA95F, 0xA95F, 0xB19F, 0xB19F, 0xB1DF, 0xB1DF, 0xBA1F, 0xBA1F, 0xBA5F, 0xBA5F,
  0xC29F, 0xC29F, 0xC2BF, 0xC2DF, 0xCAFF, 0xCB1F, 0xCB3F, 0xCB3F, 0xD37F, 0xD37F,
  0xD3BF, 0xD3BF, 0xDBFF, 0xDBFF, 0xDC1F, 0xDC3F, 0xE45F, 0xDC7F, 0xE49F, 0xE4BF,
  0xECDF, 0xE4FF, 0xED1F, 0xED1F, 0xF55F, 0xED5F, 0xF57F, 0xF59F, 0xFDBF, 0xF5DF,
  0xFDFF, 0xFDFF, 0xFE3F, 0xFE3F, 0xFE5F, 0xFE7F, 0xFE9F, 0xFE9F, 0xFEDF, 0xFEDE,
  0xFEFE, 0xFEFE, 0xFF1E, 0xFF1D, 0xFF3D, 0xFF3C, 0xFF3C, 0xFF3C, 0xFF7C, 0xFF7C,
  0xFF9C, 0xFF9B, 0xFFBB, 0xFFBB, 0xFFDB, 0xFFDA, 0xFFFA, 0xFFF9, 0xFFF9, 0xFFF8,
  0xFFF8, 0xFFF7, 0xFFF7, 0xF7F6, 0xFFF7, 0xF7F6, 0xF7F6, 0xEFF5, 0xF7F5, 0xEFF4,
  0xEFF4, 0xE7F3, 0xEFF3, 0xE7F2, 0xE7F2, 0xDFF1, 0xE7F1, 0xDFF0, 0xDFF0, 0xD7EF,
  0xDFEF, 0xD7EE, 0xD7EE, 0xCFED, 0xD7ED, 0xCFEC, 0xCFEC, 0xCFEB, 0xCFEC, 0xC7EB,
  0xC7EB, 0xC7EA, 0xC7EA, 0xBFE9, 0xBFE9, 0xBFE8, 0xBFE8, 0xB7E7, 0xB7E7, 0xB7E6,
  0xB7E6, 0xAFE5, 0xAFE5, 0xAFE4, 0xAFE4, 0xA7E3, 0xAFE3, 0xA7E2, 0xA7E2, 0x9FE1,
  0xA7E1, 0x9FE0, 0x9FE0, 0x10E5, 0x1905, 0x10E4, 0x10E4, 0x1905, 0x901F, 0x983F,
  0x985F, 0x987F, 0x989F, 0xA0BF, 0xA0DF, 0xA0FF, 0xA0FF, 0xA93F, 0xA15F, 0xA97F,
  0xA97F, 0xB1BF, 0xA9BF, 0xB1FF, 0xB1FF, 0xBA1F, 0xB23F, 0xBA7F, 0xBA7F, 0xBA9F,
  0xBABF, 0xC2DF, 0xC2FF, 0xC31F, 0xC33F, 0xCB5F, 0xCB5F, 0xCB9F, 0xCB9F, 0xD3DF,
  0xD3DF, 0xD41F, 0xD41F, 0xDC5F, 0xD45F, 0xDC7F, 0xDC9F, 0xE4BF, 0xDCDF, 0xE4FF,
  0xE51F, 0xED3F, 0xE53F, 0xED7F, 0xED7F, 0xF5BF, 0xEDBF, 0xF5DF, 0xF5FF, 0xFE1F,
  0xF61F, 0xFE5F, 0xFE5F, 0xFE9F, 0xFE9F, 0xFEBF, 0xFEDF, 0xFEFF, 0xFEFE, 0xFF1E,
  0xFF1E, 0xFF3E, 0xFF3D, 0xFF5D, 0xFF3C, 0xFF7D, 0xFF7C, 0xFF9C, 0xFF9C, 0xFFBC,
  0xFFBB, 0xFFDB, 0xFFDA, 0xFFFB, 0xFFF9, 0xFFFA, 0xFFF9, 0xFFF9, 0xF7F8, 0xF7F8,
  0xF7F7, 0xF7F7, 0xEFF6, 0xF7F6, 0xEFF5, 0xEFF5, 0xE7F4, 0xEFF4, 0xE7F3, 0xE7F3,
  0xDFF2, 0xE7F2, 0xDFF2, 0xDFF2, 0xD7F0, 0xDFF1, 0xD7F0, 0xD7F0, 0xD7EF, 0xD7EF,
  0xCFEE, 0xCFEE, 0xCFED, 0xCFED, 0xC7EC, 0xCFEC, 0xC7EB, 0xC7EB, 0xBFEA, 0xC7EA,
  0xBFE9, 0xBFE9, 0xB7E8, 0xBFE8, 0xB7E7, 0xB7E7, 0xAFE6, 0xB7E6, 0xAFE5, 0xAFE5,
  0xA7E4, 0xAFE4, 0xA7E3, 0xA7E3, 0xA7E2, 0xA7E2, 0x9FE1, 0x9FE1, 0x9FE1, 0x9FE1,
  0x97E0, 0x10E5, 0x10E4, 0x1905, 0x1905, 0x10E5, 0x903F, 0x903F, 0x987F, 0x987F,
  0x98BF, 0x98BF, 0xA0FF, 0xA0FF, 0xA11F, 0xA13F, 0xA95F, 0xA97F, 0xA99F, 0xA9BF,
  0xB1DF, 0xA9FF, 0xB21F, 0xB21F, 0xBA5F, 0xB25F, 0xBA9F, 0xBA9F, 0xC2DF, 0xBADF,
  0xC2FF, 0xC31F, 0xCB3F, 0xC35F, 0xCB7F, 0xCB9F, 0xD3BF, 0xCBDF, 0xD3FF, 0xD3FF,
  0xD43F, 0xD43F, 0xDC7F, 0xDC7F, 0xDCBF, 0xDCBF, 0xE4FF, 0xE4FF, 0xE53F, 0xE53F,
  0xED5F, 0xE57F, 0xED9F, 0xEDBF, 0xF5DF, 0xEDDF, 0xF61F, 0xF61F, 0xFE5F, 0xF65F,
  0xFE7F, 0xFE9F, 0xFEBF, 0xFEBF, 0xFEFF, 0xFEFF, 0xFF1F, 0xFF1E, 0xFF5F, 0xFF5E,
  0xFF7E, 0xFF5D, 0xFF7E, 0xFF7D, 0xFF9D, 0xFFBD, 0xFFDD, 0xFFDC, 0xFFFC, 0xFFDB,
  0xFFFB, 0xFFFB, 0xFFFA, 0xFFFA, 0xFFFA, 0xF7F9, 0xFFF9, 0xF7F8, 0xF7F8, 0xEFF7,
  0xF7F7, 0xEFF6, 0xEFF6, 0xEFF5, 0xEFF5, 0xE7F4, 0xE7F4, 0xE7F3, 0xE7F3, 0xDFF2,
  0xDFF2, 0xDFF1, 0xDFF1, 0xD7F0, 0xD7F0, 0xD7F0, 0xD7EF, 0xCFEE, 0xD7EF, 0xCFEE,
  0xCFEE, 0xC7ED, 0xCFED, 0xC7EC, 0xC7EC, 0xBFEB, 0xC7EB, 0xBFEA, 0xBFEA, 0xB7E9,
  0xBFE9, 0xB7E8, 0xB7E8, 0xAFE7, 0xB7E7, 0xAFE6, 0xAFE6, 0xA7E5, 0xAFE5, 0xA7E4,
  0xA7E4, 0x9FE3, 0xA7E3, 0x9FE2, 0x9FE2, 0x9FE1, 0x9FE1, 0x97E0, 0x97E0, 0x10E5,
  0x1905, 0x10E5, 0x10E4, 0x10E5, 0x881F, 0x905F, 0x905F, 0x907F, 0x909F, 0x98BF,
  0x90DF, 0x98FF, 0x991F, 0xA13F, 0x993F, 0xA17F, 0xA19F, 0xA9BF, 0xA1BF, 0xA9FF,
  0xA9FF, 0xB23F, 0xAA3F, 0xB27F, 0xB27F, 0xBABF, 0xB2BF, 0xBADF, 0xBAFF, 0xC31F,
  0xBB3F, 0xC35F, 0xC37F, 0xCB9F, 0xC39F, 0xCBDF, 0xCBDF, 0xD41F, 0xCC1F, 0xD45F,
  0xD45F, 0xD49F, 0xD49F, 0xDCBF, 0xDCDF, 0xDCFF, 0xDD1F, 0xE53F, 0xE55F, 0xE57F,
  0xE57F, 0xEDBF, 0xEDBF, 0xEDFF, 0xEDFF, 0xF63F, 0xEE3F, 0xF67F, 0xF67F, 0xFE9F,
  0xF6BF, 0xFEDF, 0xFEDF, 0xFF1F, 0xFF1F, 0xFF3F, 0xFF5E, 0xFF7F, 0xFF7E, 0xFF9E,
  0xFF7D, 0xFF9E, 0xFFBD, 0xFFDD, 0xFFDC, 0xFFFC, 0xFFFC, 0xFFFC, 0xFFFB, 0xFFFB,
  0xF7FA, 0xFFFA, 0xF7F9, 0xF7F9, 0xEFF8, 0xF7F8, 0xEFF7, 0xEFF7, 0xEFF6, 0xEFF6,
  0xE7F5, 0xE7F5, 0xE7F4, 0xE7F4, 0xDFF3, 0xDFF3, 0xDFF3, 0xDFF3, 0xD7F2, 0xD7F2,
  0xD7F1, 0xD7F1, 0xCFF0, 0xCFF0, 0xCFEF, 0xCFEF, 0xC7EE, 0xC7EE, 0xC7ED, 0xC7ED,
  0xBFEC, 0xBFEC, 0xBFEB, 0xBFEB, 0xB7EA, 0xBFEA, 0xB7E9, 0xB7E9, 0xAFE8, 0xB7E8,
  0xAFE7, 0xAFE7, 0xA7E6, 0xAFE6, 0xA7E5, 0xA7E5, 0x9FE4, 0xA7E4, 0x9FE3, 0x9FE3,
  0x97E2, 0x9FE2, 0x97E2, 0x97E2, 0x97E0, 0x97E0, 0x8FE0, 0x1105, 0x10E4, 0x10E5,
  0x1905, 0x10E4, 0x883F, 0x883F, 0x907F, 0x907F, 0x90BF, 0x90BF, 0x98DF, 0x98FF,
  0x993F, 0x993F, 0xA15F, 0x997F, 0xA19F, 0xA1BF, 0xA9DF, 0xA1FF, 0xAA1F, 0xAA3F,
  0xB25F, 0xAA5F, 0xB29F, 0xB29F, 0xBADF, 0xB2DF, 0xBB1F, 0xBB1F, 0xC33F, 0xBB5F,
  0xC39F, 0xC39F, 0xC3BF, 0xC3DF, 0xCBFF, 0xCC1F, 0xCC3F, 0xCC5F, 0xD47F, 0xD49F,
  0xD4BF, 0xD4BF, 0xDCFF, 0xDCFF, 0xDD3F, 0xDD3F, 0xE57F, 0xE57F, 0xE59F, 0xE5BF,
  0xEDDF, 0xEDFF, 0xEE1F, 0xEE3F, 0xF65F, 0xF67F, 0xF69F, 0xF69F, 0xFEDF, 0xF6DF,
  0xFF1F, 0xFF1F, 0xFF3F, 0xFF5F, 0xFF7F, 0xFF7F, 0xFF9F, 0xFF9E, 0xFFBE, 0xFFBE,
  0xFFDE, 0xFFDD, 0xFFFD, 0xFFFC, 0xFFFD, 0xFFFC, 0xFFFC, 0xF7FB, 0xFFFB, 0xF7FA,
  0xF7FA, 0xEFF9, 0xF7F9, 0xEFF8, 0xEFF8, 0xE7F7, 0xEFF7, 0xE7F6, 0xE7F6, 0xE7F5,
  0xE7F5, 0xDFF4, 0xDFF4, 0xDFF3, 0xDFF3, 0xD7F2, 0xD7F2, 0xD7F1, 0xD7F2, 0xCFF1,
  0xCFF0, 0xCFEF, 0xCFF0, 0xC7EF, 0xC7EF, 0xC7EE, 0xC7EE, 0xBFED, 0xC7ED, 0xBFEC,
  0xBFEC, 0xB7EB, 0xBFEB, 0xB7EA, 0xB7EA, 0xB7E9, 0xB7E9, 0xAFE8, 0xAFE8, 0xAFE7,
  0xAFE7, 0xA7E6, 0xA7E6, 0xA7E5, 0xA7E5, 0x9FE4, 0x9FE4, 0x9FE3, 0x9FE3, 0x97E2,
  0x97E2, 0x97E1, 0x97E1, 0x8FE0, 0x8FE0, 0x10E5, 0x1905, 0x10E4, 0x10E4, 0x1905,
  0x801F, 0x885F, 0x885F, 0x909F, 0x889F, 0x90BF, 0x90DF, 0x98FF, 0x911F, 0x993F,
  0x995F, 0x997F, 0x999F, 0xA1BF, 0xA1DF, 0xA1FF, 0xA1FF, 0xAA3F, 0xAA3F, 0xAA7F,
  0xAA7F, 0xB2BF, 0xB2BF, 0xB2FF, 0xB2FF, 0xBB1F, 0xBB3F, 0xBB5F, 0xBB7F, 0xC39F,
  0xBBBF, 0xC3DF, 0xC3FF, 0xCC1F, 0xC43F, 0xCC5F, 0xCC5F, 0xD49F, 0xCC9F, 0xD4DF,
  0xD4DF, 0xD51F, 0xD51F, 0xDD5F, 0xDD5F, 0xDD7F, 0xDD9F, 0xE5BF, 0xE5DF, 0xE5FF,
  0xE61F, 0xEE3F, 0xEE5F, 0xEE7F, 0xEE9F, 0xF6BF, 0xF6BF, 0xF6FF, 0xF6FF, 0xFF3F,
  0xF73F, 0xFF5F, 0xFF7F, 0xFF9F, 0xFF9F, 0xFFBF, 0xFFBE, 0xFFDF, 0xFFDE, 0xFFFE,
  0xFFFD, 0xFFFD, 0xF7FC, 0xFFFC, 0xF7FB, 0xF7FB, 0xF7FA, 0xF7FA, 0xEFF9, 0xEFF9,
  0xEFF8, 0xEFF8, 0xE7F7, 0xE7F8, 0xE7F6, 0xE7F6, 0xDFF6, 0xE7F6, 0xDFF5, 0xDFF5,
  0xD7F4, 0xDFF4, 0xD7F3, 0xD7F3, 0xCFF2, 0xD7F2, 0xCFF1, 0xCFF1, 0xC7F0, 0xCFF0,
  0xC7EF, 0xC7EF, 0xBFEE, 0xC7EE, 0xBFED, 0xBFED, 0xBFEC, 0xBFEC, 0xB7EB, 0xB7EB,
  0xB7EA, 0xB7EA, 0xAFE9, 0xAFE9, 0xAFE8, 0xAFE8, 0xA7E7, 0xA7E7, 0xA7E6, 0xA7E6,
  0x9FE5, 0x9FE5, 0x9FE4, 0x9FE5, 0x97E3, 0x97E3, 0x97E3, 0x97E3, 0x8FE2, 0x8FE2,
  0x8FE1, 0x8FE1, 0x87E0, 0x10E5, 0x10E4, 0x1905, 0x1905, 0x10E5, 0x883F, 0x803F,
  0x887F, 0x887F, 0x88BF, 0x88BF, 0x90FF, 0x90FF, 0x913F, 0x913F, 0x997F, 0x997F,
  0x999F, 0x99BF, 0xA1DF, 0xA1FF, 0xA21F, 0xA23F, 0xAA5F, 0xAA7F, 0xAA9F, 0xAA9F,
  0xB2DF, 0xB2DF, 0xB31F, 0xB31F, 0xBB5F, 0xBB5F, 0xBB9F, 0xBB9F, 0xC3DF, 0xC3DF,
  0xC3FF, 0xC41F, 0xCC3F, 0xC45F, 0xCC7F, 0xCC9F, 0xD4BF, 0xCCDF, 0xD4FF, 0xD4FF,
  0xDD3F, 0xD53F, 0xDD7F, 0xDD7F, 0xE5BF, 0xDDBF, 0xE5FF, 0xE5FF, 0xEE3F, 0xE63F,
  0xEE5F, 0xEE7F, 0xEE9F, 0xEEBF, 0xF6DF, 0xF6FF, 0xF71F, 0xF73F, 0xFF5F, 0xFF5F,
  0xFF9F, 0xFF9F, 0xFFDF, 0xFFDF, 0xFFFF, 0xFFFF, 0xFFFF, 0xFFFE, 0xFFFE, 0xFFFD,
  0xFFFD, 0xF7FC, 0xF7FC, 0xF7FB, 0xF7FB, 0xEFFA, 0xEFFA, 0xEFF9, 0xEFF9, 0xE7F8,
  0xEFF8, 0xE7F7, 0xE7F7, 0xDFF6, 0xE7F6, 0xDFF5, 0xDFF5, 0xD7F4, 0xDFF4, 0xD7F4,
  0xD7F3, 0xCFF2, 0xD7F3, 0xCFF2, 0xCFF2, 0xC7F1, 0xCFF1, 0xC7F0, 0xC7F0, 0xBFEF,
  0xC7EF, 0xBFEE, 0xBFEE, 0xB7ED, 0xBFED, 0xB7EC, 0xB7EC, 0xB7EB, 0xB7EB, 0xAFEA,
  0xAFEA, 0xAFE9, 0xAFE9, 0xA7E8, 0xA7E8, 0xA7E7, 0xA7E7, 0x9FE6, 0x9FE6, 0x9FE5,
  0x9FE5, 0x97E4, 0x97E4, 0x97E3, 0x97E3, 0x8FE2, 0x8FE2, 0x8FE1, 0x8FE1, 0x87E0,
  0x8FE0, 0x10E5, 0x1905, 0x10E5, 0x10E4, 0x801F, 0x781F, 0x805F, 0x805F, 0x807F,
  0x809F, 0x88BF, 0x88DF, 0x88FF, 0x891F, 0x913F, 0x915F, 0x917F, 0x919F, 0x99BF,
  0x99BF, 0x99FF, 0x99FF, 0xA23F, 0xA23F, 0xA27F, 0xA27F, 0xAABF, 0xAABF, 0xAADF,
  0xAAFF, 0xB33F, 0xAB3F, 0xB35F, 0xB37F, 0xBB9F, 0xB3BF, 0xBBDF, 0xBBFF, 0xC41F,
  0xBC1F, 0xC45F, 0xC45F, 0xCC9F, 0xC49F, 0xCCDF, 0xCCDF, 0xD51F, 0xCD1F, 0xD55F,
  0xD55F, 0xDD9F, 0xD59F, 0xDDBF, 0xDDDF, 0xE5FF, 0xDE1F, 0xE63F, 0xE65F, 0xEE7F,
  0xE67F, 0xEEBF, 0xEEDF, 0xEEFF, 0xEEFF, 0xF73F, 0xF73F, 0xF77F, 0xF77F, 0xFFBF,
  0xFFBF, 0xFFFF, 0xFFFF, 0xFFFF, 0xFFFE, 0xFFFE, 0xF7FD, 0xF7FD, 0xF7FC, 0xF7FC,
  0xEFFB, 0xEFFB, 0xEFFA, 0xEFFA, 0xE7F9, 0xE7F9, 0xE7F8, 0xE7F8, 0xDFF7, 0xDFF7,
  0xDFF7, 0xDFF7, 0xD7F5, 0xD7F5, 0xD7F5, 0xD7F5, 0xCFF4, 0xD7F4, 0xCFF3, 0xCFF3,
  0xC7F2, 0xCFF2, 0xC7F1, 0xC7F1, 0xBFF0, 0xC7F0, 0xBFEF, 0xBFEF, 0xB7EE, 0xBFEE,
  0xB7ED, 0xB7ED, 0xAFEC, 0xB7EC, 0xAFEB, 0xAFEB, 0xAFEA, 0xAFEA, 0xA7E9, 0xA7E9,
  0xA7E8, 0xA7E8, 0x9FE7, 0x9FE7, 0x9FE6, 0x9FE6, 0x97E5, 0x9FE5, 0x97E4, 0x97E4,
  0x8FE4, 0x97E4, 0x8FE2, 0x8FE2, 0x87E2, 0x8FE2, 0x87E1, 0x87E1, 0x7FE0, 0x87E0,
  0x10E4, 0x10E5, 0x1905, 0x10E4, 0x803F, 0x783F, 0x807F, 0x807F, 0x88BF, 0x80BF,
  0x88FF, 0x88FF, 0x913F, 0x893F, 0x915F, 0x917F, 0x999F, 0x91BF, 0x99DF, 0x99FF,
  0x9A1F, 0x9A3F, 0xA25F, 0xA25F, 0xA29F, 0xA29F, 0xAADF, 0xAADF, 0xAB1F, 0xAB1F,
  0xB35F, 0xAB5F, 0xB39F, 0xB39F, 0xBBBF, 0xB3DF, 0xBBFF, 0xBC1F, 0xC43F, 0xBC5F,
  0xC47F, 0xC49F, 0xCCBF, 0xC4BF, 0xCCFF, 0xCCFF, 0xD53F, 0xCD3F, 0xD57F, 0xD57F,
  0xDDBF, 0xD5BF, 0xDDFF, 0xDDFF, 0xDE1F, 0xDE3F, 0xE65F, 0xE67F, 0xE69F, 0xE6BF,
  0xEEDF, 0xEEFF, 0xEF1F, 0xEF1F, 0xF75F, 0xF75F, 0xF79F, 0xF79F, 0xFFDF, 0xFFDF,
  0xFFFF, 0xFFFF, 0xFFFF, 0xF7FE, 0xF7FE, 0xF7FD, 0xF7FD, 0xEFFC, 0xEFFC, 0xEFFB,
  0xEFFB, 0xE7FA, 0xE7FA, 0xE7F9, 0xE7F9, 0xDFF8, 0xDFF8, 0xDFF7, 0xDFF7, 0xD7F6,
  0xDFF6, 0xD7F5, 0xD7F5, 0xCFF4, 0xD7F4, 0xCFF3, 0xCFF3, 0xC7F2, 0xCFF2, 0xC7F1,
  0xC7F2, 0xC7F1, 0xC7F0, 0xBFF0, 0xBFF0, 0xBFEF, 0xBFEF, 0xB7EE, 0xB7EE, 0xB7ED,
  0xB7ED, 0xAFEC, 0xAFEC, 0xAFEB, 0xAFEB, 0xA7EA, 0xA7EA, 0xA7E9, 0xA7E9, 0x9FE8,
  0x9FE8, 0x9FE7, 0x9FE7, 0x97E6, 0x9FE6, 0x97E5, 0x97E5, 0x8FE4, 0x97E4, 0x8FE3,
  0x8FE3, 0x87E2, 0x8FE2, 0x87E1, 0x87E1, 0x7FE0, 0x87E0, 0x10E5, 0x1905, 0x10E4,
  0x10E4, 0x1905, 0x701F, 0x785F, 0x785F, 0x809F, 0x789F, 0x80BF, 0x80DF, 0x88FF,
  0x811F, 0x893F, 0x895F, 0x917F, 0x899F, 0x91BF, 0x91DF, 0x99FF, 0x91FF, 0x9A3F,
  0x9A3F, 0xA27F, 0x9A7F, 0xA2BF, 0xA2BF, 0xAAFF, 0xA2FF, 0xAB1F, 0xAB3F, 0xAB5F,
  0xAB7F, 0xB39F, 0xB3BF, 0xB3DF, 0xB3FF, 0xBC1F, 0xBC3F, 0xBC5F, 0xBC5F, 0xC49F,
  0xC49F, 0xC4DF, 0xC4DF, 0xCD1F, 0xCD1F, 0xCD5F, 0xCD5F, 0xD57F, 0xCD9F, 0xD5BF,
  0xD5DF, 0xDDFF, 0xD61F, 0xDE3F, 0xDE5F, 0xDE7F, 0xDE9F, 0xE6BF, 0xE6BF, 0xE6FF,
  0xE6FF, 0xEF3F, 0xEF3F, 0xEF5F, 0xEF7F, 0xF79F, 0xF7BF, 0xF7FF, 0xF7FF, 0xFFFF,
  0xF7FE, 0xF7FE, 0xEFFD, 0xEFFD, 0xEFFC, 0xEFFC, 0xE7FB, 0xEFFB, 0xE7FA, 0xE7FA,
  0xDFF9, 0xE7F9, 0xDFF8, 0xDFF8, 0xD7F7, 0xDFF8, 0xD7F6, 0xD7F6, 0xCFF6, 0xD7F6,
  0xCFF5, 0xCFF5, 0xCFF4, 0xCFF4, 0xC7F3, 0xC7F3, 0xC7F2, 0xC7F2, 0xBFF1, 0xBFF1,
  0xBFF0, 0xBFF0, 0xB7EF, 0xB7EF, 0xB7EE, 0xB7EE, 0xAFED, 0xAFED, 0xAFEC, 0xAFEC,
  0xA7EB, 0xA7EB, 0xA7EA, 0xA7EA, 0x9FE9, 0x9FE9, 0x9FE8, 0x9FE8, 0x97E7, 0x97E7,
  0x97E6, 0x97E6, 0x8FE5, 0x97E5, 0x8FE4, 0x8FE5, 0x87E3, 0x8FE3, 0x87E3, 0x87E3,
  0x7FE2, 0x87E2, 0x7FE1, 0x7FE1, 0x77E0, 0x10E5, 0x10E4, 0x1905, 0x1905, 0x10E5,
  0x783F, 0x703F, 0x787F, 0x787F, 0x80BF, 0x78BF, 0x80FF, 0x80FF, 0x891F, 0x813F,
  0x895F, 0x897F, 0x919F, 0x89BF, 0x91DF, 0x91FF, 0x9A1F, 0x923F, 0x9A5F, 0x9A7F,
  0x9A9F, 0x9A9F, 0xA2DF, 0xA2DF, 0xA31F, 0xA31F, 0xAB5F, 0xAB5F, 0xAB7F, 0xAB9F,
  0xB3BF, 0xB3DF, 0xB3FF, 0xB41F, 0xBC3F, 0xBC5F, 0xBC7F, 0xBC7F, 0xC4BF, 0xC4BF,
  0xC4FF, 0xC4FF, 0xCD3F, 0xCD3F, 0xCD7F, 0xCD7F, 0xD5BF, 0xCDBF, 0xD5DF, 0xD5FF,
  0xDE1F, 0xD63F, 0xDE5F, 0xDE7F, 0xE69F, 0xDE9F, 0xE6DF, 0xE6DF, 0xE71F, 0xE71F,
  0xEF3F, 0xEF5F, 0xF79F, 0xEF9F, 0xF7DF, 0xF7DF, 0xF7FF, 0xF7FF, 0xF7FF, 0xEFFE,
  0xF7FE, 0xEFFD, 0xEFFD, 0xE7FC, 0xE7FC, 0xE7FB, 0xE7FB, 0xDFFA, 0xE7FA, 0xDFF9,
  0xDFF9, 0xD7F8, 0xDFF8, 0xD7F7, 0xD7F7, 0xCFF6, 0xD7F6, 0xCFF5, 0xCFF5, 0xC7F4,
  0xCFF4, 0xC7F3, 0xC7F3, 0xBFF2, 0xC7F3, 0xBFF2, 0xBFF1, 0xBFF0, 0xBFF1, 0xB7F0,
  0xB7F0, 0xB7EF, 0xB7EF, 0xAFEE, 0xAFEE, 0xAFED, 0xAFED, 0xA7EC, 0xA7EC, 0xA7EB,
  0xA7EB, 0x9FEA, 0x9FEA, 0x9FE9, 0x9FE9, 0x97E8, 0x9FE8, 0x97E7, 0x97E7, 0x8FE6,
  0x97E6, 0x8FE5, 0x8FE5, 0x87E4, 0x8FE4, 0x87E3, 0x87E3, 0x87E2, 0x87E2, 0x7FE1,
  0x7FE1, 0x7FE0, 0x7FE0, 0x10E5, 0x1905, 0x10E5, 0x10E4, 0x10E5, 0x701F, 0x705F,
  0x705F, 0x787F, 0x709F, 0x78BF, 0x78DF, 0x80FF, 0x791F, 0x813F, 0x813F, 0x897F,
  0x819F, 0x89BF, 0x89BF, 0x89FF, 0x89FF, 0x923F, 0x923F, 0x927F, 0x927F, 0x9ABF,
  0x9ABF, 0x9ADF, 0x9AFF, 0xA31F, 0xA33F, 0xA35F, 0xA37F, 0xAB9F, 0xAB9F, 0xABDF,
  0xABDF, 0xB41F, 0xAC1F, 0xB45F, 0xB45F, 0xBC9F, 0xB49F, 0xBCBF, 0xBCDF, 0xC4FF,
  0xBD1F, 0xC53F, 0xC55F, 0xCD7F, 0xC57F, 0xCDBF, 0xCDBF, 0xD5FF, 0xCDFF, 0xD63F,
  0xD63F, 0xDE7F, 0xD67F, 0xDE9F, 0xDEBF, 0xDEDF, 0xDEDF, 0xE71F, 0xE73F, 0xEF5F,
  0xE77F, 0xEF9F, 0xEFBF, 0xF7FF, 0xEFFF, 0xF7FF, 0xEFFE, 0xEFFE, 0xE7FD, 0xE7FD,
  0xE7FC, 0xE7FC, 0xDFFB, 0xDFFB, 0xDFFA, 0xDFFA, 0xD7F9, 0xD7F9, 0xD7F8, 0xD7F8,
  0xCFF7, 0xCFF7, 0xCFF6, 0xCFF6, 0xC7F5, 0xCFF5, 0xC7F4, 0xC7F4, 0xBFF3, 0xC7F3,
  0xBFF3, 0xBFF3, 0xB7F2, 0xBFF2, 0xB7F1, 0xB7F1, 0xAFF0, 0xB7F0, 0xAFEF, 0xAFEF,
  0xAFEE, 0xAFEE, 0xA7ED, 0xA7ED, 0xA7EC, 0xA7EC, 0x9FEB, 0xA7EB, 0x9FEA, 0x9FEA,
  0x97E9, 0x9FE9, 0x97E8, 0x97E8, 0x8FE7, 0x97E7, 0x8FE6, 0x8FE6, 0x87E5, 0x8FE5,
  0x87E4, 0x87E4, 0x7FE3, 0x87E3, 0x7FE2, 0x7FE2, 0x77E2, 0x7FE2, 0x77E0, 0x77E0,
  0x77E0, 0x1105, 0x10E4, 0x10E5, 0x1905, 0x10E4, 0x703F, 0x703F, 0x707F, 0x707F,
  0x78BF, 0x78BF, 0x78DF, 0x78FF, 0x811F, 0x793F, 0x815F, 0x817F, 0x899F, 0x81BF,
  0x89DF, 0x89DF, 0x921F, 0x8A1F, 0x925F, 0x925F, 0x9A9F, 0x929F, 0x9ADF, 0x9ADF,
  0xA31F, 0x9B1F, 0xA33F, 0xA35F, 0xA37F, 0xA39F, 0xABBF, 0xABDF, 0xABFF, 0xAC1F,
  0xB43F, 0xAC3F, 0xB47F, 0xB47F, 0xBCBF, 0xB4BF, 0xBCFF, 0xBCFF, 0xC51F, 0xBD3F,
  0xC55F, 0xC57F, 0xCD9F, 0xC59F, 0xCDDF, 0xCDDF, 0xCE1F, 0xCE1F, 0xD65F, 0xD65F,
  0xD67F, 0xD69F, 0xDEBF, 0xDEBF, 0xDEFF, 0xDF1F, 0xE75F, 0xE75F, 0xEF9F, 0xE79F,
  0xEFDF, 0xEFDF, 0xEFFF, 0xEFFF, 0xEFFF, 0xEFFE, 0xEFFE, 0xE7FD, 0xE7FD, 0xDFFC,
  0xDFFB, 0xD7FA, 0xDFFB, 0xD7FA, 0xD7FA, 0xD7F9, 0xD7F9, 0xCFF8, 0xCFF8, 0xCFF7,
  0xCFF7, 0xC7F6, 0xCFF6, 0xC7F5, 0xC7F5, 0xBFF4, 0xC7F4, 0xBFF3, 0xBFF3, 0xBFF2,
  0xBFF2, 0xB7F1, 0xB7F1, 0xB7F0, 0xB7F0, 0xAFEF, 0xAFEF, 0xAFEF, 0xAFEE, 0xA7ED,
  0xA7EE, 0xA7ED, 0xA7ED, 0x9FEC, 0xA7EC, 0x9FEB, 0x9FEB, 0x97EA, 0x9FEA, 0x97E9,
  0x97E9, 0x8FE8, 0x97E8, 0x8FE7, 0x8FE7, 0x87E6, 0x8FE6, 0x87E5, 0x87E5, 0x7FE4,
  0x87E4, 0x7FE3, 0x7FE3, 0x77E2, 0x7FE2, 0x77E1, 0x77E1, 0x6FE0, 0x77E0, 0x10E5,
  0x1905, 0x10E4, 0x10E4, 0x1905, 0x681F, 0x683F, 0x685F, 0x707F, 0x689F, 0x70BF,
  0x70DF, 0x78FF, 0x70FF, 0x793F, 0x795F, 0x817F, 0x797F, 0x81BF, 0x81BF, 0x89FF,
  0x81FF, 0x8A1F, 0x8A3F, 0x927F, 0x8A7F, 0x929F, 0x92BF, 0x9ADF, 0x92FF, 0x9B1F,
  0x9B3F, 0xA35F, 0x9B5F, 0xA39F, 0xA39F, 0xA3DF, 0xA3DF, 0xAC1F, 0xAC1F, 0xAC5F,
  0xAC5F, 0xB47F, 0xB49F, 0xB4BF, 0xB4DF, 0xBCFF, 0xBD1F, 0xBD3F, 0xBD3F, 0xC57F,
  0xBD7F, 0xC5BF, 0xC5BF, 0xC5DF, 0xC5FF, 0xCE1F, 0xCE1F, 0xCE5F, 0xCE5F, 0xD69F,
  0xCE9F, 0xD6DF, 0xD6FF, 0xDF1F, 0xDF3F, 0xE77F, 0xE77F, 0xE7BF, 0xE7BF, 0xEFFF,
  0xE7FF, 0xEFFF, 0xE7FE, 0xE7FE, 0xE7FD, 0xE7FD, 0xDFFC, 0xDFFC, 0xD7FB, 0xDFFB,
  0xCFFA, 0xD7FA, 0xCFF9, 0xCFF9, 0xCFF8, 0xCFF8, 0xC7F7, 0xCFF7, 0xC7F6, 0xC7F6,
  0xBFF5, 0xC7F5, 0xBFF4, 0xBFF4, 0xBFF3, 0xBFF3, 0xB7F2, 0xB7F2, 0xB7F2, 0xB7F2,
  0xAFF0, 0xAFF1, 0xAFF0, 0xAFF0, 0xA7EF, 0xA7EF, 0xA7EE, 0xA7EE, 0x9FED, 0x9FED,
  0x9FEC, 0x9FEC, 0x97EB, 0x97EB, 0x97EA, 0x97EA, 0x8FE9, 0x97E9, 0x8FE8, 0x8FE8,
  0x87E7, 0x8FE7, 0x87E6, 0x87E6, 0x7FE5, 0x87E5, 0x7FE4, 0x7FE4, 0x77E3, 0x7FE3,
  0x77E2, 0x77E2, 0x6FE1, 0x77E1, 0x6FE1, 0x6FE1, 0x6FE0, 0x10E5, 0x10E4, 0x1905,
  0x1905, 0x10E5, 0x683F, 0x683F, 0x687F, 0x687F, 0x709F, 0x68BF, 0x70DF, 0x70FF,
  0x791F, 0x713F, 0x795F, 0x797F, 0x819F, 0x799F, 0x81DF, 0x81DF, 0x8A1F, 0x821F,
  0x8A5F, 0x8A5F, 0x927F, 0x8A9F, 0x92BF, 0x92DF, 0x92FF, 0x931F, 0x9B3F, 0x9B5F,
  0x9B7F, 0x9B7F, 0xA3BF, 0xA3BF, 0xA3FF, 0xA3FF, 0xAC3F, 0xAC3F, 0xAC5F, 0xAC7F,
  0xB49F, 0xB4BF, 0xB4DF, 0xB4FF, 0xBD1F, 0xB51F, 0xBD5F, 0xBD5F, 0xC59F, 0xBD9F,
  0xC5BF, 0xC5DF, 0xC5FF, 0xC61F, 0xCE3F, 0xC63F, 0xCE7F, 0xCE7F, 0xD6BF, 0xD6DF,
  0xDF1F, 0xDF1F, 0xDF5F, 0xDF5F, 0xE79F, 0xE7BF, 0xE7DF, 0xE7DF, 0xEFFF, 0xE7FF,
  0xE7FF, 0xE7FE, 0xE7FE, 0xDFFD, 0xDFFD, 0xDFFC, 0xDFFC, 0xD7FB, 0xD7FA, 0xCFF9,
  0xCFF9, 0xCFF8, 0xCFF8, 0xC7F7, 0xC7F8, 0xC7F7, 0xC7F7, 0xBFF6, 0xC7F6, 0xBFF5,
  0xBFF5, 0xB7F4, 0xBFF4, 0xB7F3, 0xB7F3, 0xAFF2, 0xB7F2, 0xAFF1, 0xAFF1, 0xAFF0,
  0xAFF0, 0xA7EF, 0xA7EF, 0xA7EE, 0xA7EE, 0x9FED, 0x9FED, 0x9FEC, 0x9FED, 0x97EC,
  0x97EC, 0x97EB, 0x97EB, 0x8FEA, 0x97EA, 0x8FE9, 0x8FE9, 0x87E8, 0x8FE8, 0x87E7,
  0x87E7, 0x87E6, 0x87E6, 0x7FE5, 0x7FE5, 0x7FE4, 0x7FE4, 0x77E3, 0x77E3, 0x77E2,
  0x77E2, 0x6FE1, 0x6FE1, 0x6FE0, 0x6FE0, 0x10E5, 0x1905, 0x10E5, 0x10E4, 0x10E5,
  0x601F, 0x603F, 0x605F, 0x687F, 0x689F, 0x68BF, 0x68BF, 0x70FF, 0x70FF, 0x713F,
  0x713F, 0x797F, 0x717F, 0x79BF, 0x79BF, 0x81DF, 0x79FF, 0x821F, 0x823F, 0x825F,
  0x827F, 0x8A9F, 0x8A9F, 0x8ADF, 0x8ADF, 0x931F, 0x931F, 0x935F, 0x935F, 0x9B9F,
  0x9B9F, 0x9BBF, 0x9BDF, 0xA3FF, 0x9C1F, 0xA43F, 0xA43F, 0xAC7F, 0xA47F, 0xACBF,
  0xACBF, 0xB4FF, 0xACFF, 0xB51F, 0xB53F, 0xBD5F, 0xB55F, 0xBD9F, 0xBD9F, 0xBDDF,
  0xBDDF, 0xC5FF, 0xBE1F, 0xC63F, 0xC65F, 0xCE9F, 0xCEBF, 0xD6DF, 0xD6FF, 0xD71F,
  0xD73F, 0xDF7F, 0xDF7F, 0xDFBF, 0xDFBF, 0xE7FF, 0xDFFF, 0xE7FF, 0xDFFE, 0xE7FE,
  0xDFFD, 0xDFFD, 0xD7FC, 0xDFFC, 0xD7FB, 0xD7FB, 0xCFFA, 0xCFFA, 0xC7F9, 0xC7F8,
  0xBFF7, 0xC7F8, 0xBFF6, 0xBFF7, 0xBFF6, 0xBFF6, 0xB7F5, 0xB7F5, 0xB7F4, 0xB7F4,
  0xAFF3, 0xB7F3, 0xAFF2, 0xAFF2, 0xA7F1, 0xAFF1, 0xA7F0, 0xA7F0, 0x9FEF, 0xA7EF,
  0x9FEE, 0x9FEF, 0x9FED, 0x9FED, 0x97ED, 0x97ED, 0x97EC, 0x97EC, 0x8FEB, 0x97EB,
  0x8FEA, 0x8FEA, 0x87E9, 0x8FE9, 0x87E8, 0x87E8, 0x7FE7, 0x87E7, 0x7FE6, 0x7FE6,
  0x77E5, 0x7FE5, 0x77E4, 0x77E4, 0x77E3, 0x77E3, 0x6FE2, 0x6FE2, 0x6FE1, 0x6FE1,
  0x67E0, 0x67E0, 0x67E0, 0x1105, 0x10E4, 0x10E5, 0x1905, 0x10E4, 0x601F, 0x603F,
  0x605F, 0x607F, 0x689F, 0x68BF, 0x68DF, 0x68DF, 0x711F, 0x711F, 0x715F, 0x715F,
  0x799F, 0x719F, 0x79BF, 0x79DF, 0x81FF, 0x7A1F, 0x823F, 0x825F, 0x8A7F, 0x829F,
  0x8ABF, 0x8ABF, 0x92FF, 0x8AFF, 0x933F, 0x933F, 0x937F, 0x937F, 0x9B9F, 0x93BF,
  0x9BDF, 0x9BFF, 0xA41F, 0x9C1F, 0xA45F, 0xA45F, 0xAC9F, 0xA49F, 0xACDF, 0xACDF,
  0xACFF, 0xAD1F, 0xB53F, 0xB55F, 0xB57F, 0xB57F, 0xBDBF, 0xBDBF, 0xBDDF, 0xBDFF,
  0xC63F, 0xC63F, 0xCE7F, 0xC69F, 0xCEDF, 0xCEDF, 0xD71F, 0xD71F, 0xDF5F, 0xD77F,
  0xDF9F, 0xDF9F, 0xDFDF, 0xDFDF, 0xDFFF, 0xDFFF, 0xDFFF, 0xDFFE, 0xDFFE, 0xD7FD,
  0xDFFD, 0xD7FC, 0xD7FC, 0xCFFB, 0xCFFB, 0xCFFA, 0xCFF9, 0xC7F8, 0xC7F8, 0xBFF7,
  0xBFF7, 0xB7F6, 0xBFF6, 0xB7F5, 0xB7F5, 0xB7F4, 0xB7F5, 0xAFF4, 0xAFF4, 0xAFF3,
  0xAFF3, 0xA7F2, 0xAFF2, 0xA7F1, 0xA7F1, 0xA7F0, 0xA7F0, 0x9FEF, 0x9FEF, 0x9FEE,
  0x9FEE, 0x97ED, 0x97ED, 0x97EC, 0x97EC, 0x8FEB, 0x97EB, 0x8FEA, 0x8FEA, 0x87E9,
  0x8FEA, 0x87E9, 0x87E8, 0x7FE8, 0x87E8, 0x7FE7, 0x7FE7, 0x77E6, 0x7FE6, 0x77E5,
  0x77E5, 0x6FE4, 0x77E4, 0x6FE3, 0x6FE3, 0x67E2, 0x6FE2, 0x67E1, 0x67E1, 0x67E0,
  0x67E0, 0x10E5, 0x1905, 0x10E4, 0x10E4, 0x1905, 0x581F, 0x583F, 0x583F, 0x607F,
  0x607F, 0x60BF, 0x60BF, 0x68FF, 0x60FF, 0x691F, 0x693F, 0x715F, 0x697F, 0x719F,
  0x71BF, 0x79DF, 0x71DF, 0x7A1F, 0x7A1F, 0x825F, 0x7A5F, 0x829F, 0x829F, 0x8ADF,
  0x82DF, 0x8AFF, 0x8B1F, 0x8B3F, 0x8B5F, 0x937F, 0x939F, 0x93BF, 0x93BF, 0x9BFF,
  0x9BFF, 0x9C3F, 0x9C3F, 0xA45F, 0x9C7F, 0xA49F, 0xA49F, 0xA4DF, 0xA4DF, 0xAD1F,
  0xAD1F, 0xAD3F, 0xAD5F, 0xB57F, 0xAD7F, 0xB5BF, 0xB5DF, 0xBDFF, 0xBE1F, 0xC65F,
  0xC67F, 0xCE9F, 0xC6BF, 0xCEFF, 0xCEFF, 0xD73F, 0xCF3F, 0xD77F, 0xD77F, 0xDFBF,
  0xD7BF, 0xDFFF, 0xD7FF, 0xDFFF, 0xD7FE, 0xDFFE, 0xD7FD, 0xD7FD, 0xCFFC, 0xD7FC,
  0xCFFB, 0xCFFB, 0xC7FA, 0xC7FA, 0xC7F9, 0xC7F9, 0xBFF8, 0xBFF7, 0xB7F6, 0xB7F6,
  0xAFF5, 0xB7F5, 0xAFF5, 0xAFF5, 0xAFF4, 0xAFF4, 0xA7F3, 0xAFF3, 0xA7F2, 0xA7F2,
  0x9FF1, 0xA7F1, 0x9FF0, 0x9FF0, 0x9FEF, 0x9FEF, 0x97EE, 0x97EE, 0x97ED, 0x97ED,
  0x8FEC, 0x8FEC, 0x8FEC, 0x8FEC, 0x87EA, 0x87EB, 0x87EA, 0x87EA, 0x7FE9, 0x87E9,
  0x7FE8, 0x7FE8, 0x77E7, 0x7FE7, 0x77E6, 0x77E6, 0x6FE5, 0x77E5, 0x6FE4, 0x6FE4,
  0x67E3, 0x6FE3, 0x67E2, 0x67E2, 0x67E1, 0x67E1, 0x5FE0, 0x5FE0, 0x5FE0, 0x10E5,
  0x10E4, 0x1905, 0x1905, 0x10E5, 0x581F, 0x581F, 0x585F, 0x585F, 0x609F, 0x609F,
  0x60DF, 0x60DF, 0x691F, 0x611F, 0x695F, 0x695F, 0x717F, 0x699F, 0x71BF, 0x71DF,
  0x79FF, 0x71FF, 0x7A3F, 0x7A3F, 0x7A7F, 0x7A7F, 0x82BF, 0x82BF, 0x82DF, 0x82FF,
  0x8B1F, 0x8B3F, 0x8B5F, 0x8B5F, 0x939F, 0x939F, 0x93DF, 0x93DF, 0x9C1F, 0x941F,
  0x9C3F, 0x9C5F, 0xA47F, 0x9C9F, 0xA4BF, 0xA4BF, 0xA4FF, 0xA4FF, 0xAD1F, 0xA53F,
  0xAD5F, 0xAD5F, 0xB59F, 0xB5BF, 0xBDFF, 0xBDFF, 0xBE3F, 0xBE5F, 0xC69F, 0xC69F,
  0xCEDF, 0xCEDF, 0xCF1F, 0xCF3F, 0xD75F, 0xD77F, 0xD79F, 0xD7BF, 0xD7DF, 0xD7DF,
  0xDFFF, 0xD7FF, 0xD7FF, 0xD7FE, 0xD7FE, 0xD7FD, 0xD7FD, 0xCFFC, 0xCFFC, 0xCFFB,
  0xCFFB, 0xC7FA, 0xC7FA, 0xBFF9, 0xBFF8, 0xB7F7, 0xBFF7, 0xB7F6, 0xB7F6, 0xAFF5,
  0xAFF5, 0xAFF4, 0xAFF4, 0xA7F3, 0xA7F3, 0xA7F2, 0xA7F2, 0x9FF1, 0xA7F2, 0x9FF1,
  0x9FF1, 0x97F0, 0x9FF0, 0x97EF, 0x97EF, 0x8FEE, 0x97EE, 0x8FED, 0x8FED, 0x8FEC,
  0x8FEC, 0x87EB, 0x87EB, 0x87EA, 0x87EA, 0x7FE9, 0x7FE9, 0x7FE8, 0x7FE8, 0x77E8,
  0x7FE7, 0x77E6, 0x77E7, 0x6FE6, 0x77E6, 0x6FE5, 0x6FE5, 0x6FE4, 0x6FE4, 0x67E3,
  0x67E3, 0x67E2, 0x67E2, 0x5FE1, 0x5FE1, 0x5FE0, 0x5FE0, 0x10E5, 0x1905, 0x10E5,
  0x10E4, 0x10E5, 0x10E4, 0x503F, 0x503F, 0x585F, 0x587F, 0x589F, 0x58BF, 0x60DF,
  0x60FF, 0x611F, 0x611F, 0x695F, 0x615F, 0x699F, 0x699F, 0x71DF, 0x69DF, 0x721F,
  0x721F, 0x723F, 0x725F, 0x7A7F, 0x7A9F, 0x7ABF, 0x7ABF, 0x82FF, 0x82FF, 0x833F,
  0x833F, 0x8B7F, 0x837F, 0x8B9F, 0x8BBF, 0x93DF, 0x8BDF, 0x941F, 0x941F, 0x9C5F,
  0x945F, 0x9C7F, 0x9C9F, 0x9CBF, 0x9CBF, 0xA4FF, 0x9CFF, 0xA53F, 0xA53F, 0xAD7F,
  0xAD9F, 0xB5BF, 0xADDF, 0xB61F, 0xB63F, 0xBE5F, 0xBE7F, 0xC69F, 0xC6BF, 0xC6FF,
  0xC6FF, 0xCF3F, 0xCF3F, 0xCF7F, 0xCF7F, 0xD7BF, 0xCFBF, 0xD7FF, 0xCFFF, 0xD7FF,
  0xCFFE, 0xD7FE, 0xCFFD, 0xCFFD, 0xCFFC, 0xCFFC, 0xC7FB, 0xC7FB, 0xC7FA, 0xC7FA,
  0xBFF9, 0xBFF9, 0xB7F8, 0xB7F8, 0xAFF7, 0xB7F6, 0xAFF5, 0xAFF5, 0xA7F4, 0xA7F4,
  0x9FF3, 0xA7F3, 0x9FF2, 0x9FF2, 0x9FF1, 0x9FF2, 0x97F0, 0x97F1, 0x97F0, 0x97F0,
  0x8FEF, 0x97EF, 0x8FEE, 0x8FEE, 0x87ED, 0x8FED, 0x87EC, 0x87EC, 0x87EB, 0x87EB,
  0x7FEA, 0x7FEA, 0x7FE9, 0x7FE9, 0x77E8, 0x7FE9, 0x77E7, 0x77E7, 0x6FE7, 0x77E7,
  0x6FE6, 0x6FE6, 0x67E5, 0x6FE5, 0x67E4, 0x67E4, 0x67E3, 0x67E3, 0x5FE2, 0x5FE2,
  0x5FE1, 0x5FE1, 0x57E0, 0x57E0, 0x10E4, 0x1105, 0x10E4, 0x10E5, 0x1905, 0x10E4,
  0x1905, 0x501F, 0x505F, 0x505F, 0x589F, 0x589F, 0x58BF, 0x58DF, 0x60FF, 0x591F,
  0x613F, 0x613F, 0x697F, 0x617F, 0x69BF, 0x69BF, 0x71FF, 0x69FF, 0x721F, 0x723F,
  0x725F, 0x727F, 0x7A9F, 0x7A9F, 0x7ADF, 0x7ADF, 0x831F, 0x7B1F, 0x835F, 0x835F,
  0x8B7F, 0x839F, 0x8BBF, 0x8BDF, 0x8BFF, 0x8BFF, 0x943F, 0x943F, 0x945F, 0x947F,
  0x9C9F, 0x9C9F, 0x9CDF, 0x9CDF, 0xA51F, 0xA51F, 0xA55F, 0xA57F, 0xADBF, 0xADBF,
  0xB5FF, 0xB61F, 0xBE5F, 0xBE5F, 0xBE9F, 0xBE9F, 0xC6DF, 0xC6FF, 0xC71F, 0xC73F,
  0xCF5F, 0xCF7F, 0xCF9F, 0xCF9F, 0xD7DF, 0xCFDF, 0xD7FF, 0xCFFF, 0xD7FF, 0xCFFE,
  0xCFFE, 0xCFFD, 0xCFFD, 0xC7FC, 0xC7FC, 0xC7FB, 0xC7FB, 0xBFFA, 0xBFFA, 0xB7F9,
  0xBFF9, 0xB7F8, 0xB7F7, 0xAFF6, 0xAFF6, 0xA7F5, 0xA7F5, 0x9FF4, 0xA7F4, 0x9FF3,
  0x9FF3, 0x97F2, 0x9FF2, 0x97F1, 0x97F1, 0x97F0, 0x97F0, 0x8FEF, 0x8FEF, 0x8FEE,
  0x8FEF, 0x87EE, 0x8FEE, 0x87ED, 0x87ED, 0x87EC, 0x87EC, 0x7FEB, 0x7FEB, 0x7FEA,
  0x7FEA, 0x77E9, 0x77E9, 0x77E8, 0x77E8, 0x6FE7, 0x77E7, 0x6FE6, 0x6FE6, 0x67E5,
  0x6FE5, 0x67E4, 0x67E4, 0x5FE3, 0x67E4, 0x5FE3, 0x5FE3, 0x57E2, 0x5FE2, 0x57E1,
  0x57E1, 0x57E0, 0x1905, 0x10E5, 0x1905, 0x10E4, 0x10E4, 0x1905, 0x10E4, 0x481F,
  0x483F, 0x505F, 0x485F, 0x509F, 0x509F, 0x58DF, 0x50DF, 0x591F, 0x591F, 0x615F,
  0x595F, 0x617F, 0x619F, 0x69BF, 0x61DF, 0x69FF, 0x6A1F, 0x723F, 0x6A3F, 0x727F,
  0x727F, 0x72BF, 0x72BF, 0x7ADF, 0x7AFF, 0x7B1F, 0x7B1F, 0x835F, 0x7B5F, 0x839F,
  0x839F, 0x83BF, 0x83DF, 0x8BFF, 0x8BFF, 0x8C3F, 0x8C3F, 0x947F, 0x8C7F, 0x949F,
  0x94BF, 0x9CFF, 0x9CFF, 0xA53F, 0xA55F, 0xA59F, 0xA59F, 0xADDF, 0xADFF, 0xB61F,
  0xB63F, 0xB65F, 0xB67F, 0xBEBF, 0xBEBF, 0xC6FF, 0xBEFF, 0xC73F, 0xC73F, 0xC77F,
  0xC77F, 0xCFBF, 0xC7BF, 0xCFFF, 0xC7FF, 0xCFFF, 0xC7FE, 0xCFFE, 0xC7FD, 0xCFFD,
  0xC7FC, 0xC7FC, 0xBFFB, 0xC7FB, 0xBFFA, 0xBFFA, 0xB7F9, 0xBFF9, 0xB7F8, 0xB7F8,
  0xAFF7, 0xAFF7, 0xA7F6, 0xA7F5, 0xA7F5, 0xA7F4, 0x9FF3, 0x9FF3, 0x97F2, 0x97F2,
  0x8FF1, 0x97F1, 0x8FF0, 0x8FF0, 0x8FEF, 0x8FEF, 0x87EF, 0x8FEF, 0x87EE, 0x87EE,
  0x7FED, 0x87ED, 0x7FEC, 0x7FEC, 0x7FEB, 0x7FEB, 0x77EA, 0x77EA, 0x77E9, 0x77E9,
  0x6FE8, 0x6FE8, 0x6FE7, 0x6FE7, 0x67E6, 0x6FE6, 0x67E6, 0x67E6, 0x5FE4, 0x67E5,
  0x5FE4, 0x5FE4, 0x57E3, 0x5FE3, 0x57E2, 0x57E2, 0x4FE1, 0x57E1, 0x4FE0, 0x4FE0,
  0x10E4, 0x10E5, 0x10E4, 0x1905, 0x1905, 0x10E5, 0x1905, 0x481F, 0x483F, 0x485F,
  0x507F, 0x487F, 0x50BF, 0x50BF, 0x58FF, 0x50FF, 0x593F, 0x593F, 0x615F, 0x597F,
  0x619F, 0x61BF, 0x61DF, 0x61DF, 0x6A1F, 0x6A1F, 0x6A5F, 0x6A5F, 0x729F, 0x729F,
  0x72BF, 0x72DF, 0x7AFF, 0x731F, 0x7B3F, 0x7B3F, 0x837F, 0x7B7F, 0x839F, 0x83BF,
  0x83DF, 0x83FF, 0x8C1F, 0x841F, 0x8C5F, 0x8C5F, 0x947F, 0x8C9F, 0x94DF, 0x94FF,
  0x9D1F, 0x9D3F, 0xA57F, 0xA57F, 0xADBF, 0xA5DF, 0xAE1F, 0xAE1F, 0xB65F, 0xB65F,
  0xBE9F, 0xBEBF, 0xBEDF, 0xBEFF, 0xC71F, 0xC73F, 0xC75F, 0xC77F, 0xCF9F, 0xC7BF,
  0xCFDF, 0xC7DF, 0xCFFF, 0xC7FF, 0xCFFF, 0xC7FE, 0xCFFE, 0xC7FD, 0xC7FD, 0xBFFC,
  0xC7FC, 0xBFFB, 0xBFFB, 0xB7FA, 0xBFFA, 0xB7F9, 0xB7F9, 0xAFF8, 0xAFF8, 0xAFF7,
  0xAFF6, 0xA7F5, 0xA7F5, 0x9FF4, 0x9FF4, 0x97F3, 0x97F3, 0x97F2, 0x97F2, 0x8FF1,
  0x8FF1, 0x8FF0, 0x8FF0, 0x87EF, 0x87EF, 0x87EE, 0x87EE, 0x7FED, 0x87ED, 0x7FEC,
  0x7FEC, 0x77EB, 0x7FEC, 0x77EB, 0x77EB, 0x77EA, 0x77EA, 0x6FE9, 0x6FE9, 0x6FE8,
  0x6FE8, 0x67E7, 0x67E7, 0x67E6, 0x67E6, 0x5FE5, 0x67E5, 0x5FE4, 0x5FE4, 0x57E3,
  0x5FE3, 0x57E2, 0x57E2, 0x57E2, 0x57E1, 0x4FE0, 0x4FE1, 0x4FE0, 0x1905, 0x10E5,
  0x1905, 0x10E5, 0x10E4, 0x10E5, 0x10E4, 0x401F, 0x401F, 0x485F, 0x485F, 0x489F,
  0x489F, 0x50BF, 0x48DF, 0x50FF, 0x50FF, 0x513F, 0x513F, 0x597F, 0x597F, 0x59BF,
  0x59BF, 0x61DF, 0x61FF, 0x621F, 0x623F, 0x6A5F, 0x625F, 0x6A9F, 0x6A9F, 0x72DF,
  0x6ADF, 0x72FF, 0x731F, 0x7B3F, 0x733F, 0x7B7F, 0x7B7F, 0x7BBF, 0x7BBF, 0x83DF,
  0x7BFF, 0x841F, 0x841F, 0x8C5F, 0x8C7F, 0x8CBF, 0x8CBF, 0x94FF, 0x951F, 0x9D3F,
  0x9D5F, 0xA59F, 0xA5BF, 0xA5DF, 0xA5FF, 0xAE1F, 0xAE3F, 0xB67F, 0xAE7F, 0xB6BF,
  0xB6BF, 0xBEFF, 0xB6FF, 0xBF3F, 0xBF3F, 0xC77F, 0xBF7F, 0xC7BF, 0xBFBF, 0xC7FF,
  0xBFFF, 0xC7FF, 0xBFFE, 0xC7FE, 0xBFFD, 0xBFFD, 0xBFFC, 0xBFFC, 0xB7FB, 0xBFFB,
  0xB7FA, 0xB7FA, 0xAFF9, 0xB7F9, 0xAFF8, 0xAFF8, 0xA7F7, 0xA7F7, 0xA7F6, 0xA7F6,
  0x9FF5, 0x9FF4, 0x97F3, 0x97F3, 0x8FF2, 0x8FF2, 0x8FF1, 0x8FF1, 0x87F0, 0x87F0,
  0x7FEF, 0x87EF, 0x7FEE, 0x7FEE, 0x7FED, 0x7FED, 0x77EC, 0x77EC, 0x77EB, 0x77EC,
  0x6FEA, 0x77EB, 0x6FEA, 0x6FEA, 0x67E9, 0x6FE9, 0x67E8, 0x67E8, 0x67E7, 0x67E7,
  0x5FE6, 0x5FE6, 0x5FE5, 0x5FE5, 0x57E4, 0x5FE4, 0x57E3, 0x57E3, 0x4FE2, 0x57E3,
  0x4FE1, 0x4FE1, 0x4FE1, 0x4FE1, 0x47E0, 0x47E0, 0x10E4, 0x1105, 0x10E4, 0x10E5,
  0x1905, 0x10E4, 0x1905, 0x10E5, 0x403F, 0x403F, 0x487F, 0x407F, 0x489F, 0x48BF,
  0x50DF, 0x48FF, 0x511F, 0x511F, 0x595F, 0x515F, 0x599F, 0x599F, 0x59DF, 0x59DF,
  0x61FF, 0x5A1F, 0x623F, 0x625F, 0x6A7F, 0x627F, 0x6ABF, 0x6ABF, 0x6ADF, 0x6AFF,
  0x731F, 0x733F, 0x735F, 0x735F, 0x7B9F, 0x739F, 0x7BBF, 0x7BDF, 0x83FF, 0x7BFF,
  0x843F, 0x845F, 0x8C9F, 0x8CBF, 0x94DF, 0x94FF, 0x9D3F, 0x953F, 0x9D7F, 0x9D9F,
  0xA5BF, 0xA5DF, 0xAE1F, 0xA61F, 0xAE5F, 0xAE7F, 0xB69F, 0xB6BF, 0xB6DF, 0xB6FF,
  0xBF1F, 0xB73F, 0xBF5F, 0xBF7F, 0xBF9F, 0xBF9F, 0xC7DF, 0xBFDF, 0xC7FF, 0xBFFF,
  0xC7FF, 0xBFFE, 0xBFFE, 0xBFFD, 0xBFFD, 0xBFFC, 0xBFFC, 0xB7FB, 0xB7FB, 0xB7FA,
  0xB7FA, 0xAFF9, 0xAFF9, 0xAFF8, 0xAFF8, 0xA7F7, 0xA7F7, 0x9FF6, 0x9FF5, 0x97F4,
  0x9FF4, 0x97F3, 0x97F3, 0x8FF2, 0x8FF2, 0x87F1, 0x87F0, 0x7FEF, 0x87EF, 0x7FEF,
  0x7FEE, 0x77EE, 0x7FEE, 0x77ED, 0x77ED, 0x77EC, 0x77EC, 0x6FEB, 0x6FEB, 0x6FEA,
  0x6FEA, 0x67E9, 0x6FE9, 0x67E8, 0x67E9, 0x67E8, 0x67E7, 0x5FE7, 0x5FE7, 0x5FE6,
  0x5FE6, 0x57E5, 0x5FE5, 0x57E4, 0x57E4, 0x4FE3, 0x57E3, 0x4FE2, 0x4FE2, 0x47E1,
  0x4FE1, 0x47E0, 0x47E0, 0x10E4, 0x1905, 0x10E5, 0x1905, 0x10E4, 0x10E4, 0x1905,
  0x10E4, 0x10E5, 0x381F, 0x403F, 0x385F, 0x407F, 0x407F, 0x48BF, 0x40BF, 0x48FF,
  0x48FF, 0x513F, 0x493F, 0x515F, 0x517F, 0x519F, 0x519F, 0x59DF, 0x59DF, 0x5A1F,
  0x5A1F, 0x623F, 0x5A5F, 0x627F, 0x627F, 0x62BF, 0x62BF, 0x6AFF, 0x6AFF, 0x6B1F,
  0x6B3F, 0x735F, 0x6B5F, 0x739F, 0x739F, 0x7BDF, 0x73DF, 0x7C1F, 0x7C3F, 0x847F,
  0x847F, 0x8CBF, 0x8CDF, 0x951F, 0x951F, 0x955F, 0x957F, 0x9D9F, 0x9DBF, 0xA5DF,
  0xA5FF, 0xAE3F, 0xA63F, 0xAE7F, 0xAE9F, 0xB6BF, 0xAEBF, 0xB6FF, 0xB71F, 0xB73F,
  0xB73F, 0xBF7F, 0xB77F, 0xBFBF, 0xB7BF, 0xBFFF, 0xBFFF, 0xBFFF, 0xB7FE, 0xBFFE,
  0xB7FD, 0xBFFD, 0xB7FC, 0xB7FC, 0xB7FB, 0xB7FB, 0xAFFA, 0xAFFA, 0xAFF9, 0xAFF9,
  0xA7F8, 0xA7F8, 0xA7F7, 0xA7F7, 0x9FF6, 0x9FF6, 0x97F5, 0x97F5, 0x97F4, 0x97F4,
  0x8FF3, 0x8FF2, 0x87F1, 0x87F1, 0x7FF0, 0x7FF0, 0x77EF, 0x77EF, 0x77EE, 0x77EE,
  0x6FED, 0x77ED, 0x6FEC, 0x6FEC, 0x6FEB, 0x6FEB, 0x67EA, 0x6FEA, 0x67E9, 0x67E9,
  0x5FE9, 0x67E9, 0x5FE8, 0x5FE8, 0x5FE7, 0x5FE7, 0x57E6, 0x57E6, 0x57E5, 0x57E5,
  0x4FE4, 0x4FE4, 0x4FE3, 0x4FE3, 0x47E2, 0x4FE2, 0x47E1, 0x47E1, 0x3FE0, 0x47E0,
  0x3FE0, 0x1905, 0x10E4, 0x10E5, 0x10E4, 0x1905, 0x1905, 0x10E5, 0x1905, 0x10E5,
  0x381F, 0x383F, 0x405F, 0x385F, 0x409F, 0x409F, 0x40DF, 0x40DF, 0x491F, 0x491F,
  0x493F, 0x495F, 0x517F, 0x519F, 0x51BF, 0x51BF, 0x59FF, 0x51FF, 0x5A1F, 0x5A3F,
  0x625F, 0x5A7F, 0x629F, 0x629F, 0x62DF, 0x62DF, 0x6AFF, 0x631F, 0x6B3F, 0x6B3F,
  0x6B7F, 0x6B7F, 0x73BF, 0x73DF, 0x7BFF, 0x7C1F, 0x845F, 0x847F, 0x849F, 0x84BF,
  0x8CFF, 0x8CFF, 0x953F, 0x955F, 0x9D9F, 0x9D9F, 0x9DDF, 0x9DDF, 0xA61F, 0xA63F,
  0xAE5F, 0xA67F, 0xAE9F, 0xAEBF, 0xB6DF, 0xAEFF, 0xB71F, 0xB73F, 0xB75F, 0xB77F,
  0xBF9F, 0xB7BF, 0xBFDF, 0xB7DF, 0xBFFF, 0xB7FF, 0xBFFF, 0xB7FE, 0xBFFE, 0xB7FD,
  0xB7FD, 0xB7FC, 0xB7FC, 0xAFFB, 0xB7FB, 0xAFFA, 0xAFFA, 0xA7F9, 0xAFF9, 0xA7F8,
  0xA7F8, 0x9FF7, 0x9FF7, 0x97F6, 0x9FF6, 0x97F5, 0x97F4, 0x8FF3, 0x8FF3, 0x87F2,
  0x87F2, 0x87F1, 0x87F1, 0x7FF0, 0x7FF0, 0x77EE, 0x77EE, 0x6FED, 0x6FED, 0x6FEC,
  0x6FED, 0x6FEC, 0x6FEC, 0x67EB, 0x67EB, 0x67EA, 0x67EA, 0x5FE9, 0x67E9, 0x5FE8,
  0x5FE8, 0x57E7, 0x5FE7, 0x57E6, 0x57E6, 0x57E5, 0x57E6, 0x4FE5, 0x4FE5, 0x4FE4,
  0x4FE4, 0x47E3, 0x47E3, 0x47E2, 0x47E2, 0x3FE1, 0x47E1, 0x3FE0, 0x3FE0, 0x10E5,
  0x1905, 0x10E5, 0x1905, 0x10E5, 0x10E4, 0x10E5, 0x10E4, 0x1105, 0x10E4, 0x383F,
  0x303F, 0x385F, 0x387F, 0x389F, 0x38BF, 0x40DF, 0x40DF, 0x411F, 0x411F, 0x495F,
  0x415F, 0x497F, 0x499F, 0x51BF, 0x49BF, 0x51FF, 0x51FF, 0x5A3F, 0x523F, 0x5A5F,
  0x5A7F, 0x5A9F, 0x5A9F, 0x62DF, 0x5ADF, 0x631F, 0x631F, 0x633F, 0x635F, 0x6B9F,
  0x6B9F, 0x73DF, 0x73FF, 0x7C3F, 0x7C3F, 0x7C7F, 0x7C9F, 0x84BF, 0x84DF, 0x8D1F,
  0x8D3F, 0x955F, 0x957F, 0x959F, 0x95BF, 0x9DFF, 0x9DFF, 0xA63F, 0x9E3F, 0xA67F,
  0xA67F, 0xAEBF, 0xA6DF, 0xAEFF, 0xAEFF, 0xAF3F, 0xAF5F, 0xB77F, 0xAF7F, 0xB7BF,
  0xB7BF, 0xB7FF, 0xAFFF, 0xB7FF, 0xB7FE, 0xB7FE, 0xAFFD, 0xB7FD, 0xAFFC, 0xB7FC,
  0xAFFB, 0xAFFB, 0xA7FA, 0xAFFA, 0xA7F9, 0xA7F9, 0x9FF8, 0xA7F8, 0x9FF7, 0x9FF7,
  0x97F6, 0x97F6, 0x97F5, 0x97F5, 0x8FF4, 0x8FF4, 0x87F3, 0x87F2, 0x7FF1, 0x87F1,
  0x7FF0, 0x7FF0, 0x77EF, 0x77EF, 0x6FEE, 0x6FED, 0x67EC, 0x67EC, 0x67EB, 0x67EB,
  0x5FEB, 0x67EB, 0x5FEA, 0x5FEA, 0x5FE9, 0x5FE9, 0x57E8, 0x57E8, 0x57E7, 0x57E7,
  0x4FE6, 0x57E6, 0x4FE5, 0x4FE6, 0x47E4, 0x4FE5, 0x47E4, 0x47E4, 0x47E3, 0x47E3,
  0x3FE2, 0x47E2, 0x3FE1, 0x3FE1, 0x37E0, 0x3FE0, 0x10E4, 0x10E5, 0x10E4, 0x1105,
  0x10E4, 0x10E5, 0x1905, 0x10E4, 0x1905, 0x10E5, 0x1905, 0x301F, 0x383F, 0x305F,
  0x387F, 0x389F, 0x38BF, 0x38BF, 0x40FF, 0x38FF, 0x413F, 0x413F, 0x495F, 0x417F,
  0x499F, 0x49BF, 0x49DF, 0x49DF, 0x521F, 0x521F, 0x523F, 0x525F, 0x5A7F, 0x527F,
  0x5ABF, 0x5ABF, 0x62DF, 0x5AFF, 0x631F, 0x633F, 0x6B7F, 0x6B9F, 0x73BF, 0x6BDF,
  0x741F, 0x743F, 0x7C5F, 0x7C7F, 0x84BF, 0x84BF, 0x8CFF, 0x851F, 0x8D3F, 0x8D5F,
  0x959F, 0x959F, 0x9DDF, 0x95FF, 0x9E1F, 0x9E3F, 0xA65F, 0xA67F, 0xA69F, 0xA6BF,
  0xAEDF, 0xA6FF, 0xAF1F, 0xAF3F, 0xAF5F, 0xAF7F, 0xB79F, 0xAF9F, 0xB7DF, 0xAFDF,
  0xB7FF, 0xAFFF, 0xB7FF, 0xAFFE, 0xB7FE, 0xAFFD, 0xAFFD, 0xAFFC, 0xAFFC, 0xA7FB,
  0xAFFB, 0xA7FA, 0xA7FA, 0x9FF9, 0xA7F9, 0x9FF8, 0x9FF8, 0x97F7, 0x9FF7, 0x97F6,
  0x97F6, 0x8FF5, 0x8FF5, 0x8FF4, 0x8FF3, 0x87F2, 0x87F2, 0x7FF1, 0x7FF1, 0x77F0,
  0x77F0, 0x77EF, 0x77EF, 0x6FED, 0x6FED, 0x67EC, 0x67EC, 0x5FEB, 0x67EB, 0x5FEA,
  0x5FEA, 0x57E9, 0x5FEA, 0x57E9, 0x57E9, 0x57E8, 0x57E8, 0x4FE7, 0x4FE7, 0x4FE6,
  0x4FE6, 0x47E5, 0x4FE5, 0x47E4, 0x47E4, 0x47E3, 0x47E3, 0x3FE2, 0x3FE2, 0x3FE2,
  0x3FE1, 0x37E1, 0x3FE1, 0x37E0, 0x1905, 0x10E4, 0x1905, 0x10E5, 0x1905, 0x10E4,
  0x10E4, 0x1905, 0x10E4, 0x10E5, 0x10E4, 0x301F, 0x281F, 0x305F, 0x305F, 0x309F,
  0x309F, 0x38BF, 0x38DF, 0x38FF, 0x38FF, 0x413F, 0x393F, 0x417F, 0x417F, 0x419F,
  0x41BF, 0x49DF, 0x49DF, 0x4A1F, 0x4A1F, 0x525F, 0x4A5F, 0x527F, 0x529F, 0x5ABF,
  0x52BF, 0x5AFF, 0x5B1F, 0x635F, 0x635F, 0x6B9F, 0x6BBF, 0x73FF, 0x6BFF, 0x743F,
  0x745F, 0x7C9F, 0x7C9F, 0x84DF, 0x84FF, 0x8D1F, 0x853F, 0x8D5F, 0x8D7F, 0x95BF,
  0x95BF, 0x95FF, 0x961F, 0x9E3F, 0x9E5F, 0x9E7F, 0x9E9F, 0xA6BF, 0xA6DF, 0xA6FF,
  0xA71F, 0xAF3F, 0xA73F, 0xAF7F, 0xAF7F, 0xAFBF, 0xAFBF, 0xAFFF, 0xAFFF, 0xAFFF,
  0xAFFE, 0xAFFE, 0xAFFD, 0xAFFD, 0xA7FC, 0xAFFC, 0xA7FB, 0xA7FB, 0xA7FA, 0xA7FA,
  0x9FF9, 0x9FF9, 0x9FF8, 0x9FF8, 0x97F7, 0x97F7, 0x97F6, 0x97F6, 0x8FF5, 0x8FF5,
  0x87F4, 0x87F4, 0x87F3, 0x87F3, 0x7FF2, 0x7FF1, 0x77F1, 0x77F0, 0x6FEF, 0x6FEF,
  0x6FEE, 0x6FEE, 0x67ED, 0x67ED, 0x5FEC, 0x5FEB, 0x57EA, 0x57EA, 0x57E9, 0x57EA,
  0x4FE8, 0x57E9, 0x4FE8, 0x4FE8, 0x4FE7, 0x4FE7, 0x47E6, 0x4FE6, 0x47E5, 0x47E5,
  0x3FE4, 0x47E4, 0x3FE3, 0x3FE3, 0x3FE3, 0x3FE3, 0x37E2, 0x37E2, 0x37E1, 0x37E1,
  0x2FE0, 0x2FE0, 0x10E4, 0x1905, 0x10E4, 0x10E5, 0x10E4, 0x1905, 0x1905, 0x10E5,
  0x1905, 0x10E5, 0x1905, 0x10E5, 0x283F, 0x283F, 0x307F, 0x307F, 0x309F, 0x30BF,
  0x38DF, 0x30FF, 0x391F, 0x391F, 0x415F, 0x395F, 0x417F, 0x419F, 0x41BF, 0x41DF,
  0x49FF, 0x41FF, 0x4A3F, 0x4A3F, 0x4A5F, 0x4A5F, 0x529F, 0x52BF, 0x5ADF, 0x5AFF,
  0x633F, 0x5B5F, 0x637F, 0x639F, 0x6BDF, 0x6BFF, 0x741F, 0x743F, 0x7C7F, 0x7C7F,
  0x7CBF, 0x7CDF, 0x84FF, 0x851F, 0x8D5F, 0x855F, 0x8D9F, 0x8DBF, 0x95DF, 0x95FF,
  0x9E1F, 0x963F, 0x9E5F, 0x9E7F, 0xA6BF, 0x9EBF, 0xA6DF, 0xA6FF, 0xA71F, 0xA73F,
  0xA75F, 0xA77F, 0xAF9F, 0xA7BF, 0xAFDF, 0xA7DF, 0xAFFF, 0xA7FF, 0xAFFF, 0xA7FE,
  0xAFFE, 0xA7FD, 0xA7FD, 0xA7FC, 0xA7FC, 0xA7FB, 0xA7FB, 0x9FFA, 0xA7FA, 0x9FF9,
  0x9FF9, 0x97F8, 0x9FF8, 0x97F7, 0x97F7, 0x8FF6, 0x8FF6, 0x8FF5, 0x8FF5, 0x87F4,
  0x87F4, 0x7FF3, 0x7FF2, 0x77F1, 0x7FF1, 0x77F0, 0x77F0, 0x6FEF, 0x6FEF, 0x67EE,
  0x67EE, 0x5FEC, 0x67EC, 0x5FEB, 0x5FEB, 0x57EA, 0x57EA, 0x4FE9, 0x4FE9, 0x4FE8,
  0x4FE8, 0x4FE7, 0x4FE7, 0x47E6, 0x47E7, 0x47E6, 0x47E6, 0x3FE5, 0x47E5, 0x3FE4,
  0x3FE4, 0x37E3, 0x3FE3, 0x37E2, 0x37E2, 0x37E1, 0x37E1, 0x2FE0, 0x2FE0, 0x10E5,
  0x1905, 0x10E5, 0x1905, 0x10E5, 0x1905, 0x10E5, 0x10E4, 0x10E5, 0x10E4, 0x1105,
  0x10E4, 0x10E5, 0x201F, 0x283F, 0x203F, 0x287F, 0x287F, 0x30BF, 0x28BF, 0x30DF,
  0x30FF, 0x391F, 0x311F, 0x395F, 0x395F, 0x399F, 0x399F, 0x41BF, 0x39DF, 0x41FF,
  0x41FF, 0x423F, 0x423F, 0x4A7F, 0x4A7F, 0x52BF, 0x52DF, 0x5B1F, 0x531F, 0x5B5F,
  0x5B7F, 0x63BF, 0x63BF, 0x6BFF, 0x6C1F, 0x743F, 0x6C5F, 0x749F, 0x749F, 0x7CDF,
  0x7CFF, 0x851F, 0x853F, 0x857F, 0x857F, 0x8DBF, 0x8DBF, 0x95FF, 0x8DFF, 0x963F,
  0x965F, 0x9E7F, 0x969F, 0x9EBF, 0x9EDF, 0x9EFF, 0x9F1F, 0xA73F, 0x9F5F, 0xA77F,
  0x9F7F, 0xA7BF, 0xA7BF, 0xA7FF, 0xA7FF, 0xA7FF, 0xA7FE, 0xA7FE, 0x9FFD, 0xA7FD,
  0x9FFC, 0xA7FC, 0x9FFB, 0x9FFB, 0x9FFA, 0x9FFA, 0x97F9, 0x97F9, 0x97F8, 0x97F8,
  0x8FF7, 0x8FF7, 0x8FF6, 0x8FF6, 0x87F5, 0x87F5, 0x87F4, 0x87F4, 0x7FF3, 0x7FF3,
  0x77F2, 0x77F2, 0x6FF1, 0x77F0, 0x6FEF, 0x6FEF, 0x67EE, 0x67EE, 0x5FED, 0x5FED,
  0x57EC, 0x57EC, 0x57EB, 0x57EA, 0x4FE9, 0x4FE9, 0x47E8, 0x47E8, 0x47E7, 0x47E7,
  0x3FE6, 0x47E6, 0x3FE5, 0x3FE6, 0x3FE5, 0x3FE5, 0x37E4, 0x37E4, 0x37E3, 0x37E3,
  0x2FE2, 0x37E2, 0x2FE1, 0x2FE1, 0x27E0, 0x2FE0, 0x27E0, 0x1105, 0x10E4, 0x10E5,
  0x10E4, 0x1105, 0x10E4, 0x10E5, 0x1905, 0x10E4, 0x1905, 0x10E5, 0x1905, 0x10E4,
  0x201F, 0x203F, 0x285F, 0x205F, 0x289F, 0x289F, 0x28BF, 0x28DF, 0x30FF, 0x311F,
  0x313F, 0x313F, 0x397F, 0x317F, 0x399F, 0x39BF, 0x41DF, 0x39DF, 0x421F, 0x421F,
  0x4A5F, 0x427F, 0x4A9F, 0x4ABF, 0x52FF, 0x531F, 0x5B3F, 0x5B5F, 0x639F, 0x63BF,
  0x63DF, 0x63FF, 0x6C3F, 0x6C3F, 0x747F, 0x749F, 0x7CBF, 0x7CDF, 0x7D1F, 0x7D1F,
  0x855F, 0x857F, 0x859F, 0x85BF, 0x8DDF, 0x8DFF, 0x961F, 0x8E3F, 0x965F, 0x967F,
  0x9E9F, 0x96BF, 0x9EDF, 0x9EFF, 0x9F1F, 0x9F3F, 0xA75F, 0x9F7F, 0xA79F, 0x9F9F,
  0xA7DF, 0x9FDF, 0xA7FF, 0x9FFF, 0xA7FF, 0x9FFE, 0xA7FE, 0x9FFD, 0xA7FD, 0x9FFC,
  0x9FFC, 0x9FFB, 0x9FFB, 0x97FA, 0x9FFA, 0x97F9, 0x97F9, 0x8FF8, 0x97F8, 0x8FF7,
  0x8FF7, 0x87F6, 0x87F6, 0x87F5, 0x87F5, 0x7FF4, 0x7FF4, 0x77F3, 0x7FF3, 0x77F2,
  0x77F1, 0x6FF0, 0x6FF0, 0x67EF, 0x67EF, 0x67EE, 0x67EE, 0x5FED, 0x5FED, 0x57EB,
  0x57EB, 0x4FEA, 0x4FEA, 0x47E9, 0x4FE9, 0x47E8, 0x47E8, 0x3FE7, 0x47E7, 0x3FE6,
  0x3FE6, 0x37E5, 0x3FE5, 0x37E4, 0x37E4, 0x37E3, 0x37E4, 0x2FE3, 0x2FE3, 0x2FE2,
  0x2FE2, 0x27E1, 0x2FE1, 0x27E0, 0x27E0, 0x10E5, 0x1905, 0x10E4, 0x1905, 0x10E5,
  0x1905, 0x10E4, 0x10E4, 0x1905, 0x10E4, 0x10E5, 0x10E4, 0x1905, 0x10E4, 0x201F,
  0x183F, 0x205F, 0x205F, 0x209F, 0x209F, 0x28DF, 0x28DF, 0x28FF, 0x291F, 0x313F,
  0x293F, 0x317F, 0x317F, 0x399F, 0x31BF, 0x39DF, 0x39FF, 0x423F, 0x423F, 0x427F,
  0x429F, 0x4ADF, 0x4ADF, 0x531F, 0x533F, 0x5B7F, 0x5B7F, 0x63BF, 0x63DF, 0x641F,
  0x641F, 0x6C5F, 0x6C7F, 0x749F, 0x74BF, 0x74DF, 0x74FF, 0x7D3F, 0x7D3F, 0x857F,
  0x859F, 0x85BF, 0x85DF, 0x8DFF, 0x8E1F, 0x8E3F, 0x8E5F, 0x967F, 0x969F, 0x96BF,
  0x96DF, 0x96FF, 0x971F, 0x9F3F, 0x973F, 0x9F7F, 0x9F7F, 0x9FBF, 0x9FBF, 0x9FFF,
  0x9FFF, 0x9FFF, 0x9FFE, 0x9FFE, 0x9FFD, 0x9FFD, 0x97FC, 0x9FFC, 0x97FB, 0x9FFB,
  0x97FA, 0x97FA, 0x97FA, 0x97FA, 0x8FF8, 0x8FF8, 0x8FF8, 0x8FF7, 0x87F6, 0x87F6,
  0x87F5, 0x87F5, 0x7FF4, 0x7FF4, 0x77F3, 0x77F3, 0x77F2, 0x77F2, 0x6FF1, 0x6FF1,
  0x67F0, 0x67EF, 0x67EF, 0x67EE, 0x5FED, 0x5FED, 0x57EC, 0x57EC, 0x4FEB, 0x4FEB,
  0x47EA, 0x4FE9, 0x47E8, 0x47E8, 0x3FE7, 0x3FE7, 0x37E6, 0x37E6, 0x37E5, 0x37E5,
  0x2FE4, 0x37E4, 0x2FE3, 0x2FE4, 0x2FE3, 0x2FE3, 0x27E2, 0x2FE2, 0x27E1, 0x27E1,
  0x1FE0, 0x27E0, 0x10E4, 0x10E5, 0x10E4, 0x1905, 0x10E4, 0x10E5, 0x10E4, 0x1905,
  0x1905, 0x10E5, 0x1905, 0x10E5, 0x1905, 0x10E5, 0x1905, 0x181F, 0x203F, 0x185F,
  0x207F, 0x207F, 0x20BF, 0x20BF, 0x28DF, 0x20FF, 0x291F, 0x291F, 0x295F, 0x295F,
  0x317F, 0x319F, 0x31BF, 0x31DF, 0x3A1F, 0x3A3F, 0x425F, 0x427F, 0x4ABF, 0x4ADF,
  0x52FF, 0x4B1F, 0x535F, 0x537F, 0x5B9F, 0x5BBF, 0x63FF, 0x63FF, 0x6C3F, 0x645F,
  0x6C7F, 0x6C9F, 0x74DF, 0x74DF, 0x7D1F, 0x7D3F, 0x7D5F, 0x7D7F, 0x859F, 0x85BF,
  0x85DF, 0x85FF, 0x8E3F, 0x8E3F, 0x8E5F, 0x8E7F, 0x96BF, 0x96BF, 0x96DF, 0x96FF,
  0x9F1F, 0x973F, 0x9F5F, 0x977F, 0x9F9F, 0x97BF, 0x9FDF, 0x97DF, 0x9FFF, 0x9FFF,
  0x9FFF, 0x97FE, 0x9FFE, 0x97FD, 0x9FFD, 0x97FC, 0x9FFC, 0x97FB, 0x97FB, 0x8FFA,
  0x97FA, 0x8FF9, 0x8FF9, 0x8FF8, 0x8FF8, 0x87F7, 0x87F7, 0x87F6, 0x87F6, 0x7FF5,
  0x7FF5, 0x77F4, 0x7FF4, 0x77F3, 0x77F3, 0x6FF2, 0x6FF2, 0x6FF1, 0x6FF0, 0x67EF,
  0x67EF, 0x5FEE, 0x5FEE, 0x57ED, 0x57ED, 0x57EC, 0x57EC, 0x4FEA, 0x4FEA, 0x47E9,
  0x47E9, 0x3FE8, 0x3FE8, 0x37E7, 0x37E7, 0x37E5, 0x37E6, 0x2FE5, 0x2FE5, 0x2FE4,
  0x2FE4, 0x2FE3, 0x2FE3, 0x27E2, 0x27E2, 0x27E1, 0x27E1, 0x1FE0, 0x27E1, 0x1FE0,
  0x1905, 0x10E5, 0x1905, 0x10E5, 0x1905, 0x10E5, 0x1905, 0x10E5, 0x10E4, 0x10E5,
  0x10E4, 0x1105, 0x10E4, 0x10E5, 0x10E4, 0x1105, 0x101F, 0x183F, 0x185F, 0x187F,
  0x187F, 0x20BF, 0x18BF, 0x20DF, 0x20FF, 0x211F, 0x213F, 0x295F, 0x295F, 0x299F,
  0x29BF, 0x31FF, 0x31FF, 0x3A3F, 0x3A5F, 0x429F, 0x429F, 0x4ADF, 0x4AFF, 0x533F,
  0x4B3F, 0x537F, 0x539F, 0x5BBF, 0x5BDF, 0x641F, 0x641F, 0x645F, 0x647F, 0x6C9F,
  0x6CBF, 0x74FF, 0x6CFF, 0x753F, 0x753F, 0x7D7F, 0x7D9F, 0x7DBF, 0x7DDF, 0x85FF,
  0x861F, 0x863F, 0x865F, 0x8E7F, 0x869F, 0x8EBF, 0x8EDF, 0x96FF, 0x8F1F, 0x973F,
  0x8F5F, 0x977F, 0x977F, 0x97BF, 0x97BF, 0x97FF, 0x97FF, 0x97FF, 0x97FE, 0x97FE,
  0x97FD, 0x97FD, 0x8FFC, 0x97FC, 0x8FFB, 0x8FFB, 0x8FFA, 0x8FFA, 0x87F9, 0x8FF9,
  0x87F8, 0x87F8, 0x87F7, 0x87F7, 0x7FF6, 0x7FF6, 0x7FF5, 0x7FF5, 0x77F4, 0x77F4,
  0x6FF3, 0x77F3, 0x6FF2, 0x6FF2, 0x67F1, 0x67F1, 0x67F0, 0x67F0, 0x5FEF, 0x5FEE,
  0x57ED, 0x57ED, 0x4FEC, 0x4FEC, 0x4FEB, 0x4FEB, 0x47EA, 0x47EA, 0x3FE9, 0x3FE8,
  0x37E7, 0x37E7, 0x2FE6, 0x37E6, 0x2FE5, 0x2FE5, 0x27E4, 0x27E4, 0x27E3, 0x27E3,
  0x1FE2, 0x27E2, 0x1FE1, 0x1FE1, 0x1FE0, 0x1FE1, 0x17E0, 0x10E5, 0x10E4, 0x1105,
  0x10E4, 0x10E5, 0x10E4, 0x1105, 0x10E4, 0x10E5, 0x1905, 0x10E4, 0x1905, 0x10E5,
  0x1905, 0x10E4, 0x1905, 0x10E5, 0x101F, 0x103F, 0x185F, 0x105F, 0x189F, 0x189F,
  0x20BF, 0x18DF, 0x20FF, 0x18FF, 0x213F, 0x215F, 0x297F, 0x299F, 0x31DF, 0x31FF,
  0x3A1F, 0x3A3F, 0x427F, 0x3A9F, 0x42BF, 0x42DF, 0x4B1F, 0x4B3F, 0x535F, 0x537F,
  0x5BBF, 0x53BF, 0x5BFF, 0x5C1F, 0x643F, 0x645F, 0x6C9F, 0x649F, 0x6CDF, 0x6CFF,
  0x751F, 0x753F, 0x7D5F, 0x757F, 0x7D9F, 0x7DBF, 0x85FF, 0x7DFF, 0x861F, 0x863F,
  0x8E7F, 0x867F, 0x8E9F, 0x86BF, 0x8EFF, 0x8EFF, 0x8F1F, 0x8F3F, 0x975F, 0x8F7F,
  0x979F, 0x8F9F, 0x97DF, 0x97DF, 0x97FF, 0x8FFF, 0x97FF, 0x8FFE, 0x97FE, 0x8FFD,
  0x97FD, 0x8FFC, 0x8FFC, 0x8FFB, 0x8FFB, 0x8FFA, 0x8FFA, 0x87F9, 0x8FF9, 0x87F8,
  0x87F8, 0x7FF7, 0x87F7, 0x7FF6, 0x7FF6, 0x77F5, 0x7FF5, 0x77F4, 0x77F4, 0x6FF3,
  0x6FF3, 0x67F2, 0x6FF2, 0x67F1, 0x67F1, 0x5FF0, 0x5FEF, 0x57EE, 0x5FEE, 0x57ED,
  0x57ED, 0x4FEC, 0x4FEC, 0x47EB, 0x47EB, 0x3FE9, 0x47E9, 0x3FE8, 0x3FE8, 0x37E7,
  0x37E7, 0x2FE6, 0x2FE6, 0x27E4, 0x27E4, 0x27E3, 0x27E3, 0x1FE2, 0x27E3, 0x1FE2,
  0x1FE2, 0x17E1, 0x1FE1, 0x17E0, 0x17E0, 0x10E4, 0x1905, 0x10E5, 0x1905, 0x10E4,
  0x1905, 0x10E5, 0x1905, 0x10E4, 0x10E4, 0x1905, 0x10E4, 0x10E5, 0x10E4, 0x1905,
  0x10E4, 0x10E5, 0x10E4, 0x103F, 0x083F, 0x105F, 0x107F, 0x189F, 0x109F, 0x18DF,
  0x18DF, 0x211F, 0x191F, 0x215F, 0x217F, 0x29BF, 0x29BF, 0x31FF, 0x321F, 0x3A5F,
  0x325F, 0x3A9F, 0x3ABF, 0x42FF, 0x42FF, 0x4B3F, 0x4B5F, 0x537F, 0x4B9F, 0x53DF,
  0x53FF, 0x5C1F, 0x5C3F, 0x645F, 0x647F, 0x64BF, 0x64BF, 0x6CFF, 0x6D1F, 0x753F,
  0x6D5F, 0x757F, 0x759F, 0x7DBF, 0x75DF, 0x7DFF, 0x7E1F, 0x863F, 0x7E5F, 0x867F,
  0x869F, 0x86BF, 0x86DF, 0x8EFF, 0x871F, 0x8F3F, 0x873F, 0x8F7F, 0x8F7F, 0x8FBF,
  0x8FBF, 0x8FFF, 0x8FFF, 0x8FFF, 0x8FFE, 0x8FFE, 0x8FFD, 0x8FFD, 0x87FC, 0x8FFC,
  0x87FB, 0x8FFC, 0x87FA, 0x87FA, 0x87FA, 0x87FA, 0x7FF8, 0x87F8, 0x7FF8, 0x7FF8,
  0x77F6, 0x7FF6, 0x77F6, 0x77F5, 0x6FF4, 0x77F4, 0x6FF3, 0x6FF3, 0x67F2, 0x67F2,
  0x67F1, 0x67F1, 0x5FF0, 0x5FF0, 0x57EF, 0x57EF, 0x4FEE, 0x57ED, 0x4FED, 0x4FEC,
  0x47EB, 0x47EB, 0x3FEA, 0x3FEA, 0x37E9, 0x3FE9, 0x37E8, 0x37E8, 0x2FE6, 0x2FE6,
  0x27E5, 0x27E5, 0x1FE4, 0x1FE4, 0x1FE3, 0x1FE3, 0x17E2, 0x17E2, 0x17E1, 0x17E1,
  0x0FE0, 0x17E0, 0x10E4, 0x1905, 0x10E4, 0x10E5, 0x10E4, 0x1905, 0x10E4, 0x10E5,
  0x10E4, 0x1905, 0x1905, 0x10E5, 0x1905, 0x10E5, 0x1905, 0x10E5, 0x1905, 0x10E5,
  0x1905, 0x081F, 0x083F, 0x083F, 0x107F, 0x107F, 0x109F, 0x10BF, 0x18FF, 0x191F,
  0x213F, 0x215F, 0x299F, 0x29BF, 0x29DF, 0x29FF, 0x323F, 0x325F, 0x3A7F, 0x3A9F,
  0x42DF, 0x42FF, 0x431F, 0x433F, 0x4B7F, 0x4B7F, 0x53BF, 0x53DF, 0x5BFF, 0x5C1F,
  0x5C5F, 0x5C5F, 0x649F, 0x64BF, 0x6CDF, 0x64FF, 0x6D1F, 0x6D3F, 0x755F, 0x6D7F,
  0x75BF, 0x75BF, 0x7DFF, 0x75FF, 0x7E3F, 0x7E3F, 0x867F, 0x7E7F, 0x86BF, 0x86BF,
  0x86DF, 0x86FF, 0x8F1F, 0x873F, 0x8F5F, 0x877F, 0x8F9F, 0x8FBF, 0x8FDF, 0x8FDF,
  0x8FFF, 0x8FFF, 0x8FFF, 0x87FE, 0x8FFE, 0x87FD, 0x8FFD, 0x87FC, 0x8FFC, 0x87FB,
  0x87FB, 0x87FA, 0x87FA, 0x7FF9, 0x87F9, 0x7FF8, 0x7FF8, 0x7FF7, 0x7FF7, 0x77F6,
  0x77F6, 0x77F5, 0x77F5, 0x6FF4, 0x6FF4, 0x67F3, 0x6FF3, 0x67F2, 0x67F2, 0x5FF1,
  0x5FF1, 0x57F0, 0x5FF0, 0x57EF, 0x57EE, 0x4FED, 0x4FED, 0x47EC, 0x47EC, 0x47EB,
  0x47EB, 0x3FEA, 0x3FEA, 0x37E8, 0x37E9, 0x2FE7, 0x2FE7, 0x27E6, 0x2FE6, 0x27E5,
  0x27E5, 0x1FE3, 0x1FE3, 0x17E2, 0x17E2, 0x17E1, 0x17E1, 0x0FE1, 0x0FE0, 0x0FE0,
  0x1905, 0x10E5, 0x1905, 0x10E5, 0x1905, 0x10E5, 0x1905, 0x10E5, 0x1905, 0x10E5,
  0x10E4, 0x10E5, 0x10E4, 0x1105, 0x10E4, 0x10E5, 0x10E4, 0x1105, 0x10E4, 0x10E5,
  0x001F, 0x083F, 0x005F, 0x087F, 0x089F, 0x10DF, 0x10DF, 0x191F, 0x193F, 0x217F,
  0x217F, 0x21BF, 0x21DF, 0x2A1F, 0x2A1F, 0x325F, 0x327F, 0x3ABF, 0x3ABF, 0x3AFF,
  0x3B1F, 0x433F, 0x435F, 0x4B9F, 0x4B9F, 0x53DF, 0x4BFF, 0x541F, 0x543F, 0x5C7F,
  0x5C7F, 0x64BF, 0x5CBF, 0x64FF, 0x651F, 0x6D3F, 0x6D5F, 0x6D7F, 0x6D9F, 0x75BF,
  0x75DF, 0x75FF, 0x761F, 0x7E3F, 0x765F, 0x7E7F, 0x7E9F, 0x7EBF, 0x7EDF, 0x86FF,
  0x7F1F, 0x873F, 0x875F, 0x877F, 0x877F, 0x87BF, 0x87BF, 0x87FF, 0x87FF, 0x87FF,
  0x87FE, 0x87FE, 0x87FD, 0x87FD, 0x87FC, 0x87FC, 0x7FFB, 0x87FB, 0x7FFA, 0x7FFB,
  0x7FF9, 0x7FF9, 0x77F9, 0x7FF9, 0x77F7, 0x77F7, 0x77F7, 0x77F7, 0x6FF5, 0x6FF5,
  0x6FF4, 0x6FF4, 0x67F3, 0x67F3, 0x5FF2, 0x67F2, 0x5FF1, 0x5FF1, 0x57F0, 0x57F0,
  0x4FEF, 0x57EF, 0x4FEE, 0x4FEE, 0x47EC, 0x47EC, 0x3FEB, 0x47EB, 0x3FEA, 0x3FEA,
  0x37E9, 0x37E9, 0x2FE8, 0x2FE8, 0x27E7, 0x2FE6, 0x27E5, 0x27E5, 0x1FE4, 0x1FE4,
  0x17E3, 0x17E3, 0x0FE2, 0x0FE1, 0x07E0, 0x0FE0, 0x07E0, 0x1105, 0x10E4, 0x10E5,
  0x10E4, 0x1105, 0x10E4, 0x10E5, 0x10E4, 0x1105, 0x10E4, 0x10E5, 0x1905, 0x10E4,
  0x1905, 0x10E5, 0x1905, 0x10E4, 0x1905, 0x10E5, 0x1905, 0x10E4, 0x001F, 0x003F,
  0x085F, 0x087F, 0x10BF, 0x10DF, 0x10FF, 0x111F, 0x195F, 0x197F, 0x219F, 0x21BF,
  0x29FF, 0x2A1F, 0x323F, 0x2A5F, 0x329F, 0x32BF, 0x3ADF, 0x3AFF, 0x433F, 0x433F,
  0x437F, 0x439F, 0x4BBF, 0x4BDF, 0x53FF, 0x541F, 0x5C5F, 0x547F, 0x5C9F, 0x5CBF,
  0x64DF, 0x64FF, 0x651F, 0x653F, 0x6D7F, 0x6D7F, 0x6DBF, 0x6DBF, 0x75FF, 0x75FF,
  0x763F, 0x763F, 0x7E7F, 0x767F, 0x7EBF, 0x7EBF, 0x7EFF, 0x7EFF, 0x871F, 0x7F3F,
  0x875F, 0x7F7F, 0x879F, 0x7F9F, 0x87DF, 0x87DF, 0x87FF, 0x87FF, 0x87FF, 0x87FE,
  0x87FE, 0x7FFD, 0x87FD, 0x7FFC, 0x87FC, 0x7FFB, 0x7FFB, 0x7FFA, 0x7FFA, 0x77F9,
  0x7FF9, 0x77F8, 0x77F8, 0x77F7, 0x77F7, 0x6FF6, 0x6FF6, 0x6FF5, 0x6FF5, 0x67F4,
  0x67F4, 0x67F3, 0x67F3, 0x5FF2, 0x5FF2, 0x57F1, 0x5FF1, 0x57F0, 0x57F0, 0x4FEF,
  0x4FEF, 0x47EE, 0x47ED, 0x47EC, 0x47EC, 0x3FEB, 0x3FEB, 0x37EA, 0x37EA, 0x37E9,
  0x37E9, 0x2FE7, 0x2FE7, 0x27E6, 0x27E6, 0x1FE5, 0x1FE5, 0x17E4, 0x17E4, 0x17E2,
  0x17E2, 0x0FE1, 0x0FE1, 0x07E0, 0x07E0, 0x10E5, 0x1905, 0x10E4, 0x1905, 0x10E5,
  0x1905, 0x10E4, 0x1905, 0x10E5, 0x1905, 0x10E4, 0x10E4, 0x1905, 0x10E4, 0x10E5,
  0x10E4, 0x1905, 0x10E4, 0x10E5, 0x10E4, 0x1905, 0x10E4, 0x003F, 0x005F, 0x089F,
  0x089F, 0x10DF, 0x10FF, 0x113F, 0x113F, 0x197F, 0x199F, 0x21DF, 0x21DF, 0x2A1F,
  0x2A3F, 0x327F, 0x2A7F, 0x32BF, 0x32DF, 0x3AFF, 0x3B1F, 0x435F, 0x435F, 0x439F,
  0x43BF, 0x4BDF, 0x4BFF, 0x543F, 0x4C3F, 0x547F, 0x549F, 0x5CBF, 0x5CDF, 0x5CFF,
  0x5D1F, 0x653F, 0x655F, 0x6D7F, 0x659F, 0x6DDF, 0x6DDF, 0x6DFF, 0x6E1F, 0x765F,
  0x765F, 0x767F, 0x769F, 0x7EBF, 0x76DF, 0x7EFF, 0x7F1F, 0x7F3F, 0x7F3F, 0x7F7F,
  0x7F7F, 0x7FBF, 0x7FBF, 0x7FFF, 0x7FFF, 0x7FFF, 0x7FFE, 0x7FFE, 0x7FFD, 0x7FFD,
  0x7FFC, 0x7FFC, 0x7FFB, 0x7FFC, 0x77FA, 0x7FFA, 0x77FA, 0x77FA, 0x77F9, 0x77F9,
  0x6FF8, 0x77F8, 0x6FF7, 0x6FF7, 0x67F6, 0x6FF6, 0x67F4, 0x67F4, 0x5FF4, 0x67F4,
  0x5FF2, 0x5FF2, 0x57F1, 0x57F1, 0x4FF0, 0x57F0, 0x4FEF, 0x4FEF, 0x47EE, 0x47EE,
  0x47ED, 0x47ED, 0x3FEC, 0x3FEB, 0x37EA, 0x37EA, 0x2FE9, 0x2FE9, 0x2FE8, 0x2FE8,
  0x27E7, 0x27E7, 0x1FE6, 0x1FE6, 0x17E4, 0x17E4, 0x17E3, 0x17E3, 0x0FE2, 0x0FE2,
  0x07E1, 0x07E1, 0x10E4, 0x10E5, 0x10E4, 0x1905, 0x10E4, 0x10E5, 0x10E4, 0x1905,
  0x10E4, 0x10E5, 0x10E4, 0x1905, 0x1905, 0x10E5, 0x1905, 0x10E5, 0x1905, 0x10E5,
  0x1905, 0x10E5, 0x1905, 0x10E5, 0x1905, 0x003F, 0x007F, 0x009F, 0x08BF, 0x08DF,
  0x111F, 0x113F, 0x195F, 0x197F, 0x21BF, 0x21DF, 0x21FF, 0x221F, 0x2A5F, 0x2A7F,
  0x329F, 0x32BF, 0x3AFF, 0x32FF, 0x3B3F, 0x3B5F, 0x437F, 0x439F, 0x4BDF, 0x43DF,
  0x4C1F, 0x4C3F, 0x545F, 0x547F, 0x5C9F, 0x54BF, 0x5CDF, 0x5CFF, 0x653F, 0x5D3F,
  0x657F, 0x657F, 0x6DBF, 0x65BF, 0x6DFF, 0x6DFF, 0x763F, 0x6E3F, 0x767F, 0x767F,
  0x76BF, 0x76BF, 0x76FF, 0x76FF, 0x7F3F, 0x773F, 0x7F5F, 0x777F, 0x7F9F, 0x7FBF,
  0x7FDF, 0x7FDF, 0x7FFF, 0x7FFF, 0x7FFF, 0x7FFE, 0x7FFE, 0x7FFD, 0x7FFD, 0x77FC,
  0x7FFC, 0x77FB, 0x77FB, 0x77FA, 0x77FA, 0x77F9, 0x77F9, 0x6FF8, 0x77F8, 0x6FF7,
  0x6FF7, 0x67F6, 0x6FF6, 0x67F5, 0x67F5, 0x5FF4, 0x67F4, 0x5FF3, 0x5FF3, 0x57F2,
  0x5FF2, 0x57F1, 0x57F1, 0x4FF0, 0x4FF0, 0x4FEF, 0x4FEF, 0x47EE, 0x47EE, 0x3FED,
  0x3FEC, 0x37EB, 0x3FEB, 0x37EA, 0x37EA, 0x2FE9, 0x2FE9, 0x27E8, 0x27E8, 0x1FE7,
  0x27E7, 0x1FE5, 0x1FE5, 0x17E4, 0x17E4, 0x0FE3, 0x0FE3, 0x07E2, 0x07E2, 0x07E0,
  0x1905, 0x10E5, 0x1905, 0x10E5, 0x1905, 0x10E5, 0x1905, 0x10E5, 0x1905, 0x10E5,
  0x1905, 0x10E5, 0x10E4, 0x10E5, 0x10E4, 0x1105, 0x10E4, 0x10E5, 0x10E4, 0x1105,
  0x10E4, 0x10E5, 0x10E4, 0x1105, 0x005F, 0x009F, 0x00BF, 0x08FF, 0x08FF, 0x113F,
  0x115F, 0x199F, 0x119F, 0x19DF, 0x19FF, 0x223F, 0x223F, 0x2A7F, 0x2A9F, 0x32BF,
  0x2ADF, 0x331F, 0x331F, 0x3B5F, 0x3B7F, 0x439F, 0x43BF, 0x43FF, 0x43FF, 0x4C3F,
  0x4C3F, 0x547F, 0x4C9F, 0x54BF, 0x54DF, 0x5CFF, 0x551F, 0x5D3F, 0x5D5F, 0x659F,
  0x5D9F, 0x65BF, 0x65DF, 0x6E1F, 0x661F, 0x6E3F, 0x6E5F, 0x6E7F, 0x6E9F, 0x76BF,
  0x6EDF, 0x76FF, 0x6F1F, 0x773F, 0x775F, 0x777F, 0x777F, 0x77BF, 0x77BF, 0x77FF,
  0x77FF, 0x77FF, 0x77FE, 0x77FE, 0x77FD, 0x77FD, 0x77FC, 0x77FC, 0x6FFB, 0x77FB,
  0x6FFA, 0x77FB, 0x6FF9, 0x6FF9, 0x6FF9, 0x6FF9, 0x67F7, 0x6FF7, 0x67F7, 0x67F7,
  0x5FF5, 0x67F5, 0x5FF5, 0x5FF5, 0x57F3, 0x5FF3, 0x57F2, 0x57F2, 0x4FF1, 0x4FF1,
  0x4FF0, 0x4FF0, 0x47EF, 0x47EF, 0x47EE, 0x47EE, 0x3FED, 0x3FED, 0x37EC, 0x37EC,
  0x2FEA, 0x37EA, 0x2FE9, 0x2FE9, 0x27E8, 0x27E8, 0x1FE7, 0x1FE7, 0x17E6, 0x1FE6,
  0x17E5, 0x17E4, 0x0FE3, 0x0FE3, 0x07E2, 0x07E2, 0x07E1, 0x10E5, 0x10E4, 0x1105,
  0x10E4, 0x10E5, 0x10E4, 0x1105, 0x10E4, 0x10E5, 0x10E4, 0x1105, 0x10E4, 0x10E5,
  0x1905, 0x10E4, 0x1905, 0x10E5, 0x1905, 0x10E4, 0x1905, 0x10E5, 0x1905, 0x10E4,
  0x1905, 0x10E5, 0x1905, 0x009F, 0x08DF, 0x08FF, 0x091F, 0x093F, 0x117F, 0x119F,
  0x19BF, 0x19DF, 0x221F, 0x223F, 0x225F, 0x227F, 0x2ABF, 0x2ABF, 0x32FF, 0x331F,
  0x3B3F, 0x335F, 0x3B7F, 0x3B9F, 0x43DF, 0x43DF, 0x441F, 0x443F, 0x4C5F, 0x4C7F,
  0x549F, 0x4CBF, 0x54FF, 0x54FF, 0x5D3F, 0x553F, 0x5D7F, 0x5D7F, 0x65BF, 0x5DBF,
  0x65FF, 0x65FF, 0x6E3F, 0x663F, 0x6E7F, 0x6E7F, 0x6EBF, 0x6EBF, 0x76FF, 0x6EFF,
  0x771F, 0x6F3F, 0x775F, 0x777F, 0x779F, 0x779F, 0x77DF, 0x77DF, 0x77FF, 0x77FF,
  0x77FF, 0x77FE, 0x77FE, 0x6FFD, 0x77FD, 0x6FFC, 0x77FC, 0x6FFB, 0x77FB, 0x6FFA,
  0x6FFA, 0x6FF9, 0x6FF9, 0x67F8, 0x6FF8, 0x67F7, 0x67F7, 0x67F6, 0x67F6, 0x5FF5,
  0x5FF5, 0x5FF4, 0x5FF4, 0x57F3, 0x57F3, 0x57F2, 0x57F2, 0x4FF1, 0x4FF1, 0x47F0,
  0x47F0, 0x47EF, 0x47EF, 0x3FEE, 0x3FEE, 0x37ED, 0x3FED, 0x37EC, 0x37EB, 0x2FEA,
  0x2FEA, 0x27E9, 0x27E9, 0x27E8, 0x27E8, 0x1FE7, 0x1FE7, 0x17E5, 0x17E5, 0x0FE4,
  0x0FE4, 0x07E3, 0x0FE3, 0x07E2, 0x1905, 0x10E4, 0x1905, 0x10E5, 0x1905, 0x10E4,
  0x1905, 0x10E5, 0x1905, 0x10E4, 0x1905, 0x10E5, 0x1905, 0x10E4, 0x10E4, 0x1905,
  0x10E4, 0x10E5, 0x10E4, 0x1905, 0x10E4, 0x10E5, 0x10E4, 0x1905, 0x10E4, 0x10E5,
  0x10E4, 0x00BF, 0x00DF, 0x08FF, 0x091F, 0x095F, 0x095F, 0x119F, 0x11BF, 0x19FF,
  0x19FF, 0x223F, 0x1A5F, 0x227F, 0x229F, 0x2ADF, 0x2ADF, 0x331F, 0x2B3F, 0x335F,
  0x337F, 0x3BBF, 0x3BBF, 0x43FF, 0x441F, 0x443F, 0x445F, 0x4C7F, 0x4C9F, 0x4CBF,
  0x4CDF, 0x54FF, 0x551F, 0x5D5F, 0x555F, 0x5D9F, 0x5D9F, 0x5DDF, 0x5DDF, 0x661F,
  0x661F, 0x665F, 0x665F, 0x667F, 0x669F, 0x6EBF, 0x66DF, 0x6EFF, 0x6F1F, 0x6F3F,
  0x6F3F, 0x6F7F, 0x6F7F, 0x77BF, 0x6FBF, 0x6FFF, 0x6FFF, 0x77FF, 0x6FFE, 0x6FFE,
  0x6FFD, 0x6FFD, 0x6FFC, 0x6FFC, 0x6FFB, 0x6FFC, 0x67FA, 0x6FFA, 0x67FA, 0x6FFA,
  0x67F9, 0x67F9, 0x67F8, 0x67F8, 0x5FF7, 0x5FF7, 0x5FF6, 0x5FF6, 0x57F5, 0x57F5,
  0x57F4, 0x57F4, 0x4FF2, 0x4FF2, 0x4FF2, 0x4FF1, 0x47F0, 0x47F0, 0x47EF, 0x47EF,
  0x3FEE, 0x3FEE, 0x37ED, 0x37ED, 0x2FEC, 0x37EC, 0x2FEB, 0x2FEB, 0x27EA, 0x27E9,
  0x1FE8, 0x27E8, 0x1FE7, 0x1FE7, 0x17E6, 0x17E6, 0x0FE5, 0x0FE5, 0x0FE4, 0x0FE4,
  0x07E2, 0x07E2, 0x10E4, 0x1905, 0x10E4, 0x10E5, 0x10E4, 0x1905, 0x10E4, 0x10E5,
  0x10E4, 0x1905, 0x10E4, 0x10E5, 0x10E4, 0x1905, 0x1905, 0x10E5, 0x1905, 0x10E5,
  0x1905, 0x10E5, 0x1905, 0x10E5, 0x1905, 0x10E5, 0x1905, 0x10E5, 0x1905, 0x10E5,
  0x00FF, 0x00FF, 0x093F, 0x095F, 0x117F, 0x099F, 0x11DF, 0x11FF, 0x1A1F, 0x1A3F,
  0x227F, 0x227F, 0x2ABF, 0x22DF, 0x2AFF, 0x2B1F, 0x335F, 0x335F, 0x3B9F, 0x33BF,
  0x3BDF, 0x3BFF, 0x441F, 0x443F, 0x445F, 0x447F, 0x4CBF, 0x4CBF, 0x4CFF, 0x4CFF,
  0x553F, 0x553F, 0x557F, 0x557F, 0x5DBF, 0x5DBF, 0x5DFF, 0x5DFF, 0x663F, 0x663F,
  0x667F, 0x667F, 0x66BF, 0x66BF, 0x6EFF, 0x66FF, 0x6F3F, 0x6F3F, 0x6F5F, 0x6F7F,
  0x6F9F, 0x6FBF, 0x6FDF, 0x6FDF, 0x6FFF, 0x6FFF, 0x6FFF, 0x6FFE, 0x6FFE, 0x6FFD,
  0x6FFD, 0x67FC, 0x6FFC, 0x67FB, 0x6FFB, 0x67FA, 0x67FA, 0x67F9, 0x67F9, 0x5FF8,
  0x67F8, 0x5FF7, 0x5FF7, 0x5FF6, 0x5FF6, 0x57F5, 0x57F5, 0x57F4, 0x57F4, 0x4FF3,
  0x4FF3, 0x4FF2, 0x4FF2, 0x47F1, 0x47F1, 0x47F0, 0x47F0, 0x3FEF, 0x3FEF, 0x37EE,
  0x3FEE, 0x37ED, 0x37ED, 0x2FEC, 0x2FEC, 0x27EB, 0x2FEA, 0x27E9, 0x27E9, 0x1FE8,
  0x1FE8, 0x17E7, 0x17E7, 0x17E6, 0x17E6, 0x0FE5, 0x0FE5, 0x07E3, 0x07E3, 0x10E5,
  0x1905, 0x10E5, 0x1905, 0x10E5, 0x1905, 0x10E5, 0x1905, 0x10E5, 0x1905, 0x10E5,
  0x1905, 0x10E5, 0x1905, 0x10E5, 0x10E4, 0x10E5, 0x10E4, 0x1105, 0x10E4, 0x10E5,
  0x10E4, 0x1105, 0x10E4, 0x10E5, 0x10E4, 0x1105, 0x10E4, 0x10E5, 0x10E4, 0x011F,
  0x011F, 0x095F, 0x097F, 0x11BF, 0x09BF, 0x11FF, 0x121F, 0x1A3F, 0x1A5F, 0x229F,
  0x229F, 0x22DF, 0x22FF, 0x2B1F, 0x2B3F, 0x337F, 0x2B7F, 0x33BF, 0x33BF, 0x3BFF,
  0x3C1F, 0x3C3F, 0x3C5F, 0x447F, 0x449F, 0x4CBF, 0x44DF, 0x4D1F, 0x4D1F, 0x555F,
  0x4D5F, 0x559F, 0x559F, 0x55DF, 0x55DF, 0x5E1F, 0x561F, 0x5E3F, 0x5E5F, 0x669F,
  0x5E9F, 0x66BF, 0x5EDF, 0x66FF, 0x671F, 0x673F, 0x675F, 0x677F, 0x677F, 0x67BF,
  0x67BF, 0x6FFF, 0x67FF, 0x67FF, 0x67FE, 0x6FFE, 0x67FD, 0x67FD, 0x67FC, 0x67FC,
  0x67FB, 0x67FB, 0x5FFB, 0x67FB, 0x5FF9, 0x5FF9, 0x5FF9, 0x5FF9, 0x57F8, 0x5FF8,
  0x57F7, 0x5FF7, 0x57F6, 0x57F6, 0x4FF5, 0x57F5, 0x4FF4, 0x4FF3, 0x47F3, 0x4FF3,
  0x47F1, 0x47F1, 0x3FF0, 0x47F0, 0x3FEF, 0x3FEF, 0x37EE, 0x37EE, 0x2FED, 0x37ED,
  0x2FEC, 0x2FEC, 0x27EB, 0x27EB, 0x27EA, 0x27EA, 0x1FE8, 0x1FE8, 0x17E7, 0x17E7,
  0x0FE6, 0x0FE6, 0x0FE5, 0x0FE5, 0x07E4, 0x07E4, 0x10E4, 0x1105, 0x10E4, 0x10E5,
  0x10E4, 0x1105, 0x10E4, 0x10E5, 0x10E4, 0x1105, 0x10E4, 0x10E5, 0x10E4, 0x1105,
  0x10E4, 0x10E5, 0x1905, 0x10E4, 0x1905, 0x10E5, 0x1905, 0x10E4, 0x1905, 0x10E5,
  0x1905, 0x10E4, 0x1905, 0x10E5, 0x1905, 0x10E4, 0x1905, 0x10E5, 0x013F, 0x015F,
  0x099F, 0x09BF, 0x11DF, 0x11FF, 0x1A3F, 0x123F, 0x1A7F, 0x1A7F, 0x22BF, 0x22DF,
  0x22FF, 0x231F, 0x2B5F, 0x2B5F, 0x339F, 0x33BF, 0x3BDF, 0x33FF, 0x3C1F, 0x3C3F,
  0x447F, 0x3C7F, 0x44BF, 0x44BF, 0x4CFF, 0x44FF, 0x4D3F, 0x4D3F, 0x557F, 0x4D7F,
  0x55BF, 0x55BF, 0x5DFF, 0x55FF, 0x5E3F, 0x563F, 0x5E7F, 0x5E7F, 0x5EBF, 0x5EBF,
  0x66FF, 0x5EFF, 0x671F, 0x5F3F, 0x675F, 0x677F, 0x679F, 0x679F, 0x67DF, 0x67DF,
  0x67FF, 0x67FF, 0x67FF, 0x67FE, 0x67FE, 0x67FD, 0x67FD, 0x67FC, 0x67FC, 0x5FFB,
  0x67FB, 0x5FFA, 0x5FFA, 0x5FF9, 0x5FF9, 0x5FF8, 0x5FF8, 0x57F7, 0x5FF7, 0x57F6,
  0x57F6, 0x4FF5, 0x57F5, 0x4FF4, 0x4FF4, 0x47F3, 0x4FF3, 0x47F2, 0x47F2, 0x3FF1,
  0x47F1, 0x3FF0, 0x3FF0, 0x37EF, 0x3FEF, 0x37EE, 0x37EE, 0x2FED, 0x2FED, 0x27EC,
  0x27EC, 0x27EB, 0x27EB, 0x1FEA, 0x1FE9, 0x17E8, 0x1FE8, 0x17E7, 0x17E7, 0x0FE6,
  0x0FE6, 0x07E5, 0x07E5, 0x10E4, 0x1905, 0x10E5, 0x1905, 0x10E4, 0x1905, 0x10E5,
  0x1905, 0x10E4, 0x1905, 0x10E5, 0x1905, 0x10E4, 0x1905, 0x10E5, 0x1905, 0x10E4,
  0x10E4, 0x1905, 0x10E4, 0x10E5, 0x10E4, 0x1905, 0x10E4, 0x10E5, 0x10E4, 0x1905,
  0x10E4, 0x10E5, 0x10E4, 0x1905, 0x10E4, 0x10E5, 0x013F, 0x017F, 0x017F, 0x09BF,
  0x09DF, 0x11FF, 0x0A1F, 0x125F, 0x125F, 0x1A9F, 0x1ABF, 0x22DF, 0x22FF, 0x233F,
  0x233F, 0x2B7F, 0x2B7F, 0x33BF, 0x2BDF, 0x33FF, 0x341F, 0x3C3F, 0x345F, 0x3C7F,
  0x3C9F, 0x44DF, 0x44DF, 0x451F, 0x451F, 0x4D5F, 0x455F, 0x4D9F, 0x4D9F, 0x55DF,
  0x4DDF, 0x561F, 0x561F, 0x565F, 0x565F, 0x5E7F, 0x569F, 0x5EBF, 0x56DF, 0x5EFF,
  0x5F1F, 0x5F3F, 0x5F3F, 0x5F7F, 0x5F7F, 0x67BF, 0x5FBF, 0x67FF, 0x5FFF, 0x67FF,
  0x5FFE, 0x5FFE, 0x5FFD, 0x67FD, 0x5FFC, 0x5FFC, 0x5FFC, 0x5FFC, 0x57FA, 0x5FFA,
  0x57FA, 0x5FFA, 0x57F9, 0x57F9, 0x57F8, 0x57F8, 0x4FF7, 0x57F7, 0x4FF6, 0x4FF6,
  0x47F5, 0x4FF5, 0x47F4, 0x47F4, 0x47F3, 0x47F3, 0x3FF2, 0x3FF2, 0x37F0, 0x3FF0,
  0x37F0, 0x37EF, 0x2FEE, 0x37EE, 0x2FED, 0x2FED, 0x27EC, 0x27EC, 0x27EB, 0x27EB,
  0x1FEA, 0x1FEA, 0x17E9, 0x17E9, 0x0FE8, 0x17E7, 0x0FE6, 0x0FE6, 0x07E5, 0x07E5,
  0x07E4, 0x1905, 0x10E4, 0x10E5, 0x10E4, 0x1905, 0x10E4, 0x10E5, 0x10E4, 0x1905,
  0x10E4, 0x10E5, 0x10E4, 0x1905, 0x10E4, 0x10E5, 0x10E4, 0x1905, 0x1905, 0x10E5,
  0x1905, 0x10E5, 0x1905, 0x10E5, 0x1905, 0x10E5, 0x1905, 0x10E5, 0x1905, 0x10E5,
  0x1905, 0x10E5, 0x1905, 0x10E5, 0x1905, 0x017F, 0x019F, 0x01BF, 0x09FF, 0x09FF,
  0x123F, 0x125F, 0x1A7F, 0x129F, 0x1ABF, 0x1ADF, 0x231F, 0x231F, 0x235F, 0x237F,
  0x2B9F, 0x2BBF, 0x33DF, 0x2BFF, 0x343F, 0x343F, 0x3C7F, 0x3C7F, 0x3CBF, 0x3CBF,
  0x44FF, 0x44FF, 0x453F, 0x455F, 0x4D7F, 0x4D7F, 0x4DBF, 0x4DDF, 0x55FF, 0x4DFF,
  0x563F, 0x563F, 0x567F, 0x567F, 0x5EBF, 0x56BF, 0x5EFF, 0x56FF, 0x5F3F, 0x5F3F,
  0x5F5F, 0x5F7F, 0x5F9F, 0x5FBF, 0x5FDF, 0x5FDF, 0x5FFF, 0x5FFF, 0x5FFF, 0x5FFE,
  0x5FFE, 0x5FFD, 0x5FFD, 0x5FFC, 0x5FFC, 0x5FFB, 0x5FFB, 0x57FA, 0x5FFA, 0x57F9,
  0x57F9, 0x57F8, 0x57F8, 0x4FF7, 0x57F7, 0x4FF6, 0x4FF7, 0x4FF6, 0x4FF5, 0x47F4,
  0x47F5, 0x47F4, 0x47F3, 0x3FF2, 0x3FF2, 0x3FF1, 0x3FF1, 0x37F0, 0x37F0, 0x37EF,
  0x37EF, 0x2FEE, 0x2FEE, 0x27ED, 0x27ED, 0x27EC, 0x27EC, 0x1FEB, 0x1FEB, 0x17EA,
  0x1FEA, 0x17E9, 0x17E8, 0x0FE7, 0x0FE7, 0x07E6, 0x07E6, 0x07E5, 0x1905, 0x10E5,
  0x1905, 0x10E5, 0x1905, 0x10E5, 0x1905, 0x10E5, 0x1905, 0x10E5, 0x1905, 0x10E5,
  0x1905, 0x10E5, 0x1905, 0x10E5, 0x1905, 0x10E5, 0x10E4, 0x10E5, 0x10E4, 0x1105,
  0x10E4, 0x10E5, 0x10E4, 0x1105, 0x10E4, 0x10E5, 0x10E4, 0x1105, 0x10E4, 0x10E5,
  0x10E4, 0x1105, 0x10E4, 0x10E5, 0x019F, 0x01BF, 0x01DF, 0x0A1F, 0x0A1F, 0x125F,
  0x0A7F, 0x129F, 0x12BF, 0x1AFF, 0x1AFF, 0x1B3F, 0x1B3F, 0x237F, 0x237F, 0x2BBF,
  0x2BDF, 0x2BFF, 0x2C1F, 0x343F, 0x345F, 0x3C9F, 0x349F, 0x3CDF, 0x3CDF, 0x451F,
  0x3D1F, 0x455F, 0x455F, 0x459F, 0x459F, 0x4DDF, 0x45DF, 0x4E1F, 0x4E1F, 0x4E5F,
  0x4E5F, 0x569F, 0x4E9F, 0x56BF, 0x56DF, 0x56FF, 0x571F, 0x573F, 0x575F, 0x5F7F,
  0x577F, 0x57BF, 0x57BF, 0x5FFF, 0x57FF, 0x5FFF, 0x57FE, 0x5FFE, 0x57FD, 0x57FD,
  0x57FC, 0x57FC, 0x57FB, 0x57FB, 0x57FB, 0x57FB, 0x4FF9, 0x57F9, 0x4FF9, 0x4FF9,
  0x4FF8, 0x4FF8, 0x47F7, 0x4FF7, 0x47F6, 0x47F6, 0x47F5, 0x47F5, 0x3FF4, 0x3FF4,
  0x3FF3, 0x3FF3, 0x37F2, 0x37F2, 0x37F1, 0x37F1, 0x2FEF, 0x2FEF, 0x2FEE, 0x2FEE,
  0x27ED, 0x27ED, 0x1FEC, 0x27EC, 0x1FEB, 0x1FEB, 0x17EA, 0x17EA, 0x0FE9, 0x17E9,
  0x0FE8, 0x0FE8, 0x07E6, 0x07E6, 0x07E5, 0x1105, 0x10E4, 0x10E5, 0x10E4, 0x1105,
  0x10E4, 0x10E5, 0x10E4, 0x1105, 0x10E4, 0x10E5, 0x10E4, 0x1105, 0x10E4, 0x10E5,
  0x10E4, 0x1105, 0x10E4, 0x10E5, 0x1905, 0x10E4, 0x1905, 0x10E5, 0x1905, 0x10E4,
  0x1905, 0x10E5, 0x1905, 0x10E4, 0x1905, 0x10E5, 0x1905, 0x10E4, 0x1905, 0x10E5,
  0x1905, 0x10E4, 0x1905, 0x01BF, 0x01FF, 0x01FF, 0x0A3F, 0x0A5F, 0x127F, 0x129F,
  0x1ADF, 0x12DF, 0x1B1F, 0x1B3F, 0x235F, 0x237F, 0x239F, 0x23BF, 0x2BFF, 0x2BFF,
  0x2C3F, 0x2C3F, 0x347F, 0x347F, 0x3CBF, 0x34BF, 0x3CFF, 0x3D1F, 0x3D3F, 0x3D3F,
  0x457F, 0x459F, 0x45BF, 0x45BF, 0x4DFF, 0x45FF, 0x4E3F, 0x4E3F, 0x4E7F, 0x4E7F,
  0x56BF, 0x4EBF, 0x56FF, 0x56FF, 0x571F, 0x573F, 0x575F, 0x577F, 0x579F, 0x579F,
  0x57DF, 0x57DF, 0x57FF, 0x57FF, 0x57FF, 0x57FE, 0x57FE, 0x57FD, 0x57FD, 0x57FC,
  0x57FC, 0x4FFB, 0x57FB, 0x4FFA, 0x57FA, 0x4FF9, 0x4FF9, 0x4FF8, 0x4FF8, 0x47F7,
  0x4FF7, 0x47F6, 0x47F6, 0x47F5, 0x47F5, 0x3FF4, 0x3FF4, 0x3FF3, 0x3FF3, 0x37F2,
  0x3FF2, 0x37F1, 0x37F1, 0x2FF0, 0x2FF0, 0x2FEF, 0x2FEF, 0x27EE, 0x27EE, 0x27ED,
  0x27ED, 0x1FEC, 0x1FEC, 0x17EB, 0x1FEB, 0x17EA, 0x17EA, 0x0FE9, 0x0FE9, 0x07E7,
  0x07E7, 0x07E6, 0x1905, 0x10E5, 0x1905, 0x10E4, 0x1905, 0x10E5, 0x1905, 0x10E4,
  0x1905, 0x10E5, 0x1905, 0x10E4, 0x1905, 0x10E5, 0x1905, 0x10E4, 0x1905, 0x10E5,
  0x1905, 0x10E4, 0x10E4, 0x1905, 0x10E4, 0x10E5, 0x10E4, 0x1905, 0x10E4, 0x10E5,
  0x10E4, 0x1905, 0x10E4, 0x10E5, 0x10E4, 0x1905, 0x10E4, 0x10E5, 0x10E4, 0x1905,
  0x10E4, 0x10E5, 0x01DF, 0x021F, 0x023F, 0x0A5F, 0x0A7F, 0x12BF, 0x0ABF, 0x12FF,
  0x12FF, 0x1B3F, 0x1B5F, 0x1B7F, 0x1B9F, 0x23BF, 0x23DF, 0x2BFF, 0x241F, 0x2C5F,
  0x2C5F, 0x349F, 0x349F, 0x34DF, 0x34DF, 0x3D1F, 0x351F, 0x3D5F, 0x3D5F, 0x3D9F,
  0x3D9F, 0x45DF, 0x45DF, 0x461F, 0x461F, 0x4E5F, 0x465F, 0x4E9F, 0x4E9F, 0x4EDF,
  0x4EDF, 0x4EFF, 0x4F1F, 0x573F, 0x4F5F, 0x577F, 0x4F7F, 0x57BF, 0x4FBF, 0x57FF,
  0x4FFF, 0x57FF, 0x4FFE, 0x57FE, 0x4FFD, 0x57FD, 0x4FFC, 0x4FFC, 0x4FFC, 0x4FFC,
  0x4FFA, 0x4FFA, 0x4FFA, 0x4FFA, 0x47F9, 0x4FF9, 0x47F8, 0x47F8, 0x47F7, 0x47F7,
  0x3FF6, 0x47F6, 0x3FF5, 0x3FF5, 0x37F4, 0x3FF4, 0x37F3, 0x37F3, 0x37F2, 0x37F2,
  0x2FF1, 0x2FF1, 0x27F0, 0x2FF0, 0x27EE, 0x27EE, 0x1FEE, 0x27ED, 0x1FEC, 0x1FEC,
  0x17EB, 0x17EB, 0x0FEA, 0x17EA, 0x0FE9, 0x0FE9, 0x07E8, 0x07E8, 0x07E7, 0x1905,
  0x10E4, 0x10E5, 0x10E4, 0x1905, 0x10E4, 0x10E5, 0x10E4, 0x1905, 0x10E4, 0x10E5,
  0x10E4, 0x1905, 0x10E4, 0x10E5, 0x10E4, 0x1905, 0x10E4, 0x10E5, 0x10E4, 0x1905,
  0x1905, 0x10E5, 0x1905, 0x10E5, 0x1905, 0x10E5, 0x1905, 0x10E5, 0x1905, 0x10E5,
  0x1905, 0x10E5, 0x1905, 0x10E5, 0x1905, 0x10E5, 0x1905, 0x10E5, 0x1905, 0x10E5,
  0x1905, 0x021F, 0x023F, 0x025F, 0x0A9F, 0x0A9F, 0x12DF, 0x12FF, 0x1B1F, 0x133F,
  0x1B5F, 0x1B7F, 0x23BF, 0x23BF, 0x23FF, 0x23FF, 0x2C3F, 0x2C5F, 0x2C7F, 0x2C7F,
  0x34BF, 0x34DF, 0x34FF, 0x351F, 0x3D3F, 0x3D5F, 0x3D7F, 0x3D9F, 0x45BF, 0x3DDF,
  0x45FF, 0x45FF, 0x463F, 0x463F, 0x467F, 0x467F, 0x4EBF, 0x46BF, 0x4EFF, 0x4EFF,
  0x4F3F, 0x4F3F, 0x4F5F, 0x4F7F, 0x4F9F, 0x4FBF, 0x4FDF, 0x4FDF, 0x57FF, 0x4FFF,
  0x4FFF, 0x4FFE, 0x4FFE, 0x4FFD, 0x4FFD, 0x4FFC, 0x4FFC, 0x4FFB, 0x4FFB, 0x47FA,
  0x4FFA, 0x47F9, 0x47F9, 0x47F8, 0x47F9, 0x47F8, 0x47F7, 0x3FF6, 0x47F7, 0x3FF6,
  0x3FF5, 0x37F4, 0x3FF5, 0x37F4, 0x37F3, 0x2FF2, 0x37F3, 0x2FF2, 0x2FF1, 0x27F0,
  0x2FF0, 0x27EF, 0x27EF, 0x1FEE, 0x27EE, 0x1FED, 0x1FED, 0x17EC, 0x1FEC, 0x17EB,
  0x17EB, 0x0FEA, 0x0FEA, 0x07E9, 0x07E9, 0x07E8, 0x1905, 0x10E5, 0x1905, 0x10E5,
  0x1905, 0x10E5, 0x1905, 0x10E5, 0x1905, 0x10E5, 0x1905, 0x10E5, 0x1905, 0x10E5,
  0x1905, 0x10E5, 0x1905, 0x10E5, 0x1905, 0x10E5, 0x1905, 0x10E5, 0x10E4, 0x10E5,
  0x10E4, 0x1105, 0x10E4, 0x10E5, 0x10E4, 0x1105, 0x10E4, 0x10E5, 0x10E4, 0x1105,
  0x10E4, 0x10E5, 0x10E4, 0x1105, 0x10E4, 0x10E5, 0x10E4, 0x1105, 0x10E4, 0x10E5,
  0x023F, 0x027F, 0x027F, 0x0ABF, 0x0ABF, 0x12FF, 0x0AFF, 0x133F, 0x135F, 0x1B7F,
  0x139F, 0x1BBF, 0x1BDF, 0x241F, 0x241F, 0x245F, 0x245F, 0x2C9F, 0x2C9F, 0x2CDF,
  0x2CDF, 0x351F, 0x2D1F, 0x355F, 0x355F, 0x3D9F, 0x359F, 0x3DDF, 0x3DDF, 0x3E1F,
  0x3E1F, 0x465F, 0x3E5F, 0x469F, 0x3E9F, 0x46BF, 0x46DF, 0x46FF, 0x471F, 0x473F,
  0x475F, 0x4F7F, 0x477F, 0x4FBF, 0x47BF, 0x4FFF, 0x47FF, 0x4FFF, 0x47FE, 0x4FFE,
  0x47FD, 0x4FFD, 0x47FC, 0x4FFC, 0x47FB, 0x47FB, 0x47FB, 0x47FB, 0x3FF9, 0x47F9,
  0x3FF9, 0x47F9, 0x3FF8, 0x3FF8, 0x3FF7, 0x3FF7, 0x37F6, 0x3FF6, 0x37F5, 0x37F5,
  0x2FF4, 0x37F4, 0x2FF3, 0x2FF3, 0x2FF2, 0x2FF2, 0x27F1, 0x27F1, 0x27F0, 0x27F0,
  0x1FEF, 0x1FEF, 0x17ED, 0x1FED, 0x17EC, 0x17EC, 0x0FEB, 0x0FEB, 0x0FEA, 0x0FEA,
  0x07E9, 0x07E9, 0x07E8, 0x1105, 0x10E4, 0x10E5, 0x10E4, 0x1105, 0x10E4, 0x10E5,
  0x10E4, 0x1105, 0x10E4, 0x10E5, 0x10E4, 0x1105, 0x10E4, 0x10E5, 0x10E4, 0x1105,
  0x10E4, 0x10E5, 0x10E4, 0x1105, 0x10E4, 0x10E5, 0x1905, 0x10E4, 0x1905, 0x10E5,
  0x1905, 0x10E4, 0x1905, 0x10E5, 0x1905, 0x10E4, 0x1905, 0x10E5, 0x1905, 0x10E4,
  0x1905, 0x10E5, 0x1905, 0x10E4, 0x1905, 0x10E5, 0x1905, 0x10E4, 0x1905, 0x025F,
  0x029F, 0x029F, 0x0ADF, 0x0AFF, 0x131F, 0x0B3F, 0x137F, 0x137F, 0x1BBF, 0x1BBF,
  0x1BFF, 0x1BFF, 0x243F, 0x243F, 0x2C7F, 0x249F, 0x2CBF, 0x2CDF, 0x2CFF, 0x2D1F,
  0x353F, 0x2D5F, 0x357F, 0x359F, 0x3DBF, 0x35BF, 0x3DFF, 0x3E1F, 0x3E3F, 0x3E3F,
  0x467F, 0x3E7F, 0x46BF, 0x3EBF, 0x46FF, 0x46FF, 0x471F, 0x473F, 0x475F, 0x477F,
  0x479F, 0x479F, 0x4FDF, 0x47DF, 0x47FF, 0x47FF, 0x4FFF, 0x47FE, 0x47FE, 0x47FD,
  0x47FD, 0x47FC, 0x47FC, 0x47FB, 0x47FB, 0x3FFA, 0x47FA, 0x3FF9, 0x47F9, 0x3FF8,
  0x3FF8, 0x3FF7, 0x3FF7, 0x37F7, 0x3FF6, 0x37F5, 0x37F6, 0x37F5, 0x37F4, 0x2FF3,
  0x2FF4, 0x2FF3, 0x2FF2, 0x27F1, 0x2FF2, 0x27F0, 0x27F0, 0x1FEF, 0x1FEF, 0x1FEE,
  0x1FEE, 0x17ED, 0x17ED, 0x17EC, 0x17EC, 0x0FEB, 0x0FEB, 0x07EA, 0x07EA, 0x07E9,
  0x1905, 0x10E5, 0x1905, 0x10E4, 0x1905, 0x10E5, 0x1905, 0x10E4, 0x1905, 0x10E5,
  0x1905, 0x10E4, 0x1905, 0x10E5, 0x1905, 0x10E4, 0x1905, 0x10E5, 0x1905, 0x10E4,
  0x1905, 0x10E5, 0x1905, 0x10E4, 0x10E4, 0x1905, 0x10E4, 0x10E5, 0x10E4, 0x1905,
  0x10E4, 0x10E5, 0x10E4, 0x1905, 0x10E4, 0x10E5, 0x10E4, 0x1905, 0x10E4, 0x10E5,
  0x10E4, 0x1905, 0x10E4, 0x10E5, 0x10E4, 0x1905, 0x10E4, 0x10E5, 0x027F, 0x02BF,
  0x02DF, 0x0AFF, 0x0B1F, 0x0B3F, 0x0B5F, 0x137F, 0x139F, 0x1BDF, 0x13DF, 0x1C1F,
  0x1C1F, 0x245F, 0x1C5F, 0x249F, 0x24BF, 0x2CDF, 0x24DF, 0x2D1F, 0x2D3F, 0x2D5F,
  0x2D5F, 0x359F, 0x359F, 0x35DF, 0x35DF, 0x361F, 0x361F, 0x3E5F, 0x365F, 0x3E9F,
  0x3E9F, 0x3EDF, 0x3EDF, 0x3EFF, 0x3F1F, 0x473F, 0x3F5F, 0x477F, 0x3F7F, 0x47BF,
  0x3FBF, 0x47FF, 0x3FFF, 0x47FF, 0x3FFE, 0x47FE, 0x3FFD, 0x47FD, 0x3FFC, 0x47FC,
  0x3FFC, 0x3FFC, 0x3FFA, 0x3FFA, 0x3FFA, 0x3FFA, 0x37F9, 0x3FF9, 0x37F8, 0x3FF8,
  0x37F7, 0x37F7, 0x37F6, 0x37F6, 0x2FF5, 0x2FF5, 0x2FF4, 0x2FF4, 0x27F3, 0x27F3,
  0x27F2, 0x27F2, 0x1FF1, 0x27F1, 0x1FF0, 0x1FF0, 0x17EF, 0x17EF, 0x17EE, 0x17EE,
  0x0FEC, 0x0FEC, 0x0FEC, 0x0FEB, 0x07EA, 0x07EA, 0x07E9, 0x1905, 0x10E4, 0x10E5,
  0x10E4, 0x1905, 0x10E4, 0x10E5, 0x10E4, 0x1905, 0x10E4, 0x10E5, 0x10E4, 0x1905,
  0x10E4, 0x10E5, 0x10E4, 0x1905, 0x10E4, 0x10E5, 0x10E4, 0x1905, 0x10E4, 0x10E5,
  0x10E4, 0x1905, 0x1905, 0x10E5, 0x1905, 0x10E5, 0x1905, 0x10E5, 0x1905, 0x10E5,
  0x1905, 0x10E5, 0x1905, 0x10E5, 0x1905, 0x10E5, 0x1905, 0x10E5, 0x1905, 0x10E5,
  0x1905, 0x10E5, 0x1905, 0x10E5, 0x1905, 0x10E5, 0x1905, 0x02BF, 0x02DF, 0x02FF,
  0x0B3F, 0x0B3F, 0x137F, 0x0B7F, 0x13BF, 0x13DF, 0x1BFF, 0x141F, 0x1C3F, 0x1C5F,
  0x247F, 0x1C9F, 0x24BF, 0x24DF, 0x2CFF, 0x251F, 0x2D3F, 0x2D5F, 0x2D7F, 0x2D9F,
  0x35BF, 0x35DF, 0x35FF, 0x361F, 0x363F, 0x365F, 0x3E7F, 0x367F, 0x3EBF, 0x3EBF,
  0x3EFF, 0x3EFF, 0x3F3F, 0x3F3F, 0x3F5F, 0x3F7F, 0x479F, 0x3FBF, 0x3FDF, 0x3FDF,
  0x47FF, 0x3FFF, 0x3FFF, 0x3FFE, 0x47FE, 0x3FFD, 0x3FFD, 0x3FFC, 0x3FFC, 0x3FFB,
  0x3FFB, 0x37FA, 0x3FFA, 0x37F9, 0x3FF9, 0x37F8, 0x37F9, 0x37F8, 0x37F7, 0x2FF6,
  0x37F7, 0x2FF6, 0x2FF6, 0x2FF5, 0x2FF5, 0x27F4, 0x2FF4, 0x27F3, 0x27F3, 0x1FF2,
  0x27F1, 0x1FF0, 0x1FF1, 0x1FF0, 0x1FEF, 0x17EE, 0x17EE, 0x0FED, 0x17ED, 0x0FEC,
  0x0FEC, 0x07EB, 0x07EB, 0x07EA, 0x1905, 0x10E5, 0x1905, 0x10E5, 0x1905, 0x10E5,
  0x1905, 0x10E5, 0x1905, 0x10E5, 0x1905, 0x10E5, 0x1905, 0x10E5, 0x1905, 0x10E5,
  0x1905, 0x10E5, 0x1905, 0x10E5, 0x1905, 0x10E5, 0x1905, 0x10E5, 0x1905, 0x10E5,
  0x10E4, 0x10E5, 0x10E4, 0x1105, 0x10E4, 0x10E5, 0x10E4, 0x1105, 0x10E4, 0x10E5,
  0x10E4, 0x1105, 0x10E4, 0x10E5, 0x10E4, 0x1105, 0x10E4, 0x10E5, 0x10E4, 0x1105,
  0x10E4, 0x10E5, 0x10E4, 0x1105, 0x10E4, 0x10E5, 0x02DF, 0x02FF, 0x031F, 0x0B3F,
  0x035F, 0x0B9F, 0x0B9F, 0x13DF, 0x13DF, 0x141F, 0x141F, 0x1C5F, 0x1C5F, 0x1C9F,
  0x1C9F, 0x24DF, 0x1CFF, 0x251F, 0x251F, 0x255F, 0x255F, 0x2D9F, 0x259F, 0x2DDF,
  0x2DDF, 0x361F, 0x2E1F, 0x365F, 0x2E5F, 0x369F, 0x369F, 0x36BF, 0x36DF, 0x36FF,
  0x371F, 0x3F3F, 0x375F, 0x3F7F, 0x377F, 0x3FBF, 0x37BF, 0x3FFF, 0x37FF, 0x3FFF,
  0x37FE, 0x3FFE, 0x37FD, 0x3FFD, 0x37FC, 0x3FFC, 0x37FB, 0x37FB, 0x37FB, 0x37FB,
  0x37F9, 0x37FA, 0x2FF9, 0x37F9, 0x2FF8, 0x2FF8, 0x2FF7, 0x2FF7, 0x27F6, 0x2FF6,
  0x27F5, 0x2FF5, 0x27F4, 0x27F4, 0x1FF3, 0x27F3, 0x1FF2, 0x1FF2, 0x1FF1, 0x1FF1,
  0x17F0, 0x17F0, 0x17EF, 0x17EF, 0x0FEE, 0x0FEE, 0x07ED, 0x0FED, 0x07EB, 0x07EB,
  0x07EA, 0x1105, 0x10E4, 0x10E5, 0x10E4, 0x1105, 0x10E4, 0x10E5, 0x10E4, 0x1105,
  0x10E4, 0x10E5, 0x10E4, 0x1105, 0x10E4, 0x10E5, 0x10E4, 0x1105, 0x10E4, 0x10E5,
  0x10E4, 0x1105, 0x10E4, 0x10E5, 0x10E4, 0x1105, 0x10E4, 0x10E5, 0x1905, 0x10E4,
  0x1905, 0x10E5, 0x1905, 0x10E4, 0x1905, 0x10E5, 0x1905, 0x10E4, 0x1905, 0x10E5,
  0x1905, 0x10E4, 0x1905, 0x10E5, 0x1905, 0x10E4, 0x1905, 0x10E5, 0x1905, 0x10E4,
  0x1905, 0x10E5, 0x1905, 0x10E4, 0x1905, 0x10E5, 0x033F, 0x033F, 0x0B7F, 0x0B7F,
  0x0BBF, 0x0BBF, 0x13FF, 0x141F, 0x143F, 0x145F, 0x1C7F, 0x1C9F, 0x1CBF, 0x1CDF,
  0x24FF, 0x1D1F, 0x253F, 0x255F, 0x2D7F, 0x259F, 0x2DBF, 0x25DF, 0x2DFF, 0x2E1F,
  0x2E3F, 0x2E3F, 0x367F, 0x2E7F, 0x36BF, 0x2EBF, 0x36FF, 0x36FF, 0x371F, 0x373F,
  0x375F, 0x377F, 0x379F, 0x379F, 0x3FDF, 0x37DF, 0x3FFF, 0x37FF, 0x3FFF, 0x37FE,
  0x37FE, 0x37FD, 0x37FD, 0x37FC, 0x37FC, 0x37FB, 0x37FB, 0x37FA, 0x37FA, 0x2FF9,
  0x37F9, 0x2FF8, 0x2FF8, 0x2FF7, 0x2FF8, 0x2FF7, 0x2FF6, 0x27F5, 0x2FF6, 0x27F5,
  0x27F4, 0x1FF3, 0x27F4, 0x1FF3, 0x1FF2, 0x17F1, 0x1FF2, 0x17F1, 0x17F0, 0x17EF,
  0x17F0, 0x0FEF, 0x0FEE, 0x07ED, 0x0FED, 0x07EC, 0x07EC, 0x10E4, 0x1905, 0x10E5,
  0x1905, 0x10E4, 0x1905, 0x10E5, 0x1905, 0x10E4, 0x1905, 0x10E5, 0x1905, 0x10E4,
  0x1905, 0x10E5, 0x1905, 0x10E4, 0x1905, 0x10E5, 0x1905, 0x10E4, 0x1905, 0x10E5,
  0x1905, 0x10E4, 0x1905, 0x10E5, 0x1905, 0x10E4, 0x10E4, 0x1905, 0x10E4, 0x10E5,
  0x10E4, 0x1905, 0x10E4, 0x10E5, 0x10E4, 0x1905, 0x10E4, 0x10E5, 0x10E4, 0x1905,
  0x10E4, 0x10E5, 0x10E4, 0x1905, 0x10E4, 0x10E5, 0x10E4, 0x1905, 0x10E4, 0x10E5,
  0x10E4, 0x1905, 0x10E4, 0x10E5, 0x10E4, 0x035F, 0x035F, 0x039F, 0x039F, 0x0BDF,
  0x0BDF, 0x0C1F, 0x0C3F, 0x145F, 0x147F, 0x149F, 0x14BF, 0x1CDF, 0x1CFF, 0x1D1F,
  0x1D3F, 0x255F, 0x1D5F, 0x259F, 0x25BF, 0x25DF, 0x25DF, 0x2E1F, 0x261F, 0x2E5F,
  0x265F, 0x2E9F, 0x2E9F, 0x2EDF, 0x2EDF, 0x2EFF, 0x2F1F, 0x373F, 0x2F5F, 0x377F,
  0x2F7F, 0x37BF, 0x2FBF, 0x37FF, 0x2FFF, 0x37FF, 0x2FFE, 0x37FE, 0x2FFD, 0x37FD,
  0x2FFC, 0x37FC, 0x2FFC, 0x37FC, 0x2FFA, 0x2FFB, 0x2FFA, 0x2FFA, 0x27F9, 0x2FF9,
  0x27F8, 0x2FF8, 0x27F7, 0x27F7, 0x27F6, 0x27F6, 0x1FF5, 0x27F5, 0x1FF4, 0x1FF4,
  0x1FF3, 0x1FF3, 0x17F2, 0x17F2, 0x17F1, 0x17F1, 0x0FF0, 0x17F0, 0x0FEF, 0x0FEF,
  0x07EE, 0x0FEE, 0x07ED, 0x07ED, 0x10E4, 0x1905, 0x10E4, 0x10E5, 0x10E4, 0x1905,
  0x10E4, 0x10E5, 0x10E4, 0x1905, 0x10E4, 0x10E5, 0x10E4, 0x1905, 0x10E4, 0x10E5,
  0x10E4, 0x1905, 0x10E4, 0x10E5, 0x10E4, 0x1905, 0x10E4, 0x10E5, 0x10E4, 0x1905,
  0x10E4, 0x10E5, 0x10E4, 0x1905, 0x1905, 0x10E5, 0x1905, 0x10E5, 0x1905, 0x10E5,
  0x1905, 0x10E5, 0x1905, 0x10E5, 0x1905, 0x10E5, 0x1905, 0x10E5, 0x1905, 0x10E5,
  0x1905, 0x10E5, 0x1905, 0x10E5, 0x1905, 0x10E5, 0x1905, 0x10E5, 0x1905, 0x10E5,
  0x1905, 0x10E5, 0x1905, 0x10E5, 0x037F, 0x039F, 0x0BBF, 0x03DF, 0x0BFF, 0x0C1F,
  0x143F, 0x0C5F, 0x147F, 0x149F, 0x1CBF, 0x14DF, 0x1CFF, 0x1D1F, 0x1D3F, 0x1D5F,
  0x257F, 0x1D9F, 0x25BF, 0x25DF, 0x25FF, 0x261F, 0x2E3F, 0x265F, 0x2E7F, 0x267F,
  0x2EBF, 0x2EBF, 0x2EFF, 0x2EFF, 0x2F3F, 0x2F3F, 0x2F5F, 0x2F7F, 0x379F, 0x2FBF,
  0x37DF, 0x2FDF, 0x37FF, 0x2FFF, 0x37FF, 0x2FFE, 0x37FE, 0x2FFD, 0x2FFD, 0x2FFC,
  0x2FFC, 0x2FFB, 0x2FFB, 0x2FFA, 0x2FFA, 0x2FF9, 0x2FF9, 0x27F8, 0x2FF9, 0x27F8,
  0x27F7, 0x27F6, 0x27F7, 0x1FF6, 0x27F6, 0x1FF5, 0x1FF5, 0x1FF4, 0x1FF4, 0x17F3,
  0x1FF3, 0x17F2, 0x17F2, 0x0FF1, 0x17F1, 0x0FF0, 0x0FF0, 0x07EE, 0x0FEF, 0x07EE,
  0x07ED, 0x10E5, 0x1905, 0x10E5, 0x1905, 0x10E5, 0x1905, 0x10E5, 0x1905, 0x10E5,
  0x1905, 0x10E5, 0x1905, 0x10E5, 0x1905, 0x10E5, 0x1905, 0x10E5, 0x1905, 0x10E5,
  0x1905, 0x10E5, 0x1905, 0x10E5, 0x1905, 0x10E5, 0x1905, 0x10E5, 0x1905, 0x10E5,
  0x1905, 0x10E5, 0x10E4, 0x10E5, 0x10E4, 0x1105, 0x10E4, 0x10E5, 0x10E4, 0x1105,
  0x10E4, 0x10E5, 0x10E4, 0x1105, 0x10E4, 0x10E5, 0x10E4, 0x1105, 0x10E4, 0x10E5,
  0x10E4, 0x1105, 0x10E4, 0x10E5, 0x10E4, 0x1105, 0x10E4, 0x10E5, 0x10E4, 0x1105,
  0x10E4, 0x10E5, 0x10E4, 0x1105, 0x039F, 0x03DF, 0x03FF, 0x0C1F, 0x041F, 0x0C5F,
  0x0C7F, 0x149F, 0x0CBF, 0x14DF, 0x14FF, 0x151F, 0x151F, 0x1D5F, 0x157F, 0x1D9F,
  0x1D9F, 0x1DDF, 0x1DDF, 0x261F, 0x1E1F, 0x265F, 0x265F, 0x269F, 0x269F, 0x26BF,
  0x26DF, 0x2EFF, 0x271F, 0x2F3F, 0x275F, 0x2F7F, 0x277F, 0x2FBF, 0x27BF, 0x2FFF,
  0x27FF, 0x2FFF, 0x27FE, 0x2FFE, 0x27FD, 0x2FFD, 0x27FC, 0x2FFC, 0x27FB, 0x27FB,
  0x27FB, 0x27FB, 0x27F9, 0x27FA, 0x27F9, 0x27F9, 0x1FF8, 0x27F8, 0x1FF7, 0x1FF7,
  0x1FF6, 0x1FF6, 0x17F5, 0x1FF5, 0x17F4, 0x17F4, 0x17F3, 0x17F3, 0x0FF2, 0x0FF2,
  0x0FF1, 0x0FF1, 0x07F0, 0x0FF0, 0x07EF, 0x07EF, 0x07EE, 0x10E5, 0x10E4, 0x1105,
  0x10E4, 0x10E5, 0x10E4, 0x1105, 0x10E4, 0x10E5, 0x10E4, 0x1105, 0x10E4, 0x10E5,
  0x10E4, 0x1105, 0x10E4, 0x10E5, 0x10E4, 0x1105, 0x10E4, 0x10E5, 0x10E4, 0x1105,
  0x10E4, 0x10E5, 0x10E4, 0x1105, 0x10E4, 0x10E5, 0x10E4, 0x1105, 0x10E4, 0x10E5,
  0x1905, 0x10E4, 0x1905, 0x10E5, 0x1905, 0x10E4, 0x1905, 0x10E5, 0x1905, 0x10E4,
  0x1905, 0x10E5, 0x1905, 0x10E4, 0x1905, 0x10E5, 0x1905, 0x10E4, 0x1905, 0x10E5,
  0x1905, 0x10E4, 0x1905, 0x10E5, 0x1905, 0x10E4, 0x1905, 0x10E5, 0x1905, 0x10E4,
  0x1905, 0x10E5, 0x1905, 0x03DF, 0x03FF, 0x041F, 0x0C3F, 0x045F, 0x0C7F, 0x0C9F,
  0x14BF, 0x0CDF, 0x14FF, 0x151F, 0x153F, 0x155F, 0x1D7F, 0x159F, 0x1DBF, 0x1DDF,
  0x1DFF, 0x1E1F, 0x263F, 0x1E3F, 0x267F, 0x267F, 0x26BF, 0x26BF, 0x26FF, 0x26FF,
  0x271F, 0x273F, 0x2F5F, 0x277F, 0x2F9F, 0x279F, 0x2FDF, 0x27DF, 0x2FFF, 0x27FF,
  0x2FFF, 0x27FE, 0x2FFE, 0x27FD, 0x2FFD, 0x27FC, 0x27FC, 0x27FB, 0x27FB, 0x27FA,
  0x27FA, 0x1FF9, 0x27F9, 0x1FF8, 0x27F8, 0x1FF7, 0x1FF8, 0x1FF7, 0x1FF6, 0x17F5,
  0x1FF6, 0x17F5, 0x17F5, 0x17F4, 0x17F4, 0x0FF3, 0x17F3, 0x0FF2, 0x0FF2, 0x07F1,
  0x0FF1, 0x07F0, 0x07F0, 0x07EF, 0x1905, 0x10E4, 0x1905, 0x10E5, 0x1905, 0x10E4,
  0x1905, 0x10E5, 0x1905, 0x10E4, 0x1905, 0x10E5, 0x1905, 0x10E4, 0x1905, 0x10E5,
  0x1905, 0x10E4, 0x1905, 0x10E5, 0x1905, 0x10E4, 0x1905, 0x10E5, 0x1905, 0x10E4,
  0x1905, 0x10E5, 0x1905, 0x10E4, 0x1905, 0x10E5, 0x1905, 0x10E4, 0x10E4, 0x1905,
  0x10E4, 0x10E5, 0x10E4, 0x1905, 0x10E4, 0x10E5, 0x10E4, 0x1905, 0x10E4, 0x10E5,
  0x10E4, 0x1905, 0x10E4, 0x10E5, 0x10E4, 0x1905, 0x10E4, 0x10E5, 0x10E4, 0x1905,
  0x10E4, 0x10E5, 0x10E4, 0x1905, 0x10E4, 0x10E5, 0x10E4, 0x1905, 0x10E4, 0x10E5,
  0x10E4, 0x1905, 0x10E4, 0x041F, 0x043F, 0x045F, 0x047F, 0x0C9F, 0x0CBF, 0x0CDF,
  0x0CFF, 0x0D1F, 0x0D3F, 0x155F, 0x157F, 0x159F, 0x15BF, 0x1DDF, 0x15DF, 0x1E1F,
  0x1E1F, 0x1E5F, 0x1E5F, 0x1E9F, 0x1E9F, 0x26DF, 0x1EDF, 0x26FF, 0x1F1F, 0x273F,
  0x1F5F, 0x277F, 0x1F7F, 0x27BF, 0x1FBF, 0x27FF, 0x27FF, 0x27FF, 0x1FFE, 0x27FE,
  0x1FFD, 0x27FD, 0x1FFC, 0x27FC, 0x1FFC, 0x27FC, 0x1FFA, 0x1FFB, 0x1FFA, 0x1FFA,
  0x1FF9, 0x1FF9, 0x1FF8, 0x1FF8, 0x17F7, 0x17F7, 0x17F6, 0x17F6, 0x17F5, 0x17F5,
  0x0FF4, 0x17F4, 0x0FF3, 0x0FF3, 0x0FF2, 0x0FF2, 0x07F1, 0x07F1, 0x07F0, 0x07F0,
  0x10E4, 0x10E5, 0x10E4, 0x1905, 0x10E4, 0x10E5, 0x10E4, 0x1905, 0x10E4, 0x10E5,
  0x10E4, 0x1905, 0x10E4, 0x10E5, 0x10E4, 0x1905, 0x10E4, 0x10E5, 0x10E4, 0x1905,
  0x10E4, 0x10E5, 0x10E4, 0x1905, 0x10E4, 0x10E5, 0x10E4, 0x1905, 0x10E4, 0x10E5,
  0x10E4, 0x1905, 0x10E4, 0x10E5, 0x10E4, 0x1905, 0x1905, 0x10E5, 0x1905, 0x10E5,
  0x1905, 0x10E5, 0x1905, 0x10E5, 0x1905, 0x10E5, 0x1905, 0x10E5, 0x1905, 0x10E5,
  0x1905, 0x10E5, 0x1905, 0x10E5, 0x1905, 0x10E5, 0x1905, 0x10E5, 0x1905, 0x10E5,
  0x1905, 0x10E5, 0x1905, 0x10E5, 0x1905, 0x10E5, 0x1905, 0x10E5, 0x1905, 0x10E5,
  0x1905, 0x10E5, 0x1905, 0x045F, 0x047F, 0x049F, 0x0CDF, 0x0CDF, 0x0CFF, 0x0D1F,
  0x153F, 0x0D5F, 0x157F, 0x0D9F, 0x15BF, 0x15DF, 0x15FF, 0x161F, 0x1E3F, 0x165F,
  0x1E7F, 0x1E7F, 0x1EBF, 0x1EBF, 0x1EFF, 0x1EFF, 0x273F, 0x1F3F, 0x275F, 0x1F7F,
  0x279F, 0x1FBF, 0x27DF, 0x1FDF, 0x27FF, 0x1FFF, 0x27FF, 0x1FFE, 0x27FE, 0x1FFD,
  0x27FD, 0x1FFC, 0x27FC, 0x1FFB, 0x1FFB, 0x1FFA, 0x1FFA, 0x1FF9, 0x1FF9, 0x17F8,
  0x1FF9, 0x17F8, 0x17F7, 0x17F7, 0x17F7, 0x17F6, 0x17F6, 0x0FF5, 0x17F5, 0x0FF4,
  0x0FF4, 0x07F3, 0x0FF3, 0x07F2, 0x07F2, 0x07F1, 0x1905, 0x10E5, 0x1905, 0x10E5,
  0x1905, 0x10E5, 0x1905, 0x10E5, 0x1905, 0x10E5, 0x1905, 0x10E5, 0x1905, 0x10E5,
  0x1905, 0x10E5, 0x1905, 0x10E5, 0x1905, 0x10E5, 0x1905, 0x10E5, 0x1905, 0x10E5,
  0x1905, 0x10E5, 0x1905, 0x10E5, 0x1905, 0x10E5, 0x1905, 0x10E5, 0x1905, 0x10E5,
  0x1905, 0x10E5, 0x1905, 0x10E5, 0x10E4, 0x10E5, 0x10E4, 0x1105, 0x10E4, 0x10E5,
  0x10E4, 0x1105, 0x10E4, 0x10E5, 0x10E4, 0x1105, 0x10E4, 0x10E5, 0x10E4, 0x1105,
  0x10E4, 0x10E5, 0x10E4, 0x1105, 0x10E4, 0x10E5, 0x10E4, 0x1105, 0x10E4, 0x10E5,
  0x10E4, 0x1105, 0x10E4, 0x10E5, 0x10E4, 0x1105, 0x10E4, 0x10E5, 0x10E4, 0x1105,
  0x10E4, 0x10E5, 0x10E4, 0x049F, 0x04BF, 0x04DF, 0x04FF, 0x0D1F, 0x053F, 0x0D5F,
  0x0D7F, 0x0D9F, 0x0D9F, 0x15DF, 0x0DDF, 0x161F, 0x0E1F, 0x165F, 0x165F, 0x169F,
  0x169F, 0x16BF, 0x16DF, 0x1EFF, 0x171F, 0x1F3F, 0x175F, 0x1F7F, 0x177F, 0x1FBF,
  0x1FBF, 0x1FFF, 0x17FF, 0x1FFF, 0x1FFE, 0x1FFE, 0x17FD, 0x1FFD, 0x17FC, 0x1FFC,
  0x17FB, 0x1FFB, 0x17FB, 0x1FFB, 0x17F9, 0x17FA, 0x17F9, 0x17F9, 0x0FF8, 0x17F8,
  0x0FF7, 0x17F7, 0x0FF6, 0x0FF6, 0x0FF5, 0x0FF5, 0x07F4, 0x0FF4, 0x07F3, 0x07F3,
  0x07F2, 0x07F2, 0x10E4, 0x1105, 0x10E4, 0x10E5, 0x10E4, 0x1105, 0x10E4, 0x10E5,
  0x10E4, 0x1105, 0x10E4, 0x10E5, 0x10E4, 0x1105, 0x10E4, 0x10E5, 0x10E4, 0x1105,
  0x10E4, 0x10E5, 0x10E4, 0x1105, 0x10E4, 0x10E5, 0x10E4, 0x1105, 0x10E4, 0x10E5,
  0x10E4, 0x1105, 0x10E4, 0x10E5, 0x10E4, 0x1105, 0x10E4, 0x10E5, 0x10E4, 0x1105,
  0x10E4, 0x10E5, 0x1905, 0x10E4, 0x1905, 0x10E5, 0x1905, 0x10E4, 0x1905, 0x10E5,
  0x1905, 0x10E4, 0x1905, 0x10E5, 0x1905, 0x10E4, 0x1905, 0x10E5, 0x1905, 0x10E4,
  0x1905, 0x10E5, 0x1905, 0x10E4, 0x1905, 0x10E5, 0x1905, 0x10E4, 0x1905, 0x10E5,
  0x1905, 0x10E4, 0x1905, 0x10E5, 0x1905, 0x10E4, 0x1905, 0x10E5, 0x1905, 0x10E4,
  0x1905, 0x10E5, 0x1905, 0x04DF, 0x051F, 0x051F, 0x0D3F, 0x055F, 0x0D7F, 0x0D9F,
  0x0DBF, 0x0DDF, 0x15FF, 0x0E1F, 0x163F, 0x0E3F, 0x167F, 0x167F, 0x16BF, 0x16BF,
  0x16FF, 0x16FF, 0x171F, 0x173F, 0x1F5F, 0x177F, 0x1F9F, 0x179F, 0x1FDF, 0x17DF,
  0x1FFF, 0x17FF, 0x1FFF, 0x17FE, 0x1FFE, 0x17FD, 0x1FFD, 0x17FC, 0x17FC, 0x17FB,
  0x17FB, 0x17FA, 0x17FA, 0x17F9, 0x17F9, 0x0FF8, 0x17F8, 0x0FF7, 0x17F8, 0x0FF7,
  0x0FF6, 0x0FF6, 0x0FF6, 0x07F5, 0x0FF5, 0x07F4, 0x07F4, 0x07F3, 0x1905, 0x10E4,
  0x1905, 0x10E5, 0x1905, 0x10E4, 0x1905, 0x10E5, 0x1905, 0x10E4, 0x1905, 0x10E5,
  0x1905, 0x10E4, 0x1905, 0x10E5, 0x1905, 0x10E4, 0x1905, 0x10E5, 0x1905, 0x10E4,
  0x1905, 0x10E5, 0x1905, 0x10E4, 0x1905, 0x10E5, 0x1905, 0x10E4, 0x1905, 0x10E5,
  0x1905, 0x10E4, 0x1905, 0x10E5, 0x1905, 0x10E4, 0x1905, 0x10E5, 0x1905, 0x10E4,
  0x10E4, 0x1905, 0x10E4, 0x10E5, 0x10E4, 0x1905, 0x10E4, 0x10E5, 0x10E4, 0x1905,
  0x10E4, 0x10E5, 0x10E4, 0x1905, 0x10E4, 0x10E5, 0x10E4, 0x1905, 0x10E4, 0x10E5,
  0x10E4, 0x1905, 0x10E4, 0x10E5, 0x10E4, 0x1905, 0x10E4, 0x10E5, 0x10E4, 0x1905,
  0x10E4, 0x10E5, 0x10E4, 0x1905, 0x10E4, 0x10E5, 0x10E4, 0x1905, 0x10E4, 0x10E5,
  0x10E4, 0x1905, 0x10E4, 0x051F, 0x053F, 0x055F, 0x057F, 0x059F, 0x05BF, 0x0DDF,
  0x05DF, 0x0E1F, 0x0E1F, 0x0E5F, 0x0E5F, 0x0E9F, 0x0E9F, 0x16DF, 0x0EDF, 0x16FF,
  0x0F1F, 0x173F, 0x0F5F, 0x177F, 0x177F, 0x17BF, 0x17BF, 0x17FF, 0x17FF, 0x17FF,
  0x17FE, 0x17FE, 0x17FD, 0x17FD, 0x0FFC, 0x17FC, 0x0FFC, 0x17FC, 0x0FFA, 0x17FB,
  0x0FFA, 0x17FA, 0x0FF9, 0x0FF9, 0x0FF8, 0x0FF8, 0x07F7, 0x0FF7, 0x07F6, 0x0FF6,
  0x07F5, 0x07F5, 0x07F4, 0x07F4, 0x10E4, 0x10E5, 0x10E4, 0x1905, 0x10E4, 0x10E5,
  0x10E4, 0x1905, 0x10E4, 0x10E5, 0x10E4, 0x1905, 0x10E4, 0x10E5, 0x10E4, 0x1905,
  0x10E4, 0x10E5, 0x10E4, 0x1905, 0x10E4, 0x10E5, 0x10E4, 0x1905, 0x10E4, 0x10E5,
  0x10E4, 0x1905, 0x10E4, 0x10E5, 0x10E4, 0x1905, 0x10E4, 0x10E5, 0x10E4, 0x1905,
  0x10E4, 0x10E5, 0x10E4, 0x1905, 0x10E4, 0x10E5, 0x10E4, 0x1905, 0x1905, 0x10E5,
  0x1905, 0x10E5, 0x1905, 0x10E5, 0x1905, 0x10E5, 0x1905, 0x10E5, 0x1905, 0x10E5,
  0x1905, 0x10E5, 0x1905, 0x10E5, 0x1905, 0x10E5, 0x1905, 0x10E5, 0x1905, 0x10E5,
  0x1905, 0x10E5, 0x1905, 0x10E5, 0x1905, 0x10E5, 0x1905, 0x10E5, 0x1905, 0x10E5,
  0x1905, 0x10E5, 0x1905, 0x10E5, 0x1905, 0x10E5, 0x1905, 0x10E5, 0x1905, 0x10E5,
  0x1905, 0x10E5, 0x1905, 0x10E5, 0x057F, 0x059F, 0x05BF, 0x05DF, 0x0DFF, 0x061F,
  0x0E3F, 0x0E5F, 0x0E7F, 0x0E7F, 0x0EBF, 0x0EBF, 0x0EFF, 0x0EFF, 0x173F, 0x0F3F,
  0x175F, 0x0F7F, 0x179F, 0x0FBF, 0x17DF, 0x0FDF, 0x17FF, 0x0FFF, 0x17FF, 0x0FFE,
  0x17FE, 0x0FFD, 0x17FD, 0x0FFC, 0x17FC, 0x0FFB, 0x0FFB, 0x0FFA, 0x0FFA, 0x0FF9,
  0x0FF9, 0x07F8, 0x0FF9, 0x07F8, 0x0FF7, 0x07F7, 0x07F7, 0x07F6, 0x07F6, 0x10E5,
  0x1905, 0x10E5, 0x1905, 0x10E5, 0x1905, 0x10E5, 0x1905, 0x10E5, 0x1905, 0x10E5,
  0x1905, 0x10E5, 0x1905, 0x10E5, 0x1905, 0x10E5, 0x1905, 0x10E5, 0x1905, 0x10E5,
  0x1905, 0x10E5, 0x1905, 0x10E5, 0x1905, 0x10E5, 0x1905, 0x10E5, 0x1905, 0x10E5,
  0x1905, 0x10E5, 0x1905, 0x10E5, 0x1905, 0x10E5, 0x1905, 0x10E5, 0x1905, 0x10E5,
  0x1905, 0x10E5, 0x1905, 0x10E5, 0x1905, 0x10E5, 0x10E4, 0x10E5, 0x10E4, 0x1105,
  0x10E4, 0x10E5, 0x10E4, 0x1105, 0x10E4, 0x10E5, 0x10E4, 0x1105, 0x10E4, 0x10E5,
  0x10E4, 0x1105, 0x10E4, 0x10E5, 0x10E4, 0x1105, 0x10E4, 0x10E5, 0x10E4, 0x1105,
  0x10E4, 0x10E5, 0x10E4, 0x1105, 0x10E4, 0x10E5, 0x10E4, 0x1105, 0x10E4, 0x10E5,
  0x10E4, 0x1105, 0x10E4, 0x10E5, 0x10E4, 0x1105, 0x10E4, 0x10E5, 0x10E4, 0x1105,
  0x10E4, 0x10E5, 0x10E4, 0x1105, 0x10E4, 0x05DF, 0x05DF, 0x061F, 0x061F, 0x065F,
  0x065F, 0x0E9F, 0x069F, 0x0EBF, 0x06DF, 0x0EFF, 0x071F, 0x0F3F, 0x0F5F, 0x0F7F,
  0x077F, 0x0FBF, 0x0FBF, 0x0FFF, 0x0FFF, 0x0FFF, 0x0FFE, 0x0FFE, 0x07FD, 0x0FFD,
  0x0FFC, 0x0FFC, 0x07FB, 0x0FFB, 0x07FB, 0x0FFB, 0x07F9, 0x07FA, 0x07F9, 0x07F9,
  0x07F8, 0x07F8, 0x07F7, 0x07F7, 0x10E4, 0x10E5, 0x10E4, 0x1105, 0x10E4, 0x10E5,
  0x10E4, 0x1105, 0x10E4, 0x10E5, 0x10E4, 0x1105, 0x10E4, 0x10E5, 0x10E4, 0x1105,
  0x10E4, 0x10E5, 0x10E4, 0x1105, 0x10E4, 0x10E5, 0x10E4, 0x1105, 0x10E4, 0x10E5,
  0x10E4, 0x1105, 0x10E4, 0x10E5, 0x10E4, 0x1105, 0x10E4, 0x10E5, 0x10E4, 0x1105,
  0x10E4, 0x10E5, 0x10E4, 0x1105, 0x10E4, 0x10E5, 0x10E4, 0x1105, 0x10E4, 0x10E5,
  0x10E4, 0x1105, 0x10E4, 0x10E5, 0x1905, 0x10E4, 0x1905, 0x10E5, 0x1905, 0x10E4,
  0x1905, 0x10E5, 0x1905, 0x10E4, 0x1905, 0x10E5, 0x1905, 0x10E4, 0x1905, 0x10E5,
  0x1905, 0x10E4, 0x1905, 0x10E5, 0x1905, 0x10E4, 0x1905, 0x10E5, 0x1905, 0x10E4,
  0x1905, 0x10E5, 0x1905, 0x10E4, 0x1905, 0x10E5, 0x1905, 0x10E4, 0x1905, 0x10E5,
  0x1905, 0x10E4, 0x1905, 0x10E5, 0x1905, 0x10E4, 0x1905, 0x10E5, 0x1905, 0x10E4,
  0x1905, 0x10E5, 0x1905, 0x10E4, 0x1905, 0x10E5, 0x063F, 0x063F, 0x067F, 0x067F,
  0x06BF, 0x06BF, 0x0EFF, 0x06FF, 0x0F1F, 0x073F, 0x0F5F, 0x077F, 0x0F9F, 0x079F,
  0x0FDF, 0x07DF, 0x0FFF, 0x07FF, 0x0FFF, 0x07FE, 0x0FFE, 0x07FD, 0x0FFD, 0x07FC,
  0x0FFC, 0x07FB, 0x0FFB, 0x07FA, 0x07FA, 0x07F9, 0x07F9, 0x07F8, 0x07F8, 0x10E4,
  0x1905, 0x10E5, 0x1905, 0x10E4, 0x1905, 0x10E5, 0x1905, 0x10E4, 0x1905, 0x10E5,
  0x1905, 0x10E4, 0x1905, 0x10E5, 0x1905, 0x10E4, 0x1905, 0x10E5, 0x1905, 0x10E4,
  0x1905, 0x10E5, 0x1905, 0x10E4, 0x1905, 0x10E5, 0x1905, 0x10E4, 0x1905, 0x10E5,
  0x1905, 0x10E4, 0x1905, 0x10E5, 0x1905, 0x10E4, 0x1905, 0x10E5, 0x1905, 0x10E4,
  0x1905, 0x10E5, 0x1905, 0x10E4, 0x1905, 0x10E5, 0x1905, 0x10E4, 0x1905, 0x10E5,
  0x1905, 0x10E4, 0x10E4, 0x1905, 0x10E4, 0x10E5, 0x10E4, 0x1905, 0x10E4, 0x10E5,
  0x10E4, 0x1905, 0x10E4, 0x10E5, 0x10E4, 0x1905, 0x10E4, 0x10E5, 0x10E4, 0x1905,
  0x10E4, 0x10E5, 0x10E4, 0x1905, 0x10E4, 0x10E5, 0x10E4, 0x1905, 0x10E4, 0x10E5,
  0x10E4, 0x1905, 0x10E4, 0x10E5, 0x10E4, 0x1905, 0x10E4, 0x10E5, 0x10E4, 0x1905,
  0x10E4, 0x10E5, 0x10E4, 0x1905, 0x10E4, 0x10E5, 0x10E4, 0x1905, 0x10E4, 0x10E5,
  0x10E4, 0x1905, 0x10E4, 0x10E5, 0x10E4, 0x1905, 0x10E4, 0x10E5, 0x10E4, 0x06DF,
  0x06DF, 0x06FF, 0x071F, 0x073F, 0x075F, 0x077F, 0x077F, 0x07BF, 0x07BF, 0x07FF,
  0x07FF, 0x07FF, 0x07FE, 0x07FE, 0x07FD, 0x07FD, 0x07FC, 0x07FC, 0x07FC, 0x07FC,
  0x07FA, 0x07FB, 0x10E4, 0x1905, 0x10E4, 0x10E5, 0x10E4, 0x1905, 0x10E4, 0x10E5,
  0x10E4, 0x1905, 0x10E4, 0x10E5, 0x10E4, 0x1905, 0x10E4, 0x10E5, 0x10E4, 0x1905,
  0x10E4, 0x10E5, 0x10E4, 0x1905, 0x10E4, 0x10E5, 0x10E4, 0x1905, 0x10E4, 0x10E5,
  0x10E4, 0x1905, 0x10E4, 0x10E5, 0x10E4, 0x1905, 0x10E4, 0x10E5, 0x10E4, 0x1905,
  0x10E4, 0x10E5, 0x10E4, 0x1905, 0x10E4, 0x10E5, 0x10E4, 0x1905, 0x10E4, 0x10E5,
  0x10E4, 0x1905, 0x10E4, 0x10E5, 0x10E4, 0x1905, 0x10E4, 0x10E5, 0x10E4, 0x1905,
  0x1905, 0x10E5, 0x1905, 0x10E5, 0x1905, 0x10E5, 0x1905, 0x10E5, 0x1905, 0x10E5,
  0x1905, 0x10E5, 0x1905, 0x10E5, 0x1905, 0x10E5, 0x1905, 0x10E5, 0x1905, 0x10E5,
  0x1905, 0x10E5, 0x1905, 0x10E5, 0x1905, 0x10E5, 0x1905, 0x10E5, 0x1905, 0x10E5,
  0x1905, 0x10E5, 0x1905, 0x10E5, 0x1905, 0x10E5, 0x1905, 0x10E5, 0x1905, 0x10E5,
  0x1905, 0x10E5, 0x1905, 0x10E5, 0x1905, 0x10E5, 0x1905, 0x10E5, 0x1905, 0x10E5,
  0x1905, 0x10E5, 0x1905, 0x10E5, 0x1905, 0x10E5, 0x1905, 0x10E5, 0x1905, 0x10E5,
  0x1905, 0x10E5, 0x1905, 0x10E5, 0x1905, 0x10E5, 0x1905, 0x10E5, 0x07FF, 0x10E5,
  0x1905, 0x10E5, 0x1905, 0x10E5, 0x1905, 0x10E5, 0x1905, 0x10E5, 0x1905, 0x10E5,
  0x1905, 0x10E5, 0x1905, 0x10E5, 0x1905, 0x10E5, 0x1905, 0x10E5, 0x1905, 0x10E5,
  0x1905, 0x10E5, 0x1905, 0x10E5, 0x1905, 0x10E5, 0x1905, 0x10E5, 0x1905, 0x10E5,
  0x1905, 0x10E5, 0x1905, 0x10E5, 0x1905, 0x10E5, 0x1905, 0x10E5, 0x1905, 0x10E5,
  0x1905, 0x10E5, 0x1905, 0x10E5, 0x1905, 0x10E5, 0x1905, 0x10E5, 0x1905, 0x10E5,
  0x1905, 0x10E5, 0x1905, 0x10E5, 0x1905, 0x10E5, 0x1905, 0x10E5, 0x1905, 0x10E5,
  0x1905, 0x10E5, 0x1905, 0x10E5, 0x1905, 0x10E5, 0x1905, 0x10E5, 0x10E4, 0x10E5,
  0x10E4, 0x1105, 0x10E4, 0x10E5, 0x10E4, 0x1105, 0x10E4, 0x10E5, 0x10E4, 0x1105,
  0x10E4, 0x10E5, 0x10E4, 0x1105, 0x10E4, 0x10E5, 0x10E4, 0x1105, 0x10E4, 0x10E5,
  0x10E4, 0x1105, 0x10E4, 0x10E5, 0x10E4, 0x1105, 0x10E4, 0x10E5, 0x10E4, 0x1105,
  0x10E4, 0x10E5, 0x10E4, 0x1105, 0x10E4, 0x10E5, 0x10E4, 0x1105, 0x10E4, 0x10E5,
  0x10E4, 0x1105, 0x10E4, 0x10E5, 0x10E4, 0x1105, 0x10E4, 0x10E5, 0x10E4, 0x1105,
  0x10E4, 0x10E5, 0x10E4, 0x1105, 0x10E4, 0x10E5, 0x10E4, 0x1105, 0x10E4, 0x10E5,
  0x10E4, 0x1105, 0x10E4, 0x10E5, 0x10E4, 0x1105, 0x10E4, 0x10E5, 0x10E4, 0x1105,
  0x10E4, 0x10E5, 0x10E4, 0x1105, 0x10E4, 0x10E5, 0x10E4, 0x1105, 0x10E4, 0x10E5,
  0x10E4, 0x1105, 0x10E4, 0x10E5, 0x10E4, 0x1105, 0x10E4, 0x10E5, 0x10E4, 0x1105,
  0x10E4, 0x10E5, 0x10E4, 0x1105, 0x10E4, 0x10E5, 0x10E4, 0x1105, 0x10E4, 0x10E5,
  0x10E4, 0x1105, 0x10E4, 0x10E5, 0x10E4, 0x1105, 0x10E4, 0x10E5, 0x10E4, 0x1105,
  0x10E4, 0x10E5, 0x10E4, 0x1105, 0x10E4, 0x10E5, 0x10E4, 0x1105, 0x10E4, 0x10E5,
  0x10E4, 0x1105, 0x10E4, 0x10E5, 0x10E4, 0x1105, 0x10E4, 0x10E5, 0x10E4, 0x1105,
  0x10E4, 0x10E5, 0x10E4, 0x1105, 0x10E4, 0x10E5, 0x1905, 0x10E4, 0x1905, 0x10E5,
  0x1905, 0x10E4, 0x1905, 0x10E5, 0x1905, 0x10E4, 0x1905, 0x10E5, 0x1905, 0x10E4,
  0x1905, 0x10E5, 0x1905, 0x10E4, 0x1905, 0x10E5, 0x1905, 0x10E4, 0x1905, 0x10E5,
  0x1905, 0x10E4, 0x1905, 0x10E5, 0x1905, 0x10E4, 0x1905, 0x10E5, 0x1905, 0x10E4,
  0x1905, 0x10E5, 0x1905, 0x10E4, 0x1905, 0x10E5, 0x1905, 0x10E4, 0x1905, 0x10E5,
  0x1905, 0x10E4, 0x1905, 0x10E5, 0x1905, 0x10E4, 0x1905, 0x10E5, 0x1905, 0x10E4,
  0x1905, 0x10E5, 0x1905, 0x10E4, 0x1905, 0x10E5, 0x1905, 0x10E4, 0x1905, 0x10E5,
  0x1905, 0x10E4, 0x1905, 0x10E5, 0x1905, 0x10E4, 0x1905, 0x10E5, 0x1905, 0x10E4,
  0x1905, 0x10E5, 0x1905, 0x10E4, 0x1905, 0x10E5, 0x1905, 0x10E4, 0x1905, 0x10E5,
  0x1905, 0x10E4, 0x1905, 0x10E5, 0x1905, 0x10E4, 0x1905, 0x10E5, 0x1905, 0x10E4,
  0x1905, 0x10E5, 0x1905, 0x10E4, 0x1905, 0x10E5, 0x1905, 0x10E4, 0x1905, 0x10E5,
  0x1905, 0x10E4, 0x1905, 0x10E5, 0x1905, 0x10E4, 0x1905, 0x10E5, 0x1905, 0x10E4,
  0x1905, 0x10E5, 0x1905, 0x10E4, 0x1905, 0x10E5, 0x1905, 0x10E4, 0x1905, 0x10E5,
  0x1905, 0x10E4, 0x1905, 0x10E5, 0x1905, 0x10E4, 0x1905, 0x10E5, 0x1905, 0x10E4,
  0x1905, 0x10E5, 0x1905, 0x10E4,
};
#endif
#endif
